capability_id,source_kind,page,section,action,triggered_api,expected_result,target_feature_id,disposition,capability_status,legacy_implementation,legacy_verification,implementation_evidence,verification_evidence,domain_owner,canonical_method,canonical_path,canonical_operation_id,actor_scope,security_refs,protocol_refs,external_effect_status,migration_refs,source_evidence,notes,contract_status,domain_status,api_status,pg_status,migration_status,effect_status,shadow_status,deployment_status,resource_ref,action_ref,canonical_actor_scope,main_sha,contract_evidence_ref,domain_evidence_ref,api_evidence_ref,pg_evidence_ref,migration_evidence_ref,effect_evidence_ref,shadow_evidence_ref,deployment_evidence_ref
LEGACY-S05-001,FEATURE_MATRIX,/admin/customers,筛选与分页,查询、清空、上一页、下一页,GET /admin/customers?keyword&owner&mobile&tag&offset,服务端按最多50条渲染客户列表并规范化非负offset,UNMAPPED,BACKEND_REQUIRED,UNMAPPED,IMPLEMENTED,SYNTHETIC_PASS,pr=https://github.com/qianlan33333-png/AI-CRM-v2/pull/544;sha=e6b44d2842debbad9783fef2e04ab74b2685a9ee;tests=web/src/api/admin.test.ts+web/scripts/e2e.mjs;paths=web/src/admin/controller.ts+web/src/admin/templates/customers.html+web/src/api/admin.ts,method=generated_adapter_contract_and_browser_flow;command=npm_run_admin_adapter_contract+node_web_scripts_e2e_mjs,UNMAPPED,UNMAPPED,UNMAPPED,UNMAPPED,UNMAPPED,UNMAPPED,UNMAPPED,NOT_EXECUTED,UNMAPPED,docs/feature-matrix.csv:LEGACY-S05-001,"Matrix is source evidence, not V2 completion evidence.",UNMAPPED,UNMAPPED,UNMAPPED,UNMAPPED,UNMAPPED,NOT_EXECUTED,NOT_EXECUTED,NOT_EXECUTED,/admin/customers,查询、清空、上一页、下一页,UNMAPPED,d3a66948195ed7671442bf127a0ebedb5c8beb75,UNMAPPED,UNMAPPED,UNMAPPED,UNMAPPED,UNMAPPED,UNMAPPED,UNMAPPED,UNMAPPED
LEGACY-S05-002,FEATURE_MATRIX,/admin/customers,客户行,打开客户详情,GET /admin/customers/{unionid},渲染客户详情或缺失占位页,UNMAPPED,BACKEND_REQUIRED,UNMAPPED,IMPLEMENTED,SYNTHETIC_PASS,pr=https://github.com/qianlan33333-png/AI-CRM-v2/pull/544;sha=e6b44d2842debbad9783fef2e04ab74b2685a9ee;tests=web/src/api/admin.test.ts+web/scripts/e2e.mjs;paths=web/src/admin/controller.ts+web/src/admin/templates/customers.html+web/src/admin/templates/customerDetail.html,method=adapter_contract_and_browser_navigation;command=npm_run_admin_adapter_contract+node_web_scripts_e2e_mjs,UNMAPPED,UNMAPPED,UNMAPPED,UNMAPPED,UNMAPPED,UNMAPPED,UNMAPPED,NOT_EXECUTED,UNMAPPED,docs/feature-matrix.csv:LEGACY-S05-002,"Matrix is source evidence, not V2 completion evidence.",UNMAPPED,UNMAPPED,UNMAPPED,UNMAPPED,UNMAPPED,NOT_EXECUTED,NOT_EXECUTED,NOT_EXECUTED,/admin/customers,打开客户详情,UNMAPPED,d3a66948195ed7671442bf127a0ebedb5c8beb75,UNMAPPED,UNMAPPED,UNMAPPED,UNMAPPED,UNMAPPED,UNMAPPED,UNMAPPED,UNMAPPED
LEGACY-S05-003,FEATURE_MATRIX,/admin/customers/{unionid},基础档案,展示客户资料,GET /admin/customers/{unionid},服务端将customer_payload渲染为姓名、手机号、负责人、外部ID与unionid,UNMAPPED,BACKEND_REQUIRED,UNMAPPED,IMPLEMENTED,SYNTHETIC_PASS,pr=https://github.com/qianlan33333-png/AI-CRM-v2/pull/544;sha=cfe9a7cee9cff13eeceeac6d3fb4eb3e82505d44;tests=web/src/api/admin.test.ts+web/scripts/e2e.mjs;paths=web/src/admin/templates/customerDetail.html+web/src/api/admin.ts+web/src/shared/api/types.ts,method=safe_projection_contract_and_browser_flow;command=npm_run_admin_adapter_contract+node_web_scripts_e2e_mjs,UNMAPPED,UNMAPPED,UNMAPPED,UNMAPPED,UNMAPPED,UNMAPPED,UNMAPPED,NOT_EXECUTED,UNMAPPED,docs/feature-matrix.csv:LEGACY-S05-003,"Matrix is source evidence, not V2 completion evidence.",UNMAPPED,UNMAPPED,UNMAPPED,UNMAPPED,UNMAPPED,NOT_EXECUTED,NOT_EXECUTED,NOT_EXECUTED,/admin/customers/{unionid},展示客户资料,UNMAPPED,d3a66948195ed7671442bf127a0ebedb5c8beb75,UNMAPPED,UNMAPPED,UNMAPPED,UNMAPPED,UNMAPPED,UNMAPPED,UNMAPPED,UNMAPPED
LEGACY-S05-004,FEATURE_MATRIX,/admin/customers/{unionid},标签,加载标签,GET /api/admin/customers/profile/tags,返回并渲染标签或空态,UNMAPPED,BACKEND_REQUIRED,UNMAPPED,IMPLEMENTED,SYNTHETIC_PASS,pr=https://github.com/qianlan33333-png/AI-CRM-v2/pull/272;sha=553f17b2cc911b7fb663f0f25253054a42661f5e;tests=cmd/aicrm/legacy_customer_profile_tags_api_test.go+acceptance/contact/customer_profile_tags_0301_integration_test.go;paths=cmd/aicrm/legacy_customer_profile_tags_api.go+internal/contact/app/customer_detail_service.go+internal/contact/store/customer_detail_repository.go,method=focused_router_and_PG16_local_projection;command=go test ./cmd/aicrm ./acceptance/contact && make feature-matrix-contract,UNMAPPED,UNMAPPED,UNMAPPED,UNMAPPED,UNMAPPED,UNMAPPED,UNMAPPED,NOT_EXECUTED,UNMAPPED,docs/feature-matrix.csv:LEGACY-S05-004,"Matrix is source evidence, not V2 completion evidence.",UNMAPPED,UNMAPPED,UNMAPPED,UNMAPPED,UNMAPPED,NOT_EXECUTED,NOT_EXECUTED,NOT_EXECUTED,/admin/customers/{unionid},加载标签,UNMAPPED,d3a66948195ed7671442bf127a0ebedb5c8beb75,UNMAPPED,UNMAPPED,UNMAPPED,UNMAPPED,UNMAPPED,UNMAPPED,UNMAPPED,UNMAPPED
LEGACY-S05-005,FEATURE_MATRIX,/admin/customers/{unionid},问卷,加载问卷答案,GET /api/admin/customers/profile/questionnaire-answers,返回answers、count、latest_assessment_result并渲染,UNMAPPED,BACKEND_REQUIRED,UNMAPPED,IMPLEMENTED,SYNTHETIC_PASS,pr=https://github.com/qianlan33333-png/AI-CRM-v2/pull/544;sha=bb47abfd46947af6b15365977ec0d085ee6771e7;tests=web/src/api/admin.test.ts+web/scripts/e2e.mjs;paths=web/src/admin/templates/customerDetail.html+web/src/api/admin.ts+web/src/shared/api/client.ts,method=safe_survey_projection_contract_and_browser_flow;command=npm_run_admin_adapter_contract+node_web_scripts_e2e_mjs,UNMAPPED,UNMAPPED,UNMAPPED,UNMAPPED,UNMAPPED,UNMAPPED,UNMAPPED,NOT_EXECUTED,UNMAPPED,docs/feature-matrix.csv:LEGACY-S05-005,"Matrix is source evidence, not V2 completion evidence.",UNMAPPED,UNMAPPED,UNMAPPED,UNMAPPED,UNMAPPED,NOT_EXECUTED,NOT_EXECUTED,NOT_EXECUTED,/admin/customers/{unionid},加载问卷答案,UNMAPPED,d3a66948195ed7671442bf127a0ebedb5c8beb75,UNMAPPED,UNMAPPED,UNMAPPED,UNMAPPED,UNMAPPED,UNMAPPED,UNMAPPED,UNMAPPED
LEGACY-S05-006,FEATURE_MATRIX,/admin/customers/{unionid},聊天记录,初始加载,GET /api/admin/customers/profile/messages,默认返回最多30条近期消息,UNMAPPED,BACKEND_REQUIRED,UNMAPPED,IMPLEMENTED,SYNTHETIC_PASS,pr=/pull/538;sha=d26ea9826ad411902100b29400b547cbb66bd14f;tests=focused_race+OpenAPI_Orval_contract;paths=cmd/aicrm/legacy_customer_profile_messages_api.go+cmd/aicrm/api.go+api/openapi.yaml,method=focused_race+OpenAPI_Orval_generated_contract;command=go_test_race_cmd_aicrm_internal_survey+make_generate-check_orval-check_openapi-p1-contract,UNMAPPED,UNMAPPED,UNMAPPED,UNMAPPED,UNMAPPED,UNMAPPED,UNMAPPED,NOT_EXECUTED,UNMAPPED,docs/feature-matrix.csv:LEGACY-S05-006,"Matrix is source evidence, not V2 completion evidence.",UNMAPPED,UNMAPPED,UNMAPPED,UNMAPPED,UNMAPPED,NOT_EXECUTED,NOT_EXECUTED,NOT_EXECUTED,/admin/customers/{unionid},初始加载,UNMAPPED,d3a66948195ed7671442bf127a0ebedb5c8beb75,UNMAPPED,UNMAPPED,UNMAPPED,UNMAPPED,UNMAPPED,UNMAPPED,UNMAPPED,UNMAPPED
LEGACY-S05-007,FEATURE_MATRIX,/admin/customers/{unionid},聊天记录,获取全部聊天记录,GET /api/admin/customers/profile/messages?fetch_all=true,后端将请求上限提高到100条并重新渲染,UNMAPPED,BACKEND_REQUIRED,UNMAPPED,IMPLEMENTED,SYNTHETIC_PASS,pr=/pull/538;sha=d26ea9826ad411902100b29400b547cbb66bd14f;tests=focused_race+fetch_all_1_true_0_false_compatibility+OpenAPI_Orval_contract;paths=cmd/aicrm/legacy_customer_profile_messages_api.go+cmd/aicrm/api.go+api/openapi.yaml,method=focused_race+legacy_fetch_all_compatibility+OpenAPI_Orval_generated_contract;command=go_test_race_cmd_aicrm_internal_survey+make_generate-check_orval-check_openapi-p1-contract,UNMAPPED,UNMAPPED,UNMAPPED,UNMAPPED,UNMAPPED,UNMAPPED,UNMAPPED,NOT_EXECUTED,UNMAPPED,docs/feature-matrix.csv:LEGACY-S05-007,"Matrix is source evidence, not V2 completion evidence.",UNMAPPED,UNMAPPED,UNMAPPED,UNMAPPED,UNMAPPED,NOT_EXECUTED,NOT_EXECUTED,NOT_EXECUTED,/admin/customers/{unionid},获取全部聊天记录,UNMAPPED,d3a66948195ed7671442bf127a0ebedb5c8beb75,UNMAPPED,UNMAPPED,UNMAPPED,UNMAPPED,UNMAPPED,UNMAPPED,UNMAPPED,UNMAPPED
LEGACY-S05-008,FEATURE_MATRIX,/admin/customers/{unionid},缺失态,呈现缺失占位并返回客户列表,GET /admin/customers/{unionid};GET /admin/customers,找不到客户时以原状态码或404渲染placeholder；点击入口返回列表,UNMAPPED,BACKEND_REQUIRED,UNMAPPED,IMPLEMENTED,SYNTHETIC_PASS,pr=https://github.com/qianlan33333-png/AI-CRM-v2/pull/544;sha=cfe9a7cee9cff13eeceeac6d3fb4eb3e82505d44;tests=web/src/api/admin.test.ts+web/scripts/e2e.mjs;paths=web/src/admin/controller.ts+web/src/admin/templates/customerDetail.html+web/src/api/admin.ts,method=structured_404_contract_and_browser_return_navigation;command=npm_run_admin_adapter_contract+node_web_scripts_e2e_mjs,UNMAPPED,UNMAPPED,UNMAPPED,UNMAPPED,UNMAPPED,UNMAPPED,UNMAPPED,NOT_EXECUTED,UNMAPPED,docs/feature-matrix.csv:LEGACY-S05-008,"Matrix is source evidence, not V2 completion evidence.",UNMAPPED,UNMAPPED,UNMAPPED,UNMAPPED,UNMAPPED,NOT_EXECUTED,NOT_EXECUTED,NOT_EXECUTED,/admin/customers/{unionid},呈现缺失占位并返回客户列表,UNMAPPED,d3a66948195ed7671442bf127a0ebedb5c8beb75,UNMAPPED,UNMAPPED,UNMAPPED,UNMAPPED,UNMAPPED,UNMAPPED,UNMAPPED,UNMAPPED
LEGACY-S05-009,FEATURE_MATRIX,/admin/customer-360/{unionid},Customer 360,展示档案或缺失态,GET /admin/customer-360/{unionid},服务端渲染360档案；失败渲染placeholder,UNMAPPED,BACKEND_REQUIRED,UNMAPPED,IMPLEMENTED,SYNTHETIC_PASS,pr=https://github.com/qianlan33333-png/AI-CRM-v2/pull/544;sha=bb47abfd46947af6b15365977ec0d085ee6771e7;tests=web/src/api/admin.test.ts+web/scripts/e2e.mjs;paths=web/src/admin/controller.ts+web/src/admin/templates/customerDetail.html+web/src/api/admin.ts,method=safe_customer360_contract_and_browser_flow;command=npm_run_admin_adapter_contract+node_web_scripts_e2e_mjs,UNMAPPED,UNMAPPED,UNMAPPED,UNMAPPED,UNMAPPED,UNMAPPED,UNMAPPED,NOT_EXECUTED,UNMAPPED,docs/feature-matrix.csv:LEGACY-S05-009,"Matrix is source evidence, not V2 completion evidence.",UNMAPPED,UNMAPPED,UNMAPPED,UNMAPPED,UNMAPPED,NOT_EXECUTED,NOT_EXECUTED,NOT_EXECUTED,/admin/customer-360/{unionid},展示档案或缺失态,UNMAPPED,d3a66948195ed7671442bf127a0ebedb5c8beb75,UNMAPPED,UNMAPPED,UNMAPPED,UNMAPPED,UNMAPPED,UNMAPPED,UNMAPPED,UNMAPPED
LEGACY-S05-010,FEATURE_MATRIX,/admin/wecom-tags,标签目录,首屏加载,GET /api/admin/wecom/tags,消费groups、total_tags、tag_limit、synced_at并渲染,UNMAPPED,BACKEND_REQUIRED,UNMAPPED,IMPLEMENTED,SYNTHETIC_PASS,"https://github.com/qianlan33333-png/AI-CRM-v2/pull/215;b535b3c84930a3bcd919019321d5164ac97be6a7;tests=cmd/aicrm/legacy_tag_api_test.go,internal/contact/app/legacy_tag_catalog_test.go;paths=cmd/aicrm/legacy_tag_api.go,internal/contact/app/legacy_tag_catalog.go,internal/contact/store/legacy_tag_catalog_repository.go",method=local_synthetic;command=go test -race ./internal/contact/app ./internal/contact/store ./cmd/aicrm and cd tools then go test ./openapi-contract;,UNMAPPED,UNMAPPED,UNMAPPED,UNMAPPED,UNMAPPED,UNMAPPED,UNMAPPED,NOT_EXECUTED,UNMAPPED,docs/feature-matrix.csv:LEGACY-S05-010,"Matrix is source evidence, not V2 completion evidence.",UNMAPPED,UNMAPPED,UNMAPPED,UNMAPPED,UNMAPPED,NOT_EXECUTED,NOT_EXECUTED,NOT_EXECUTED,/admin/wecom-tags,首屏加载,UNMAPPED,d3a66948195ed7671442bf127a0ebedb5c8beb75,UNMAPPED,UNMAPPED,UNMAPPED,UNMAPPED,UNMAPPED,UNMAPPED,UNMAPPED,UNMAPPED
LEGACY-S05-011,FEATURE_MATRIX,/admin/wecom-tags,搜索、组选中与分页,本地筛选和翻页,无,对已加载的groups和tags本地过滤；每页20条,UNMAPPED,BACKEND_REQUIRED,UNMAPPED,IMPLEMENTED,SYNTHETIC_PASS,pr=https://github.com/qianlan33333-png/AI-CRM-v2/pull/289;merge_sha=23ddc9f8fd40b3a74bcaeddf786480fb1003a37d;paths=cmd/aicrm/legacy_tag_api.go+cmd/aicrm/legacy_tag_execution_api.go+web/src/main.tsx+web/src/wecom-tags.ts+web/src/wecom-tags-ui.tsx;tests=cmd/aicrm/legacy_tag_api_test.go+web/src/main.test.tsx+web/src/wecom-tags.test.ts+web/src/wecom-tags-ui.test.tsx;scope=local_search_group_selection_20_page_pagination_only;catalog_snapshot=local_not_wecom_sync;status=exact_main_closed,method=post_merge_local_UI_receipt_and_protected_main_CI;command=feature-matrix-contract+repo-contract-staged+gitleaks-diff+git-diff;ci_run=32224231457;provider=NOT_EXECUTED;external=NOT_EXECUTED;deployment=NOT_EXECUTED,UNMAPPED,UNMAPPED,UNMAPPED,UNMAPPED,UNMAPPED,UNMAPPED,UNMAPPED,NOT_EXECUTED,UNMAPPED,docs/feature-matrix.csv:LEGACY-S05-011,"Matrix is source evidence, not V2 completion evidence.",UNMAPPED,UNMAPPED,UNMAPPED,UNMAPPED,UNMAPPED,NOT_EXECUTED,NOT_EXECUTED,NOT_EXECUTED,/admin/wecom-tags,本地筛选和翻页,UNMAPPED,d3a66948195ed7671442bf127a0ebedb5c8beb75,UNMAPPED,UNMAPPED,UNMAPPED,UNMAPPED,UNMAPPED,UNMAPPED,UNMAPPED,UNMAPPED
LEGACY-S05-012,FEATURE_MATRIX,/admin/wecom-tags,顶部操作,同步企微标签,POST /api/admin/wecom/tags/sync,成功后重新读取catalog并显示同步成功,UNMAPPED,BACKEND_REQUIRED,UNMAPPED,NOT_STARTED,NOT_RUN,UNMAPPED,UNMAPPED,UNMAPPED,UNMAPPED,UNMAPPED,UNMAPPED,UNMAPPED,UNMAPPED,UNMAPPED,NOT_EXECUTED,UNMAPPED,docs/feature-matrix.csv:LEGACY-S05-012,"Matrix is source evidence, not V2 completion evidence.",UNMAPPED,UNMAPPED,UNMAPPED,UNMAPPED,UNMAPPED,NOT_EXECUTED,NOT_EXECUTED,NOT_EXECUTED,/admin/wecom-tags,同步企微标签,UNMAPPED,d3a66948195ed7671442bf127a0ebedb5c8beb75,UNMAPPED,UNMAPPED,UNMAPPED,UNMAPPED,UNMAPPED,UNMAPPED,UNMAPPED,UNMAPPED
LEGACY-S05-013,FEATURE_MATRIX,/admin/wecom-tags,标签组,新增标签组,POST /api/admin/wecom/tag-groups,提交group_name和first_tag_name；成功后刷新并选中新组,UNMAPPED,BACKEND_REQUIRED,UNMAPPED,IMPLEMENTED,SYNTHETIC_PASS,"https://github.com/qianlan33333-png/AI-CRM-v2/pull/215;b535b3c84930a3bcd919019321d5164ac97be6a7;tests=cmd/aicrm/legacy_tag_api_test.go,internal/contact/app/legacy_tag_catalog_test.go;paths=cmd/aicrm/legacy_tag_api.go,internal/contact/app/legacy_tag_catalog.go,internal/contact/store/legacy_tag_catalog_repository.go",method=local_synthetic;command=go test -race ./internal/contact/app ./internal/contact/store ./cmd/aicrm and cd tools then go test ./openapi-contract;,UNMAPPED,UNMAPPED,UNMAPPED,UNMAPPED,UNMAPPED,UNMAPPED,UNMAPPED,NOT_EXECUTED,UNMAPPED,docs/feature-matrix.csv:LEGACY-S05-013,"Matrix is source evidence, not V2 completion evidence.",UNMAPPED,UNMAPPED,UNMAPPED,UNMAPPED,UNMAPPED,NOT_EXECUTED,NOT_EXECUTED,NOT_EXECUTED,/admin/wecom-tags,新增标签组,UNMAPPED,d3a66948195ed7671442bf127a0ebedb5c8beb75,UNMAPPED,UNMAPPED,UNMAPPED,UNMAPPED,UNMAPPED,UNMAPPED,UNMAPPED,UNMAPPED
LEGACY-S05-014,FEATURE_MATRIX,/admin/wecom-tags,标签组,编辑组名,PUT /api/admin/wecom/tag-groups/{group_id},更新组名后刷新并保持选中,UNMAPPED,BACKEND_REQUIRED,UNMAPPED,IMPLEMENTED,SYNTHETIC_PASS,"https://github.com/qianlan33333-png/AI-CRM-v2/pull/215;b535b3c84930a3bcd919019321d5164ac97be6a7;tests=cmd/aicrm/legacy_tag_api_test.go,internal/contact/app/legacy_tag_catalog_test.go;paths=cmd/aicrm/legacy_tag_api.go,internal/contact/app/legacy_tag_catalog.go,internal/contact/store/legacy_tag_catalog_repository.go",method=local_synthetic;command=go test -race ./internal/contact/app ./internal/contact/store ./cmd/aicrm and cd tools then go test ./openapi-contract;,UNMAPPED,UNMAPPED,UNMAPPED,UNMAPPED,UNMAPPED,UNMAPPED,UNMAPPED,NOT_EXECUTED,UNMAPPED,docs/feature-matrix.csv:LEGACY-S05-014,"Matrix is source evidence, not V2 completion evidence.",UNMAPPED,UNMAPPED,UNMAPPED,UNMAPPED,UNMAPPED,NOT_EXECUTED,NOT_EXECUTED,NOT_EXECUTED,/admin/wecom-tags,编辑组名,UNMAPPED,d3a66948195ed7671442bf127a0ebedb5c8beb75,UNMAPPED,UNMAPPED,UNMAPPED,UNMAPPED,UNMAPPED,UNMAPPED,UNMAPPED,UNMAPPED
LEGACY-S05-015,FEATURE_MATRIX,/admin/wecom-tags,标签组,删除标签组,DELETE /api/admin/wecom/tag-groups/{group_id},删除后刷新catalog,UNMAPPED,BACKEND_REQUIRED,UNMAPPED,IMPLEMENTED,SYNTHETIC_PASS,"https://github.com/qianlan33333-png/AI-CRM-v2/pull/215;b535b3c84930a3bcd919019321d5164ac97be6a7;tests=cmd/aicrm/legacy_tag_api_test.go,internal/contact/app/legacy_tag_catalog_test.go;paths=cmd/aicrm/legacy_tag_api.go,internal/contact/app/legacy_tag_catalog.go,internal/contact/store/legacy_tag_catalog_repository.go",method=local_synthetic;command=go test -race ./internal/contact/app ./internal/contact/store ./cmd/aicrm and cd tools then go test ./openapi-contract;,UNMAPPED,UNMAPPED,UNMAPPED,UNMAPPED,UNMAPPED,UNMAPPED,UNMAPPED,NOT_EXECUTED,UNMAPPED,docs/feature-matrix.csv:LEGACY-S05-015,"Matrix is source evidence, not V2 completion evidence.",UNMAPPED,UNMAPPED,UNMAPPED,UNMAPPED,UNMAPPED,NOT_EXECUTED,NOT_EXECUTED,NOT_EXECUTED,/admin/wecom-tags,删除标签组,UNMAPPED,d3a66948195ed7671442bf127a0ebedb5c8beb75,UNMAPPED,UNMAPPED,UNMAPPED,UNMAPPED,UNMAPPED,UNMAPPED,UNMAPPED,UNMAPPED
LEGACY-S05-016,FEATURE_MATRIX,/admin/wecom-tags,标签,新增标签,POST /api/admin/wecom/tags,提交group_id、group_name、tag_name并刷新catalog,UNMAPPED,BACKEND_REQUIRED,UNMAPPED,IMPLEMENTED,SYNTHETIC_PASS,"https://github.com/qianlan33333-png/AI-CRM-v2/pull/215;b535b3c84930a3bcd919019321d5164ac97be6a7;tests=cmd/aicrm/legacy_tag_api_test.go,internal/contact/app/legacy_tag_catalog_test.go;paths=cmd/aicrm/legacy_tag_api.go,internal/contact/app/legacy_tag_catalog.go,internal/contact/store/legacy_tag_catalog_repository.go",method=local_synthetic;command=go test -race ./internal/contact/app ./internal/contact/store ./cmd/aicrm and cd tools then go test ./openapi-contract;,UNMAPPED,UNMAPPED,UNMAPPED,UNMAPPED,UNMAPPED,UNMAPPED,UNMAPPED,NOT_EXECUTED,UNMAPPED,docs/feature-matrix.csv:LEGACY-S05-016,"Matrix is source evidence, not V2 completion evidence.",UNMAPPED,UNMAPPED,UNMAPPED,UNMAPPED,UNMAPPED,NOT_EXECUTED,NOT_EXECUTED,NOT_EXECUTED,/admin/wecom-tags,新增标签,UNMAPPED,d3a66948195ed7671442bf127a0ebedb5c8beb75,UNMAPPED,UNMAPPED,UNMAPPED,UNMAPPED,UNMAPPED,UNMAPPED,UNMAPPED,UNMAPPED
LEGACY-S05-017,FEATURE_MATRIX,/admin/wecom-tags,标签行,编辑标签,PUT /api/admin/wecom/tags/{tag_id},更新名称后重新加载catalog,UNMAPPED,BACKEND_REQUIRED,UNMAPPED,IMPLEMENTED,SYNTHETIC_PASS,"https://github.com/qianlan33333-png/AI-CRM-v2/pull/215;b535b3c84930a3bcd919019321d5164ac97be6a7;tests=cmd/aicrm/legacy_tag_api_test.go,internal/contact/app/legacy_tag_catalog_test.go;paths=cmd/aicrm/legacy_tag_api.go,internal/contact/app/legacy_tag_catalog.go,internal/contact/store/legacy_tag_catalog_repository.go",method=local_synthetic;command=go test -race ./internal/contact/app ./internal/contact/store ./cmd/aicrm and cd tools then go test ./openapi-contract;,UNMAPPED,UNMAPPED,UNMAPPED,UNMAPPED,UNMAPPED,UNMAPPED,UNMAPPED,NOT_EXECUTED,UNMAPPED,docs/feature-matrix.csv:LEGACY-S05-017,"Matrix is source evidence, not V2 completion evidence.",UNMAPPED,UNMAPPED,UNMAPPED,UNMAPPED,UNMAPPED,NOT_EXECUTED,NOT_EXECUTED,NOT_EXECUTED,/admin/wecom-tags,编辑标签,UNMAPPED,d3a66948195ed7671442bf127a0ebedb5c8beb75,UNMAPPED,UNMAPPED,UNMAPPED,UNMAPPED,UNMAPPED,UNMAPPED,UNMAPPED,UNMAPPED
LEGACY-S05-018,FEATURE_MATRIX,/admin/wecom-tags,标签行,删除标签,DELETE /api/admin/wecom/tags/{tag_id},删除后刷新catalog,UNMAPPED,BACKEND_REQUIRED,UNMAPPED,IMPLEMENTED,SYNTHETIC_PASS,"https://github.com/qianlan33333-png/AI-CRM-v2/pull/215;b535b3c84930a3bcd919019321d5164ac97be6a7;tests=cmd/aicrm/legacy_tag_api_test.go,internal/contact/app/legacy_tag_catalog_test.go;paths=cmd/aicrm/legacy_tag_api.go,internal/contact/app/legacy_tag_catalog.go,internal/contact/store/legacy_tag_catalog_repository.go",method=local_synthetic;command=go test -race ./internal/contact/app ./internal/contact/store ./cmd/aicrm and cd tools then go test ./openapi-contract;,UNMAPPED,UNMAPPED,UNMAPPED,UNMAPPED,UNMAPPED,UNMAPPED,UNMAPPED,NOT_EXECUTED,UNMAPPED,docs/feature-matrix.csv:LEGACY-S05-018,"Matrix is source evidence, not V2 completion evidence.",UNMAPPED,UNMAPPED,UNMAPPED,UNMAPPED,UNMAPPED,NOT_EXECUTED,NOT_EXECUTED,NOT_EXECUTED,/admin/wecom-tags,删除标签,UNMAPPED,d3a66948195ed7671442bf127a0ebedb5c8beb75,UNMAPPED,UNMAPPED,UNMAPPED,UNMAPPED,UNMAPPED,UNMAPPED,UNMAPPED,UNMAPPED
LEGACY-S05-019,FEATURE_MATRIX,/admin/wecom-tags,标签详情,查看详情、复制tag_id,无,从已加载catalog展示详情并写入Clipboard,UNMAPPED,BACKEND_REQUIRED,UNMAPPED,IMPLEMENTED,SYNTHETIC_PASS,pr=https://github.com/qianlan33333-png/AI-CRM-v2/pull/293;merge_sha=edf4bb6b1f5e585fabce7662c987ee9341310b9f;paths=web/src/wecom-tags-ui.tsx+web/src/wecom-tags-ui.test.tsx;tests=web/src/wecom-tags-ui.test.tsx;scope=local_catalog_tag_name_tag_id_group_name_and_copy_tag_id_only;usage_count=NOT_EXECUTED;api=NOT_EXECUTED;provider=NOT_EXECUTED;write=NOT_EXECUTED;external=NOT_EXECUTED;deployment=NOT_EXECUTED;status=exact_main_closed,method=post_merge_local_UI_receipt_and_protected_main_CI;command=feature-matrix-contract+repo-contract-staged+gitleaks-diff+git-diff;ci_run=32226190516;scope=local_catalog_tag_name_tag_id_group_name_and_copy_tag_id_only;usage_count=NOT_EXECUTED;api=NOT_EXECUTED;provider=NOT_EXECUTED;write=NOT_EXECUTED;external=NOT_EXECUTED;deployment=NOT_EXECUTED,UNMAPPED,UNMAPPED,UNMAPPED,UNMAPPED,UNMAPPED,UNMAPPED,UNMAPPED,NOT_EXECUTED,UNMAPPED,docs/feature-matrix.csv:LEGACY-S05-019,"Matrix is source evidence, not V2 completion evidence.",UNMAPPED,UNMAPPED,UNMAPPED,UNMAPPED,UNMAPPED,NOT_EXECUTED,NOT_EXECUTED,NOT_EXECUTED,/admin/wecom-tags,查看详情、复制tag_id,UNMAPPED,d3a66948195ed7671442bf127a0ebedb5c8beb75,UNMAPPED,UNMAPPED,UNMAPPED,UNMAPPED,UNMAPPED,UNMAPPED,UNMAPPED,UNMAPPED
LEGACY-S05-020,FEATURE_MATRIX,/sidebar/bind-mobile,启动与身份识别,读取JSSDK配置,GET /api/sidebar/jssdk-config?url&external_userid,返回企微JSSDK配置和可能的sidebar owner context,UNMAPPED,BACKEND_REQUIRED,UNMAPPED,IMPLEMENTED,SYNTHETIC_PASS,pr=/pull/545;sha=328c3e6d670f221d09be37a019e77488fd00175e;tests=w2;paths=web/src/sidebar/main.ts,method=w2;command=docs/evidence/p4/sidebar-w2.md,UNMAPPED,UNMAPPED,UNMAPPED,UNMAPPED,UNMAPPED,UNMAPPED,UNMAPPED,NOT_EXECUTED,UNMAPPED,docs/feature-matrix.csv:LEGACY-S05-020,"Matrix is source evidence, not V2 completion evidence.",UNMAPPED,UNMAPPED,UNMAPPED,UNMAPPED,UNMAPPED,NOT_EXECUTED,NOT_EXECUTED,NOT_EXECUTED,/sidebar/bind-mobile,读取JSSDK配置,UNMAPPED,d3a66948195ed7671442bf127a0ebedb5c8beb75,UNMAPPED,UNMAPPED,UNMAPPED,UNMAPPED,UNMAPPED,UNMAPPED,UNMAPPED,UNMAPPED
LEGACY-S05-021,FEATURE_MATRIX,/sidebar/bind-mobile,OAuth回退,发起并完成侧边栏OAuth,GET /api/sidebar/oauth/start;GET /api/sidebar/oauth/callback,start重定向到微信OAuth；callback建立员工session并重定向回侧边栏,UNMAPPED,BACKEND_REQUIRED,UNMAPPED,IMPLEMENTED,SYNTHETIC_PASS,pr=/pull/545;sha=328c3e6d670f221d09be37a019e77488fd00175e;tests=w2;paths=web/src/sidebar/main.ts,method=w2;command=docs/evidence/p4/sidebar-w2.md,UNMAPPED,UNMAPPED,UNMAPPED,UNMAPPED,UNMAPPED,UNMAPPED,UNMAPPED,NOT_EXECUTED,UNMAPPED,docs/feature-matrix.csv:LEGACY-S05-021,"Matrix is source evidence, not V2 completion evidence.",UNMAPPED,UNMAPPED,UNMAPPED,UNMAPPED,UNMAPPED,NOT_EXECUTED,NOT_EXECUTED,NOT_EXECUTED,/sidebar/bind-mobile,发起并完成侧边栏OAuth,UNMAPPED,d3a66948195ed7671442bf127a0ebedb5c8beb75,UNMAPPED,UNMAPPED,UNMAPPED,UNMAPPED,UNMAPPED,UNMAPPED,UNMAPPED,UNMAPPED
LEGACY-S05-022,FEATURE_MATRIX,/sidebar/bind-mobile,owner token恢复,重新签发客户范围token,POST /api/sidebar/context-token,返回sidebar_owner_token及owner context,UNMAPPED,BACKEND_REQUIRED,UNMAPPED,IMPLEMENTED,SYNTHETIC_PASS,pr=/pull/545;sha=328c3e6d670f221d09be37a019e77488fd00175e;tests=w2;paths=web/src/sidebar/main.ts,method=w2;command=docs/evidence/p4/sidebar-w2.md,UNMAPPED,UNMAPPED,UNMAPPED,UNMAPPED,UNMAPPED,UNMAPPED,UNMAPPED,NOT_EXECUTED,UNMAPPED,docs/feature-matrix.csv:LEGACY-S05-022,"Matrix is source evidence, not V2 completion evidence.",UNMAPPED,UNMAPPED,UNMAPPED,UNMAPPED,UNMAPPED,NOT_EXECUTED,NOT_EXECUTED,NOT_EXECUTED,/sidebar/bind-mobile,重新签发客户范围token,UNMAPPED,d3a66948195ed7671442bf127a0ebedb5c8beb75,UNMAPPED,UNMAPPED,UNMAPPED,UNMAPPED,UNMAPPED,UNMAPPED,UNMAPPED,UNMAPPED
LEGACY-S05-023,FEATURE_MATRIX,/sidebar/bind-mobile,工作台首页,加载workbench,GET /api/sidebar/v2/workbench?external_userid&owner_userid,返回customer、profile、workflow和diagnostics并渲染,UNMAPPED,BACKEND_REQUIRED,UNMAPPED,IMPLEMENTED,SYNTHETIC_PASS,pr=/pull/545;sha=1a22956b28dcde82104b205d1d502f8919d5d6e8;tests=w2;paths=web/src/sidebar/main.ts,method=w2;command=docs/evidence/p4/sidebar-w2.md,UNMAPPED,UNMAPPED,UNMAPPED,UNMAPPED,UNMAPPED,UNMAPPED,UNMAPPED,NOT_EXECUTED,UNMAPPED,docs/feature-matrix.csv:LEGACY-S05-023,"Matrix is source evidence, not V2 completion evidence.",UNMAPPED,UNMAPPED,UNMAPPED,UNMAPPED,UNMAPPED,NOT_EXECUTED,NOT_EXECUTED,NOT_EXECUTED,/sidebar/bind-mobile,加载workbench,UNMAPPED,d3a66948195ed7671442bf127a0ebedb5c8beb75,UNMAPPED,UNMAPPED,UNMAPPED,UNMAPPED,UNMAPPED,UNMAPPED,UNMAPPED,UNMAPPED
LEGACY-S05-024,FEATURE_MATRIX,/sidebar/bind-mobile,核心画像,自动保存画像字段,PUT /api/sidebar/v2/profile,提交来源、行业、描述、需求卡点和更新人；成功提示已保存,UNMAPPED,BACKEND_REQUIRED,UNMAPPED,IMPLEMENTED,SYNTHETIC_PASS,pr=/pull/545;sha=1a22956b28dcde82104b205d1d502f8919d5d6e8;tests=w2;paths=web/src/sidebar/main.ts,method=w2;command=docs/evidence/p4/sidebar-w2.md,UNMAPPED,UNMAPPED,UNMAPPED,UNMAPPED,UNMAPPED,UNMAPPED,UNMAPPED,NOT_EXECUTED,UNMAPPED,docs/feature-matrix.csv:LEGACY-S05-024,"Matrix is source evidence, not V2 completion evidence.",UNMAPPED,UNMAPPED,UNMAPPED,UNMAPPED,UNMAPPED,NOT_EXECUTED,NOT_EXECUTED,NOT_EXECUTED,/sidebar/bind-mobile,自动保存画像字段,UNMAPPED,d3a66948195ed7671442bf127a0ebedb5c8beb75,UNMAPPED,UNMAPPED,UNMAPPED,UNMAPPED,UNMAPPED,UNMAPPED,UNMAPPED,UNMAPPED
LEGACY-S05-025,FEATURE_MATRIX,/sidebar/bind-mobile,手机号,更改或重新绑定手机号,POST /api/sidebar/bind-mobile,提交external_userid、mobile和force_rebind；成功更新页头绑定状态,UNMAPPED,BACKEND_REQUIRED,UNMAPPED,IMPLEMENTED,SYNTHETIC_PASS,pr=/pull/545;sha=9dc8e5be7dc4c7a378ce225c9fb4a68ce0ff23cc;tests=w2;paths=web/src/sidebar/main.ts,method=w2;command=docs/evidence/p4/sidebar-w2.md,UNMAPPED,UNMAPPED,UNMAPPED,UNMAPPED,UNMAPPED,UNMAPPED,UNMAPPED,NOT_EXECUTED,UNMAPPED,docs/feature-matrix.csv:LEGACY-S05-025,"Matrix is source evidence, not V2 completion evidence.",UNMAPPED,UNMAPPED,UNMAPPED,UNMAPPED,UNMAPPED,NOT_EXECUTED,NOT_EXECUTED,NOT_EXECUTED,/sidebar/bind-mobile,更改或重新绑定手机号,UNMAPPED,d3a66948195ed7671442bf127a0ebedb5c8beb75,UNMAPPED,UNMAPPED,UNMAPPED,UNMAPPED,UNMAPPED,UNMAPPED,UNMAPPED,UNMAPPED
LEGACY-S05-026,FEATURE_MATRIX,/sidebar/bind-mobile,问卷,加载和展开答案,GET /api/sidebar/v2/questionnaires,返回问卷列表并允许本地展开答案,UNMAPPED,BACKEND_REQUIRED,UNMAPPED,IMPLEMENTED,SYNTHETIC_PASS,pr=/pull/545;sha=1b3ba271e7bd2f00512fea00ffca43a4f658b851;tests=w2;paths=web/src/sidebar/main.ts,method=w2;command=docs/evidence/p4/sidebar-w2.md,UNMAPPED,UNMAPPED,UNMAPPED,UNMAPPED,UNMAPPED,UNMAPPED,UNMAPPED,NOT_EXECUTED,UNMAPPED,docs/feature-matrix.csv:LEGACY-S05-026,"Matrix is source evidence, not V2 completion evidence.",UNMAPPED,UNMAPPED,UNMAPPED,UNMAPPED,UNMAPPED,NOT_EXECUTED,NOT_EXECUTED,NOT_EXECUTED,/sidebar/bind-mobile,加载和展开答案,UNMAPPED,d3a66948195ed7671442bf127a0ebedb5c8beb75,UNMAPPED,UNMAPPED,UNMAPPED,UNMAPPED,UNMAPPED,UNMAPPED,UNMAPPED,UNMAPPED
LEGACY-S05-027,FEATURE_MATRIX,/sidebar/bind-mobile,用户时间线,首屏、刷新、加载更多,GET /api/sidebar/v2/timeline?limit=20&offset,返回items、total、has_more、next_offset并分页渲染,UNMAPPED,BACKEND_REQUIRED,UNMAPPED,IMPLEMENTED,SYNTHETIC_PASS,pr=/pull/545;sha=aaec353132d248588efa80e07787bd691d3ca2ec;tests=w2;paths=web/src/sidebar/main.ts,method=w2;command=docs/evidence/p4/sidebar-w2.md,UNMAPPED,UNMAPPED,UNMAPPED,UNMAPPED,UNMAPPED,UNMAPPED,UNMAPPED,NOT_EXECUTED,UNMAPPED,docs/feature-matrix.csv:LEGACY-S05-027,"Matrix is source evidence, not V2 completion evidence.",UNMAPPED,UNMAPPED,UNMAPPED,UNMAPPED,UNMAPPED,NOT_EXECUTED,NOT_EXECUTED,NOT_EXECUTED,/sidebar/bind-mobile,首屏、刷新、加载更多,UNMAPPED,d3a66948195ed7671442bf127a0ebedb5c8beb75,UNMAPPED,UNMAPPED,UNMAPPED,UNMAPPED,UNMAPPED,UNMAPPED,UNMAPPED,UNMAPPED
LEGACY-S05-028,FEATURE_MATRIX,/sidebar/bind-mobile,时间线来源,打开原问卷或订单,无新增REST请求,问卷切换到已加载问卷tab；订单在新窗口打开detail_url,UNMAPPED,BACKEND_REQUIRED,UNMAPPED,IMPLEMENTED,SYNTHETIC_PASS,pr=/pull/545;sha=dbff7bfbdf5af87c8419dcce6ca290c42218eafd;tests=w2;paths=web/src/sidebar/main.ts,method=w2;command=docs/evidence/p4/sidebar-w2.md,UNMAPPED,UNMAPPED,UNMAPPED,UNMAPPED,UNMAPPED,UNMAPPED,UNMAPPED,NOT_EXECUTED,UNMAPPED,docs/feature-matrix.csv:LEGACY-S05-028,"Matrix is source evidence, not V2 completion evidence.",UNMAPPED,UNMAPPED,UNMAPPED,UNMAPPED,UNMAPPED,NOT_EXECUTED,NOT_EXECUTED,NOT_EXECUTED,/sidebar/bind-mobile,打开原问卷或订单,UNMAPPED,d3a66948195ed7671442bf127a0ebedb5c8beb75,UNMAPPED,UNMAPPED,UNMAPPED,UNMAPPED,UNMAPPED,UNMAPPED,UNMAPPED,UNMAPPED
LEGACY-S05-029,FEATURE_MATRIX,/sidebar/bind-mobile,商品,加载商品并发送卡片,GET /api/sidebar/v2/products;WeCom JSSDK sendChatMessage,返回普通和周期商品；点击发送后企微JSSDK发送news卡片,UNMAPPED,BACKEND_REQUIRED,UNMAPPED,IMPLEMENTED,SYNTHETIC_PASS,pr=/pull/545;sha=6226354b60c6e20bb64e2f9de07a81a6b5a04400;tests=w2;paths=web/src/sidebar/main.ts,method=w2;command=docs/evidence/p4/sidebar-w2.md,UNMAPPED,UNMAPPED,UNMAPPED,UNMAPPED,UNMAPPED,UNMAPPED,UNMAPPED,NOT_EXECUTED,UNMAPPED,docs/feature-matrix.csv:LEGACY-S05-029,"Matrix is source evidence, not V2 completion evidence.",UNMAPPED,UNMAPPED,UNMAPPED,UNMAPPED,UNMAPPED,NOT_EXECUTED,NOT_EXECUTED,NOT_EXECUTED,/sidebar/bind-mobile,加载商品并发送卡片,UNMAPPED,d3a66948195ed7671442bf127a0ebedb5c8beb75,UNMAPPED,UNMAPPED,UNMAPPED,UNMAPPED,UNMAPPED,UNMAPPED,UNMAPPED,UNMAPPED
LEGACY-S05-030,FEATURE_MATRIX,/sidebar/bind-mobile,订单,切换普通或周期订单并打开详情,GET /api/sidebar/v2/orders;GET /api/sidebar/v2/periodic-orders,返回相应订单列表；详情在新窗口打开,UNMAPPED,BACKEND_REQUIRED,UNMAPPED,IMPLEMENTED,SYNTHETIC_PASS,pr=/pull/545;sha=dbff7bfbdf5af87c8419dcce6ca290c42218eafd;tests=w2;paths=web/src/sidebar/main.ts,method=w2;command=docs/evidence/p4/sidebar-w2.md,UNMAPPED,UNMAPPED,UNMAPPED,UNMAPPED,UNMAPPED,UNMAPPED,UNMAPPED,NOT_EXECUTED,UNMAPPED,docs/feature-matrix.csv:LEGACY-S05-030,"Matrix is source evidence, not V2 completion evidence.",UNMAPPED,UNMAPPED,UNMAPPED,UNMAPPED,UNMAPPED,NOT_EXECUTED,NOT_EXECUTED,NOT_EXECUTED,/sidebar/bind-mobile,切换普通或周期订单并打开详情,UNMAPPED,d3a66948195ed7671442bf127a0ebedb5c8beb75,UNMAPPED,UNMAPPED,UNMAPPED,UNMAPPED,UNMAPPED,UNMAPPED,UNMAPPED,UNMAPPED
LEGACY-S05-031,FEATURE_MATRIX,/sidebar/bind-mobile,周期订单备注,保存备注,PUT /api/sidebar/v2/periodic-orders/{entitlement_id}/remark,返回更新后的periodic_order且write_model_status=updated,UNMAPPED,BACKEND_REQUIRED,UNMAPPED,IMPLEMENTED,SYNTHETIC_PASS,pr=/pull/545;sha=aaec353132d248588efa80e07787bd691d3ca2ec;tests=w2;paths=web/src/sidebar/main.ts,method=w2;command=docs/evidence/p4/sidebar-w2.md,UNMAPPED,UNMAPPED,UNMAPPED,UNMAPPED,UNMAPPED,UNMAPPED,UNMAPPED,NOT_EXECUTED,UNMAPPED,docs/feature-matrix.csv:LEGACY-S05-031,"Matrix is source evidence, not V2 completion evidence.",UNMAPPED,UNMAPPED,UNMAPPED,UNMAPPED,UNMAPPED,NOT_EXECUTED,NOT_EXECUTED,NOT_EXECUTED,/sidebar/bind-mobile,保存备注,UNMAPPED,d3a66948195ed7671442bf127a0ebedb5c8beb75,UNMAPPED,UNMAPPED,UNMAPPED,UNMAPPED,UNMAPPED,UNMAPPED,UNMAPPED,UNMAPPED
LEGACY-S05-032,FEATURE_MATRIX,/sidebar/bind-mobile,图片素材,搜索和无限分页,GET /api/sidebar/v2/materials?type=image&limit=5&offset&q,返回materials、total、has_more、next_offset和quick_keywords,UNMAPPED,BACKEND_REQUIRED,UNMAPPED,IMPLEMENTED,SYNTHETIC_PASS,pr=/pull/545;sha=aaec353132d248588efa80e07787bd691d3ca2ec;tests=w2;paths=web/src/sidebar/main.ts,method=w2;command=docs/evidence/p4/sidebar-w2.md,UNMAPPED,UNMAPPED,UNMAPPED,UNMAPPED,UNMAPPED,UNMAPPED,UNMAPPED,NOT_EXECUTED,UNMAPPED,docs/feature-matrix.csv:LEGACY-S05-032,"Matrix is source evidence, not V2 completion evidence.",UNMAPPED,UNMAPPED,UNMAPPED,UNMAPPED,UNMAPPED,NOT_EXECUTED,NOT_EXECUTED,NOT_EXECUTED,/sidebar/bind-mobile,搜索和无限分页,UNMAPPED,d3a66948195ed7671442bf127a0ebedb5c8beb75,UNMAPPED,UNMAPPED,UNMAPPED,UNMAPPED,UNMAPPED,UNMAPPED,UNMAPPED,UNMAPPED
LEGACY-S05-033,FEATURE_MATRIX,/sidebar/bind-mobile,素材缩略图,异步加载缩略图,GET /api/sidebar/v2/materials/image/{image_id}/thumbnail,可能返回图片、302、304或带pending响应头；客户端最终呈现ready或error,UNMAPPED,BACKEND_REQUIRED,UNMAPPED,IMPLEMENTED,SYNTHETIC_PASS,pr=/pull/545;sha=9dc8e5be7dc4c7a378ce225c9fb4a68ce0ff23cc;tests=w2;paths=web/src/sidebar/main.ts,method=w2;command=docs/evidence/p4/sidebar-w2.md,UNMAPPED,UNMAPPED,UNMAPPED,UNMAPPED,UNMAPPED,UNMAPPED,UNMAPPED,NOT_EXECUTED,UNMAPPED,docs/feature-matrix.csv:LEGACY-S05-033,"Matrix is source evidence, not V2 completion evidence.",UNMAPPED,UNMAPPED,UNMAPPED,UNMAPPED,UNMAPPED,NOT_EXECUTED,NOT_EXECUTED,NOT_EXECUTED,/sidebar/bind-mobile,异步加载缩略图,UNMAPPED,d3a66948195ed7671442bf127a0ebedb5c8beb75,UNMAPPED,UNMAPPED,UNMAPPED,UNMAPPED,UNMAPPED,UNMAPPED,UNMAPPED,UNMAPPED
LEGACY-S05-034,FEATURE_MATRIX,/sidebar/bind-mobile,图片素材,发送图片到当前会话,POST /api/sidebar/v2/materials/send;WeCom JSSDK sendChatMessage,REST先取得media_id，再调用企微JSSDK发送image,UNMAPPED,BACKEND_REQUIRED,UNMAPPED,IMPLEMENTED,SYNTHETIC_PASS,pr=/pull/545;sha=02483b8b1add3bf3d177e238f9c0ac9807298040;tests=w2;paths=web/src/sidebar/main.ts,method=w2;command=docs/evidence/p4/sidebar-w2.md,UNMAPPED,UNMAPPED,UNMAPPED,UNMAPPED,UNMAPPED,UNMAPPED,UNMAPPED,NOT_EXECUTED,UNMAPPED,docs/feature-matrix.csv:LEGACY-S05-034,"Matrix is source evidence, not V2 completion evidence.",UNMAPPED,UNMAPPED,UNMAPPED,UNMAPPED,UNMAPPED,NOT_EXECUTED,NOT_EXECUTED,NOT_EXECUTED,/sidebar/bind-mobile,发送图片到当前会话,UNMAPPED,d3a66948195ed7671442bf127a0ebedb5c8beb75,UNMAPPED,UNMAPPED,UNMAPPED,UNMAPPED,UNMAPPED,UNMAPPED,UNMAPPED,UNMAPPED
LEGACY-S05-035,FEATURE_MATRIX,/sidebar/bind-mobile,其他客服聊天,加载聊天记录,GET /api/sidebar/v2/other-staff-messages?external_userid&current_userid&limit=20,返回其他客服消息并仅展示text或image类型的最后20条,UNMAPPED,BACKEND_REQUIRED,UNMAPPED,IMPLEMENTED,SYNTHETIC_PASS,"pr=/pull/545;sha=9ef60043ecd7ff3f7e70fa2c4f52edc6bf0bbf1e;tests=w2;paths=internal/sidebar/app/other_staff_chat.go,internal/wecom/app/sidebar_other_staff_chat.go,web/src/sidebar/main.ts",method=w2;command=docs/evidence/p4/sidebar-w2.md,sidebar,GET,/api/sidebar/v2/other-staff-chats,getSidebarOtherStaffChats,sidebar_owner_customer_scope,sidebar_context_token,none,NOT_EXECUTED,none,docs/feature-matrix.csv:LEGACY-S05-035,"Local masked archive only; active owner mismatch and unavailable identity fail closed; no Provider call.",IMPLEMENTED,IMPLEMENTED,IMPLEMENTED,IMPLEMENTED,NOT_APPLICABLE,NOT_EXECUTED,NOT_EXECUTED,NOT_EXECUTED,/sidebar/bind-mobile,加载聊天记录,sidebar_owner_customer_scope,d3a66948195ed7671442bf127a0ebedb5c8beb75,api/openapi.yaml;internal/sidebar/http/other_staff_chat.go,internal/wecom/app/sidebar_other_staff_chat.go,cmd/aicrm/sidebar_api.go,internal/wecom/store/queries/message_archive.sql,NOT_APPLICABLE,NOT_APPLICABLE,NOT_EXECUTED,NOT_EXECUTED
LEGACY-S05-036,FEATURE_MATRIX,/login,登录入口,点击QR或OAuth链接,服务端生成的login_links href,进入对应认证入口,UNMAPPED,BACKEND_REQUIRED,UNMAPPED,IMPLEMENTED,SYNTHETIC_PASS,pr=https://github.com/qianlan33333-png/AI-CRM-v2/pull/205;sha=9f0615863af2574ff0492ca77aad5538f2aa2ac4;tests=cmd/aicrm/legacy_auth_test.go+cmd/aicrm/legacy_auth_integration_test.go+acceptance/auth/a01_migration_compatibility.sh;paths=cmd/aicrm/legacy_auth.go+internal/auth/app/oauth_state.go,method=router_unit_and_PG16;command=P4A01_AUTH_TEST_DATABASE_URL=loopback make p4-a01-auth-acceptance && make feature-matrix-contract,UNMAPPED,UNMAPPED,UNMAPPED,UNMAPPED,UNMAPPED,UNMAPPED,UNMAPPED,NOT_EXECUTED,UNMAPPED,docs/feature-matrix.csv:LEGACY-S05-036,"Matrix is source evidence, not V2 completion evidence.",UNMAPPED,UNMAPPED,UNMAPPED,UNMAPPED,UNMAPPED,NOT_EXECUTED,NOT_EXECUTED,NOT_EXECUTED,/login,点击QR或OAuth链接,UNMAPPED,d3a66948195ed7671442bf127a0ebedb5c8beb75,UNMAPPED,UNMAPPED,UNMAPPED,UNMAPPED,UNMAPPED,UNMAPPED,UNMAPPED,UNMAPPED
LEGACY-S05-037,FEATURE_MATRIX,shared shell,会话,退出后台,GET /logout,撤销browser session、删除session和CSRF cookie并302到/login,UNMAPPED,BACKEND_REQUIRED,UNMAPPED,IMPLEMENTED,SYNTHETIC_PASS,pr=https://github.com/qianlan33333-png/AI-CRM-v2/pull/205;sha=9f0615863af2574ff0492ca77aad5538f2aa2ac4;tests=cmd/aicrm/legacy_auth_test.go+cmd/aicrm/legacy_auth_integration_test.go+acceptance/auth/a01_migration_compatibility.sh;paths=cmd/aicrm/legacy_auth.go+internal/auth/app/service.go,method=router_unit_and_PG16;command=P4A01_AUTH_TEST_DATABASE_URL=loopback make p4-a01-auth-acceptance && make feature-matrix-contract,UNMAPPED,UNMAPPED,UNMAPPED,UNMAPPED,UNMAPPED,UNMAPPED,UNMAPPED,NOT_EXECUTED,UNMAPPED,docs/feature-matrix.csv:LEGACY-S05-037,"Matrix is source evidence, not V2 completion evidence.",UNMAPPED,UNMAPPED,UNMAPPED,UNMAPPED,UNMAPPED,NOT_EXECUTED,NOT_EXECUTED,NOT_EXECUTED,shared shell,退出后台,UNMAPPED,d3a66948195ed7671442bf127a0ebedb5c8beb75,UNMAPPED,UNMAPPED,UNMAPPED,UNMAPPED,UNMAPPED,UNMAPPED,UNMAPPED,UNMAPPED
LEGACY-S05-038,FEATURE_MATRIX,/admin/config,配置类目列表,切换类目enabled,PUT /api/admin/config/categories/{category_key}/enabled,保存类目开关并更新状态文字,UNMAPPED,BACKEND_REQUIRED,UNMAPPED,IMPLEMENTED,SYNTHETIC_PASS,pr=https://github.com/qianlan33333-png/AI-CRM-v2/pull/227;sha=d8ff6ff5459473babe7433b1c1f9cf959e6a3e4e;tests=cmd/aicrm/legacy_admin_ops_test.go+cmd/aicrm/legacy_admin_ops_app_settings_resource_test.go+acceptance/adminops/control_plane_integration_test.go;paths=cmd/aicrm/legacy_admin_ops.go+internal/adminops/app/service.go+internal/adminops/store/repository.go,method=focused_router_service_and_PG16;command=go test ./cmd/aicrm ./internal/adminops/app ./acceptance/adminops && make feature-matrix-contract,UNMAPPED,UNMAPPED,UNMAPPED,UNMAPPED,UNMAPPED,UNMAPPED,UNMAPPED,NOT_EXECUTED,UNMAPPED,docs/feature-matrix.csv:LEGACY-S05-038,"Matrix is source evidence, not V2 completion evidence.",UNMAPPED,UNMAPPED,UNMAPPED,UNMAPPED,UNMAPPED,NOT_EXECUTED,NOT_EXECUTED,NOT_EXECUTED,/admin/config,切换类目enabled,UNMAPPED,d3a66948195ed7671442bf127a0ebedb5c8beb75,UNMAPPED,UNMAPPED,UNMAPPED,UNMAPPED,UNMAPPED,UNMAPPED,UNMAPPED,UNMAPPED
LEGACY-S05-039,FEATURE_MATRIX,/admin/config/detail/{category_key},配置详情,保存设置或执行检查,PUT /api/admin/config/categories/{category_key}/settings;POST /api/admin/config/categories/{category_key}/check,保存返回changed和config；检查依据summary.failed显示通过或失败,UNMAPPED,BACKEND_REQUIRED,UNMAPPED,IMPLEMENTED,SYNTHETIC_PASS,pr=https://github.com/qianlan33333-png/AI-CRM-v2/pull/227;sha=d8ff6ff5459473babe7433b1c1f9cf959e6a3e4e;tests=cmd/aicrm/legacy_admin_ops_test.go+cmd/aicrm/legacy_admin_ops_app_settings_resource_test.go+acceptance/adminops/control_plane_integration_test.go;paths=cmd/aicrm/legacy_admin_ops.go+internal/adminops/app/service.go+internal/adminops/store/repository.go,method=focused_router_service_and_PG16;command=go test ./cmd/aicrm ./internal/adminops/app ./acceptance/adminops && make feature-matrix-contract,UNMAPPED,UNMAPPED,UNMAPPED,UNMAPPED,UNMAPPED,UNMAPPED,UNMAPPED,NOT_EXECUTED,UNMAPPED,docs/feature-matrix.csv:LEGACY-S05-039,"Matrix is source evidence, not V2 completion evidence.",UNMAPPED,UNMAPPED,UNMAPPED,UNMAPPED,UNMAPPED,NOT_EXECUTED,NOT_EXECUTED,NOT_EXECUTED,/admin/config/detail/{category_key},保存设置或执行检查,UNMAPPED,d3a66948195ed7671442bf127a0ebedb5c8beb75,UNMAPPED,UNMAPPED,UNMAPPED,UNMAPPED,UNMAPPED,UNMAPPED,UNMAPPED,UNMAPPED
LEGACY-S05-040,FEATURE_MATRIX,/admin/config/detail/admin_access,管理员访问,选择成员并保存登录权限,OperationMemberPicker.open（shared component；transport outside frozen source set）;POST /admin/config/login-access/save,共享组件选择成员后提交登录权限并302回详情页,UNMAPPED,BACKEND_REQUIRED,UNMAPPED,NOT_STARTED,NOT_RUN,UNMAPPED,UNMAPPED,UNMAPPED,UNMAPPED,UNMAPPED,UNMAPPED,UNMAPPED,UNMAPPED,UNMAPPED,NOT_EXECUTED,UNMAPPED,docs/feature-matrix.csv:LEGACY-S05-040,"Matrix is source evidence, not V2 completion evidence.",UNMAPPED,UNMAPPED,UNMAPPED,UNMAPPED,UNMAPPED,NOT_EXECUTED,NOT_EXECUTED,NOT_EXECUTED,/admin/config/detail/admin_access,选择成员并保存登录权限,UNMAPPED,d3a66948195ed7671442bf127a0ebedb5c8beb75,UNMAPPED,UNMAPPED,UNMAPPED,UNMAPPED,UNMAPPED,UNMAPPED,UNMAPPED,UNMAPPED
LEGACY-S05-041,FEATURE_MATRIX,/admin/config/api-key,API Key,生成,POST /api/admin/config/api-key/generate,confirm=true时创建并启用key；成功HTTP 201且完整key一次性展示,UNMAPPED,BACKEND_REQUIRED,UNMAPPED,IMPLEMENTED,SYNTHETIC_PASS,pr=https://github.com/qianlan33333-png/AI-CRM-v2/pull/227;sha=d8ff6ff5459473babe7433b1c1f9cf959e6a3e4e;tests=cmd/aicrm/legacy_admin_ops_test.go+cmd/aicrm/legacy_admin_ops_app_settings_resource_test.go+acceptance/adminops/control_plane_integration_test.go;paths=cmd/aicrm/legacy_admin_ops.go+internal/adminops/app/service.go+internal/adminops/store/repository.go,method=focused_router_service_and_PG16;command=go test ./cmd/aicrm ./internal/adminops/app ./acceptance/adminops && make feature-matrix-contract,UNMAPPED,UNMAPPED,UNMAPPED,UNMAPPED,UNMAPPED,UNMAPPED,UNMAPPED,NOT_EXECUTED,UNMAPPED,docs/feature-matrix.csv:LEGACY-S05-041,"Matrix is source evidence, not V2 completion evidence.",UNMAPPED,UNMAPPED,UNMAPPED,UNMAPPED,UNMAPPED,NOT_EXECUTED,NOT_EXECUTED,NOT_EXECUTED,/admin/config/api-key,生成,UNMAPPED,d3a66948195ed7671442bf127a0ebedb5c8beb75,UNMAPPED,UNMAPPED,UNMAPPED,UNMAPPED,UNMAPPED,UNMAPPED,UNMAPPED,UNMAPPED
LEGACY-S05-042,FEATURE_MATRIX,/admin/config/api-key,API Key,轮换,POST /api/admin/config/api-key/rotate,confirm=true时轮换并一次性展示新key,UNMAPPED,BACKEND_REQUIRED,UNMAPPED,IMPLEMENTED,SYNTHETIC_PASS,pr=https://github.com/qianlan33333-png/AI-CRM-v2/pull/227;sha=d8ff6ff5459473babe7433b1c1f9cf959e6a3e4e;tests=cmd/aicrm/legacy_admin_ops_test.go+cmd/aicrm/legacy_admin_ops_app_settings_resource_test.go+acceptance/adminops/control_plane_integration_test.go;paths=cmd/aicrm/legacy_admin_ops.go+internal/adminops/app/service.go+internal/adminops/store/repository.go,method=focused_router_service_and_PG16;command=go test ./cmd/aicrm ./internal/adminops/app ./acceptance/adminops && make feature-matrix-contract,UNMAPPED,UNMAPPED,UNMAPPED,UNMAPPED,UNMAPPED,UNMAPPED,UNMAPPED,NOT_EXECUTED,UNMAPPED,docs/feature-matrix.csv:LEGACY-S05-042,"Matrix is source evidence, not V2 completion evidence.",UNMAPPED,UNMAPPED,UNMAPPED,UNMAPPED,UNMAPPED,NOT_EXECUTED,NOT_EXECUTED,NOT_EXECUTED,/admin/config/api-key,轮换,UNMAPPED,d3a66948195ed7671442bf127a0ebedb5c8beb75,UNMAPPED,UNMAPPED,UNMAPPED,UNMAPPED,UNMAPPED,UNMAPPED,UNMAPPED,UNMAPPED
LEGACY-S05-043,FEATURE_MATRIX,/admin/config/api-key,API Key,停用,PUT /api/admin/config/api-key/enabled,提交enabled=false和confirm=true后停用当前key,UNMAPPED,BACKEND_REQUIRED,UNMAPPED,IMPLEMENTED,SYNTHETIC_PASS,pr=https://github.com/qianlan33333-png/AI-CRM-v2/pull/227;sha=d8ff6ff5459473babe7433b1c1f9cf959e6a3e4e;tests=cmd/aicrm/legacy_admin_ops_test.go+cmd/aicrm/legacy_admin_ops_app_settings_resource_test.go+acceptance/adminops/control_plane_integration_test.go;paths=cmd/aicrm/legacy_admin_ops.go+internal/adminops/app/service.go+internal/adminops/store/repository.go,method=focused_router_service_and_PG16;command=go test ./cmd/aicrm ./internal/adminops/app ./acceptance/adminops && make feature-matrix-contract,UNMAPPED,UNMAPPED,UNMAPPED,UNMAPPED,UNMAPPED,UNMAPPED,UNMAPPED,NOT_EXECUTED,UNMAPPED,docs/feature-matrix.csv:LEGACY-S05-043,"Matrix is source evidence, not V2 completion evidence.",UNMAPPED,UNMAPPED,UNMAPPED,UNMAPPED,UNMAPPED,NOT_EXECUTED,NOT_EXECUTED,NOT_EXECUTED,/admin/config/api-key,停用,UNMAPPED,d3a66948195ed7671442bf127a0ebedb5c8beb75,UNMAPPED,UNMAPPED,UNMAPPED,UNMAPPED,UNMAPPED,UNMAPPED,UNMAPPED,UNMAPPED
LEGACY-S05-044,FEATURE_MATRIX,/admin/config/api-clients,Client列表,筛选、新建导航、打开详情,GET /admin/config/api-clients?q&status,服务端筛选并渲染client列表,UNMAPPED,BACKEND_REQUIRED,UNMAPPED,IMPLEMENTED,SYNTHETIC_PASS,pr=https://github.com/qianlan33333-png/AI-CRM-v2/pull/274;sha=68474fc08b5216beaff1fed0a8e3674a75c6d87d;tests=cmd/aicrm/legacy_admin_ops_test.go+internal/adminops/app/credential_identifier_test.go+acceptance/adminops/control_plane_integration_test.go;paths=cmd/aicrm/legacy_admin_ops.go+internal/adminops/app/service.go,method=focused_router_service_and_PG16;command=go test -race ./cmd/aicrm ./internal/adminops/app && P4ADMINOPS_TEST_DATABASE_URL=loopback make p4-adminops-jobs-ab-acceptance && make feature-matrix-contract,UNMAPPED,UNMAPPED,UNMAPPED,UNMAPPED,UNMAPPED,UNMAPPED,UNMAPPED,NOT_EXECUTED,UNMAPPED,docs/feature-matrix.csv:LEGACY-S05-044,"Matrix is source evidence, not V2 completion evidence.",UNMAPPED,UNMAPPED,UNMAPPED,UNMAPPED,UNMAPPED,NOT_EXECUTED,NOT_EXECUTED,NOT_EXECUTED,/admin/config/api-clients,筛选、新建导航、打开详情,UNMAPPED,d3a66948195ed7671442bf127a0ebedb5c8beb75,UNMAPPED,UNMAPPED,UNMAPPED,UNMAPPED,UNMAPPED,UNMAPPED,UNMAPPED,UNMAPPED
LEGACY-S05-045,FEATURE_MATRIX,/admin/config/api-clients/new,Client表单,创建client,POST /api/admin/config/api-clients,成功HTTP 201并一次性展示Client Secret,UNMAPPED,BACKEND_REQUIRED,UNMAPPED,IMPLEMENTED,SYNTHETIC_PASS,pr=https://github.com/qianlan33333-png/AI-CRM-v2/pull/227;sha=d8ff6ff5459473babe7433b1c1f9cf959e6a3e4e;tests=cmd/aicrm/legacy_admin_ops_test.go+cmd/aicrm/legacy_admin_ops_app_settings_resource_test.go+acceptance/adminops/control_plane_integration_test.go;paths=cmd/aicrm/legacy_admin_ops.go+internal/adminops/app/service.go+internal/adminops/store/repository.go,method=focused_router_service_and_PG16;command=go test ./cmd/aicrm ./internal/adminops/app ./acceptance/adminops && make feature-matrix-contract,UNMAPPED,UNMAPPED,UNMAPPED,UNMAPPED,UNMAPPED,UNMAPPED,UNMAPPED,NOT_EXECUTED,UNMAPPED,docs/feature-matrix.csv:LEGACY-S05-045,"Matrix is source evidence, not V2 completion evidence.",UNMAPPED,UNMAPPED,UNMAPPED,UNMAPPED,UNMAPPED,NOT_EXECUTED,NOT_EXECUTED,NOT_EXECUTED,/admin/config/api-clients/new,创建client,UNMAPPED,d3a66948195ed7671442bf127a0ebedb5c8beb75,UNMAPPED,UNMAPPED,UNMAPPED,UNMAPPED,UNMAPPED,UNMAPPED,UNMAPPED,UNMAPPED
LEGACY-S05-046,FEATURE_MATRIX,/admin/config/api-clients/{client_id},Client配置,保存配置,PUT /api/admin/config/api-clients/{client_id},更新display_name、TTL和CIDR后reload页面,UNMAPPED,BACKEND_REQUIRED,UNMAPPED,IMPLEMENTED,SYNTHETIC_PASS,pr=https://github.com/qianlan33333-png/AI-CRM-v2/pull/227;sha=d8ff6ff5459473babe7433b1c1f9cf959e6a3e4e;tests=cmd/aicrm/legacy_admin_ops_test.go+cmd/aicrm/legacy_admin_ops_app_settings_resource_test.go+acceptance/adminops/control_plane_integration_test.go;paths=cmd/aicrm/legacy_admin_ops.go+internal/adminops/app/service.go+internal/adminops/store/repository.go,method=focused_router_service_and_PG16;command=go test ./cmd/aicrm ./internal/adminops/app ./acceptance/adminops && make feature-matrix-contract,UNMAPPED,UNMAPPED,UNMAPPED,UNMAPPED,UNMAPPED,UNMAPPED,UNMAPPED,NOT_EXECUTED,UNMAPPED,docs/feature-matrix.csv:LEGACY-S05-046,"Matrix is source evidence, not V2 completion evidence.",UNMAPPED,UNMAPPED,UNMAPPED,UNMAPPED,UNMAPPED,NOT_EXECUTED,NOT_EXECUTED,NOT_EXECUTED,/admin/config/api-clients/{client_id},保存配置,UNMAPPED,d3a66948195ed7671442bf127a0ebedb5c8beb75,UNMAPPED,UNMAPPED,UNMAPPED,UNMAPPED,UNMAPPED,UNMAPPED,UNMAPPED,UNMAPPED
LEGACY-S05-047,FEATURE_MATRIX,/admin/config/api-clients/{client_id},Client Secret,轮换Secret,POST /api/admin/config/api-clients/{client_id}/rotate-secret,生成一次性新Secret并等待自检启用,UNMAPPED,BACKEND_REQUIRED,UNMAPPED,IMPLEMENTED,SYNTHETIC_PASS,pr=https://github.com/qianlan33333-png/AI-CRM-v2/pull/227;sha=d8ff6ff5459473babe7433b1c1f9cf959e6a3e4e;tests=cmd/aicrm/legacy_admin_ops_test.go+cmd/aicrm/legacy_admin_ops_app_settings_resource_test.go+acceptance/adminops/control_plane_integration_test.go;paths=cmd/aicrm/legacy_admin_ops.go+internal/adminops/app/service.go+internal/adminops/store/repository.go,method=focused_router_service_and_PG16;command=go test ./cmd/aicrm ./internal/adminops/app ./acceptance/adminops && make feature-matrix-contract,UNMAPPED,UNMAPPED,UNMAPPED,UNMAPPED,UNMAPPED,UNMAPPED,UNMAPPED,NOT_EXECUTED,UNMAPPED,docs/feature-matrix.csv:LEGACY-S05-047,"Matrix is source evidence, not V2 completion evidence.",UNMAPPED,UNMAPPED,UNMAPPED,UNMAPPED,UNMAPPED,NOT_EXECUTED,NOT_EXECUTED,NOT_EXECUTED,/admin/config/api-clients/{client_id},轮换Secret,UNMAPPED,d3a66948195ed7671442bf127a0ebedb5c8beb75,UNMAPPED,UNMAPPED,UNMAPPED,UNMAPPED,UNMAPPED,UNMAPPED,UNMAPPED,UNMAPPED
LEGACY-S05-048,FEATURE_MATRIX,/admin/config/api-clients/{client_id},Client状态,停用,PUT /api/admin/config/api-clients/{client_id}/enabled,提交enabled=false和confirm=true后停用并更新状态,UNMAPPED,BACKEND_REQUIRED,UNMAPPED,IMPLEMENTED,SYNTHETIC_PASS,pr=https://github.com/qianlan33333-png/AI-CRM-v2/pull/227;sha=d8ff6ff5459473babe7433b1c1f9cf959e6a3e4e;tests=cmd/aicrm/legacy_admin_ops_test.go+cmd/aicrm/legacy_admin_ops_app_settings_resource_test.go+acceptance/adminops/control_plane_integration_test.go;paths=cmd/aicrm/legacy_admin_ops.go+internal/adminops/app/service.go+internal/adminops/store/repository.go,method=focused_router_service_and_PG16;command=go test ./cmd/aicrm ./internal/adminops/app ./acceptance/adminops && make feature-matrix-contract,UNMAPPED,UNMAPPED,UNMAPPED,UNMAPPED,UNMAPPED,UNMAPPED,UNMAPPED,NOT_EXECUTED,UNMAPPED,docs/feature-matrix.csv:LEGACY-S05-048,"Matrix is source evidence, not V2 completion evidence.",UNMAPPED,UNMAPPED,UNMAPPED,UNMAPPED,UNMAPPED,NOT_EXECUTED,NOT_EXECUTED,NOT_EXECUTED,/admin/config/api-clients/{client_id},停用,UNMAPPED,d3a66948195ed7671442bf127a0ebedb5c8beb75,UNMAPPED,UNMAPPED,UNMAPPED,UNMAPPED,UNMAPPED,UNMAPPED,UNMAPPED,UNMAPPED
LEGACY-S05-049,FEATURE_MATRIX,/admin/config/api-clients/{client_id},Secret自检,启用client,POST /api/admin/config/api-clients/{client_id}/activate,Secret自检通过后启用client,UNMAPPED,BACKEND_REQUIRED,UNMAPPED,IMPLEMENTED,SYNTHETIC_PASS,pr=https://github.com/qianlan33333-png/AI-CRM-v2/pull/227;sha=d8ff6ff5459473babe7433b1c1f9cf959e6a3e4e;tests=cmd/aicrm/legacy_admin_ops_test.go+cmd/aicrm/legacy_admin_ops_app_settings_resource_test.go+acceptance/adminops/control_plane_integration_test.go;paths=cmd/aicrm/legacy_admin_ops.go+internal/adminops/app/service.go+internal/adminops/store/repository.go,method=focused_router_service_and_PG16;command=go test ./cmd/aicrm ./internal/adminops/app ./acceptance/adminops && make feature-matrix-contract,UNMAPPED,UNMAPPED,UNMAPPED,UNMAPPED,UNMAPPED,UNMAPPED,UNMAPPED,NOT_EXECUTED,UNMAPPED,docs/feature-matrix.csv:LEGACY-S05-049,"Matrix is source evidence, not V2 completion evidence.",UNMAPPED,UNMAPPED,UNMAPPED,UNMAPPED,UNMAPPED,NOT_EXECUTED,NOT_EXECUTED,NOT_EXECUTED,/admin/config/api-clients/{client_id},启用client,UNMAPPED,d3a66948195ed7671442bf127a0ebedb5c8beb75,UNMAPPED,UNMAPPED,UNMAPPED,UNMAPPED,UNMAPPED,UNMAPPED,UNMAPPED,UNMAPPED
LEGACY-S05-050,FEATURE_MATRIX,/admin/config/detail/{category_key},推送能力,首屏加载或刷新,GET /api/admin/config/push-capabilities,返回capabilities、summary、scheduler和脱敏advanced配置,UNMAPPED,BACKEND_REQUIRED,UNMAPPED,IMPLEMENTED,SYNTHETIC_PASS,pr=https://github.com/qianlan33333-png/AI-CRM-v2/pull/227;sha=d8ff6ff5459473babe7433b1c1f9cf959e6a3e4e;tests=cmd/aicrm/legacy_admin_ops_test.go+cmd/aicrm/legacy_admin_ops_app_settings_resource_test.go+acceptance/adminops/control_plane_integration_test.go;paths=cmd/aicrm/legacy_admin_ops.go+internal/adminops/app/service.go+internal/adminops/store/repository.go,method=focused_router_service_and_PG16;command=go test ./cmd/aicrm ./internal/adminops/app ./acceptance/adminops && make feature-matrix-contract,UNMAPPED,UNMAPPED,UNMAPPED,UNMAPPED,UNMAPPED,UNMAPPED,UNMAPPED,NOT_EXECUTED,UNMAPPED,docs/feature-matrix.csv:LEGACY-S05-050,"Matrix is source evidence, not V2 completion evidence.",UNMAPPED,UNMAPPED,UNMAPPED,UNMAPPED,UNMAPPED,NOT_EXECUTED,NOT_EXECUTED,NOT_EXECUTED,/admin/config/detail/{category_key},首屏加载或刷新,UNMAPPED,d3a66948195ed7671442bf127a0ebedb5c8beb75,UNMAPPED,UNMAPPED,UNMAPPED,UNMAPPED,UNMAPPED,UNMAPPED,UNMAPPED,UNMAPPED
LEGACY-S05-051,FEATURE_MATRIX,/admin/config/detail/{category_key},统一队列调度器,切换enabled,PATCH /api/admin/config/push-capabilities/scheduler,更新scheduler并刷新页面数据,UNMAPPED,BACKEND_REQUIRED,UNMAPPED,IMPLEMENTED,SYNTHETIC_PASS,pr=https://github.com/qianlan33333-png/AI-CRM-v2/pull/227;sha=d8ff6ff5459473babe7433b1c1f9cf959e6a3e4e;tests=cmd/aicrm/legacy_admin_ops_test.go+cmd/aicrm/legacy_admin_ops_app_settings_resource_test.go+acceptance/adminops/control_plane_integration_test.go;paths=cmd/aicrm/legacy_admin_ops.go+internal/adminops/app/service.go+internal/adminops/store/repository.go,method=focused_router_service_and_PG16;command=go test ./cmd/aicrm ./internal/adminops/app ./acceptance/adminops && make feature-matrix-contract,UNMAPPED,UNMAPPED,UNMAPPED,UNMAPPED,UNMAPPED,UNMAPPED,UNMAPPED,NOT_EXECUTED,UNMAPPED,docs/feature-matrix.csv:LEGACY-S05-051,"Matrix is source evidence, not V2 completion evidence.",UNMAPPED,UNMAPPED,UNMAPPED,UNMAPPED,UNMAPPED,NOT_EXECUTED,NOT_EXECUTED,NOT_EXECUTED,/admin/config/detail/{category_key},切换enabled,UNMAPPED,d3a66948195ed7671442bf127a0ebedb5c8beb75,UNMAPPED,UNMAPPED,UNMAPPED,UNMAPPED,UNMAPPED,UNMAPPED,UNMAPPED,UNMAPPED
LEGACY-S05-052,FEATURE_MATRIX,/admin/config/detail/{category_key},能力行,切换真实执行许可,PATCH /api/admin/config/push-capabilities/{capability_key},返回capability和derived_gates并刷新,UNMAPPED,BACKEND_REQUIRED,UNMAPPED,IMPLEMENTED,SYNTHETIC_PASS,pr=https://github.com/qianlan33333-png/AI-CRM-v2/pull/227;sha=d8ff6ff5459473babe7433b1c1f9cf959e6a3e4e;tests=cmd/aicrm/legacy_admin_ops_test.go+cmd/aicrm/legacy_admin_ops_app_settings_resource_test.go+acceptance/adminops/control_plane_integration_test.go;paths=cmd/aicrm/legacy_admin_ops.go+internal/adminops/app/service.go+internal/adminops/store/repository.go,method=focused_router_service_and_PG16;command=go test ./cmd/aicrm ./internal/adminops/app ./acceptance/adminops && make feature-matrix-contract,UNMAPPED,UNMAPPED,UNMAPPED,UNMAPPED,UNMAPPED,UNMAPPED,UNMAPPED,NOT_EXECUTED,UNMAPPED,docs/feature-matrix.csv:LEGACY-S05-052,"Matrix is source evidence, not V2 completion evidence.",UNMAPPED,UNMAPPED,UNMAPPED,UNMAPPED,UNMAPPED,NOT_EXECUTED,NOT_EXECUTED,NOT_EXECUTED,/admin/config/detail/{category_key},切换真实执行许可,UNMAPPED,d3a66948195ed7671442bf127a0ebedb5c8beb75,UNMAPPED,UNMAPPED,UNMAPPED,UNMAPPED,UNMAPPED,UNMAPPED,UNMAPPED,UNMAPPED
LEGACY-S05-053,FEATURE_MATRIX,/admin/config/app-settings,系统设置,筛选并保存setting,GET /admin/config/app-settings?q&scope;POST /admin/config/app-settings/save,筛选渲染设置；保存成功或失败均302回页面并带状态query,UNMAPPED,BACKEND_REQUIRED,UNMAPPED,IMPLEMENTED,SYNTHETIC_PASS,sha=05541a6dfbedbec0797a2cca19a43f41512512f6;pr=https://github.com/qianlan33333-png/AI-CRM-v2/pull/217;tests=legacy_app_settings_session_capability_CSRF_action_token_secret_boundary_fixed_version_and_real_PG_Manager_UoW;paths=cmd/aicrm/legacy_config_settings_test.go+internal/config/app/settings_compat_test.go,method=focused_normal_boundary_error_race_PG16_14_OpenAPI_repo_contract_and_security;command=go_test_race+acceptance_p2s03+generate_check+orval_check+repo_contract+gitleaks,UNMAPPED,UNMAPPED,UNMAPPED,UNMAPPED,UNMAPPED,UNMAPPED,UNMAPPED,NOT_EXECUTED,UNMAPPED,docs/feature-matrix.csv:LEGACY-S05-053,"Matrix is source evidence, not V2 completion evidence.",UNMAPPED,UNMAPPED,UNMAPPED,UNMAPPED,UNMAPPED,NOT_EXECUTED,NOT_EXECUTED,NOT_EXECUTED,/admin/config/app-settings,筛选并保存setting,UNMAPPED,d3a66948195ed7671442bf127a0ebedb5c8beb75,UNMAPPED,UNMAPPED,UNMAPPED,UNMAPPED,UNMAPPED,UNMAPPED,UNMAPPED,UNMAPPED
LEGACY-S05-054,FEATURE_MATRIX,/admin/config/releases/new,配置发布,创建草稿,POST /admin/config/releases,创建draft后302到release详情页,UNMAPPED,BACKEND_REQUIRED,UNMAPPED,IMPLEMENTED,SYNTHETIC_PASS,pr=https://github.com/qianlan33333-png/AI-CRM-v2/pull/227;sha=d8ff6ff5459473babe7433b1c1f9cf959e6a3e4e;tests=cmd/aicrm/legacy_admin_ops_test.go+cmd/aicrm/legacy_admin_ops_app_settings_resource_test.go+acceptance/adminops/control_plane_integration_test.go;paths=cmd/aicrm/legacy_admin_ops.go+internal/adminops/app/service.go+internal/adminops/store/repository.go,method=focused_router_service_and_PG16;command=go test ./cmd/aicrm ./internal/adminops/app ./acceptance/adminops && make feature-matrix-contract,UNMAPPED,UNMAPPED,UNMAPPED,UNMAPPED,UNMAPPED,UNMAPPED,UNMAPPED,NOT_EXECUTED,UNMAPPED,docs/feature-matrix.csv:LEGACY-S05-054,"Matrix is source evidence, not V2 completion evidence.",UNMAPPED,UNMAPPED,UNMAPPED,UNMAPPED,UNMAPPED,NOT_EXECUTED,NOT_EXECUTED,NOT_EXECUTED,/admin/config/releases/new,创建草稿,UNMAPPED,d3a66948195ed7671442bf127a0ebedb5c8beb75,UNMAPPED,UNMAPPED,UNMAPPED,UNMAPPED,UNMAPPED,UNMAPPED,UNMAPPED,UNMAPPED
LEGACY-S05-055,FEATURE_MATRIX,/admin/config/releases/{release_id},配置发布,校验,POST /admin/config/releases/{release_id}/validate,成功302回detail并附validated=1,UNMAPPED,BACKEND_REQUIRED,UNMAPPED,IMPLEMENTED,SYNTHETIC_PASS,pr=https://github.com/qianlan33333-png/AI-CRM-v2/pull/227;sha=d8ff6ff5459473babe7433b1c1f9cf959e6a3e4e;tests=cmd/aicrm/legacy_admin_ops_test.go+cmd/aicrm/legacy_admin_ops_app_settings_resource_test.go+acceptance/adminops/control_plane_integration_test.go;paths=cmd/aicrm/legacy_admin_ops.go+internal/adminops/app/service.go+internal/adminops/store/repository.go,method=focused_router_service_and_PG16;command=go test ./cmd/aicrm ./internal/adminops/app ./acceptance/adminops && make feature-matrix-contract,UNMAPPED,UNMAPPED,UNMAPPED,UNMAPPED,UNMAPPED,UNMAPPED,UNMAPPED,NOT_EXECUTED,UNMAPPED,docs/feature-matrix.csv:LEGACY-S05-055,"Matrix is source evidence, not V2 completion evidence.",UNMAPPED,UNMAPPED,UNMAPPED,UNMAPPED,UNMAPPED,NOT_EXECUTED,NOT_EXECUTED,NOT_EXECUTED,/admin/config/releases/{release_id},校验,UNMAPPED,d3a66948195ed7671442bf127a0ebedb5c8beb75,UNMAPPED,UNMAPPED,UNMAPPED,UNMAPPED,UNMAPPED,UNMAPPED,UNMAPPED,UNMAPPED
LEGACY-S05-056,FEATURE_MATRIX,/admin/config/releases/{release_id},配置发布,发布,POST /admin/config/releases/{release_id}/publish,按checksum发布成功后302到列表并附published=1,UNMAPPED,BACKEND_REQUIRED,UNMAPPED,IMPLEMENTED,SYNTHETIC_PASS,pr=https://github.com/qianlan33333-png/AI-CRM-v2/pull/227;sha=d8ff6ff5459473babe7433b1c1f9cf959e6a3e4e;tests=cmd/aicrm/legacy_admin_ops_test.go+cmd/aicrm/legacy_admin_ops_app_settings_resource_test.go+acceptance/adminops/control_plane_integration_test.go;paths=cmd/aicrm/legacy_admin_ops.go+internal/adminops/app/service.go+internal/adminops/store/repository.go,method=focused_router_service_and_PG16;command=go test ./cmd/aicrm ./internal/adminops/app ./acceptance/adminops && make feature-matrix-contract,UNMAPPED,UNMAPPED,UNMAPPED,UNMAPPED,UNMAPPED,UNMAPPED,UNMAPPED,NOT_EXECUTED,UNMAPPED,docs/feature-matrix.csv:LEGACY-S05-056,"Matrix is source evidence, not V2 completion evidence.",UNMAPPED,UNMAPPED,UNMAPPED,UNMAPPED,UNMAPPED,NOT_EXECUTED,NOT_EXECUTED,NOT_EXECUTED,/admin/config/releases/{release_id},发布,UNMAPPED,d3a66948195ed7671442bf127a0ebedb5c8beb75,UNMAPPED,UNMAPPED,UNMAPPED,UNMAPPED,UNMAPPED,UNMAPPED,UNMAPPED,UNMAPPED
LEGACY-S05-057,FEATURE_MATRIX,/admin/config/releases/{release_id},配置发布,回滚,POST /admin/config/releases/{release_id}/rollback,成功创建回滚结果并302到列表附rolled_back=1,UNMAPPED,BACKEND_REQUIRED,UNMAPPED,IMPLEMENTED,SYNTHETIC_PASS,pr=https://github.com/qianlan33333-png/AI-CRM-v2/pull/227;sha=d8ff6ff5459473babe7433b1c1f9cf959e6a3e4e;tests=cmd/aicrm/legacy_admin_ops_test.go+cmd/aicrm/legacy_admin_ops_app_settings_resource_test.go+acceptance/adminops/control_plane_integration_test.go;paths=cmd/aicrm/legacy_admin_ops.go+internal/adminops/app/service.go+internal/adminops/store/repository.go,method=focused_router_service_and_PG16;command=go test ./cmd/aicrm ./internal/adminops/app ./acceptance/adminops && make feature-matrix-contract,UNMAPPED,UNMAPPED,UNMAPPED,UNMAPPED,UNMAPPED,UNMAPPED,UNMAPPED,NOT_EXECUTED,UNMAPPED,docs/feature-matrix.csv:LEGACY-S05-057,"Matrix is source evidence, not V2 completion evidence.",UNMAPPED,UNMAPPED,UNMAPPED,UNMAPPED,UNMAPPED,NOT_EXECUTED,NOT_EXECUTED,NOT_EXECUTED,/admin/config/releases/{release_id},回滚,UNMAPPED,d3a66948195ed7671442bf127a0ebedb5c8beb75,UNMAPPED,UNMAPPED,UNMAPPED,UNMAPPED,UNMAPPED,UNMAPPED,UNMAPPED,UNMAPPED
LEGACY-S05-058,FEATURE_MATRIX,/admin/runtime-config,运行配置快照,查看,GET /admin/runtime-config,服务端渲染数据库模式、release、callback、OAuth、企微和支付预检状态,UNMAPPED,BACKEND_REQUIRED,UNMAPPED,IMPLEMENTED,SYNTHETIC_PASS,pr=https://github.com/qianlan33333-png/AI-CRM-v2/pull/284;merge_sha=3e7f0e43844477918a8098753f7f2b94d8587208;tests=cmd/aicrm/legacy_runtime_config_test.go;paths=cmd/aicrm/api.go+cmd/aicrm/legacy_api.go+cmd/aicrm/legacy_admin_ops.go;scope=V2_local_declaration_six_rows_only_no_provider_database_network_or_secret_read;status=exact_main_closed,method=PR284_merged_exact_main_and_CI;command=ci_merge-gate;ci_run=32218594379;external=NOT_EXECUTED;deployment=NOT_EXECUTED,UNMAPPED,UNMAPPED,UNMAPPED,UNMAPPED,UNMAPPED,UNMAPPED,UNMAPPED,NOT_EXECUTED,UNMAPPED,docs/feature-matrix.csv:LEGACY-S05-058,"Matrix is source evidence, not V2 completion evidence.",UNMAPPED,UNMAPPED,UNMAPPED,UNMAPPED,UNMAPPED,NOT_EXECUTED,NOT_EXECUTED,NOT_EXECUTED,/admin/runtime-config,查看,UNMAPPED,d3a66948195ed7671442bf127a0ebedb5c8beb75,UNMAPPED,UNMAPPED,UNMAPPED,UNMAPPED,UNMAPPED,UNMAPPED,UNMAPPED,UNMAPPED
LEGACY-S05-059,FEATURE_MATRIX,/admin/api-docs,API文档,搜索和复制,GET /admin/api-docs,服务端基于request.app.routes生成文档；搜索和复制均在浏览器本地完成,UNMAPPED,BACKEND_REQUIRED,UNMAPPED,IMPLEMENTED,SYNTHETIC_PASS,"candidate=codex/p4-api-docs-0003-0033-r2-d81ba86-20260818;paths=api/openapi.yaml,api/embed.go,cmd/aicrm/api.go,cmd/aicrm/legacy_api_docs.go,cmd/aicrm/templates/legacy_api_docs.html;tests=cmd/aicrm/legacy_api_docs_test.go,cmd/aicrm/api_test.go;browser_smoke=cmd/aicrm/testdata/api_docs_browser_smoke.mjs;decision=P4-API-DOCS-0003-0033-R2-2026-08-18;head=c1370ef1115e88f5ac9fb82c8aa808283402d671;pr=https://github.com/qianlan33333-png/AI-CRM-v2/pull/248;merge_sha=98ab41477cfa266114c170031d6c42c9c83ba980;status=exact_main_closed",method=local_synthetic_plus_protected_main_gate;command=go test -race -count=1 -timeout=240s ./cmd/aicrm and node cmd/aicrm/testdata/api_docs_browser_smoke.mjs and ci / merge-gate;ci_run=32125106786;staging=NOT_EXECUTED;production=NOT_EXECUTED,UNMAPPED,UNMAPPED,UNMAPPED,UNMAPPED,UNMAPPED,UNMAPPED,UNMAPPED,NOT_EXECUTED,UNMAPPED,docs/feature-matrix.csv:LEGACY-S05-059,"Matrix is source evidence, not V2 completion evidence.",UNMAPPED,UNMAPPED,UNMAPPED,UNMAPPED,UNMAPPED,NOT_EXECUTED,NOT_EXECUTED,NOT_EXECUTED,/admin/api-docs,搜索和复制,UNMAPPED,d3a66948195ed7671442bf127a0ebedb5c8beb75,UNMAPPED,UNMAPPED,UNMAPPED,UNMAPPED,UNMAPPED,UNMAPPED,UNMAPPED,UNMAPPED
LEGACY-S05-060,FEATURE_MATRIX,/admin/config/checklist,配置检查清单,跳转设置或配置向导,无,服务端渲染checklist并提供导航链接,UNMAPPED,BACKEND_REQUIRED,UNMAPPED,IMPLEMENTED,SYNTHETIC_PASS,pr=https://github.com/qianlan33333-png/AI-CRM-v2/pull/287;merge_sha=2b40a5abc66c27a417ac81bb366598f9bd7cfe3e;paths=cmd/aicrm/api.go+cmd/aicrm/legacy_config_checklist.go;tests=cmd/aicrm/legacy_config_checklist_test.go;scope=V2_local_12_item_configuration_checklist_key_and_configured_missing_only_no_value_secret_audit_or_internal_source,method=local_synthetic_plus_protected_main_gate;command=focused_and_full_cmd_aicrm_race+cmd_aicrm_vet_build+generate_P1_Matrix_repo_contract_staged_gitleaks_diff_check;ci_run=32220472117;external=NOT_EXECUTED;deployment=NOT_EXECUTED,UNMAPPED,UNMAPPED,UNMAPPED,UNMAPPED,UNMAPPED,UNMAPPED,UNMAPPED,NOT_EXECUTED,UNMAPPED,docs/feature-matrix.csv:LEGACY-S05-060,"Matrix is source evidence, not V2 completion evidence.",UNMAPPED,UNMAPPED,UNMAPPED,UNMAPPED,UNMAPPED,NOT_EXECUTED,NOT_EXECUTED,NOT_EXECUTED,/admin/config/checklist,跳转设置或配置向导,UNMAPPED,d3a66948195ed7671442bf127a0ebedb5c8beb75,UNMAPPED,UNMAPPED,UNMAPPED,UNMAPPED,UNMAPPED,UNMAPPED,UNMAPPED,UNMAPPED
LEGACY-S05-061,FEATURE_MATRIX,/setup/wizard,配置向导,保存,POST /setup/wizard/save,保存后在同一模板渲染validation_errors和save_success,UNMAPPED,BACKEND_REQUIRED,UNMAPPED,IN_PROGRESS,NOT_RUN,UNMAPPED,UNMAPPED,UNMAPPED,UNMAPPED,UNMAPPED,UNMAPPED,UNMAPPED,UNMAPPED,UNMAPPED,NOT_EXECUTED,UNMAPPED,docs/feature-matrix.csv:LEGACY-S05-061,"Matrix is source evidence, not V2 completion evidence.",UNMAPPED,UNMAPPED,UNMAPPED,UNMAPPED,UNMAPPED,NOT_EXECUTED,NOT_EXECUTED,NOT_EXECUTED,/setup/wizard,保存,UNMAPPED,d3a66948195ed7671442bf127a0ebedb5c8beb75,UNMAPPED,UNMAPPED,UNMAPPED,UNMAPPED,UNMAPPED,UNMAPPED,UNMAPPED,UNMAPPED
LEGACY-S05-062,FEATURE_MATRIX,API-only,OAuth token,client credentials换取token,POST /oauth/token,成功返回access_token、token_type、expires_in、scope并设置no-store,UNMAPPED,BACKEND_REQUIRED,UNMAPPED,NOT_STARTED,NOT_RUN,UNMAPPED,UNMAPPED,UNMAPPED,UNMAPPED,UNMAPPED,UNMAPPED,UNMAPPED,UNMAPPED,UNMAPPED,NOT_EXECUTED,UNMAPPED,docs/feature-matrix.csv:LEGACY-S05-062,"Matrix is source evidence, not V2 completion evidence.",UNMAPPED,UNMAPPED,UNMAPPED,UNMAPPED,UNMAPPED,NOT_EXECUTED,NOT_EXECUTED,NOT_EXECUTED,API-only,client credentials换取token,UNMAPPED,d3a66948195ed7671442bf127a0ebedb5c8beb75,UNMAPPED,UNMAPPED,UNMAPPED,UNMAPPED,UNMAPPED,UNMAPPED,UNMAPPED,UNMAPPED
LEGACY-S05-063,FEATURE_MATRIX,API-only,Admin jobs,读取summary或执行run和ack,GET /api/admin/jobs/*;POST /api/admin/jobs/archive-sync/run;POST /api/admin/jobs/message-batches/{batch_id}/ack,读取返回结构化jobs投影；写操作返回执行结果,UNMAPPED,BACKEND_REQUIRED,UNMAPPED,IMPLEMENTED,SYNTHETIC_PASS,pr=https://github.com/qianlan33333-png/AI-CRM-v2/pull/227;sha=d8ff6ff5459473babe7433b1c1f9cf959e6a3e4e;tests=cmd/aicrm/legacy_admin_ops_test.go+cmd/aicrm/legacy_admin_ops_app_settings_resource_test.go+acceptance/adminops/control_plane_integration_test.go;paths=cmd/aicrm/legacy_admin_ops.go+internal/adminops/app/service.go+internal/adminops/store/repository.go,method=focused_router_service_and_PG16;command=go test ./cmd/aicrm ./internal/adminops/app ./acceptance/adminops && make feature-matrix-contract,UNMAPPED,UNMAPPED,UNMAPPED,UNMAPPED,UNMAPPED,UNMAPPED,UNMAPPED,NOT_EXECUTED,UNMAPPED,docs/feature-matrix.csv:LEGACY-S05-063,"Matrix is source evidence, not V2 completion evidence.",UNMAPPED,UNMAPPED,UNMAPPED,UNMAPPED,UNMAPPED,NOT_EXECUTED,NOT_EXECUTED,NOT_EXECUTED,API-only,读取summary或执行run和ack,UNMAPPED,d3a66948195ed7671442bf127a0ebedb5c8beb75,UNMAPPED,UNMAPPED,UNMAPPED,UNMAPPED,UNMAPPED,UNMAPPED,UNMAPPED,UNMAPPED
LEGACY-S05-064,FEATURE_MATRIX,API-only,Broadcast jobs,异步校验或小时报告,POST /api/admin/broadcast-jobs/notification-settings/feishu/validate;POST /api/admin/broadcast-jobs/feishu-hourly-report/run,Feishu校验成功返回HTTP 202；小时报告仅在status为queued或sent时ok=true,UNMAPPED,BACKEND_REQUIRED,UNMAPPED,IMPLEMENTED,SYNTHETIC_PASS,pr=https://github.com/qianlan33333-png/AI-CRM-v2/pull/227;sha=d8ff6ff5459473babe7433b1c1f9cf959e6a3e4e;tests=cmd/aicrm/legacy_admin_ops_test.go+cmd/aicrm/legacy_admin_ops_app_settings_resource_test.go+acceptance/adminops/control_plane_integration_test.go;paths=cmd/aicrm/legacy_admin_ops.go+internal/adminops/app/service.go+internal/adminops/store/repository.go,method=focused_router_service_and_PG16;command=go test ./cmd/aicrm ./internal/adminops/app ./acceptance/adminops && make feature-matrix-contract,UNMAPPED,UNMAPPED,UNMAPPED,UNMAPPED,UNMAPPED,UNMAPPED,UNMAPPED,NOT_EXECUTED,UNMAPPED,docs/feature-matrix.csv:LEGACY-S05-064,"Matrix is source evidence, not V2 completion evidence.",UNMAPPED,UNMAPPED,UNMAPPED,UNMAPPED,UNMAPPED,NOT_EXECUTED,NOT_EXECUTED,NOT_EXECUTED,API-only,异步校验或小时报告,UNMAPPED,d3a66948195ed7671442bf127a0ebedb5c8beb75,UNMAPPED,UNMAPPED,UNMAPPED,UNMAPPED,UNMAPPED,UNMAPPED,UNMAPPED,UNMAPPED
LEGACY-S05-065,FEATURE_MATRIX,API-only,订单身份修复,调用已退休route,POST /api/admin/jobs/order-identity-repair/run,固定返回HTTP 410、retired=true和replacement=current_order_customer_identity_projection,UNMAPPED,BACKEND_REQUIRED,UNMAPPED,IMPLEMENTED,SYNTHETIC_PASS,pr=https://github.com/qianlan33333-png/AI-CRM-v2/pull/227;sha=d8ff6ff5459473babe7433b1c1f9cf959e6a3e4e;tests=cmd/aicrm/legacy_admin_ops_test.go+cmd/aicrm/legacy_admin_ops_app_settings_resource_test.go+acceptance/adminops/control_plane_integration_test.go;paths=cmd/aicrm/legacy_admin_ops.go+internal/adminops/app/service.go+internal/adminops/store/repository.go,method=focused_router_service_and_PG16;command=go test ./cmd/aicrm ./internal/adminops/app ./acceptance/adminops && make feature-matrix-contract,UNMAPPED,UNMAPPED,UNMAPPED,UNMAPPED,UNMAPPED,UNMAPPED,UNMAPPED,NOT_EXECUTED,UNMAPPED,docs/feature-matrix.csv:LEGACY-S05-065,"Matrix is source evidence, not V2 completion evidence.",UNMAPPED,UNMAPPED,UNMAPPED,UNMAPPED,UNMAPPED,NOT_EXECUTED,NOT_EXECUTED,NOT_EXECUTED,API-only,调用已退休route,UNMAPPED,d3a66948195ed7671442bf127a0ebedb5c8beb75,UNMAPPED,UNMAPPED,UNMAPPED,UNMAPPED,UNMAPPED,UNMAPPED,UNMAPPED,UNMAPPED
LEGACY-S05-066,FEATURE_MATRIX,API-only,旧配置API,调用routing、signup-tags或class-term-tags接口,GET|POST /api/admin/config/routing*;GET|POST /api/admin/config/signup-tags;GET|POST /api/admin/config/class-term-tags,源码固定抛出HTTP 404并在detail中声明对应API retired,UNMAPPED,BACKEND_REQUIRED,UNMAPPED,IMPLEMENTED,SYNTHETIC_PASS,pr=https://github.com/qianlan33333-png/AI-CRM-v2/pull/227;sha=d8ff6ff5459473babe7433b1c1f9cf959e6a3e4e;tests=cmd/aicrm/legacy_admin_ops_test.go+cmd/aicrm/legacy_admin_ops_app_settings_resource_test.go+acceptance/adminops/control_plane_integration_test.go;paths=cmd/aicrm/legacy_admin_ops.go+internal/adminops/app/service.go+internal/adminops/store/repository.go,method=focused_router_service_and_PG16;command=go test ./cmd/aicrm ./internal/adminops/app ./acceptance/adminops && make feature-matrix-contract,UNMAPPED,UNMAPPED,UNMAPPED,UNMAPPED,UNMAPPED,UNMAPPED,UNMAPPED,NOT_EXECUTED,UNMAPPED,docs/feature-matrix.csv:LEGACY-S05-066,"Matrix is source evidence, not V2 completion evidence.",UNMAPPED,UNMAPPED,UNMAPPED,UNMAPPED,UNMAPPED,NOT_EXECUTED,NOT_EXECUTED,NOT_EXECUTED,API-only,调用routing、signup-tags或class-term-tags接口,UNMAPPED,d3a66948195ed7671442bf127a0ebedb5c8beb75,UNMAPPED,UNMAPPED,UNMAPPED,UNMAPPED,UNMAPPED,UNMAPPED,UNMAPPED,UNMAPPED
LEGACY-S06-001,FEATURE_MATRIX,/admin/channels,渠道列表,加载渠道、统计指标与本地关键词过滤,GET /api/admin/channels?limit=300,渲染渠道列表、总数、链接数和进入人数；关键词仅过滤已加载行,UNMAPPED,BACKEND_REQUIRED,UNMAPPED,IMPLEMENTED,SYNTHETIC_PASS,sha=edf1d85387a5646efad12d4dfd93eaf4a6ee24c6;pr=https://github.com/qianlan33333-png/AI-CRM-v2/pull/213;tests=legacy_channel_list_create_get_update_session_csrf_rbac_and_real_PG_UoW;paths=cmd/aicrm/legacy_channel_api_test.go+internal/contact,method=focused_normal_boundary_error_and_PG16;command=make_p4-c01-channel-acceptance,UNMAPPED,UNMAPPED,UNMAPPED,UNMAPPED,UNMAPPED,UNMAPPED,UNMAPPED,NOT_EXECUTED,UNMAPPED,docs/feature-matrix.csv:LEGACY-S06-001,"Matrix is source evidence, not V2 completion evidence.",UNMAPPED,UNMAPPED,UNMAPPED,UNMAPPED,UNMAPPED,NOT_EXECUTED,NOT_EXECUTED,NOT_EXECUTED,/admin/channels,加载渠道、统计指标与本地关键词过滤,UNMAPPED,d3a66948195ed7671442bf127a0ebedb5c8beb75,UNMAPPED,UNMAPPED,UNMAPPED,UNMAPPED,UNMAPPED,UNMAPPED,UNMAPPED,UNMAPPED
LEGACY-S06-002,FEATURE_MATRIX,/admin/channels,渠道用户抽屉,打开单个渠道的近期进入用户,GET /api/admin/channels/{channel_id}/contacts?limit=20,在抽屉展示客户名称和进入次数，失败时显示空列表,UNMAPPED,BACKEND_REQUIRED,UNMAPPED,NOT_STARTED,NOT_RUN,UNMAPPED,UNMAPPED,UNMAPPED,UNMAPPED,UNMAPPED,UNMAPPED,UNMAPPED,UNMAPPED,UNMAPPED,NOT_EXECUTED,UNMAPPED,docs/feature-matrix.csv:LEGACY-S06-002,"Matrix is source evidence, not V2 completion evidence.",UNMAPPED,UNMAPPED,UNMAPPED,UNMAPPED,UNMAPPED,NOT_EXECUTED,NOT_EXECUTED,NOT_EXECUTED,/admin/channels,打开单个渠道的近期进入用户,UNMAPPED,d3a66948195ed7671442bf127a0ebedb5c8beb75,UNMAPPED,UNMAPPED,UNMAPPED,UNMAPPED,UNMAPPED,UNMAPPED,UNMAPPED,UNMAPPED
LEGACY-S06-003,FEATURE_MATRIX,/admin/channels,渠道状态,启用、下架或归档渠道,PATCH /api/admin/channels/{channel_id},更新渠道资源状态并原地刷新或移除列表行,UNMAPPED,BACKEND_REQUIRED,UNMAPPED,IMPLEMENTED,SYNTHETIC_PASS,sha=edf1d85387a5646efad12d4dfd93eaf4a6ee24c6;pr=https://github.com/qianlan33333-png/AI-CRM-v2/pull/213;tests=legacy_channel_list_create_get_update_session_csrf_rbac_and_real_PG_UoW;paths=cmd/aicrm/legacy_channel_api_test.go+internal/contact,method=focused_normal_boundary_error_and_PG16;command=make_p4-c01-channel-acceptance,UNMAPPED,UNMAPPED,UNMAPPED,UNMAPPED,UNMAPPED,UNMAPPED,UNMAPPED,NOT_EXECUTED,UNMAPPED,docs/feature-matrix.csv:LEGACY-S06-003,"Matrix is source evidence, not V2 completion evidence.",UNMAPPED,UNMAPPED,UNMAPPED,UNMAPPED,UNMAPPED,NOT_EXECUTED,NOT_EXECUTED,NOT_EXECUTED,/admin/channels,启用、下架或归档渠道,UNMAPPED,d3a66948195ed7671442bf127a0ebedb5c8beb75,UNMAPPED,UNMAPPED,UNMAPPED,UNMAPPED,UNMAPPED,UNMAPPED,UNMAPPED,UNMAPPED
LEGACY-S06-004,FEATURE_MATRIX,/admin/channels,二维码,生成或下载渠道二维码,POST /api/admin/channels/{channel_id}/qrcode/generate; GET /api/admin/channels/{channel_id}/qrcode/download,生成请求成功后刷新页面；可下载资源由服务端图片客户端拉取并转为 JPEG,UNMAPPED,BACKEND_REQUIRED,UNMAPPED,NOT_STARTED,NOT_RUN,UNMAPPED,UNMAPPED,UNMAPPED,UNMAPPED,UNMAPPED,UNMAPPED,UNMAPPED,UNMAPPED,UNMAPPED,NOT_EXECUTED,UNMAPPED,docs/feature-matrix.csv:LEGACY-S06-004,"Matrix is source evidence, not V2 completion evidence.",UNMAPPED,UNMAPPED,UNMAPPED,UNMAPPED,UNMAPPED,NOT_EXECUTED,NOT_EXECUTED,NOT_EXECUTED,/admin/channels,生成或下载渠道二维码,UNMAPPED,d3a66948195ed7671442bf127a0ebedb5c8beb75,UNMAPPED,UNMAPPED,UNMAPPED,UNMAPPED,UNMAPPED,UNMAPPED,UNMAPPED,UNMAPPED
LEGACY-S06-005,FEATURE_MATRIX,/admin/channels,获客链接,复制或系统分享已保存链接,无,复制 copy_text/share_url/final_url/link_url 到本地剪贴板或调用浏览器分享,UNMAPPED,BACKEND_REQUIRED,UNMAPPED,NOT_STARTED,NOT_RUN,UNMAPPED,UNMAPPED,UNMAPPED,UNMAPPED,UNMAPPED,UNMAPPED,UNMAPPED,UNMAPPED,UNMAPPED,NOT_EXECUTED,UNMAPPED,docs/feature-matrix.csv:LEGACY-S06-005,"Matrix is source evidence, not V2 completion evidence.",UNMAPPED,UNMAPPED,UNMAPPED,UNMAPPED,UNMAPPED,NOT_EXECUTED,NOT_EXECUTED,NOT_EXECUTED,/admin/channels,复制或系统分享已保存链接,UNMAPPED,d3a66948195ed7671442bf127a0ebedb5c8beb75,UNMAPPED,UNMAPPED,UNMAPPED,UNMAPPED,UNMAPPED,UNMAPPED,UNMAPPED,UNMAPPED
LEGACY-S06-006,FEATURE_MATRIX,/admin/channels/new 与 /admin/channels/{channel_id}/edit,渠道表单,进入新建或编辑页面,GET /admin/channels/new; GET /admin/channels/{channel_id}/edit,渲染渠道表单；缺失渠道渲染 404 placeholder,UNMAPPED,BACKEND_REQUIRED,UNMAPPED,NOT_STARTED,NOT_RUN,UNMAPPED,UNMAPPED,UNMAPPED,UNMAPPED,UNMAPPED,UNMAPPED,UNMAPPED,UNMAPPED,UNMAPPED,NOT_EXECUTED,UNMAPPED,docs/feature-matrix.csv:LEGACY-S06-006,"Matrix is source evidence, not V2 completion evidence.",UNMAPPED,UNMAPPED,UNMAPPED,UNMAPPED,UNMAPPED,NOT_EXECUTED,NOT_EXECUTED,NOT_EXECUTED,/admin/channels/new 与 /admin/channels/{channel_id}/edit,进入新建或编辑页面,UNMAPPED,d3a66948195ed7671442bf127a0ebedb5c8beb75,UNMAPPED,UNMAPPED,UNMAPPED,UNMAPPED,UNMAPPED,UNMAPPED,UNMAPPED,UNMAPPED
LEGACY-S06-007,FEATURE_MATRIX,/admin/channels/new 与 /admin/channels/{channel_id}/edit,载体配置,切换普通二维码或企微获客链接并生成本地 final_url 预览,无,显示对应字段，并根据 link_url 与 customer_channel 本地计算 final_url,UNMAPPED,BACKEND_REQUIRED,UNMAPPED,NOT_STARTED,NOT_RUN,UNMAPPED,UNMAPPED,UNMAPPED,UNMAPPED,UNMAPPED,UNMAPPED,UNMAPPED,UNMAPPED,UNMAPPED,NOT_EXECUTED,UNMAPPED,docs/feature-matrix.csv:LEGACY-S06-007,"Matrix is source evidence, not V2 completion evidence.",UNMAPPED,UNMAPPED,UNMAPPED,UNMAPPED,UNMAPPED,NOT_EXECUTED,NOT_EXECUTED,NOT_EXECUTED,/admin/channels/new 与 /admin/channels/{channel_id}/edit,切换普通二维码或企微获客链接并生成本地 final_url 预览,UNMAPPED,d3a66948195ed7671442bf127a0ebedb5c8beb75,UNMAPPED,UNMAPPED,UNMAPPED,UNMAPPED,UNMAPPED,UNMAPPED,UNMAPPED,UNMAPPED
LEGACY-S06-008,FEATURE_MATRIX,/admin/channels/new 与 /admin/channels/{channel_id}/edit,客服分配,读取或刷新企微客服，并维护比例或 24 小时上限,GET /api/admin/common/operation-members?scope=channel_code&page_size=100; POST /api/admin/common/operation-members/sync; POST /api/admin/channels; PATCH /api/admin/channels/{channel_id},选择器读取人员；用户主动刷新时调用同步；表单仅在至少一名客服、最多五名、比例合计 100 或各上限有效时组装 assignment payload,UNMAPPED,BACKEND_REQUIRED,UNMAPPED,NOT_STARTED,NOT_RUN,UNMAPPED,UNMAPPED,UNMAPPED,UNMAPPED,UNMAPPED,UNMAPPED,UNMAPPED,UNMAPPED,UNMAPPED,NOT_EXECUTED,UNMAPPED,docs/feature-matrix.csv:LEGACY-S06-008,"Matrix is source evidence, not V2 completion evidence.",UNMAPPED,UNMAPPED,UNMAPPED,UNMAPPED,UNMAPPED,NOT_EXECUTED,NOT_EXECUTED,NOT_EXECUTED,/admin/channels/new 与 /admin/channels/{channel_id}/edit,读取或刷新企微客服，并维护比例或 24 小时上限,UNMAPPED,d3a66948195ed7671442bf127a0ebedb5c8beb75,UNMAPPED,UNMAPPED,UNMAPPED,UNMAPPED,UNMAPPED,UNMAPPED,UNMAPPED,UNMAPPED
LEGACY-S06-009,FEATURE_MATRIX,/admin/channels/new 与 /admin/channels/{channel_id}/edit,欢迎语素材,编辑文本、图片、小程序、附件与进群素材,GET /api/admin/material-picker/items?type={image|miniprogram|attachment}&q={query}&enabled_only=true&limit=50&offset=0; GET /api/admin/automation-conversion/group-ops/group-picker?limit=200; POST /api/admin/automation-conversion/group-ops/group-picker/sync; POST /api/admin/group-invite-bindings/ensure; POST /api/admin/send-content/preview; POST /api/admin/send-content/validate,图片、小程序或附件打开即读取素材；进群素材先读群，needs_sync 时才同步，选中群时才 ensure；内容包按素材上限规范化并写回表单,UNMAPPED,BACKEND_REQUIRED,UNMAPPED,NOT_STARTED,NOT_RUN,UNMAPPED,UNMAPPED,UNMAPPED,UNMAPPED,UNMAPPED,UNMAPPED,UNMAPPED,UNMAPPED,UNMAPPED,NOT_EXECUTED,UNMAPPED,docs/feature-matrix.csv:LEGACY-S06-009,"Matrix is source evidence, not V2 completion evidence.",UNMAPPED,UNMAPPED,UNMAPPED,UNMAPPED,UNMAPPED,NOT_EXECUTED,NOT_EXECUTED,NOT_EXECUTED,/admin/channels/new 与 /admin/channels/{channel_id}/edit,编辑文本、图片、小程序、附件与进群素材,UNMAPPED,d3a66948195ed7671442bf127a0ebedb5c8beb75,UNMAPPED,UNMAPPED,UNMAPPED,UNMAPPED,UNMAPPED,UNMAPPED,UNMAPPED,UNMAPPED
LEGACY-S06-010,FEATURE_MATRIX,/admin/channels/new 与 /admin/channels/{channel_id}/edit,入渠标签,读取、选择或清除单个企微标签,GET /api/admin/wecom/tags,加载标签目录并把所选标签 ID、名称和组名写入表单,UNMAPPED,BACKEND_REQUIRED,UNMAPPED,NOT_STARTED,NOT_RUN,UNMAPPED,UNMAPPED,UNMAPPED,UNMAPPED,UNMAPPED,UNMAPPED,UNMAPPED,UNMAPPED,UNMAPPED,NOT_EXECUTED,UNMAPPED,docs/feature-matrix.csv:LEGACY-S06-010,"Matrix is source evidence, not V2 completion evidence.",UNMAPPED,UNMAPPED,UNMAPPED,UNMAPPED,UNMAPPED,NOT_EXECUTED,NOT_EXECUTED,NOT_EXECUTED,/admin/channels/new 与 /admin/channels/{channel_id}/edit,读取、选择或清除单个企微标签,UNMAPPED,d3a66948195ed7671442bf127a0ebedb5c8beb75,UNMAPPED,UNMAPPED,UNMAPPED,UNMAPPED,UNMAPPED,UNMAPPED,UNMAPPED,UNMAPPED
LEGACY-S06-011,FEATURE_MATRIX,/admin/channels/new 与 /admin/channels/{channel_id}/edit,保存渠道,新建或更新完整渠道配置,POST /api/admin/channels; PATCH /api/admin/channels/{channel_id},服务端接受表单 payload；新建成功后跳转到编辑页,UNMAPPED,BACKEND_REQUIRED,UNMAPPED,IMPLEMENTED,SYNTHETIC_PASS,sha=edf1d85387a5646efad12d4dfd93eaf4a6ee24c6;pr=https://github.com/qianlan33333-png/AI-CRM-v2/pull/213;tests=legacy_channel_list_create_get_update_session_csrf_rbac_and_real_PG_UoW;paths=cmd/aicrm/legacy_channel_api_test.go+internal/contact,method=focused_normal_boundary_error_and_PG16;command=make_p4-c01-channel-acceptance,UNMAPPED,UNMAPPED,UNMAPPED,UNMAPPED,UNMAPPED,UNMAPPED,UNMAPPED,NOT_EXECUTED,UNMAPPED,docs/feature-matrix.csv:LEGACY-S06-011,"Matrix is source evidence, not V2 completion evidence.",UNMAPPED,UNMAPPED,UNMAPPED,UNMAPPED,UNMAPPED,NOT_EXECUTED,NOT_EXECUTED,NOT_EXECUTED,/admin/channels/new 与 /admin/channels/{channel_id}/edit,新建或更新完整渠道配置,UNMAPPED,d3a66948195ed7671442bf127a0ebedb5c8beb75,UNMAPPED,UNMAPPED,UNMAPPED,UNMAPPED,UNMAPPED,UNMAPPED,UNMAPPED,UNMAPPED
LEGACY-S06-012,FEATURE_MATRIX,渠道获客链接 API 边界,企微获客助手链接,读取、计划修改、启用、停用或同步链接,GET /api/admin/wecom-customer-acquisition-links; POST /api/admin/wecom-customer-acquisition-links; GET /api/admin/wecom-customer-acquisition-links/{link_id}; PATCH /api/admin/wecom-customer-acquisition-links/{link_id}; DELETE /api/admin/wecom-customer-acquisition-links/{link_id}; POST /api/admin/wecom-customer-acquisition-links/{link_id}/{action},静态实现返回 fixture 或 next_command 计划信息,UNMAPPED,BACKEND_REQUIRED,UNMAPPED,NOT_STARTED,NOT_RUN,UNMAPPED,UNMAPPED,UNMAPPED,UNMAPPED,UNMAPPED,UNMAPPED,UNMAPPED,UNMAPPED,UNMAPPED,NOT_EXECUTED,UNMAPPED,docs/feature-matrix.csv:LEGACY-S06-012,"Matrix is source evidence, not V2 completion evidence.",UNMAPPED,UNMAPPED,UNMAPPED,UNMAPPED,UNMAPPED,NOT_EXECUTED,NOT_EXECUTED,NOT_EXECUTED,渠道获客链接 API 边界,读取、计划修改、启用、停用或同步链接,UNMAPPED,d3a66948195ed7671442bf127a0ebedb5c8beb75,UNMAPPED,UNMAPPED,UNMAPPED,UNMAPPED,UNMAPPED,UNMAPPED,UNMAPPED,UNMAPPED
LEGACY-S06-013,FEATURE_MATRIX,/admin/automation-conversion,人群包列表,加载分组和当前分组的人群包,GET /api/admin/ai-audience/package-groups; GET /api/admin/ai-audience/packages?group_id&limit&offset,渲染分组、当前分组包列表、总数与页码,UNMAPPED,BACKEND_REQUIRED,UNMAPPED,IMPLEMENTED,SYNTHETIC_PASS,pr=/pull/387;sha=0f5d7cd8fa4d73509182a0f960e3ce52ac70a1f6;tests=ci;paths=api,method=ci;command=contract,UNMAPPED,UNMAPPED,UNMAPPED,UNMAPPED,UNMAPPED,UNMAPPED,UNMAPPED,NOT_EXECUTED,UNMAPPED,docs/feature-matrix.csv:LEGACY-S06-013,"Matrix is source evidence, not V2 completion evidence.",UNMAPPED,UNMAPPED,UNMAPPED,UNMAPPED,UNMAPPED,NOT_EXECUTED,NOT_EXECUTED,NOT_EXECUTED,/admin/automation-conversion,加载分组和当前分组的人群包,UNMAPPED,d3a66948195ed7671442bf127a0ebedb5c8beb75,UNMAPPED,UNMAPPED,UNMAPPED,UNMAPPED,UNMAPPED,UNMAPPED,UNMAPPED,UNMAPPED
LEGACY-S06-014,FEATURE_MATRIX,/admin/automation-conversion,人群包浏览,切换分组、分页并打开空态或错误态,GET /api/admin/ai-audience/packages?group_id&limit&offset,切换后重置页码并渲染选中组的人群包；翻页仅改变 offset,UNMAPPED,BACKEND_REQUIRED,UNMAPPED,IMPLEMENTED,SYNTHETIC_PASS,pr=/pull/387;sha=0f5d7cd8fa4d73509182a0f960e3ce52ac70a1f6;tests=ci;paths=api,method=ci;command=contract,UNMAPPED,UNMAPPED,UNMAPPED,UNMAPPED,UNMAPPED,UNMAPPED,UNMAPPED,NOT_EXECUTED,UNMAPPED,docs/feature-matrix.csv:LEGACY-S06-014,"Matrix is source evidence, not V2 completion evidence.",UNMAPPED,UNMAPPED,UNMAPPED,UNMAPPED,UNMAPPED,NOT_EXECUTED,NOT_EXECUTED,NOT_EXECUTED,/admin/automation-conversion,切换分组、分页并打开空态或错误态,UNMAPPED,d3a66948195ed7671442bf127a0ebedb5c8beb75,UNMAPPED,UNMAPPED,UNMAPPED,UNMAPPED,UNMAPPED,UNMAPPED,UNMAPPED,UNMAPPED
LEGACY-S06-015,FEATURE_MATRIX,/admin/automation-conversion,人群包分组,新增或重命名分组,POST /api/admin/ai-audience/package-groups; PATCH /api/admin/ai-audience/package-groups/{group_id},保存名称后重新读取分组与包列表,UNMAPPED,BACKEND_REQUIRED,UNMAPPED,IMPLEMENTED,SYNTHETIC_PASS,pr=/pull/387;sha=0f5d7cd8fa4d73509182a0f960e3ce52ac70a1f6;tests=ci;paths=api,method=ci;command=contract,UNMAPPED,UNMAPPED,UNMAPPED,UNMAPPED,UNMAPPED,UNMAPPED,UNMAPPED,NOT_EXECUTED,UNMAPPED,docs/feature-matrix.csv:LEGACY-S06-015,"Matrix is source evidence, not V2 completion evidence.",UNMAPPED,UNMAPPED,UNMAPPED,UNMAPPED,UNMAPPED,NOT_EXECUTED,NOT_EXECUTED,NOT_EXECUTED,/admin/automation-conversion,新增或重命名分组,UNMAPPED,d3a66948195ed7671442bf127a0ebedb5c8beb75,UNMAPPED,UNMAPPED,UNMAPPED,UNMAPPED,UNMAPPED,UNMAPPED,UNMAPPED,UNMAPPED
LEGACY-S06-016,FEATURE_MATRIX,/admin/automation-conversion,人群包分组,删除空分组,DELETE /api/admin/ai-audience/package-groups/{group_id},服务端确认删除后回到未分组并刷新列表,UNMAPPED,BACKEND_REQUIRED,UNMAPPED,IMPLEMENTED,SYNTHETIC_PASS,pr=/pull/387;sha=0f5d7cd8fa4d73509182a0f960e3ce52ac70a1f6;tests=ci;paths=api,method=ci;command=contract,UNMAPPED,UNMAPPED,UNMAPPED,UNMAPPED,UNMAPPED,UNMAPPED,UNMAPPED,NOT_EXECUTED,UNMAPPED,docs/feature-matrix.csv:LEGACY-S06-016,"Matrix is source evidence, not V2 completion evidence.",UNMAPPED,UNMAPPED,UNMAPPED,UNMAPPED,UNMAPPED,NOT_EXECUTED,NOT_EXECUTED,NOT_EXECUTED,/admin/automation-conversion,删除空分组,UNMAPPED,d3a66948195ed7671442bf127a0ebedb5c8beb75,UNMAPPED,UNMAPPED,UNMAPPED,UNMAPPED,UNMAPPED,UNMAPPED,UNMAPPED,UNMAPPED
LEGACY-S06-017,FEATURE_MATRIX,/admin/automation-conversion,人群包导航,从列表进入人群包详情,GET /admin/automation-conversion/packages/{package_id},跳转到对应详情页,UNMAPPED,BACKEND_REQUIRED,UNMAPPED,NOT_STARTED,NOT_RUN,UNMAPPED,UNMAPPED,UNMAPPED,UNMAPPED,UNMAPPED,UNMAPPED,UNMAPPED,UNMAPPED,UNMAPPED,NOT_EXECUTED,UNMAPPED,docs/feature-matrix.csv:LEGACY-S06-017,"Matrix is source evidence, not V2 completion evidence.",UNMAPPED,UNMAPPED,UNMAPPED,UNMAPPED,UNMAPPED,NOT_EXECUTED,NOT_EXECUTED,NOT_EXECUTED,/admin/automation-conversion,从列表进入人群包详情,UNMAPPED,d3a66948195ed7671442bf127a0ebedb5c8beb75,UNMAPPED,UNMAPPED,UNMAPPED,UNMAPPED,UNMAPPED,UNMAPPED,UNMAPPED,UNMAPPED
LEGACY-S06-018,FEATURE_MATRIX,/admin/automation-conversion,人群包生命周期,复制、停止、启用或删除人群包,POST /api/admin/ai-audience/packages/{package_id}/copy; POST /api/admin/ai-audience/packages/{package_id}/pause; POST /api/admin/ai-audience/packages/{package_id}/activate; DELETE /api/admin/ai-audience/packages/{package_id},执行本地包状态或归档操作后重载列表,UNMAPPED,BACKEND_REQUIRED,UNMAPPED,IMPLEMENTED,SYNTHETIC_PASS,pr=/pull/387;sha=0f5d7cd8fa4d73509182a0f960e3ce52ac70a1f6;tests=ci;paths=api,method=ci;command=contract,UNMAPPED,UNMAPPED,UNMAPPED,UNMAPPED,UNMAPPED,UNMAPPED,UNMAPPED,NOT_EXECUTED,UNMAPPED,docs/feature-matrix.csv:LEGACY-S06-018,"Matrix is source evidence, not V2 completion evidence.",UNMAPPED,UNMAPPED,UNMAPPED,UNMAPPED,UNMAPPED,NOT_EXECUTED,NOT_EXECUTED,NOT_EXECUTED,/admin/automation-conversion,复制、停止、启用或删除人群包,UNMAPPED,d3a66948195ed7671442bf127a0ebedb5c8beb75,UNMAPPED,UNMAPPED,UNMAPPED,UNMAPPED,UNMAPPED,UNMAPPED,UNMAPPED,UNMAPPED
LEGACY-S06-019,FEATURE_MATRIX,/admin/automation-conversion,人群包群发入口,从人群包打开批量内容确认框,GET /api/admin/material-picker/items?type={image|miniprogram|attachment}&q={query}&enabled_only=true&limit=50&offset=0; GET /api/admin/automation-conversion/group-ops/group-picker?limit=200; POST /api/admin/automation-conversion/group-ops/group-picker/sync; POST /api/admin/group-invite-bindings/ensure; POST /api/admin/user-ops/batch-send/preview; POST /api/admin/user-ops/batch-send/execute,打开内容确认组件；素材选择可条件同步群或 ensure 邀请，确认后把 package_id 作为 target_source 提交给 User Ops,UNMAPPED,RETIREMENT_APPROVED,RETIRED,NOT_STARTED,NOT_RUN,UNMAPPED,UNMAPPED,UNMAPPED,UNMAPPED,UNMAPPED,UNMAPPED,UNMAPPED,UNMAPPED,UNMAPPED,NOT_EXECUTED,UNMAPPED,docs/feature-matrix.csv:LEGACY-S06-019,"Matrix is source evidence, not V2 completion evidence.",UNMAPPED,UNMAPPED,UNMAPPED,UNMAPPED,UNMAPPED,NOT_EXECUTED,NOT_EXECUTED,NOT_EXECUTED,/admin/automation-conversion,从人群包打开批量内容确认框,UNMAPPED,d3a66948195ed7671442bf127a0ebedb5c8beb75,UNMAPPED,UNMAPPED,UNMAPPED,UNMAPPED,UNMAPPED,UNMAPPED,UNMAPPED,UNMAPPED
LEGACY-S06-020,FEATURE_MATRIX,/admin/automation-conversion/packages/{package_id},人群包详情加载,初始化基本配置、分组、绑定、发送人和成员面板,GET /api/admin/ai-audience/packages/{package_id}; GET /api/admin/ai-audience/package-groups; GET /api/admin/ai-audience/packages/{package_id}/automation-binding; GET /api/admin/ai-audience/packages/{package_id}/senders; GET /api/admin/ai-audience/packages/{package_id}/members,渲染摘要、配置面板和初始读模型状态,UNMAPPED,BACKEND_REQUIRED,UNMAPPED,IMPLEMENTED,SYNTHETIC_PASS,"pr=/pull/387,388,389;sha=0f5d7cd8fa4d73509182a0f960e3ce52ac70a1f6;tests=ci;paths=api",method=ci;command=contract,UNMAPPED,UNMAPPED,UNMAPPED,UNMAPPED,UNMAPPED,UNMAPPED,UNMAPPED,NOT_EXECUTED,UNMAPPED,docs/feature-matrix.csv:LEGACY-S06-020,"Matrix is source evidence, not V2 completion evidence.",UNMAPPED,UNMAPPED,UNMAPPED,UNMAPPED,UNMAPPED,NOT_EXECUTED,NOT_EXECUTED,NOT_EXECUTED,/admin/automation-conversion/packages/{package_id},初始化基本配置、分组、绑定、发送人和成员面板,UNMAPPED,d3a66948195ed7671442bf127a0ebedb5c8beb75,UNMAPPED,UNMAPPED,UNMAPPED,UNMAPPED,UNMAPPED,UNMAPPED,UNMAPPED,UNMAPPED
LEGACY-S06-021,FEATURE_MATRIX,/admin/automation-conversion/packages/{package_id},基础配置,保存名称、自然语言筛选描述、分组与刷新方式,PATCH /api/admin/ai-audience/packages/{package_id},保存后用返回的 package 刷新摘要；刷新方式可为 manual、incremental_3m、daily_0200 组合,UNMAPPED,BACKEND_REQUIRED,UNMAPPED,IMPLEMENTED,SYNTHETIC_PASS,pr=/pull/387;sha=0f5d7cd8fa4d73509182a0f960e3ce52ac70a1f6;tests=ci;paths=api,method=ci;command=contract,UNMAPPED,UNMAPPED,UNMAPPED,UNMAPPED,UNMAPPED,UNMAPPED,UNMAPPED,NOT_EXECUTED,UNMAPPED,docs/feature-matrix.csv:LEGACY-S06-021,"Matrix is source evidence, not V2 completion evidence.",UNMAPPED,UNMAPPED,UNMAPPED,UNMAPPED,UNMAPPED,NOT_EXECUTED,NOT_EXECUTED,NOT_EXECUTED,/admin/automation-conversion/packages/{package_id},保存名称、自然语言筛选描述、分组与刷新方式,UNMAPPED,d3a66948195ed7671442bf127a0ebedb5c8beb75,UNMAPPED,UNMAPPED,UNMAPPED,UNMAPPED,UNMAPPED,UNMAPPED,UNMAPPED,UNMAPPED
LEGACY-S06-022,FEATURE_MATRIX,/admin/automation-conversion/packages/{package_id},模板与筛选条件,加载模板、预览结果并保存新模板版本,GET /api/admin/ai-audience/templates; POST /api/admin/ai-audience/packages/{package_id}/template-preview; PUT /api/admin/ai-audience/packages/{package_id}/template-config,选定模板且人群包未 active 时可独立预览或保存；保存后展示预览并保持停止状态,UNMAPPED,BACKEND_REQUIRED,UNMAPPED,NOT_STARTED,NOT_RUN,UNMAPPED,UNMAPPED,UNMAPPED,UNMAPPED,UNMAPPED,UNMAPPED,UNMAPPED,UNMAPPED,UNMAPPED,NOT_EXECUTED,UNMAPPED,docs/feature-matrix.csv:LEGACY-S06-022,"Matrix is source evidence, not V2 completion evidence.",UNMAPPED,UNMAPPED,UNMAPPED,UNMAPPED,UNMAPPED,NOT_EXECUTED,NOT_EXECUTED,NOT_EXECUTED,/admin/automation-conversion/packages/{package_id},加载模板、预览结果并保存新模板版本,UNMAPPED,d3a66948195ed7671442bf127a0ebedb5c8beb75,UNMAPPED,UNMAPPED,UNMAPPED,UNMAPPED,UNMAPPED,UNMAPPED,UNMAPPED,UNMAPPED
LEGACY-S06-023,FEATURE_MATRIX,/admin/automation-conversion/packages/{package_id},自动化话术能力,加载、绑定或解除一对一自动化能力,GET /api/admin/automation-agents; GET /api/admin/ai-audience/packages/{package_id}/automation-binding; PUT /api/admin/ai-audience/packages/{package_id}/automation-binding; DELETE /api/admin/ai-audience/packages/{package_id}/automation-binding,选择未停止且未被其他包占用的能力，并保存或解除绑定,UNMAPPED,BACKEND_REQUIRED,UNMAPPED,IMPLEMENTED,SYNTHETIC_PASS,pr=/pull/389;sha=8eb49614594053aea364bb74f3a6c15a2d349f62;tests=ci;paths=api,method=ci;command=contract,UNMAPPED,UNMAPPED,UNMAPPED,UNMAPPED,UNMAPPED,UNMAPPED,UNMAPPED,NOT_EXECUTED,UNMAPPED,docs/feature-matrix.csv:LEGACY-S06-023,"Matrix is source evidence, not V2 completion evidence.",UNMAPPED,UNMAPPED,UNMAPPED,UNMAPPED,UNMAPPED,NOT_EXECUTED,NOT_EXECUTED,NOT_EXECUTED,/admin/automation-conversion/packages/{package_id},加载、绑定或解除一对一自动化能力,UNMAPPED,d3a66948195ed7671442bf127a0ebedb5c8beb75,UNMAPPED,UNMAPPED,UNMAPPED,UNMAPPED,UNMAPPED,UNMAPPED,UNMAPPED,UNMAPPED
LEGACY-S06-024,FEATURE_MATRIX,/admin/automation-conversion/packages/{package_id},发送人白名单,读取或刷新人员，选择、更换、排序、停用、删除并保存发送人,GET /api/admin/common/operation-members?scope=ai_audience&page_size=100; POST /api/admin/common/operation-members/sync; GET /api/admin/ai-audience/packages/{package_id}/senders; PUT /api/admin/ai-audience/packages/{package_id}/senders,选择器读取人员；用户主动刷新时调用同步；页面限制最多五名且禁止重复 sender_userid，保存后重绘列表,UNMAPPED,BACKEND_REQUIRED,UNMAPPED,IMPLEMENTED,SYNTHETIC_PASS,pr=/pull/539;sha=490f3d585fd4bc0d6f61e099f9fcacb2ad524233;tests=focused_race+PG16_projection_receipt_replay_down_guards+OpenAPI_Orval_SQLC;paths=internal/segment/legacyaudience+internal/segment/store+cmd/aicrm+api/openapi.yaml+migrations/00100_ai_audience_operation_member_projection.sql;provider_effect=CONTROLLED_FAKE_ONLY,method=focused_race+PG16_14_projection_receipt_replay_down_guards+OpenAPI_Orval_SQLC;command=acceptance/segment/ai_audience_operation_member_pg16.sh+go_test_race_internal_segment_legacyaudience_cmd_aicrm+make_generate-check_orval-check_openapi-p1-contract,UNMAPPED,UNMAPPED,UNMAPPED,UNMAPPED,UNMAPPED,UNMAPPED,UNMAPPED,NOT_EXECUTED,UNMAPPED,docs/feature-matrix.csv:LEGACY-S06-024,"Matrix is source evidence, not V2 completion evidence.",UNMAPPED,UNMAPPED,UNMAPPED,UNMAPPED,UNMAPPED,NOT_EXECUTED,NOT_EXECUTED,NOT_EXECUTED,/admin/automation-conversion/packages/{package_id},读取或刷新人员，选择、更换、排序、停用、删除并保存发送人,UNMAPPED,d3a66948195ed7671442bf127a0ebedb5c8beb75,UNMAPPED,UNMAPPED,UNMAPPED,UNMAPPED,UNMAPPED,UNMAPPED,UNMAPPED,UNMAPPED
LEGACY-S06-025,FEATURE_MATRIX,/admin/automation-conversion/packages/{package_id},成员列表,加载或刷新最多 50 名人群成员,GET /api/admin/ai-audience/packages/{package_id}/members?limit=50&offset=0,展示昵称、external_userid 和进入时间,UNMAPPED,BACKEND_REQUIRED,UNMAPPED,IMPLEMENTED,SYNTHETIC_PASS,pr=/pull/388;sha=4339f086718a14f634b511cd2827b081e9e41878;tests=ci;paths=api,method=ci;command=contract,UNMAPPED,UNMAPPED,UNMAPPED,UNMAPPED,UNMAPPED,UNMAPPED,UNMAPPED,NOT_EXECUTED,UNMAPPED,docs/feature-matrix.csv:LEGACY-S06-025,"Matrix is source evidence, not V2 completion evidence.",UNMAPPED,UNMAPPED,UNMAPPED,UNMAPPED,UNMAPPED,NOT_EXECUTED,NOT_EXECUTED,NOT_EXECUTED,/admin/automation-conversion/packages/{package_id},加载或刷新最多 50 名人群成员,UNMAPPED,d3a66948195ed7671442bf127a0ebedb5c8beb75,UNMAPPED,UNMAPPED,UNMAPPED,UNMAPPED,UNMAPPED,UNMAPPED,UNMAPPED,UNMAPPED
LEGACY-S06-026,FEATURE_MATRIX,/admin/automation-conversion/packages/{package_id},发送记录,分页查看记录并打开单条发送明细,GET /api/admin/ai-audience/packages/{package_id}/send-records; GET /api/admin/ai-audience/packages/{package_id}/send-records/{record_id},进入记录面板后按 20 条分页读取，抽屉展示状态、技术尝试次数和失败原因,UNMAPPED,BACKEND_REQUIRED,UNMAPPED,IMPLEMENTED,SYNTHETIC_PASS,pr=/pull/537;sha=acac685172c2fca452bd04ddfa1c53a9bec2aeb2;tests=focused_race+PG16_migration_dispatch_receipt_readback;paths=internal/outbound+cmd/aicrm+api/openapi.yaml+migrations/00099_audience_outbound_receipts.sql;provider_effect=CONTROLLED_FAKE_ONLY,method=focused_race+PG16_14_migration_dispatch_receipt_readback+OpenAPI_Orval_SQLC;command=acceptance/outbound/campaign_dispatch_pg16.sh+go_test_race_internal_outbound_cmd_aicrm+make_generate-check_orval-check_openapi-p1-contract,UNMAPPED,UNMAPPED,UNMAPPED,UNMAPPED,UNMAPPED,UNMAPPED,UNMAPPED,NOT_EXECUTED,UNMAPPED,docs/feature-matrix.csv:LEGACY-S06-026,"Matrix is source evidence, not V2 completion evidence.",UNMAPPED,UNMAPPED,UNMAPPED,UNMAPPED,UNMAPPED,NOT_EXECUTED,NOT_EXECUTED,NOT_EXECUTED,/admin/automation-conversion/packages/{package_id},分页查看记录并打开单条发送明细,UNMAPPED,d3a66948195ed7671442bf127a0ebedb5c8beb75,UNMAPPED,UNMAPPED,UNMAPPED,UNMAPPED,UNMAPPED,UNMAPPED,UNMAPPED,UNMAPPED
LEGACY-S06-027,FEATURE_MATRIX,AI Audience Webhook API 边界,订阅与入站回调,请求出站订阅配置或接收入站 webhook,GET /api/ai/audience/packages/{package_id}/outbound-subscriptions; POST /api/ai/audience/packages/{package_id}/outbound-subscriptions; PATCH /api/ai/audience/outbound-subscriptions/{subscription_id}; POST /api/ai/audience/outbound-subscriptions/{subscription_id}/pause; POST /api/ai/audience/packages/{package_key}/webhook,旧出站订阅配置面固定返回 410；入站 endpoint 仅处理请求并返回内部结果,UNMAPPED,BACKEND_REQUIRED,UNMAPPED,IMPLEMENTED,SYNTHETIC_PASS,pr=/pull/540;sha=b9cce3215b3d7ab9d733c01c6e006903d0d71fd2;tests=focused_race+PG16_receipt_transport_replay_event_rollback_down_guard+OpenAPI_Orval_SQLC;paths=internal/segment/legacyaudience/inbound_webhook*+cmd/aicrm/ai_audience_protocol_auth.go+api/openapi.yaml+migrations/00101_ai_audience_inbound_webhook_receipts.sql;provider_effect=NOT_EXECUTED,method=focused_race+PG16_14_receipt_transport_replay_event_rollback_down_guard+OpenAPI_Orval_SQLC;command=acceptance/segment/ai_audience_inbound_webhook_pg16.sh+go_test_race_cmd_aicrm_internal_segment_legacyaudience+make_generate-check_orval-check_openapi-p1-contract,UNMAPPED,UNMAPPED,UNMAPPED,UNMAPPED,UNMAPPED,UNMAPPED,UNMAPPED,NOT_EXECUTED,UNMAPPED,docs/feature-matrix.csv:LEGACY-S06-027,"Matrix is source evidence, not V2 completion evidence.",UNMAPPED,UNMAPPED,UNMAPPED,UNMAPPED,UNMAPPED,NOT_EXECUTED,NOT_EXECUTED,NOT_EXECUTED,AI Audience Webhook API 边界,请求出站订阅配置或接收入站 webhook,UNMAPPED,d3a66948195ed7671442bf127a0ebedb5c8beb75,UNMAPPED,UNMAPPED,UNMAPPED,UNMAPPED,UNMAPPED,UNMAPPED,UNMAPPED,UNMAPPED
LEGACY-S06-028,FEATURE_MATRIX,/admin/automation-conversion/group-ops/ui,群运营计划列表,加载计划、队列计数与运营成员选项,GET /api/admin/automation-conversion/group-ops/plans; GET /api/admin/common/operation-members?scope=group_ops&page_size=100,渲染计划列表、运营成员和创建入口,UNMAPPED,BACKEND_REQUIRED,UNMAPPED,IN_PROGRESS,NOT_RUN,commits=6cdb8592+bdbd1e4a;scope=group_ops_backend_runtime_00085;status=local_branch_verified_not_merged;tests=focused_race_pg16_selected_contract;paths=internal/groupops+cmd/aicrm+api/openapi.yaml+migrations/00085_group_ops_runtime.sql;provider=DISABLED;external=NOT_EXECUTED;deployment=NOT_EXECUTED,UNMAPPED,UNMAPPED,UNMAPPED,UNMAPPED,UNMAPPED,UNMAPPED,UNMAPPED,UNMAPPED,NOT_EXECUTED,UNMAPPED,docs/feature-matrix.csv:LEGACY-S06-028,"Matrix is source evidence, not V2 completion evidence.",UNMAPPED,UNMAPPED,UNMAPPED,UNMAPPED,UNMAPPED,NOT_EXECUTED,NOT_EXECUTED,NOT_EXECUTED,/admin/automation-conversion/group-ops/ui,加载计划、队列计数与运营成员选项,UNMAPPED,d3a66948195ed7671442bf127a0ebedb5c8beb75,UNMAPPED,UNMAPPED,UNMAPPED,UNMAPPED,UNMAPPED,UNMAPPED,UNMAPPED,UNMAPPED
LEGACY-S06-029,FEATURE_MATRIX,/admin/automation-conversion/group-ops/ui,计划生命周期,选择或刷新运营人员，并创建、启用、停用或归档计划,GET /api/admin/common/operation-members?scope=group_ops&page_size=100; POST /api/admin/common/operation-members/sync; POST /api/admin/automation-conversion/group-ops/plans; POST /api/admin/automation-conversion/group-ops/plans/{plan_id}/enable; POST /api/admin/automation-conversion/group-ops/plans/{plan_id}/disable; DELETE /api/admin/automation-conversion/group-ops/plans/{plan_id},选择器读取人员，用户主动刷新时调用同步；创建草稿后跳转详情，状态操作后重载列表,UNMAPPED,BACKEND_REQUIRED,UNMAPPED,IN_PROGRESS,NOT_RUN,commits=6cdb8592+bdbd1e4a;scope=group_ops_backend_runtime_00085;status=local_branch_verified_not_merged;tests=focused_race_pg16_selected_contract;paths=internal/groupops+cmd/aicrm+api/openapi.yaml+migrations/00085_group_ops_runtime.sql;provider=DISABLED;external=NOT_EXECUTED;deployment=NOT_EXECUTED,UNMAPPED,UNMAPPED,UNMAPPED,UNMAPPED,UNMAPPED,UNMAPPED,UNMAPPED,UNMAPPED,NOT_EXECUTED,UNMAPPED,docs/feature-matrix.csv:LEGACY-S06-029,"Matrix is source evidence, not V2 completion evidence.",UNMAPPED,UNMAPPED,UNMAPPED,UNMAPPED,UNMAPPED,NOT_EXECUTED,NOT_EXECUTED,NOT_EXECUTED,/admin/automation-conversion/group-ops/ui,选择或刷新运营人员，并创建、启用、停用或归档计划,UNMAPPED,d3a66948195ed7671442bf127a0ebedb5c8beb75,UNMAPPED,UNMAPPED,UNMAPPED,UNMAPPED,UNMAPPED,UNMAPPED,UNMAPPED,UNMAPPED
LEGACY-S06-030,FEATURE_MATRIX,/admin/automation-conversion/group-ops/plans/{plan_id},计划基础配置,读取或刷新运营人员，并保存名称、类型、运营成员与状态,GET /api/admin/common/operation-members?scope=group_ops&page_size=100; POST /api/admin/common/operation-members/sync; GET /api/admin/automation-conversion/group-ops/plans/{plan_id}; PUT /api/admin/automation-conversion/group-ops/plans/{plan_id},载入计划详情；选择器读取人员，用户主动刷新时调用同步；保存基础字段后重新读取详情,UNMAPPED,BACKEND_REQUIRED,UNMAPPED,IN_PROGRESS,NOT_RUN,commits=6cdb8592+bdbd1e4a;scope=group_ops_backend_runtime_00085;status=local_branch_verified_not_merged;tests=focused_race_pg16_selected_contract;paths=internal/groupops+cmd/aicrm+api/openapi.yaml+migrations/00085_group_ops_runtime.sql;provider=DISABLED;external=NOT_EXECUTED;deployment=NOT_EXECUTED,UNMAPPED,UNMAPPED,UNMAPPED,UNMAPPED,UNMAPPED,UNMAPPED,UNMAPPED,UNMAPPED,NOT_EXECUTED,UNMAPPED,docs/feature-matrix.csv:LEGACY-S06-030,"Matrix is source evidence, not V2 completion evidence.",UNMAPPED,UNMAPPED,UNMAPPED,UNMAPPED,UNMAPPED,NOT_EXECUTED,NOT_EXECUTED,NOT_EXECUTED,/admin/automation-conversion/group-ops/plans/{plan_id},读取或刷新运营人员，并保存名称、类型、运营成员与状态,UNMAPPED,d3a66948195ed7671442bf127a0ebedb5c8beb75,UNMAPPED,UNMAPPED,UNMAPPED,UNMAPPED,UNMAPPED,UNMAPPED,UNMAPPED,UNMAPPED
LEGACY-S06-031,FEATURE_MATRIX,/admin/automation-conversion/group-ops/plans/{plan_id},绑定群,查看可管理群、批量绑定或移除绑定群,GET /api/admin/automation-conversion/group-ops/groups?owner_userid; GET /api/admin/automation-conversion/group-ops/plans/{plan_id}/groups; POST /api/admin/automation-conversion/group-ops/plans/{plan_id}/groups; DELETE /api/admin/automation-conversion/group-ops/plans/{plan_id}/groups/{chat_id},根据 owner/admin 资格筛出可选群，绑定或移除后刷新详情,UNMAPPED,BACKEND_REQUIRED,UNMAPPED,IN_PROGRESS,NOT_RUN,commits=6cdb8592+bdbd1e4a;scope=group_ops_backend_runtime_00085;status=local_branch_verified_not_merged;tests=focused_race_pg16_selected_contract;paths=internal/groupops+cmd/aicrm+api/openapi.yaml+migrations/00085_group_ops_runtime.sql;provider=DISABLED;external=NOT_EXECUTED;deployment=NOT_EXECUTED,UNMAPPED,UNMAPPED,UNMAPPED,UNMAPPED,UNMAPPED,UNMAPPED,UNMAPPED,UNMAPPED,NOT_EXECUTED,UNMAPPED,docs/feature-matrix.csv:LEGACY-S06-031,"Matrix is source evidence, not V2 completion evidence.",UNMAPPED,UNMAPPED,UNMAPPED,UNMAPPED,UNMAPPED,NOT_EXECUTED,NOT_EXECUTED,NOT_EXECUTED,/admin/automation-conversion/group-ops/plans/{plan_id},查看可管理群、批量绑定或移除绑定群,UNMAPPED,d3a66948195ed7671442bf127a0ebedb5c8beb75,UNMAPPED,UNMAPPED,UNMAPPED,UNMAPPED,UNMAPPED,UNMAPPED,UNMAPPED,UNMAPPED
LEGACY-S06-032,FEATURE_MATRIX,/admin/automation-conversion/group-ops/plans/{plan_id},群资产刷新,按运营成员刷新名下群聊,POST /api/admin/automation-conversion/group-ops/groups/sync; GET /api/admin/automation-conversion/group-ops/groups?owner_userid,提交 owner_userid、limit 和 operator 后更新本地群资产并重读列表,UNMAPPED,BACKEND_REQUIRED,UNMAPPED,IN_PROGRESS,NOT_RUN,commits=6cdb8592+bdbd1e4a;scope=group_ops_backend_runtime_00085;status=local_branch_verified_not_merged;tests=focused_race_pg16_selected_contract;paths=internal/groupops+cmd/aicrm+api/openapi.yaml+migrations/00085_group_ops_runtime.sql;provider=DISABLED;external=NOT_EXECUTED;deployment=NOT_EXECUTED,UNMAPPED,UNMAPPED,UNMAPPED,UNMAPPED,UNMAPPED,UNMAPPED,UNMAPPED,UNMAPPED,NOT_EXECUTED,UNMAPPED,docs/feature-matrix.csv:LEGACY-S06-032,"Matrix is source evidence, not V2 completion evidence.",UNMAPPED,UNMAPPED,UNMAPPED,UNMAPPED,UNMAPPED,NOT_EXECUTED,NOT_EXECUTED,NOT_EXECUTED,/admin/automation-conversion/group-ops/plans/{plan_id},按运营成员刷新名下群聊,UNMAPPED,d3a66948195ed7671442bf127a0ebedb5c8beb75,UNMAPPED,UNMAPPED,UNMAPPED,UNMAPPED,UNMAPPED,UNMAPPED,UNMAPPED,UNMAPPED
LEGACY-S06-033,FEATURE_MATRIX,/admin/automation-conversion/group-ops/plans/{plan_id},标准编排节点,新增、编辑、删除动作并配置话术和素材,GET /api/admin/material-picker/items?type={image|miniprogram|attachment}&q={query}&enabled_only=true&limit=50&offset=0; GET /api/admin/automation-conversion/group-ops/group-picker?limit=200; POST /api/admin/automation-conversion/group-ops/group-picker/sync; POST /api/admin/group-invite-bindings/ensure; GET /api/admin/automation-conversion/group-ops/plans/{plan_id}/nodes; POST /api/admin/automation-conversion/group-ops/plans/{plan_id}/nodes; PUT /api/admin/automation-conversion/group-ops/plans/{plan_id}/nodes/{node_id}; DELETE /api/admin/automation-conversion/group-ops/plans/{plan_id}/nodes/{node_id}; POST /api/admin/send-content/preview; POST /api/admin/send-content/validate,节点保存 day、时间、内容包、顺序和状态；素材选择可条件同步群并在选中时 ensure 邀请，编辑器负责规范化内容,UNMAPPED,BACKEND_REQUIRED,UNMAPPED,IN_PROGRESS,NOT_RUN,commits=6cdb8592+bdbd1e4a;scope=group_ops_backend_runtime_00085;status=local_branch_verified_not_merged;tests=focused_race_pg16_selected_contract;paths=internal/groupops+cmd/aicrm+api/openapi.yaml+migrations/00085_group_ops_runtime.sql;provider=DISABLED;external=NOT_EXECUTED;deployment=NOT_EXECUTED,UNMAPPED,UNMAPPED,UNMAPPED,UNMAPPED,UNMAPPED,UNMAPPED,UNMAPPED,UNMAPPED,NOT_EXECUTED,UNMAPPED,docs/feature-matrix.csv:LEGACY-S06-033,"Matrix is source evidence, not V2 completion evidence.",UNMAPPED,UNMAPPED,UNMAPPED,UNMAPPED,UNMAPPED,NOT_EXECUTED,NOT_EXECUTED,NOT_EXECUTED,/admin/automation-conversion/group-ops/plans/{plan_id},新增、编辑、删除动作并配置话术和素材,UNMAPPED,d3a66948195ed7671442bf127a0ebedb5c8beb75,UNMAPPED,UNMAPPED,UNMAPPED,UNMAPPED,UNMAPPED,UNMAPPED,UNMAPPED,UNMAPPED
LEGACY-S06-034,FEATURE_MATRIX,/admin/automation-conversion/group-ops/plans/{plan_id},Webhook 接收计划,读取 webhook URL 与复制地址,GET /api/admin/automation-conversion/group-ops/plans/{plan_id}/webhook,仅对 webhook 类型渲染 URL 和 HTTP Message Signatures 标识；复制使用浏览器剪贴板,UNMAPPED,BACKEND_REQUIRED,UNMAPPED,IN_PROGRESS,NOT_RUN,commits=6cdb8592+bdbd1e4a;scope=group_ops_backend_runtime_00085;status=local_branch_verified_not_merged;tests=focused_race_pg16_selected_contract;paths=internal/groupops+cmd/aicrm+api/openapi.yaml+migrations/00085_group_ops_runtime.sql;provider=DISABLED;external=NOT_EXECUTED;deployment=NOT_EXECUTED,UNMAPPED,UNMAPPED,UNMAPPED,UNMAPPED,UNMAPPED,UNMAPPED,UNMAPPED,UNMAPPED,NOT_EXECUTED,UNMAPPED,docs/feature-matrix.csv:LEGACY-S06-034,"Matrix is source evidence, not V2 completion evidence.",UNMAPPED,UNMAPPED,UNMAPPED,UNMAPPED,UNMAPPED,NOT_EXECUTED,NOT_EXECUTED,NOT_EXECUTED,/admin/automation-conversion/group-ops/plans/{plan_id},读取 webhook URL 与复制地址,UNMAPPED,d3a66948195ed7671442bf127a0ebedb5c8beb75,UNMAPPED,UNMAPPED,UNMAPPED,UNMAPPED,UNMAPPED,UNMAPPED,UNMAPPED,UNMAPPED
LEGACY-S06-035,FEATURE_MATRIX,Group Ops 外发 API 边界,到期执行、token 群发和入站 webhook,预览或提交到期执行、token 群发和入站 webhook,POST /api/admin/automation-conversion/group-ops/plans/{plan_id}/run-due/preview; POST /api/admin/automation-conversion/group-ops/plans/{plan_id}/run-due; POST /api/automation/group-ops/broadcast; POST /api/automation/group-ops/webhooks/{webhook_key},run-due 与 broadcast 可返回计划或 202 接受结果；webhook 有幂等键入口,UNMAPPED,BACKEND_REQUIRED,UNMAPPED,IN_PROGRESS,NOT_RUN,commits=6cdb8592+bdbd1e4a;scope=group_ops_backend_runtime_00085;status=local_branch_verified_not_merged;tests=focused_race_pg16_selected_contract;paths=internal/groupops+cmd/aicrm+api/openapi.yaml+migrations/00085_group_ops_runtime.sql;provider=DISABLED;external=NOT_EXECUTED;deployment=NOT_EXECUTED,UNMAPPED,UNMAPPED,UNMAPPED,UNMAPPED,UNMAPPED,UNMAPPED,UNMAPPED,UNMAPPED,NOT_EXECUTED,UNMAPPED,docs/feature-matrix.csv:LEGACY-S06-035,"Matrix is source evidence, not V2 completion evidence.",UNMAPPED,UNMAPPED,UNMAPPED,UNMAPPED,UNMAPPED,NOT_EXECUTED,NOT_EXECUTED,NOT_EXECUTED,Group Ops 外发 API 边界,预览或提交到期执行、token 群发和入站 webhook,UNMAPPED,d3a66948195ed7671442bf127a0ebedb5c8beb75,UNMAPPED,UNMAPPED,UNMAPPED,UNMAPPED,UNMAPPED,UNMAPPED,UNMAPPED,UNMAPPED
LEGACY-S06-036,FEATURE_MATRIX,/admin/user-ops,运营总览与筛选,加载总览、班期选项、列表、卡片筛选、关键词、手机号与选择集,GET /api/admin/user-ops/overview; GET /api/admin/user-ops/list,按当前筛选重新渲染卡片、列表和可发送选择集,UNMAPPED,RETIREMENT_APPROVED,RETIRED,NOT_STARTED,NOT_RUN,UNMAPPED,UNMAPPED,UNMAPPED,UNMAPPED,UNMAPPED,UNMAPPED,UNMAPPED,UNMAPPED,UNMAPPED,NOT_EXECUTED,UNMAPPED,docs/feature-matrix.csv:LEGACY-S06-036,"Matrix is source evidence, not V2 completion evidence.",UNMAPPED,UNMAPPED,UNMAPPED,UNMAPPED,UNMAPPED,NOT_EXECUTED,NOT_EXECUTED,NOT_EXECUTED,/admin/user-ops,加载总览、班期选项、列表、卡片筛选、关键词、手机号与选择集,UNMAPPED,d3a66948195ed7671442bf127a0ebedb5c8beb75,UNMAPPED,UNMAPPED,UNMAPPED,UNMAPPED,UNMAPPED,UNMAPPED,UNMAPPED,UNMAPPED
LEGACY-S06-037,FEATURE_MATRIX,/admin/user-ops,客户详情与时间线,打开客户抽屉并读取详情和最近 20 条时间线,GET /api/customers/{external_userid}; GET /api/customers/{external_userid}/timeline?limit=20,展示昵称、手机号、负责人、绑定、报名状态与时间线,UNMAPPED,RETIREMENT_APPROVED,RETIRED,NOT_STARTED,NOT_RUN,UNMAPPED,UNMAPPED,UNMAPPED,UNMAPPED,UNMAPPED,UNMAPPED,UNMAPPED,UNMAPPED,UNMAPPED,NOT_EXECUTED,UNMAPPED,docs/feature-matrix.csv:LEGACY-S06-037,"Matrix is source evidence, not V2 completion evidence.",UNMAPPED,UNMAPPED,UNMAPPED,UNMAPPED,UNMAPPED,NOT_EXECUTED,NOT_EXECUTED,NOT_EXECUTED,/admin/user-ops,打开客户抽屉并读取详情和最近 20 条时间线,UNMAPPED,d3a66948195ed7671442bf127a0ebedb5c8beb75,UNMAPPED,UNMAPPED,UNMAPPED,UNMAPPED,UNMAPPED,UNMAPPED,UNMAPPED,UNMAPPED
LEGACY-S06-038,FEATURE_MATRIX,/admin/user-ops,免打扰,设置或取消客户的人工免打扰,POST /api/admin/user-ops/do-not-disturb,提交客户选择和理由后重新加载当前总览与列表,UNMAPPED,RETIREMENT_APPROVED,RETIRED,NOT_STARTED,NOT_RUN,UNMAPPED,UNMAPPED,UNMAPPED,UNMAPPED,UNMAPPED,UNMAPPED,UNMAPPED,UNMAPPED,UNMAPPED,NOT_EXECUTED,UNMAPPED,docs/feature-matrix.csv:LEGACY-S06-038,"Matrix is source evidence, not V2 completion evidence.",UNMAPPED,UNMAPPED,UNMAPPED,UNMAPPED,UNMAPPED,NOT_EXECUTED,NOT_EXECUTED,NOT_EXECUTED,/admin/user-ops,设置或取消客户的人工免打扰,UNMAPPED,d3a66948195ed7671442bf127a0ebedb5c8beb75,UNMAPPED,UNMAPPED,UNMAPPED,UNMAPPED,UNMAPPED,UNMAPPED,UNMAPPED,UNMAPPED
LEGACY-S06-039,FEATURE_MATRIX,/admin/user-ops,导出,导出当前筛选结果,GET /api/admin/user-ops/export,浏览器导航到导出 endpoint,UNMAPPED,RETIREMENT_APPROVED,RETIRED,NOT_STARTED,NOT_RUN,UNMAPPED,UNMAPPED,UNMAPPED,UNMAPPED,UNMAPPED,UNMAPPED,UNMAPPED,UNMAPPED,UNMAPPED,NOT_EXECUTED,UNMAPPED,docs/feature-matrix.csv:LEGACY-S06-039,"Matrix is source evidence, not V2 completion evidence.",UNMAPPED,UNMAPPED,UNMAPPED,UNMAPPED,UNMAPPED,NOT_EXECUTED,NOT_EXECUTED,NOT_EXECUTED,/admin/user-ops,导出当前筛选结果,UNMAPPED,d3a66948195ed7671442bf127a0ebedb5c8beb75,UNMAPPED,UNMAPPED,UNMAPPED,UNMAPPED,UNMAPPED,UNMAPPED,UNMAPPED,UNMAPPED
LEGACY-S06-040,FEATURE_MATRIX,/admin/user-ops,群发内容与预览,选择文本、图片、小程序并计算可发送目标,GET /api/admin/miniprogram-library; POST /api/admin/user-ops/batch-send/preview,构造选择集、默认排除免打扰和缺失 external_userid，展示 eligible_count、跳过摘要与最终目标预览,UNMAPPED,RETIREMENT_APPROVED,RETIRED,NOT_STARTED,NOT_RUN,UNMAPPED,UNMAPPED,UNMAPPED,UNMAPPED,UNMAPPED,UNMAPPED,UNMAPPED,UNMAPPED,UNMAPPED,NOT_EXECUTED,UNMAPPED,docs/feature-matrix.csv:LEGACY-S06-040,"Matrix is source evidence, not V2 completion evidence.",UNMAPPED,UNMAPPED,UNMAPPED,UNMAPPED,UNMAPPED,NOT_EXECUTED,NOT_EXECUTED,NOT_EXECUTED,/admin/user-ops,选择文本、图片、小程序并计算可发送目标,UNMAPPED,d3a66948195ed7671442bf127a0ebedb5c8beb75,UNMAPPED,UNMAPPED,UNMAPPED,UNMAPPED,UNMAPPED,UNMAPPED,UNMAPPED,UNMAPPED
LEGACY-S06-041,FEATURE_MATRIX,/admin/user-ops,批量群发提交,确认群发并创建 AI 助手审核计划,POST /api/admin/user-ops/batch-send/execute,请求 confirm=true 后显示已提交 AI 助手审批，并仅在 review_status=pending_review 且有 plan_url 时跳转,UNMAPPED,RETIREMENT_APPROVED,RETIRED,NOT_STARTED,NOT_RUN,UNMAPPED,UNMAPPED,UNMAPPED,UNMAPPED,UNMAPPED,UNMAPPED,UNMAPPED,UNMAPPED,UNMAPPED,NOT_EXECUTED,UNMAPPED,docs/feature-matrix.csv:LEGACY-S06-041,"Matrix is source evidence, not V2 completion evidence.",UNMAPPED,UNMAPPED,UNMAPPED,UNMAPPED,UNMAPPED,NOT_EXECUTED,NOT_EXECUTED,NOT_EXECUTED,/admin/user-ops,确认群发并创建 AI 助手审核计划,UNMAPPED,d3a66948195ed7671442bf127a0ebedb5c8beb75,UNMAPPED,UNMAPPED,UNMAPPED,UNMAPPED,UNMAPPED,UNMAPPED,UNMAPPED,UNMAPPED
LEGACY-S06-042,FEATURE_MATRIX,/admin/user-ops,发送记录,加载记录、查看单条任务结果并刷新状态,GET /api/admin/user-ops/send-records; GET /api/admin/user-ops/send-records/{record_id}; POST /api/admin/user-ops/send-records/{record_id}/refresh,显示 selected、eligible、sent、skipped、sender task、msgid 与刷新状态,UNMAPPED,RETIREMENT_APPROVED,RETIRED,NOT_STARTED,NOT_RUN,UNMAPPED,UNMAPPED,UNMAPPED,UNMAPPED,UNMAPPED,UNMAPPED,UNMAPPED,UNMAPPED,UNMAPPED,NOT_EXECUTED,UNMAPPED,docs/feature-matrix.csv:LEGACY-S06-042,"Matrix is source evidence, not V2 completion evidence.",UNMAPPED,UNMAPPED,UNMAPPED,UNMAPPED,UNMAPPED,NOT_EXECUTED,NOT_EXECUTED,NOT_EXECUTED,/admin/user-ops,加载记录、查看单条任务结果并刷新状态,UNMAPPED,d3a66948195ed7671442bf127a0ebedb5c8beb75,UNMAPPED,UNMAPPED,UNMAPPED,UNMAPPED,UNMAPPED,UNMAPPED,UNMAPPED,UNMAPPED
LEGACY-S06-043,FEATURE_MATRIX,企微回调与认证外部入口,callback ACK 与 OAuth,校验企微 callback、持久化 ingress、返回加密 ACK；发起或处理企微 SSO,GET /wecom/external-contact/callback; POST /wecom/external-contact/callback; GET /api/wecom/events; POST /api/wecom/events; GET /auth/wecom/start; GET /auth/wecom/callback,callback 成功后返回 encrypted_success_reply，源码另为 HEAD/OPTIONS 返回空响应；OAuth 返回授权跳转、浏览器会话，或明确 blocked/login 回退,UNMAPPED,BACKEND_REQUIRED,UNMAPPED,IN_PROGRESS,NOT_RUN,partial=P3_callback_routes_plus_P4-A01_OAuth_start_callback;tests=A01_nonprod_provider_and_PG16_14_full_chain;paths=cmd/aicrm/legacy_auth.go+internal/wecom/client/oauth.go;remaining=source_only_callback_HEAD_OPTIONS_and_PR_exact_main_receipt,UNMAPPED,UNMAPPED,UNMAPPED,UNMAPPED,UNMAPPED,UNMAPPED,UNMAPPED,UNMAPPED,NOT_EXECUTED,UNMAPPED,docs/feature-matrix.csv:LEGACY-S06-043,"Matrix is source evidence, not V2 completion evidence.",UNMAPPED,UNMAPPED,UNMAPPED,UNMAPPED,UNMAPPED,NOT_EXECUTED,NOT_EXECUTED,NOT_EXECUTED,企微回调与认证外部入口,校验企微 callback、持久化 ingress、返回加密 ACK；发起或处理企微 SSO,UNMAPPED,d3a66948195ed7671442bf127a0ebedb5c8beb75,UNMAPPED,UNMAPPED,UNMAPPED,UNMAPPED,UNMAPPED,UNMAPPED,UNMAPPED,UNMAPPED
LEGACY-S06-044,FEATURE_MATRIX,外部效果与 Push Center API 边界,队列命令、诊断与投影视图,读取队列、预览或提交 run-due、retry、cancel、查看 Push Center 任务与对账,GET /api/admin/external-effects/jobs; GET /api/admin/external-effects/diagnostics; POST /api/admin/external-effects/run-due; POST /api/admin/external-effects/jobs/{job_id}/retry; POST /api/admin/external-effects/jobs/{job_id}/cancel; GET /api/admin/push-center/sections; GET /api/admin/push-center/jobs; GET /api/admin/push-center/jobs/{job_id}/reconciliation; GET /api/admin/push-center/stats,查询返回脱敏队列或投影；非 dry-run 队列命令可返回 202 accepted,UNMAPPED,BACKEND_REQUIRED,UNMAPPED,IN_PROGRESS,NOT_RUN,partial=push_center_jobs_list_detail_reconciliation_cancel_retry_sections_stats;existing_pr=https://github.com/qianlan33333-png/AI-CRM-v2/pull/200;added_routes=LEGACY-API-0421+LEGACY-API-0422;tests=PG16_14_up_down_up+200k_plan+race+route_contract;paths=cmd/aicrm/legacy_outbound_api.go+internal/outbound/app/query.go+cmd/aicrm/legacy_push_center_api.go+internal/pushcenter;remaining=external_effects_jobs_diagnostics_run_due;no_provider_execution=true,UNMAPPED,UNMAPPED,UNMAPPED,UNMAPPED,UNMAPPED,UNMAPPED,UNMAPPED,UNMAPPED,NOT_EXECUTED,UNMAPPED,docs/feature-matrix.csv:LEGACY-S06-044,"Matrix is source evidence, not V2 completion evidence.",UNMAPPED,UNMAPPED,UNMAPPED,UNMAPPED,UNMAPPED,NOT_EXECUTED,NOT_EXECUTED,NOT_EXECUTED,外部效果与 Push Center API 边界,读取队列、预览或提交 run-due、retry、cancel、查看 Push Center 任务与对账,UNMAPPED,d3a66948195ed7671442bf127a0ebedb5c8beb75,UNMAPPED,UNMAPPED,UNMAPPED,UNMAPPED,UNMAPPED,UNMAPPED,UNMAPPED,UNMAPPED
LEGACY-S06-045,FEATURE_MATRIX,Execution Runtime API 边界,运行诊断读取,读取全局运行控制面或单条执行 timeline,GET /api/admin/execution-runtime; GET /api/admin/executions/{execution_id},控制面缺失返回 200 ok=false；合法存在的 execution_id 返回脱敏观测图；非法或不存在统一 404；读模型失败 503,UNMAPPED,BACKEND_REQUIRED,UNMAPPED,IMPLEMENTED,SYNTHETIC_PASS,slice=P4-EXECUTION-RUNTIME-AB;routes=LEGACY-API-0314+LEGACY-API-0315;pr=https://github.com/qianlan33333-png/AI-CRM-v2/pull/237;head=6b1ecf06c590b206c0acb58cb356d43bc4703bf5;merge_sha=456bfa3bee008cdaf4428b07184b1cda6e2cd35c;head_merge_same_tree=ac9e1efd1ea34d9ddb69b11503004f35d7482892;ancestor_of_main=53276849b11ca9b37d10673164fb2f95d3587dd5;auth=human_session+admin_read+admin/global;tests=cmd/aicrm/legacy_execution_runtime_api_test.go+internal/adminops/app/execution_runtime_test.go;paths=cmd/aicrm/api.go+cmd/aicrm/legacy_execution_runtime_api.go+internal/adminops/app/execution_runtime.go;no_schema_or_external_effect=true,method=synthetic_local;command=make p4-execution-runtime-ab-acceptance;exit_code=0;evidence_type=synthetic/local go test -race ./internal/adminops/app ./internal/auth/app ./internal/auth/port ./cmd/aicrm;staging=NOT_EXECUTED;production=NOT_EXECUTED,UNMAPPED,UNMAPPED,UNMAPPED,UNMAPPED,UNMAPPED,UNMAPPED,UNMAPPED,NOT_EXECUTED,UNMAPPED,docs/feature-matrix.csv:LEGACY-S06-045,"Matrix is source evidence, not V2 completion evidence.",UNMAPPED,UNMAPPED,UNMAPPED,UNMAPPED,UNMAPPED,NOT_EXECUTED,NOT_EXECUTED,NOT_EXECUTED,Execution Runtime API 边界,读取全局运行控制面或单条执行 timeline,UNMAPPED,d3a66948195ed7671442bf127a0ebedb5c8beb75,UNMAPPED,UNMAPPED,UNMAPPED,UNMAPPED,UNMAPPED,UNMAPPED,UNMAPPED,UNMAPPED
LEGACY-S07-001,FEATURE_MATRIX,/admin,后台壳,打开快捷入口,GET /admin,渲染快捷入口及其旧链接,UNMAPPED,BACKEND_REQUIRED,UNMAPPED,IMPLEMENTED,SYNTHETIC_PASS,slice=P4-ADMIN-SHELL-AB;routes=LEGACY-API-0001+LEGACY-API-0053;pr=https://github.com/qianlan33333-png/AI-CRM-v2/pull/236;head=de4fa248749600dc1efc59be08f5e63912c5fa2f;merge_sha=1fd449995c2d2ee5d9954b5d10d259b6bcce86bd;head_merge_same_tree=1c5e3db4c0b792838a41c5a6c80f1533eb64c2a8;ancestor_of_main=53276849b11ca9b37d10673164fb2f95d3587dd5;auth=human_session+admin.shell.read+admin/global;tests=cmd/aicrm/legacy_admin_shell_test.go+cmd/aicrm/legacy_auth_integration_test.go;paths=cmd/aicrm/api.go+cmd/aicrm/legacy_admin_shell.go;no_schema_or_external_effect=true,method=synthetic_local_isolated_PG;command=P4ADMINSHELL_TEST_DATABASE_URL=postgres://postgres:postgres@127.0.0.1:55431/aicrm_test?sslmode=disable make p4-admin-shell-ab-acceptance;exit_code=0;evidence_type=synthetic/local isolated PG16.14 aicrm_test human OAuth session RBAC CSRF logout owner chain;staging=NOT_EXECUTED;production=NOT_EXECUTED,UNMAPPED,UNMAPPED,UNMAPPED,UNMAPPED,UNMAPPED,UNMAPPED,UNMAPPED,NOT_EXECUTED,UNMAPPED,docs/feature-matrix.csv:LEGACY-S07-001,"Matrix is source evidence, not V2 completion evidence.",UNMAPPED,UNMAPPED,UNMAPPED,UNMAPPED,UNMAPPED,NOT_EXECUTED,NOT_EXECUTED,NOT_EXECUTED,/admin,打开快捷入口,UNMAPPED,d3a66948195ed7671442bf127a0ebedb5c8beb75,UNMAPPED,UNMAPPED,UNMAPPED,UNMAPPED,UNMAPPED,UNMAPPED,UNMAPPED,UNMAPPED
LEGACY-S07-002,FEATURE_MATRIX,/admin/alipay/transactions,支付宝交易,查看交易工作区,GET /admin/alipay/transactions,以 provider=alipay 渲染交易页面,UNMAPPED,BACKEND_REQUIRED,UNMAPPED,IMPLEMENTED,SYNTHETIC_PASS,pr=https://github.com/qianlan33333-png/AI-CRM-v2/pull/361;sha=73ada0dc67102a42d59a23098c1678ed02ff7559;tests=ci_merge-gate+ci_secret-diff;paths=commerce_workspace,method=merged_pr_ci;command=matrix_ledger_validation,UNMAPPED,UNMAPPED,UNMAPPED,UNMAPPED,UNMAPPED,UNMAPPED,UNMAPPED,NOT_EXECUTED,UNMAPPED,docs/feature-matrix.csv:LEGACY-S07-002,"Matrix is source evidence, not V2 completion evidence.",UNMAPPED,UNMAPPED,UNMAPPED,UNMAPPED,UNMAPPED,NOT_EXECUTED,NOT_EXECUTED,NOT_EXECUTED,/admin/alipay/transactions,查看交易工作区,UNMAPPED,d3a66948195ed7671442bf127a0ebedb5c8beb75,UNMAPPED,UNMAPPED,UNMAPPED,UNMAPPED,UNMAPPED,UNMAPPED,UNMAPPED,UNMAPPED
LEGACY-S07-003,FEATURE_MATRIX,/admin/attachment-library,素材库,打开附件素材工作区,GET /admin/attachment-library,渲染附件素材库页面,UNMAPPED,BACKEND_REQUIRED,UNMAPPED,NOT_STARTED,NOT_RUN,UNMAPPED,UNMAPPED,UNMAPPED,UNMAPPED,UNMAPPED,UNMAPPED,UNMAPPED,UNMAPPED,UNMAPPED,NOT_EXECUTED,UNMAPPED,docs/feature-matrix.csv:LEGACY-S07-003,"Matrix is source evidence, not V2 completion evidence.",UNMAPPED,UNMAPPED,UNMAPPED,UNMAPPED,UNMAPPED,NOT_EXECUTED,NOT_EXECUTED,NOT_EXECUTED,/admin/attachment-library,打开附件素材工作区,UNMAPPED,d3a66948195ed7671442bf127a0ebedb5c8beb75,UNMAPPED,UNMAPPED,UNMAPPED,UNMAPPED,UNMAPPED,UNMAPPED,UNMAPPED,UNMAPPED
LEGACY-S07-004,FEATURE_MATRIX,/admin/automation-agents,自动化话术,打开话术列表,GET /admin/automation-agents,鉴权后渲染列表并注入 automation_agents_api_url,UNMAPPED,BACKEND_REQUIRED,UNMAPPED,IMPLEMENTED,SYNTHETIC_PASS,pr=https://github.com/qianlan33333-png/AI-CRM-v2/pull/226;sha=356d5445670b91e12b6c7cf9929ac74fb8f0862c;tests=cmd/aicrm/legacy_automation_agents_api_test.go+acceptance/automation/agents_ab_integration_test.go;paths=cmd/aicrm/legacy_automation_agents_api.go+internal/automation/app/agents.go+internal/automation/store/agents.go,method=focused_router_service_and_PG16;command=go test ./cmd/aicrm ./internal/automation/app ./acceptance/automation && make feature-matrix-contract,UNMAPPED,UNMAPPED,UNMAPPED,UNMAPPED,UNMAPPED,UNMAPPED,UNMAPPED,NOT_EXECUTED,UNMAPPED,docs/feature-matrix.csv:LEGACY-S07-004,"Matrix is source evidence, not V2 completion evidence.",UNMAPPED,UNMAPPED,UNMAPPED,UNMAPPED,UNMAPPED,NOT_EXECUTED,NOT_EXECUTED,NOT_EXECUTED,/admin/automation-agents,打开话术列表,UNMAPPED,d3a66948195ed7671442bf127a0ebedb5c8beb75,UNMAPPED,UNMAPPED,UNMAPPED,UNMAPPED,UNMAPPED,UNMAPPED,UNMAPPED,UNMAPPED
LEGACY-S07-005,FEATURE_MATRIX,/admin/automation-agents/{agent_id}/edit,自动化话术,打开单个话术编辑页,GET /admin/automation-agents/{agent_id}/edit,鉴权后渲染编辑页并注入 agent_id、agent API 与 fixed-content API 地址,UNMAPPED,BACKEND_REQUIRED,UNMAPPED,IMPLEMENTED,SYNTHETIC_PASS,pr=https://github.com/qianlan33333-png/AI-CRM-v2/pull/226;sha=356d5445670b91e12b6c7cf9929ac74fb8f0862c;tests=cmd/aicrm/legacy_automation_agents_api_test.go+acceptance/automation/agents_ab_integration_test.go;paths=cmd/aicrm/legacy_automation_agents_api.go+internal/automation/app/agents.go+internal/automation/store/agents.go,method=focused_router_service_and_PG16;command=go test ./cmd/aicrm ./internal/automation/app ./acceptance/automation && make feature-matrix-contract,UNMAPPED,UNMAPPED,UNMAPPED,UNMAPPED,UNMAPPED,UNMAPPED,UNMAPPED,NOT_EXECUTED,UNMAPPED,docs/feature-matrix.csv:LEGACY-S07-005,"Matrix is source evidence, not V2 completion evidence.",UNMAPPED,UNMAPPED,UNMAPPED,UNMAPPED,UNMAPPED,NOT_EXECUTED,NOT_EXECUTED,NOT_EXECUTED,/admin/automation-agents/{agent_id}/edit,打开单个话术编辑页,UNMAPPED,d3a66948195ed7671442bf127a0ebedb5c8beb75,UNMAPPED,UNMAPPED,UNMAPPED,UNMAPPED,UNMAPPED,UNMAPPED,UNMAPPED,UNMAPPED
LEGACY-S07-006,FEATURE_MATRIX,/admin/cloud-orchestrator,AI 助手兼容入口,进入运营计划审阅,GET /admin/cloud-orchestrator,以 302 跳转到 plans 工作区,UNMAPPED,BACKEND_REQUIRED,UNMAPPED,IMPLEMENTED,SYNTHETIC_PASS,pr=https://github.com/qianlan33333-png/AI-CRM-v2/pull/358;sha=2dae0c8046dd341103854eac617704c186561076;tests=ci_merge-gate+ci_secret-diff;paths=cloud_orchestrator_workspace,method=merged_pr_ci;command=matrix_ledger_validation,UNMAPPED,UNMAPPED,UNMAPPED,UNMAPPED,UNMAPPED,UNMAPPED,UNMAPPED,NOT_EXECUTED,UNMAPPED,docs/feature-matrix.csv:LEGACY-S07-006,"Matrix is source evidence, not V2 completion evidence.",UNMAPPED,UNMAPPED,UNMAPPED,UNMAPPED,UNMAPPED,NOT_EXECUTED,NOT_EXECUTED,NOT_EXECUTED,/admin/cloud-orchestrator,进入运营计划审阅,UNMAPPED,d3a66948195ed7671442bf127a0ebedb5c8beb75,UNMAPPED,UNMAPPED,UNMAPPED,UNMAPPED,UNMAPPED,UNMAPPED,UNMAPPED,UNMAPPED
LEGACY-S07-007,FEATURE_MATRIX,/admin/cloud-orchestrator/campaigns,AI 助手,查看 campaign 工作区,GET /admin/cloud-orchestrator/campaigns,渲染 campaign 审阅工作区和可观察性入口,UNMAPPED,BACKEND_REQUIRED,UNMAPPED,IMPLEMENTED,SYNTHETIC_PASS,pr=https://github.com/qianlan33333-png/AI-CRM-v2/pull/358;sha=2dae0c8046dd341103854eac617704c186561076;tests=ci_merge-gate+ci_secret-diff;paths=cloud_orchestrator_workspace,method=merged_pr_ci;command=matrix_ledger_validation,UNMAPPED,UNMAPPED,UNMAPPED,UNMAPPED,UNMAPPED,UNMAPPED,UNMAPPED,NOT_EXECUTED,UNMAPPED,docs/feature-matrix.csv:LEGACY-S07-007,"Matrix is source evidence, not V2 completion evidence.",UNMAPPED,UNMAPPED,UNMAPPED,UNMAPPED,UNMAPPED,NOT_EXECUTED,NOT_EXECUTED,NOT_EXECUTED,/admin/cloud-orchestrator/campaigns,查看 campaign 工作区,UNMAPPED,d3a66948195ed7671442bf127a0ebedb5c8beb75,UNMAPPED,UNMAPPED,UNMAPPED,UNMAPPED,UNMAPPED,UNMAPPED,UNMAPPED,UNMAPPED
LEGACY-S07-008,FEATURE_MATRIX,/admin/cloud-orchestrator/observability,AI 助手,查看可观察性工作区,GET /admin/cloud-orchestrator/observability,渲染工单、审计、漏斗和 Tool 调用统计入口,UNMAPPED,BACKEND_REQUIRED,UNMAPPED,IMPLEMENTED,SYNTHETIC_PASS,pr=https://github.com/qianlan33333-png/AI-CRM-v2/pull/358;sha=2dae0c8046dd341103854eac617704c186561076;tests=ci_merge-gate+ci_secret-diff;paths=cloud_orchestrator_workspace,method=merged_pr_ci;command=matrix_ledger_validation,UNMAPPED,UNMAPPED,UNMAPPED,UNMAPPED,UNMAPPED,UNMAPPED,UNMAPPED,NOT_EXECUTED,UNMAPPED,docs/feature-matrix.csv:LEGACY-S07-008,"Matrix is source evidence, not V2 completion evidence.",UNMAPPED,UNMAPPED,UNMAPPED,UNMAPPED,UNMAPPED,NOT_EXECUTED,NOT_EXECUTED,NOT_EXECUTED,/admin/cloud-orchestrator/observability,查看可观察性工作区,UNMAPPED,d3a66948195ed7671442bf127a0ebedb5c8beb75,UNMAPPED,UNMAPPED,UNMAPPED,UNMAPPED,UNMAPPED,UNMAPPED,UNMAPPED,UNMAPPED
LEGACY-S07-009,FEATURE_MATRIX,/admin/cloud-orchestrator/plans,AI 助手,查看运营计划列表,GET /admin/cloud-orchestrator/plans,渲染计划列表模式并放入 action token,UNMAPPED,BACKEND_REQUIRED,UNMAPPED,IMPLEMENTED,SYNTHETIC_PASS,pr=https://github.com/qianlan33333-png/AI-CRM-v2/pull/358;sha=2dae0c8046dd341103854eac617704c186561076;tests=ci_merge-gate+ci_secret-diff;paths=cloud_orchestrator_workspace,method=merged_pr_ci;command=matrix_ledger_validation,UNMAPPED,UNMAPPED,UNMAPPED,UNMAPPED,UNMAPPED,UNMAPPED,UNMAPPED,NOT_EXECUTED,UNMAPPED,docs/feature-matrix.csv:LEGACY-S07-009,"Matrix is source evidence, not V2 completion evidence.",UNMAPPED,UNMAPPED,UNMAPPED,UNMAPPED,UNMAPPED,NOT_EXECUTED,NOT_EXECUTED,NOT_EXECUTED,/admin/cloud-orchestrator/plans,查看运营计划列表,UNMAPPED,d3a66948195ed7671442bf127a0ebedb5c8beb75,UNMAPPED,UNMAPPED,UNMAPPED,UNMAPPED,UNMAPPED,UNMAPPED,UNMAPPED,UNMAPPED
LEGACY-S07-010,FEATURE_MATRIX,/admin/cloud-orchestrator/plans/{plan_id},AI 助手,查看计划二级明细,GET /admin/cloud-orchestrator/plans/{plan_id},渲染带 plan_id 的目标人员及单人审批页面,UNMAPPED,BACKEND_REQUIRED,UNMAPPED,IMPLEMENTED,SYNTHETIC_PASS,pr=https://github.com/qianlan33333-png/AI-CRM-v2/pull/358;sha=2dae0c8046dd341103854eac617704c186561076;tests=ci_merge-gate+ci_secret-diff;paths=cloud_orchestrator_workspace,method=merged_pr_ci;command=matrix_ledger_validation,UNMAPPED,UNMAPPED,UNMAPPED,UNMAPPED,UNMAPPED,UNMAPPED,UNMAPPED,NOT_EXECUTED,UNMAPPED,docs/feature-matrix.csv:LEGACY-S07-010,"Matrix is source evidence, not V2 completion evidence.",UNMAPPED,UNMAPPED,UNMAPPED,UNMAPPED,UNMAPPED,NOT_EXECUTED,NOT_EXECUTED,NOT_EXECUTED,/admin/cloud-orchestrator/plans/{plan_id},查看计划二级明细,UNMAPPED,d3a66948195ed7671442bf127a0ebedb5c8beb75,UNMAPPED,UNMAPPED,UNMAPPED,UNMAPPED,UNMAPPED,UNMAPPED,UNMAPPED,UNMAPPED
LEGACY-S07-011,FEATURE_MATRIX,/admin/coupons,优惠券,查看优惠券列表,GET /admin/coupons,服务端渲染最多 100 条列表或 503 页面错误,UNMAPPED,BACKEND_REQUIRED,UNMAPPED,IMPLEMENTED,SYNTHETIC_PASS,pr=https://github.com/qianlan33333-png/AI-CRM-v2/pull/220;sha=4c204b0f250fe0eb9f2fc4004ec983590ef54a6a;paths=cmd/aicrm/api.go+cmd/aicrm/legacy_coupon_board_api.go+api/openapi.yaml;tests=cmd/aicrm/legacy_coupon_board_api_test.go:TestCouponBoardAddsAllFifteenMissingRoutes,method=existing_main_route_and_test;command=OpenAPI_Mapping_Matrix_repo_contract_staged_gitleaks_diff_check;scope=at_most_100_local_name_status_only;financial_fields=NOT_EXPOSED;provider=NOT_EXECUTED;write=NOT_EXECUTED;deploy=NOT_EXECUTED,UNMAPPED,UNMAPPED,UNMAPPED,UNMAPPED,UNMAPPED,UNMAPPED,UNMAPPED,NOT_EXECUTED,UNMAPPED,docs/feature-matrix.csv:LEGACY-S07-011,"Matrix is source evidence, not V2 completion evidence.",UNMAPPED,UNMAPPED,UNMAPPED,UNMAPPED,UNMAPPED,NOT_EXECUTED,NOT_EXECUTED,NOT_EXECUTED,/admin/coupons,查看优惠券列表,UNMAPPED,d3a66948195ed7671442bf127a0ebedb5c8beb75,UNMAPPED,UNMAPPED,UNMAPPED,UNMAPPED,UNMAPPED,UNMAPPED,UNMAPPED,UNMAPPED
LEGACY-S07-012,FEATURE_MATRIX,/admin/coupons/new,优惠券,打开新建表单,GET /admin/coupons/new,渲染 coupon_form 且 mode=new,UNMAPPED,BACKEND_REQUIRED,UNMAPPED,NOT_STARTED,NOT_RUN,UNMAPPED,UNMAPPED,UNMAPPED,UNMAPPED,UNMAPPED,UNMAPPED,UNMAPPED,UNMAPPED,UNMAPPED,NOT_EXECUTED,UNMAPPED,docs/feature-matrix.csv:LEGACY-S07-012,"Matrix is source evidence, not V2 completion evidence.",UNMAPPED,UNMAPPED,UNMAPPED,UNMAPPED,UNMAPPED,NOT_EXECUTED,NOT_EXECUTED,NOT_EXECUTED,/admin/coupons/new,打开新建表单,UNMAPPED,d3a66948195ed7671442bf127a0ebedb5c8beb75,UNMAPPED,UNMAPPED,UNMAPPED,UNMAPPED,UNMAPPED,UNMAPPED,UNMAPPED,UNMAPPED
LEGACY-S07-013,FEATURE_MATRIX,/admin/coupons/{coupon_id}/data,优惠券,查看领取与使用数据,GET /admin/coupons/{coupon_id}/data,渲染 coupon、claims、stats 或 404 页面错误,UNMAPPED,BACKEND_REQUIRED,UNMAPPED,IMPLEMENTED,SYNTHETIC_PASS,pr=https://github.com/qianlan33333-png/AI-CRM-v2/pull/220;sha=4c204b0f250fe0eb9f2fc4004ec983590ef54a6a;paths=cmd/aicrm/api.go+cmd/aicrm/legacy_coupon_board_api.go+api/openapi.yaml+internal/coupon/app/service.go;tests=cmd/aicrm/legacy_coupon_board_api_test.go:TestCouponBoardAddsAllFifteenMissingRoutes+acceptance/coupon/ab_integration_test.go,method=PR220_merged_and_exact_main_source_reconcile;command=OpenAPI_Mapping_Matrix_P1_repo_contract_staged_gitleaks_diff_check;scope=at_most_100_local_opaque_claim_ref_status_rows;customer_id=NOT_EXPOSED;monetary_fields=NOT_EXPOSED;payment=NOT_EXECUTED;provider=NOT_EXECUTED;write=NOT_EXECUTED;deploy=NOT_EXECUTED,UNMAPPED,UNMAPPED,UNMAPPED,UNMAPPED,UNMAPPED,UNMAPPED,UNMAPPED,NOT_EXECUTED,UNMAPPED,docs/feature-matrix.csv:LEGACY-S07-013,"Matrix is source evidence, not V2 completion evidence.",UNMAPPED,UNMAPPED,UNMAPPED,UNMAPPED,UNMAPPED,NOT_EXECUTED,NOT_EXECUTED,NOT_EXECUTED,/admin/coupons/{coupon_id}/data,查看领取与使用数据,UNMAPPED,d3a66948195ed7671442bf127a0ebedb5c8beb75,UNMAPPED,UNMAPPED,UNMAPPED,UNMAPPED,UNMAPPED,UNMAPPED,UNMAPPED,UNMAPPED
LEGACY-S07-014,FEATURE_MATRIX,/admin/coupons/{coupon_id}/edit,优惠券,打开编辑表单,GET /admin/coupons/{coupon_id}/edit,读取 coupon 后渲染 coupon_form 且 mode=edit；失败返回 404,UNMAPPED,BACKEND_REQUIRED,UNMAPPED,NOT_STARTED,NOT_RUN,UNMAPPED,UNMAPPED,UNMAPPED,UNMAPPED,UNMAPPED,UNMAPPED,UNMAPPED,UNMAPPED,UNMAPPED,NOT_EXECUTED,UNMAPPED,docs/feature-matrix.csv:LEGACY-S07-014,"Matrix is source evidence, not V2 completion evidence.",UNMAPPED,UNMAPPED,UNMAPPED,UNMAPPED,UNMAPPED,NOT_EXECUTED,NOT_EXECUTED,NOT_EXECUTED,/admin/coupons/{coupon_id}/edit,打开编辑表单,UNMAPPED,d3a66948195ed7671442bf127a0ebedb5c8beb75,UNMAPPED,UNMAPPED,UNMAPPED,UNMAPPED,UNMAPPED,UNMAPPED,UNMAPPED,UNMAPPED
LEGACY-S07-015,FEATURE_MATRIX,/admin/hxc-dashboard,激活漏斗,查看激活漏斗看板,GET /admin/hxc-dashboard,以 dashboard_payload 渲染本地 safe-mode 汇总,UNMAPPED,BACKEND_REQUIRED,UNMAPPED,NOT_STARTED,NOT_RUN,UNMAPPED,UNMAPPED,UNMAPPED,UNMAPPED,UNMAPPED,UNMAPPED,UNMAPPED,UNMAPPED,UNMAPPED,NOT_EXECUTED,UNMAPPED,docs/feature-matrix.csv:LEGACY-S07-015,"Matrix is source evidence, not V2 completion evidence.",UNMAPPED,UNMAPPED,UNMAPPED,UNMAPPED,UNMAPPED,NOT_EXECUTED,NOT_EXECUTED,NOT_EXECUTED,/admin/hxc-dashboard,查看激活漏斗看板,UNMAPPED,d3a66948195ed7671442bf127a0ebedb5c8beb75,UNMAPPED,UNMAPPED,UNMAPPED,UNMAPPED,UNMAPPED,UNMAPPED,UNMAPPED,UNMAPPED
LEGACY-S07-016,FEATURE_MATRIX,/admin/hxc-send-config,群发发送人,查看发送人配置,GET /admin/hxc-send-config,以 send_config_payload 渲染成员和发送人配置,UNMAPPED,BACKEND_REQUIRED,UNMAPPED,IMPLEMENTED,SYNTHETIC_PASS,pr=https://github.com/qianlan33333-png/AI-CRM-v2/pull/260;sha=e8e0f0937e8fd3086f4969125d2ac996d1c4af75;tests=cmd/aicrm/legacy_hxc_sender_api_test.go+internal/hxc/app/read_test.go+acceptance/hxc/sender_read_integration_test.go+web/src/hxc-sender.test.ts+web/src/hxc-sender-ui.test.tsx;paths=cmd/aicrm/legacy_hxc_sender_api.go+internal/hxc/app/read.go+internal/hxc/store/read_repository.go+web/src/hxc-sender.ts+web/src/hxc-sender-ui.tsx,method=focused_router_service_PG16_and_web;command=go test ./cmd/aicrm ./internal/hxc/app ./acceptance/hxc && cd web && npm run ci && make feature-matrix-contract,UNMAPPED,UNMAPPED,UNMAPPED,UNMAPPED,UNMAPPED,UNMAPPED,UNMAPPED,NOT_EXECUTED,UNMAPPED,docs/feature-matrix.csv:LEGACY-S07-016,"Matrix is source evidence, not V2 completion evidence.",UNMAPPED,UNMAPPED,UNMAPPED,UNMAPPED,UNMAPPED,NOT_EXECUTED,NOT_EXECUTED,NOT_EXECUTED,/admin/hxc-send-config,查看发送人配置,UNMAPPED,d3a66948195ed7671442bf127a0ebedb5c8beb75,UNMAPPED,UNMAPPED,UNMAPPED,UNMAPPED,UNMAPPED,UNMAPPED,UNMAPPED,UNMAPPED
LEGACY-S07-017,FEATURE_MATRIX,/admin/image-library,素材库,打开图片素材工作区,GET /admin/image-library,渲染图片库并加载上传、筛选和网格静态组件,UNMAPPED,BACKEND_REQUIRED,UNMAPPED,IMPLEMENTED,SYNTHETIC_PASS,sha=435fa46c5daf49da694085dd3f2132c66ed2435b;pr=https://github.com/qianlan33333-png/AI-CRM-v2/pull/254;tests=web/src/main.test.tsx+web/src/image-library-ui.test.tsx;paths=deploy/Caddyfile+web/src/main.tsx+web/src/image-library-ui.tsx,method=web_route_unit_and_edge_spa_config;command=npm_run_ci+make_feature-matrix-contract,UNMAPPED,UNMAPPED,UNMAPPED,UNMAPPED,UNMAPPED,UNMAPPED,UNMAPPED,NOT_EXECUTED,UNMAPPED,docs/feature-matrix.csv:LEGACY-S07-017,"Matrix is source evidence, not V2 completion evidence.",UNMAPPED,UNMAPPED,UNMAPPED,UNMAPPED,UNMAPPED,NOT_EXECUTED,NOT_EXECUTED,NOT_EXECUTED,/admin/image-library,打开图片素材工作区,UNMAPPED,d3a66948195ed7671442bf127a0ebedb5c8beb75,UNMAPPED,UNMAPPED,UNMAPPED,UNMAPPED,UNMAPPED,UNMAPPED,UNMAPPED,UNMAPPED
LEGACY-S07-018,FEATURE_MATRIX,/admin/miniprogram-library,素材库,打开小程序素材工作区,GET /admin/miniprogram-library,渲染小程序素材页面,UNMAPPED,BACKEND_REQUIRED,UNMAPPED,IMPLEMENTED,SYNTHETIC_PASS,sha=95cd686e69efdca97a3f7b05f1461176e096edfa;pr=https://github.com/qianlan33333-png/AI-CRM-v2/pull/253;backend_merge=f10fda7f7069048b9b456a71a2f9545be28c6dc1;routes=LEGACY-API-0054+0390-0395;tests=web/src/main.test.tsx+web/src/miniprogram-library-ui.test.tsx+web/src/miniprogram-library.test.ts+PG16_14_up_down_up+repository_UoW_receipt_event_concurrency+HTTP_RBAC_CSRF+OpenAPI_generated;paths=cmd/aicrm/legacy_miniprogram_api.go+internal/media+migrations/00045_media_miniprogram_library.sql+web/src/main.tsx+web/src/miniprogram-library-ui.tsx;external_gate=historical_preflight_and_reconciliation;no_provider_execution=true,method=PG16_14_44_45_44_45+race+web;command=make_p4-miniprogram-library-ab-acceptance+go_test_race_internal_media_cmd_aicrm+npm_run_ci,UNMAPPED,UNMAPPED,UNMAPPED,UNMAPPED,UNMAPPED,UNMAPPED,UNMAPPED,NOT_EXECUTED,UNMAPPED,docs/feature-matrix.csv:LEGACY-S07-018,"Matrix is source evidence, not V2 completion evidence.",UNMAPPED,UNMAPPED,UNMAPPED,UNMAPPED,UNMAPPED,NOT_EXECUTED,NOT_EXECUTED,NOT_EXECUTED,/admin/miniprogram-library,打开小程序素材工作区,UNMAPPED,d3a66948195ed7671442bf127a0ebedb5c8beb75,UNMAPPED,UNMAPPED,UNMAPPED,UNMAPPED,UNMAPPED,UNMAPPED,UNMAPPED,UNMAPPED
LEGACY-S07-019,FEATURE_MATRIX,/admin/operation-cycles,运营闭环,查看策略列表与当前动作,GET /admin/operation-cycles,渲染策略摘要及当前动作可用性,UNMAPPED,BACKEND_REQUIRED,UNMAPPED,IMPLEMENTED,SYNTHETIC_PASS,pr=https://github.com/qianlan33333-png/AI-CRM-v2/pull/225;sha=be62a43eb0865287c0372b9cbe295da7732458df;tests=cmd/aicrm/legacy_operation_cycle_api_test.go+internal/operationcycle/app/service_test.go+acceptance/operationcycle/ab_integration_test.go;paths=cmd/aicrm/legacy_operation_cycle_api.go+internal/operationcycle/app/service.go+internal/operationcycle/store/repository.go,method=focused_router_service_and_PG16;command=go test ./cmd/aicrm ./internal/operationcycle/app ./acceptance/operationcycle && make feature-matrix-contract,UNMAPPED,UNMAPPED,UNMAPPED,UNMAPPED,UNMAPPED,UNMAPPED,UNMAPPED,NOT_EXECUTED,UNMAPPED,docs/feature-matrix.csv:LEGACY-S07-019,"Matrix is source evidence, not V2 completion evidence.",UNMAPPED,UNMAPPED,UNMAPPED,UNMAPPED,UNMAPPED,NOT_EXECUTED,NOT_EXECUTED,NOT_EXECUTED,/admin/operation-cycles,查看策略列表与当前动作,UNMAPPED,d3a66948195ed7671442bf127a0ebedb5c8beb75,UNMAPPED,UNMAPPED,UNMAPPED,UNMAPPED,UNMAPPED,UNMAPPED,UNMAPPED,UNMAPPED
LEGACY-S07-020,FEATURE_MATRIX,/admin/operation-cycles/{strategy_key},运营闭环,查看策略详情,GET /admin/operation-cycles/{strategy_key},渲染允许 section 的策略、文档、上下文和 action results,UNMAPPED,BACKEND_REQUIRED,UNMAPPED,IMPLEMENTED,SYNTHETIC_PASS,pr=https://github.com/qianlan33333-png/AI-CRM-v2/pull/225;sha=be62a43eb0865287c0372b9cbe295da7732458df;tests=cmd/aicrm/legacy_operation_cycle_api_test.go+internal/operationcycle/app/service_test.go+acceptance/operationcycle/ab_integration_test.go;paths=cmd/aicrm/legacy_operation_cycle_api.go+internal/operationcycle/app/service.go+internal/operationcycle/store/repository.go,method=focused_router_service_and_PG16;command=go test ./cmd/aicrm ./internal/operationcycle/app ./acceptance/operationcycle && make feature-matrix-contract,UNMAPPED,UNMAPPED,UNMAPPED,UNMAPPED,UNMAPPED,UNMAPPED,UNMAPPED,NOT_EXECUTED,UNMAPPED,docs/feature-matrix.csv:LEGACY-S07-020,"Matrix is source evidence, not V2 completion evidence.",UNMAPPED,UNMAPPED,UNMAPPED,UNMAPPED,UNMAPPED,NOT_EXECUTED,NOT_EXECUTED,NOT_EXECUTED,/admin/operation-cycles/{strategy_key},查看策略详情,UNMAPPED,d3a66948195ed7671442bf127a0ebedb5c8beb75,UNMAPPED,UNMAPPED,UNMAPPED,UNMAPPED,UNMAPPED,UNMAPPED,UNMAPPED,UNMAPPED
LEGACY-S07-021,FEATURE_MATRIX,/admin/operation-cycles/{strategy_key}/runs/{run_key},运营闭环,查看一次运行详情,GET /admin/operation-cycles/{strategy_key}/runs/{run_key},渲染 run、attempts、stages、funnel、观察窗口和复盘；缺失时返回占位,UNMAPPED,BACKEND_REQUIRED,UNMAPPED,IMPLEMENTED,SYNTHETIC_PASS,pr=https://github.com/qianlan33333-png/AI-CRM-v2/pull/225;sha=be62a43eb0865287c0372b9cbe295da7732458df;tests=cmd/aicrm/legacy_operation_cycle_api_test.go+internal/operationcycle/app/service_test.go+acceptance/operationcycle/ab_integration_test.go;paths=cmd/aicrm/legacy_operation_cycle_api.go+internal/operationcycle/app/service.go+internal/operationcycle/store/repository.go,method=focused_router_service_and_PG16;command=go test ./cmd/aicrm ./internal/operationcycle/app ./acceptance/operationcycle && make feature-matrix-contract,UNMAPPED,UNMAPPED,UNMAPPED,UNMAPPED,UNMAPPED,UNMAPPED,UNMAPPED,NOT_EXECUTED,UNMAPPED,docs/feature-matrix.csv:LEGACY-S07-021,"Matrix is source evidence, not V2 completion evidence.",UNMAPPED,UNMAPPED,UNMAPPED,UNMAPPED,UNMAPPED,NOT_EXECUTED,NOT_EXECUTED,NOT_EXECUTED,/admin/operation-cycles/{strategy_key}/runs/{run_key},查看一次运行详情,UNMAPPED,d3a66948195ed7671442bf127a0ebedb5c8beb75,UNMAPPED,UNMAPPED,UNMAPPED,UNMAPPED,UNMAPPED,UNMAPPED,UNMAPPED,UNMAPPED
LEGACY-S07-022,FEATURE_MATRIX,/admin/orders,统一订单,查看订单列表页,GET /admin/orders,以统一订单上下文渲染 admin_orders 页面,UNMAPPED,BACKEND_REQUIRED,UNMAPPED,IMPLEMENTED,SYNTHETIC_PASS,pr=https://github.com/qianlan33333-png/AI-CRM-v2/pull/321;merge_sha=f279f0e3483152638e12de4721af1f6c557cbb4c;tests=cmd/aicrm/legacy_order_board_api_test.go+web/src/orders.test.ts+web/src/orders-ui.test.tsx;paths=cmd/aicrm/legacy_order_page.go+cmd/aicrm/legacy_order_board_api_test.go+web/src/orders.ts+web/src/orders-ui.tsx;scope=local_order_list_read_only,method=merged_PR321_with_successful_GitHub_checks;command=go_test_race_cmd_aicrm+web_npm_run_ci;payment=NOT_EXECUTED;provider=NOT_EXECUTED;deployment=NOT_EXECUTED,UNMAPPED,UNMAPPED,UNMAPPED,UNMAPPED,UNMAPPED,UNMAPPED,UNMAPPED,NOT_EXECUTED,UNMAPPED,docs/feature-matrix.csv:LEGACY-S07-022,"Matrix is source evidence, not V2 completion evidence.",UNMAPPED,UNMAPPED,UNMAPPED,UNMAPPED,UNMAPPED,NOT_EXECUTED,NOT_EXECUTED,NOT_EXECUTED,/admin/orders,查看订单列表页,UNMAPPED,d3a66948195ed7671442bf127a0ebedb5c8beb75,UNMAPPED,UNMAPPED,UNMAPPED,UNMAPPED,UNMAPPED,UNMAPPED,UNMAPPED,UNMAPPED
LEGACY-S07-023,FEATURE_MATRIX,/admin/owner-migration,负责人迁移,查看并提交迁移表单,GET /admin/owner-migration; POST /admin/owner-migration,GET 渲染迁移表单；POST 处理表单后以同一模板渲染结果,UNMAPPED,BACKEND_REQUIRED,UNMAPPED,NOT_STARTED,NOT_RUN,UNMAPPED,UNMAPPED,UNMAPPED,UNMAPPED,UNMAPPED,UNMAPPED,UNMAPPED,UNMAPPED,UNMAPPED,NOT_EXECUTED,UNMAPPED,docs/feature-matrix.csv:LEGACY-S07-023,"Matrix is source evidence, not V2 completion evidence.",UNMAPPED,UNMAPPED,UNMAPPED,UNMAPPED,UNMAPPED,NOT_EXECUTED,NOT_EXECUTED,NOT_EXECUTED,/admin/owner-migration,查看并提交迁移表单,UNMAPPED,d3a66948195ed7671442bf127a0ebedb5c8beb75,UNMAPPED,UNMAPPED,UNMAPPED,UNMAPPED,UNMAPPED,UNMAPPED,UNMAPPED,UNMAPPED
LEGACY-S07-024,FEATURE_MATRIX,/admin/questionnaires,问卷管理,查看列表或经旧别名跳转,GET /admin/questionnaires; GET /admin/questionnaires/ui,主入口渲染问卷列表和 preflight；ui 别名以 302 跳转,UNMAPPED,BACKEND_REQUIRED,UNMAPPED,IMPLEMENTED,SYNTHETIC_PASS,pr=https://github.com/qianlan33333-png/AI-CRM-v2/pull/276+https://github.com/qianlan33333-png/AI-CRM-v2/pull/278;sha=64be234e00063df950e73453cd39e9443b5acd77+3df35602c831bae61275f222d809debb96b61168;tests=cmd/aicrm/legacy_survey_api_test.go+web/src/questionnaire-list.test.ts+web/src/questionnaire-list-ui.test.tsx;paths=cmd/aicrm/legacy_survey_api.go+cmd/aicrm/api.go+web/src/main.tsx+web/src/questionnaire-list.ts+web/src/questionnaire-list-ui.tsx+tools/openapi-contract/main.go,method=PR276_PR278_merged_CI_and_local_synthetic;command=Go_race_PG16_14_OpenAPI_Mapping_repo_contract_Web_lint_typecheck_Vitest_build_gitleaks_diff_check;ci=ci_merge-gate_required_for_merged_PR276_PR278;preflight=static_local_safe_snapshot;provider=NOT_EXECUTED;deployment=NOT_EXECUTED;external=NOT_EXECUTED,UNMAPPED,UNMAPPED,UNMAPPED,UNMAPPED,UNMAPPED,UNMAPPED,UNMAPPED,NOT_EXECUTED,UNMAPPED,docs/feature-matrix.csv:LEGACY-S07-024,"Matrix is source evidence, not V2 completion evidence.",UNMAPPED,UNMAPPED,UNMAPPED,UNMAPPED,UNMAPPED,NOT_EXECUTED,NOT_EXECUTED,NOT_EXECUTED,/admin/questionnaires,查看列表或经旧别名跳转,UNMAPPED,d3a66948195ed7671442bf127a0ebedb5c8beb75,UNMAPPED,UNMAPPED,UNMAPPED,UNMAPPED,UNMAPPED,UNMAPPED,UNMAPPED,UNMAPPED
LEGACY-S07-025,FEATURE_MATRIX,/admin/questionnaires/.../external-push-logs,问卷管理,查看全局或单问卷外推日志,GET /admin/questionnaires/external-push-logs; GET /admin/questionnaires/{questionnaire_id:int}/external-push-logs,按全局筛选或问卷 ID 渲染同一外推日志模板,UNMAPPED,BACKEND_REQUIRED,UNMAPPED,NOT_STARTED,NOT_RUN,UNMAPPED,UNMAPPED,UNMAPPED,UNMAPPED,UNMAPPED,UNMAPPED,UNMAPPED,UNMAPPED,UNMAPPED,NOT_EXECUTED,UNMAPPED,docs/feature-matrix.csv:LEGACY-S07-025,"Matrix is source evidence, not V2 completion evidence.",UNMAPPED,UNMAPPED,UNMAPPED,UNMAPPED,UNMAPPED,NOT_EXECUTED,NOT_EXECUTED,NOT_EXECUTED,/admin/questionnaires/.../external-push-logs,查看全局或单问卷外推日志,UNMAPPED,d3a66948195ed7671442bf127a0ebedb5c8beb75,UNMAPPED,UNMAPPED,UNMAPPED,UNMAPPED,UNMAPPED,UNMAPPED,UNMAPPED,UNMAPPED
LEGACY-S07-026,FEATURE_MATRIX,/admin/questionnaires/new | /admin/questionnaires/{questionnaire_id:int},问卷管理,新建或编辑问卷,GET /admin/questionnaires/new; GET /admin/questionnaires/{questionnaire_id:int},共用编辑器渲染 new 或 edit 模式；不可用时走占位响应,UNMAPPED,BACKEND_REQUIRED,UNMAPPED,NOT_STARTED,NOT_RUN,UNMAPPED,UNMAPPED,UNMAPPED,UNMAPPED,UNMAPPED,UNMAPPED,UNMAPPED,UNMAPPED,UNMAPPED,NOT_EXECUTED,UNMAPPED,docs/feature-matrix.csv:LEGACY-S07-026,"Matrix is source evidence, not V2 completion evidence.",UNMAPPED,UNMAPPED,UNMAPPED,UNMAPPED,UNMAPPED,NOT_EXECUTED,NOT_EXECUTED,NOT_EXECUTED,/admin/questionnaires/new | /admin/questionnaires/{questionnaire_id:int},新建或编辑问卷,UNMAPPED,d3a66948195ed7671442bf127a0ebedb5c8beb75,UNMAPPED,UNMAPPED,UNMAPPED,UNMAPPED,UNMAPPED,UNMAPPED,UNMAPPED,UNMAPPED
LEGACY-S07-027,FEATURE_MATRIX,/admin/questionnaires/{questionnaire_id:int}/operations,问卷管理,查看提交后运营配置,GET /admin/questionnaires/{questionnaire_id:int}/operations,渲染运营配置或按不存在、不可用、评测模板返回占位,UNMAPPED,BACKEND_REQUIRED,UNMAPPED,NOT_STARTED,NOT_RUN,UNMAPPED,UNMAPPED,UNMAPPED,UNMAPPED,UNMAPPED,UNMAPPED,UNMAPPED,UNMAPPED,UNMAPPED,NOT_EXECUTED,UNMAPPED,docs/feature-matrix.csv:LEGACY-S07-027,"Matrix is source evidence, not V2 completion evidence.",UNMAPPED,UNMAPPED,UNMAPPED,UNMAPPED,UNMAPPED,NOT_EXECUTED,NOT_EXECUTED,NOT_EXECUTED,/admin/questionnaires/{questionnaire_id:int}/operations,查看提交后运营配置,UNMAPPED,d3a66948195ed7671442bf127a0ebedb5c8beb75,UNMAPPED,UNMAPPED,UNMAPPED,UNMAPPED,UNMAPPED,UNMAPPED,UNMAPPED,UNMAPPED
LEGACY-S07-028,FEATURE_MATRIX,/admin/radar-links,内容雷达,打开内容雷达页面,GET /admin/radar-links,渲染内容雷达页面及新建入口,UNMAPPED,BACKEND_REQUIRED,UNMAPPED,NOT_STARTED,NOT_RUN,UNMAPPED,UNMAPPED,UNMAPPED,UNMAPPED,UNMAPPED,UNMAPPED,UNMAPPED,UNMAPPED,UNMAPPED,NOT_EXECUTED,UNMAPPED,docs/feature-matrix.csv:LEGACY-S07-028,"Matrix is source evidence, not V2 completion evidence.",UNMAPPED,UNMAPPED,UNMAPPED,UNMAPPED,UNMAPPED,NOT_EXECUTED,NOT_EXECUTED,NOT_EXECUTED,/admin/radar-links,打开内容雷达页面,UNMAPPED,d3a66948195ed7671442bf127a0ebedb5c8beb75,UNMAPPED,UNMAPPED,UNMAPPED,UNMAPPED,UNMAPPED,UNMAPPED,UNMAPPED,UNMAPPED
LEGACY-S07-029,FEATURE_MATRIX,/admin/radar-links/new,内容雷达,打开新建雷达表单,GET /admin/radar-links/new,渲染 mode=new 的雷达链接表单,UNMAPPED,BACKEND_REQUIRED,UNMAPPED,NOT_STARTED,NOT_RUN,UNMAPPED,UNMAPPED,UNMAPPED,UNMAPPED,UNMAPPED,UNMAPPED,UNMAPPED,UNMAPPED,UNMAPPED,NOT_EXECUTED,UNMAPPED,docs/feature-matrix.csv:LEGACY-S07-029,"Matrix is source evidence, not V2 completion evidence.",UNMAPPED,UNMAPPED,UNMAPPED,UNMAPPED,UNMAPPED,NOT_EXECUTED,NOT_EXECUTED,NOT_EXECUTED,/admin/radar-links/new,打开新建雷达表单,UNMAPPED,d3a66948195ed7671442bf127a0ebedb5c8beb75,UNMAPPED,UNMAPPED,UNMAPPED,UNMAPPED,UNMAPPED,UNMAPPED,UNMAPPED,UNMAPPED
LEGACY-S07-030,FEATURE_MATRIX,/admin/radar-links/{link_id:int}/detail,内容雷达,查看点击记录详情,GET /admin/radar-links/{link_id:int}/detail,渲染带 link_id 的点击记录详情页,UNMAPPED,BACKEND_REQUIRED,UNMAPPED,NOT_STARTED,NOT_RUN,UNMAPPED,UNMAPPED,UNMAPPED,UNMAPPED,UNMAPPED,UNMAPPED,UNMAPPED,UNMAPPED,UNMAPPED,NOT_EXECUTED,UNMAPPED,docs/feature-matrix.csv:LEGACY-S07-030,"Matrix is source evidence, not V2 completion evidence.",UNMAPPED,UNMAPPED,UNMAPPED,UNMAPPED,UNMAPPED,NOT_EXECUTED,NOT_EXECUTED,NOT_EXECUTED,/admin/radar-links/{link_id:int}/detail,查看点击记录详情,UNMAPPED,d3a66948195ed7671442bf127a0ebedb5c8beb75,UNMAPPED,UNMAPPED,UNMAPPED,UNMAPPED,UNMAPPED,UNMAPPED,UNMAPPED,UNMAPPED
LEGACY-S07-031,FEATURE_MATRIX,/admin/radar-links/{link_id:int}/edit,内容雷达,打开编辑雷达表单,GET /admin/radar-links/{link_id:int}/edit,渲染 mode=edit 的雷达链接表单,UNMAPPED,BACKEND_REQUIRED,UNMAPPED,NOT_STARTED,NOT_RUN,UNMAPPED,UNMAPPED,UNMAPPED,UNMAPPED,UNMAPPED,UNMAPPED,UNMAPPED,UNMAPPED,UNMAPPED,NOT_EXECUTED,UNMAPPED,docs/feature-matrix.csv:LEGACY-S07-031,"Matrix is source evidence, not V2 completion evidence.",UNMAPPED,UNMAPPED,UNMAPPED,UNMAPPED,UNMAPPED,NOT_EXECUTED,NOT_EXECUTED,NOT_EXECUTED,/admin/radar-links/{link_id:int}/edit,打开编辑雷达表单,UNMAPPED,d3a66948195ed7671442bf127a0ebedb5c8beb75,UNMAPPED,UNMAPPED,UNMAPPED,UNMAPPED,UNMAPPED,UNMAPPED,UNMAPPED,UNMAPPED
LEGACY-S07-032,FEATURE_MATRIX,/admin/service-period-products,周期商品,查看周期商品列表,GET /admin/service-period-products,读取列表并渲染 list 模式；异常时返回 503 页面,UNMAPPED,BACKEND_REQUIRED,UNMAPPED,IMPLEMENTED,SYNTHETIC_PASS,pr=https://github.com/qianlan33333-png/AI-CRM-v2/pull/361;sha=73ada0dc67102a42d59a23098c1678ed02ff7559;tests=ci_merge-gate+ci_secret-diff;paths=commerce_workspace,method=merged_pr_ci;command=matrix_ledger_validation,UNMAPPED,UNMAPPED,UNMAPPED,UNMAPPED,UNMAPPED,UNMAPPED,UNMAPPED,NOT_EXECUTED,UNMAPPED,docs/feature-matrix.csv:LEGACY-S07-032,"Matrix is source evidence, not V2 completion evidence.",UNMAPPED,UNMAPPED,UNMAPPED,UNMAPPED,UNMAPPED,NOT_EXECUTED,NOT_EXECUTED,NOT_EXECUTED,/admin/service-period-products,查看周期商品列表,UNMAPPED,d3a66948195ed7671442bf127a0ebedb5c8beb75,UNMAPPED,UNMAPPED,UNMAPPED,UNMAPPED,UNMAPPED,UNMAPPED,UNMAPPED,UNMAPPED
LEGACY-S07-033,FEATURE_MATRIX,/admin/service-period-products/new,周期商品,打开新建周期商品表单,GET /admin/service-period-products/new,渲染 page_mode=new 的商品页面,UNMAPPED,BACKEND_REQUIRED,UNMAPPED,IMPLEMENTED,SYNTHETIC_PASS,pr=https://github.com/qianlan33333-png/AI-CRM-v2/pull/361;sha=73ada0dc67102a42d59a23098c1678ed02ff7559;tests=ci_merge-gate+ci_secret-diff;paths=commerce_workspace,method=merged_pr_ci;command=matrix_ledger_validation,UNMAPPED,UNMAPPED,UNMAPPED,UNMAPPED,UNMAPPED,UNMAPPED,UNMAPPED,NOT_EXECUTED,UNMAPPED,docs/feature-matrix.csv:LEGACY-S07-033,"Matrix is source evidence, not V2 completion evidence.",UNMAPPED,UNMAPPED,UNMAPPED,UNMAPPED,UNMAPPED,NOT_EXECUTED,NOT_EXECUTED,NOT_EXECUTED,/admin/service-period-products/new,打开新建周期商品表单,UNMAPPED,d3a66948195ed7671442bf127a0ebedb5c8beb75,UNMAPPED,UNMAPPED,UNMAPPED,UNMAPPED,UNMAPPED,UNMAPPED,UNMAPPED,UNMAPPED
LEGACY-S07-034,FEATURE_MATRIX,/admin/service-period-products/{service_product_id}/data,周期商品,查看会员数据网格,GET /admin/service-period-products/{service_product_id}/data,要求 read access 后渲染会员网格；无权或缺失时为 403/404,UNMAPPED,BACKEND_REQUIRED,UNMAPPED,IMPLEMENTED,SYNTHETIC_PASS,pr=https://github.com/qianlan33333-png/AI-CRM-v2/pull/361;sha=73ada0dc67102a42d59a23098c1678ed02ff7559;tests=ci_merge-gate+ci_secret-diff;paths=commerce_workspace,method=merged_pr_ci;command=matrix_ledger_validation,UNMAPPED,UNMAPPED,UNMAPPED,UNMAPPED,UNMAPPED,UNMAPPED,UNMAPPED,NOT_EXECUTED,UNMAPPED,docs/feature-matrix.csv:LEGACY-S07-034,"Matrix is source evidence, not V2 completion evidence.",UNMAPPED,UNMAPPED,UNMAPPED,UNMAPPED,UNMAPPED,NOT_EXECUTED,NOT_EXECUTED,NOT_EXECUTED,/admin/service-period-products/{service_product_id}/data,查看会员数据网格,UNMAPPED,d3a66948195ed7671442bf127a0ebedb5c8beb75,UNMAPPED,UNMAPPED,UNMAPPED,UNMAPPED,UNMAPPED,UNMAPPED,UNMAPPED,UNMAPPED
LEGACY-S07-035,FEATURE_MATRIX,/admin/service-period-products/{service_product_id}/edit,周期商品,打开编辑周期商品页,GET /admin/service-period-products/{service_product_id}/edit,读取商品后渲染 page_mode=edit；缺失时 404,UNMAPPED,BACKEND_REQUIRED,UNMAPPED,IMPLEMENTED,SYNTHETIC_PASS,pr=https://github.com/qianlan33333-png/AI-CRM-v2/pull/361;sha=73ada0dc67102a42d59a23098c1678ed02ff7559;tests=ci_merge-gate+ci_secret-diff;paths=commerce_workspace,method=merged_pr_ci;command=matrix_ledger_validation,UNMAPPED,UNMAPPED,UNMAPPED,UNMAPPED,UNMAPPED,UNMAPPED,UNMAPPED,NOT_EXECUTED,UNMAPPED,docs/feature-matrix.csv:LEGACY-S07-035,"Matrix is source evidence, not V2 completion evidence.",UNMAPPED,UNMAPPED,UNMAPPED,UNMAPPED,UNMAPPED,NOT_EXECUTED,NOT_EXECUTED,NOT_EXECUTED,/admin/service-period-products/{service_product_id}/edit,打开编辑周期商品页,UNMAPPED,d3a66948195ed7671442bf127a0ebedb5c8beb75,UNMAPPED,UNMAPPED,UNMAPPED,UNMAPPED,UNMAPPED,UNMAPPED,UNMAPPED,UNMAPPED
LEGACY-S07-036,FEATURE_MATRIX,/admin/wechat-pay/products,微信支付商品,查看商品列表,GET /admin/wechat-pay/products,读取最多 100 条商品并渲染 list 模式,UNMAPPED,BACKEND_REQUIRED,UNMAPPED,IMPLEMENTED,SYNTHETIC_PASS,pr=https://github.com/qianlan33333-png/AI-CRM-v2/pull/331;merge_sha=7e5341993f2684c257a79884205fd7c29b8c22fe;tests=web/src/products.test.ts+web/src/products-ui.test.tsx;paths=web/src/main.tsx+web/src/products.ts+web/src/products-ui.tsx;scope=local_product_list,method=merged_PR331;command=web_npm_run_ci;deployment=NOT_EXECUTED;external=NOT_EXECUTED,UNMAPPED,UNMAPPED,UNMAPPED,UNMAPPED,UNMAPPED,UNMAPPED,UNMAPPED,NOT_EXECUTED,UNMAPPED,docs/feature-matrix.csv:LEGACY-S07-036,"Matrix is source evidence, not V2 completion evidence.",UNMAPPED,UNMAPPED,UNMAPPED,UNMAPPED,UNMAPPED,NOT_EXECUTED,NOT_EXECUTED,NOT_EXECUTED,/admin/wechat-pay/products,查看商品列表,UNMAPPED,d3a66948195ed7671442bf127a0ebedb5c8beb75,UNMAPPED,UNMAPPED,UNMAPPED,UNMAPPED,UNMAPPED,UNMAPPED,UNMAPPED,UNMAPPED
LEGACY-S07-037,FEATURE_MATRIX,/admin/wechat-pay/products/new,微信支付商品,打开新建商品页,GET /admin/wechat-pay/products/new,渲染 mode=new 的微信支付商品页面,UNMAPPED,BACKEND_REQUIRED,UNMAPPED,IMPLEMENTED,SYNTHETIC_PASS,pr=https://github.com/qianlan33333-png/AI-CRM-v2/pull/361;sha=73ada0dc67102a42d59a23098c1678ed02ff7559;tests=ci_merge-gate+ci_secret-diff;paths=commerce_workspace,method=merged_pr_ci;command=matrix_ledger_validation,UNMAPPED,UNMAPPED,UNMAPPED,UNMAPPED,UNMAPPED,UNMAPPED,UNMAPPED,NOT_EXECUTED,UNMAPPED,docs/feature-matrix.csv:LEGACY-S07-037,"Matrix is source evidence, not V2 completion evidence.",UNMAPPED,UNMAPPED,UNMAPPED,UNMAPPED,UNMAPPED,NOT_EXECUTED,NOT_EXECUTED,NOT_EXECUTED,/admin/wechat-pay/products/new,打开新建商品页,UNMAPPED,d3a66948195ed7671442bf127a0ebedb5c8beb75,UNMAPPED,UNMAPPED,UNMAPPED,UNMAPPED,UNMAPPED,UNMAPPED,UNMAPPED,UNMAPPED
LEGACY-S07-038,FEATURE_MATRIX,/admin/wechat-pay/products/{product_id}/edit,微信支付商品,打开编辑商品页,GET /admin/wechat-pay/products/{product_id}/edit,读取商品后渲染 mode=edit；找不到时返回 404,UNMAPPED,BACKEND_REQUIRED,UNMAPPED,IMPLEMENTED,SYNTHETIC_PASS,pr=https://github.com/qianlan33333-png/AI-CRM-v2/pull/361;sha=73ada0dc67102a42d59a23098c1678ed02ff7559;tests=ci_merge-gate+ci_secret-diff;paths=commerce_workspace,method=merged_pr_ci;command=matrix_ledger_validation,UNMAPPED,UNMAPPED,UNMAPPED,UNMAPPED,UNMAPPED,UNMAPPED,UNMAPPED,NOT_EXECUTED,UNMAPPED,docs/feature-matrix.csv:LEGACY-S07-038,"Matrix is source evidence, not V2 completion evidence.",UNMAPPED,UNMAPPED,UNMAPPED,UNMAPPED,UNMAPPED,NOT_EXECUTED,NOT_EXECUTED,NOT_EXECUTED,/admin/wechat-pay/products/{product_id}/edit,打开编辑商品页,UNMAPPED,d3a66948195ed7671442bf127a0ebedb5c8beb75,UNMAPPED,UNMAPPED,UNMAPPED,UNMAPPED,UNMAPPED,UNMAPPED,UNMAPPED,UNMAPPED
LEGACY-S07-039,FEATURE_MATRIX,/admin/wechat-pay/transactions,微信支付交易,查看交易列表,GET /admin/wechat-pay/transactions,以 provider=wechat 渲染交易工作区,UNMAPPED,BACKEND_REQUIRED,UNMAPPED,IMPLEMENTED,SYNTHETIC_PASS,pr=https://github.com/qianlan33333-png/AI-CRM-v2/pull/361;sha=73ada0dc67102a42d59a23098c1678ed02ff7559;tests=ci_merge-gate+ci_secret-diff;paths=commerce_workspace,method=merged_pr_ci;command=matrix_ledger_validation,UNMAPPED,UNMAPPED,UNMAPPED,UNMAPPED,UNMAPPED,UNMAPPED,UNMAPPED,NOT_EXECUTED,UNMAPPED,docs/feature-matrix.csv:LEGACY-S07-039,"Matrix is source evidence, not V2 completion evidence.",UNMAPPED,UNMAPPED,UNMAPPED,UNMAPPED,UNMAPPED,NOT_EXECUTED,NOT_EXECUTED,NOT_EXECUTED,/admin/wechat-pay/transactions,查看交易列表,UNMAPPED,d3a66948195ed7671442bf127a0ebedb5c8beb75,UNMAPPED,UNMAPPED,UNMAPPED,UNMAPPED,UNMAPPED,UNMAPPED,UNMAPPED,UNMAPPED
LEGACY-S07-040,FEATURE_MATRIX,/admin/wechat-pay/transactions/{order_id},微信支付交易,查看单笔交易详情,GET /admin/wechat-pay/transactions/{order_id},读取交易并渲染详情；找不到时返回 404,UNMAPPED,BACKEND_REQUIRED,UNMAPPED,IMPLEMENTED,SYNTHETIC_PASS,pr=https://github.com/qianlan33333-png/AI-CRM-v2/pull/361;sha=73ada0dc67102a42d59a23098c1678ed02ff7559;tests=ci_merge-gate+ci_secret-diff;paths=commerce_workspace,method=merged_pr_ci;command=matrix_ledger_validation,UNMAPPED,UNMAPPED,UNMAPPED,UNMAPPED,UNMAPPED,UNMAPPED,UNMAPPED,NOT_EXECUTED,UNMAPPED,docs/feature-matrix.csv:LEGACY-S07-040,"Matrix is source evidence, not V2 completion evidence.",UNMAPPED,UNMAPPED,UNMAPPED,UNMAPPED,UNMAPPED,NOT_EXECUTED,NOT_EXECUTED,NOT_EXECUTED,/admin/wechat-pay/transactions/{order_id},查看单笔交易详情,UNMAPPED,d3a66948195ed7671442bf127a0ebedb5c8beb75,UNMAPPED,UNMAPPED,UNMAPPED,UNMAPPED,UNMAPPED,UNMAPPED,UNMAPPED,UNMAPPED
LEGACY-S07-041,FEATURE_MATRIX,/admin/wechat-shop/transactions,微信小店交易,查看交易列表,GET /admin/wechat-shop/transactions,以 provider=wechat_shop 渲染交易工作区,UNMAPPED,BACKEND_REQUIRED,UNMAPPED,IMPLEMENTED,SYNTHETIC_PASS,pr=https://github.com/qianlan33333-png/AI-CRM-v2/pull/361;sha=73ada0dc67102a42d59a23098c1678ed02ff7559;tests=ci_merge-gate+ci_secret-diff;paths=commerce_workspace,method=merged_pr_ci;command=matrix_ledger_validation,UNMAPPED,UNMAPPED,UNMAPPED,UNMAPPED,UNMAPPED,UNMAPPED,UNMAPPED,NOT_EXECUTED,UNMAPPED,docs/feature-matrix.csv:LEGACY-S07-041,"Matrix is source evidence, not V2 completion evidence.",UNMAPPED,UNMAPPED,UNMAPPED,UNMAPPED,UNMAPPED,NOT_EXECUTED,NOT_EXECUTED,NOT_EXECUTED,/admin/wechat-shop/transactions,查看交易列表,UNMAPPED,d3a66948195ed7671442bf127a0ebedb5c8beb75,UNMAPPED,UNMAPPED,UNMAPPED,UNMAPPED,UNMAPPED,UNMAPPED,UNMAPPED,UNMAPPED
LEGACY-S07-042,FEATURE_MATRIX,/admin/wechat-shop/transactions/{order_id},微信小店交易,查看单笔交易详情,GET /admin/wechat-shop/transactions/{order_id},读取交易并渲染详情；找不到时返回 404,UNMAPPED,BACKEND_REQUIRED,UNMAPPED,IMPLEMENTED,SYNTHETIC_PASS,pr=https://github.com/qianlan33333-png/AI-CRM-v2/pull/361;sha=73ada0dc67102a42d59a23098c1678ed02ff7559;tests=ci_merge-gate+ci_secret-diff;paths=commerce_workspace,method=merged_pr_ci;command=matrix_ledger_validation,UNMAPPED,UNMAPPED,UNMAPPED,UNMAPPED,UNMAPPED,UNMAPPED,UNMAPPED,NOT_EXECUTED,UNMAPPED,docs/feature-matrix.csv:LEGACY-S07-042,"Matrix is source evidence, not V2 completion evidence.",UNMAPPED,UNMAPPED,UNMAPPED,UNMAPPED,UNMAPPED,NOT_EXECUTED,NOT_EXECUTED,NOT_EXECUTED,/admin/wechat-shop/transactions/{order_id},查看单笔交易详情,UNMAPPED,d3a66948195ed7671442bf127a0ebedb5c8beb75,UNMAPPED,UNMAPPED,UNMAPPED,UNMAPPED,UNMAPPED,UNMAPPED,UNMAPPED,UNMAPPED
LEGACY-S07-043,FEATURE_MATRIX,/shared/service-period-member-grid,周期商品公开分享,打开只读会员数据网格,GET /shared/service-period-member-grid; GET /api/public/service-period-member-grid/bootstrap; POST /api/public/service-period-member-grid/query,渲染 private no-store 的公开只读页面，从 URL fragment 取得分享 token，并用它加载 bootstrap 与只读分页,UNMAPPED,BACKEND_REQUIRED,UNMAPPED,NOT_STARTED,NOT_RUN,UNMAPPED,UNMAPPED,UNMAPPED,UNMAPPED,UNMAPPED,UNMAPPED,UNMAPPED,UNMAPPED,UNMAPPED,NOT_EXECUTED,UNMAPPED,docs/feature-matrix.csv:LEGACY-S07-043,"Matrix is source evidence, not V2 completion evidence.",UNMAPPED,UNMAPPED,UNMAPPED,UNMAPPED,UNMAPPED,NOT_EXECUTED,NOT_EXECUTED,NOT_EXECUTED,/shared/service-period-member-grid,打开只读会员数据网格,UNMAPPED,d3a66948195ed7671442bf127a0ebedb5c8beb75,UNMAPPED,UNMAPPED,UNMAPPED,UNMAPPED,UNMAPPED,UNMAPPED,UNMAPPED,UNMAPPED
LEGACY-S07-044,FEATURE_MATRIX,/admin/attachment-library,附件素材库,按关键词或启停状态刷新附件列表,GET /api/admin/attachment-library,客户端重绘匹配的附件卡片,UNMAPPED,BACKEND_REQUIRED,UNMAPPED,IMPLEMENTED,SYNTHETIC_PASS,pr=/pull/399;sha=682c0a6e822f506a3b3d275eb37f1a91dad77fa0;tests=ci;paths=api,method=ci;command=contract,UNMAPPED,UNMAPPED,UNMAPPED,UNMAPPED,UNMAPPED,UNMAPPED,UNMAPPED,NOT_EXECUTED,UNMAPPED,docs/feature-matrix.csv:LEGACY-S07-044,"Matrix is source evidence, not V2 completion evidence.",UNMAPPED,UNMAPPED,UNMAPPED,UNMAPPED,UNMAPPED,NOT_EXECUTED,NOT_EXECUTED,NOT_EXECUTED,/admin/attachment-library,按关键词或启停状态刷新附件列表,UNMAPPED,d3a66948195ed7671442bf127a0ebedb5c8beb75,UNMAPPED,UNMAPPED,UNMAPPED,UNMAPPED,UNMAPPED,UNMAPPED,UNMAPPED,UNMAPPED
LEGACY-S07-045,FEATURE_MATRIX,/admin/attachment-library,附件素材库,上传附件素材,POST /api/admin/attachment-library/upload,成功响应后显示新增素材并刷新列表,UNMAPPED,BACKEND_REQUIRED,UNMAPPED,IMPLEMENTED,SYNTHETIC_PASS,pr=/pull/399;sha=682c0a6e822f506a3b3d275eb37f1a91dad77fa0;tests=ci;paths=api,method=ci;command=contract,UNMAPPED,UNMAPPED,UNMAPPED,UNMAPPED,UNMAPPED,UNMAPPED,UNMAPPED,NOT_EXECUTED,UNMAPPED,docs/feature-matrix.csv:LEGACY-S07-045,"Matrix is source evidence, not V2 completion evidence.",UNMAPPED,UNMAPPED,UNMAPPED,UNMAPPED,UNMAPPED,NOT_EXECUTED,NOT_EXECUTED,NOT_EXECUTED,/admin/attachment-library,上传附件素材,UNMAPPED,d3a66948195ed7671442bf127a0ebedb5c8beb75,UNMAPPED,UNMAPPED,UNMAPPED,UNMAPPED,UNMAPPED,UNMAPPED,UNMAPPED,UNMAPPED
LEGACY-S07-046,FEATURE_MATRIX,/admin/attachment-library,附件素材库,保存附件名称和标签,PUT /api/admin/attachment-library/{attachment_id},成功响应后显示已保存并刷新列表,UNMAPPED,BACKEND_REQUIRED,UNMAPPED,IMPLEMENTED,SYNTHETIC_PASS,pr=/pull/399;sha=682c0a6e822f506a3b3d275eb37f1a91dad77fa0;tests=ci;paths=api,method=ci;command=contract,UNMAPPED,UNMAPPED,UNMAPPED,UNMAPPED,UNMAPPED,UNMAPPED,UNMAPPED,NOT_EXECUTED,UNMAPPED,docs/feature-matrix.csv:LEGACY-S07-046,"Matrix is source evidence, not V2 completion evidence.",UNMAPPED,UNMAPPED,UNMAPPED,UNMAPPED,UNMAPPED,NOT_EXECUTED,NOT_EXECUTED,NOT_EXECUTED,/admin/attachment-library,保存附件名称和标签,UNMAPPED,d3a66948195ed7671442bf127a0ebedb5c8beb75,UNMAPPED,UNMAPPED,UNMAPPED,UNMAPPED,UNMAPPED,UNMAPPED,UNMAPPED,UNMAPPED
LEGACY-S07-047,FEATURE_MATRIX,/admin/attachment-library,附件素材库,启用或停用附件,PUT /api/admin/attachment-library/{attachment_id},成功响应后更新启停文案并刷新列表,UNMAPPED,BACKEND_REQUIRED,UNMAPPED,IMPLEMENTED,SYNTHETIC_PASS,pr=/pull/399;sha=682c0a6e822f506a3b3d275eb37f1a91dad77fa0;tests=ci;paths=api,method=ci;command=contract,UNMAPPED,UNMAPPED,UNMAPPED,UNMAPPED,UNMAPPED,UNMAPPED,UNMAPPED,NOT_EXECUTED,UNMAPPED,docs/feature-matrix.csv:LEGACY-S07-047,"Matrix is source evidence, not V2 completion evidence.",UNMAPPED,UNMAPPED,UNMAPPED,UNMAPPED,UNMAPPED,NOT_EXECUTED,NOT_EXECUTED,NOT_EXECUTED,/admin/attachment-library,启用或停用附件,UNMAPPED,d3a66948195ed7671442bf127a0ebedb5c8beb75,UNMAPPED,UNMAPPED,UNMAPPED,UNMAPPED,UNMAPPED,UNMAPPED,UNMAPPED,UNMAPPED
LEGACY-S07-048,FEATURE_MATRIX,/admin/attachment-library,附件素材库,删除附件,DELETE /api/admin/attachment-library/{attachment_id},确认后成功响应会刷新列表并关闭编辑窗,UNMAPPED,BACKEND_REQUIRED,UNMAPPED,IMPLEMENTED,SYNTHETIC_PASS,pr=/pull/399;sha=682c0a6e822f506a3b3d275eb37f1a91dad77fa0;tests=ci;paths=api,method=ci;command=contract,UNMAPPED,UNMAPPED,UNMAPPED,UNMAPPED,UNMAPPED,UNMAPPED,UNMAPPED,NOT_EXECUTED,UNMAPPED,docs/feature-matrix.csv:LEGACY-S07-048,"Matrix is source evidence, not V2 completion evidence.",UNMAPPED,UNMAPPED,UNMAPPED,UNMAPPED,UNMAPPED,NOT_EXECUTED,NOT_EXECUTED,NOT_EXECUTED,/admin/attachment-library,删除附件,UNMAPPED,d3a66948195ed7671442bf127a0ebedb5c8beb75,UNMAPPED,UNMAPPED,UNMAPPED,UNMAPPED,UNMAPPED,UNMAPPED,UNMAPPED,UNMAPPED
LEGACY-S07-049,FEATURE_MATRIX,/admin/image-library,图片素材库,按筛选或滚动分页加载图片与分类面板,GET /api/admin/image-library; GET /api/admin/image-library/facets,客户端加载筛选维度并渲染图片分页结果,UNMAPPED,BACKEND_REQUIRED,UNMAPPED,IMPLEMENTED,SYNTHETIC_PASS,sha=435fa46c5daf49da694085dd3f2132c66ed2435b;pr=https://github.com/qianlan33333-png/AI-CRM-v2/pull/254;backend_merges=d81ba86bde4752fe6d3e402f7bf5bebf007db600+b73aa59276cdb4dc6075ca87fdf3c97f40cd9cf3;tests=web/src/image-library.test.ts+web/src/image-library-ui.test.tsx+acceptance/media/image_facets_integration_test.go;paths=web/src/image-library.ts+web/src/image-library-ui.tsx+cmd/aicrm/legacy_image_list_api.go,method=web_transport_unit_and_PG_read_projection;command=npm_run_ci+make_feature-matrix-contract,UNMAPPED,UNMAPPED,UNMAPPED,UNMAPPED,UNMAPPED,UNMAPPED,UNMAPPED,NOT_EXECUTED,UNMAPPED,docs/feature-matrix.csv:LEGACY-S07-049,"Matrix is source evidence, not V2 completion evidence.",UNMAPPED,UNMAPPED,UNMAPPED,UNMAPPED,UNMAPPED,NOT_EXECUTED,NOT_EXECUTED,NOT_EXECUTED,/admin/image-library,按筛选或滚动分页加载图片与分类面板,UNMAPPED,d3a66948195ed7671442bf127a0ebedb5c8beb75,UNMAPPED,UNMAPPED,UNMAPPED,UNMAPPED,UNMAPPED,UNMAPPED,UNMAPPED,UNMAPPED
LEGACY-S07-050,FEATURE_MATRIX,/admin/image-library,图片素材库,上传图片素材,POST /api/admin/image-library/upload,成功响应后显示新增图片并重新加载筛选和列表,UNMAPPED,BACKEND_REQUIRED,UNMAPPED,IMPLEMENTED,SYNTHETIC_PASS,sha=99304543057ed52da4802c3c969a85bb01fb0a87;pr=https://github.com/qianlan33333-png/AI-CRM-v2/pull/209;tests=legacy_upload_envelope_auth_and_real_PG_UoW;paths=cmd/aicrm/legacy_media_api_test.go+internal/media,method=focused_normal_boundary_error_and_PG16;command=make_p4-h01a1-media-acceptance,UNMAPPED,UNMAPPED,UNMAPPED,UNMAPPED,UNMAPPED,UNMAPPED,UNMAPPED,NOT_EXECUTED,UNMAPPED,docs/feature-matrix.csv:LEGACY-S07-050,"Matrix is source evidence, not V2 completion evidence.",UNMAPPED,UNMAPPED,UNMAPPED,UNMAPPED,UNMAPPED,NOT_EXECUTED,NOT_EXECUTED,NOT_EXECUTED,/admin/image-library,上传图片素材,UNMAPPED,d3a66948195ed7671442bf127a0ebedb5c8beb75,UNMAPPED,UNMAPPED,UNMAPPED,UNMAPPED,UNMAPPED,UNMAPPED,UNMAPPED,UNMAPPED
LEGACY-S07-051,FEATURE_MATRIX,/admin/image-library,图片素材库,保存图片元数据,PUT /api/admin/image-library/{image_id},成功响应后显示已保存并重新加载列表,UNMAPPED,BACKEND_REQUIRED,UNMAPPED,IMPLEMENTED,SYNTHETIC_PASS,pr=https://github.com/qianlan33333-png/AI-CRM-v2/pull/258;sha=0a47cab39bdbbca889a5341a13da4f5d3e01a81b;tests=cmd/aicrm/legacy_image_update_api_test.go+internal/media/app/update_test.go+acceptance/media/image_update_0364_integration_test.go;paths=cmd/aicrm/legacy_image_update_api.go+internal/media/app/update.go+internal/media/store/update_repository.go,method=focused_router_service_and_PG16;command=go test ./cmd/aicrm ./internal/media/app ./acceptance/media && make feature-matrix-contract,UNMAPPED,UNMAPPED,UNMAPPED,UNMAPPED,UNMAPPED,UNMAPPED,UNMAPPED,NOT_EXECUTED,UNMAPPED,docs/feature-matrix.csv:LEGACY-S07-051,"Matrix is source evidence, not V2 completion evidence.",UNMAPPED,UNMAPPED,UNMAPPED,UNMAPPED,UNMAPPED,NOT_EXECUTED,NOT_EXECUTED,NOT_EXECUTED,/admin/image-library,保存图片元数据,UNMAPPED,d3a66948195ed7671442bf127a0ebedb5c8beb75,UNMAPPED,UNMAPPED,UNMAPPED,UNMAPPED,UNMAPPED,UNMAPPED,UNMAPPED,UNMAPPED
LEGACY-S07-052,FEATURE_MATRIX,/admin/image-library,图片素材库,启用或停用图片,PUT /api/admin/image-library/{image_id},成功响应后更新启停状态并重新加载列表,UNMAPPED,BACKEND_REQUIRED,UNMAPPED,IMPLEMENTED,SYNTHETIC_PASS,pr=https://github.com/qianlan33333-png/AI-CRM-v2/pull/258;sha=0a47cab39bdbbca889a5341a13da4f5d3e01a81b;tests=cmd/aicrm/legacy_image_update_api_test.go+internal/media/app/update_test.go+acceptance/media/image_update_0364_integration_test.go;paths=cmd/aicrm/legacy_image_update_api.go+internal/media/app/update.go+internal/media/store/update_repository.go,method=focused_router_service_and_PG16;command=go test ./cmd/aicrm ./internal/media/app ./acceptance/media && make feature-matrix-contract,UNMAPPED,UNMAPPED,UNMAPPED,UNMAPPED,UNMAPPED,UNMAPPED,UNMAPPED,NOT_EXECUTED,UNMAPPED,docs/feature-matrix.csv:LEGACY-S07-052,"Matrix is source evidence, not V2 completion evidence.",UNMAPPED,UNMAPPED,UNMAPPED,UNMAPPED,UNMAPPED,NOT_EXECUTED,NOT_EXECUTED,NOT_EXECUTED,/admin/image-library,启用或停用图片,UNMAPPED,d3a66948195ed7671442bf127a0ebedb5c8beb75,UNMAPPED,UNMAPPED,UNMAPPED,UNMAPPED,UNMAPPED,UNMAPPED,UNMAPPED,UNMAPPED
LEGACY-S07-053,FEATURE_MATRIX,/admin/image-library,图片素材库,删除图片（必要时强制删除）,DELETE /api/admin/image-library/{image_id},确认后成功响应会从列表移除图片,UNMAPPED,BACKEND_REQUIRED,UNMAPPED,IMPLEMENTED,SYNTHETIC_PASS,pr=https://github.com/qianlan33333-png/AI-CRM-v2/pull/263;sha=814b23efbce2d231481cd230cfa9e8c2d3ced9b8;tests=cmd/aicrm/legacy_image_delete_api_test.go+internal/media/app/delete_test.go+acceptance/media/image_delete_0362_integration_test.go;paths=cmd/aicrm/legacy_image_delete_api.go+internal/media/app/delete.go+internal/media/store/delete_repository.go,method=focused_router_service_and_PG16;command=go test ./cmd/aicrm ./internal/media/app ./acceptance/media && make feature-matrix-contract,UNMAPPED,UNMAPPED,UNMAPPED,UNMAPPED,UNMAPPED,UNMAPPED,UNMAPPED,NOT_EXECUTED,UNMAPPED,docs/feature-matrix.csv:LEGACY-S07-053,"Matrix is source evidence, not V2 completion evidence.",UNMAPPED,UNMAPPED,UNMAPPED,UNMAPPED,UNMAPPED,NOT_EXECUTED,NOT_EXECUTED,NOT_EXECUTED,/admin/image-library,删除图片（必要时强制删除）,UNMAPPED,d3a66948195ed7671442bf127a0ebedb5c8beb75,UNMAPPED,UNMAPPED,UNMAPPED,UNMAPPED,UNMAPPED,UNMAPPED,UNMAPPED,UNMAPPED
LEGACY-S07-054,FEATURE_MATRIX,/admin/miniprogram-library,小程序素材库,刷新小程序素材列表,GET /api/admin/miniprogram-library,客户端重绘小程序素材列表,UNMAPPED,BACKEND_REQUIRED,UNMAPPED,IMPLEMENTED,SYNTHETIC_PASS,sha=95cd686e69efdca97a3f7b05f1461176e096edfa;pr=https://github.com/qianlan33333-png/AI-CRM-v2/pull/253;backend_merge=f10fda7f7069048b9b456a71a2f9545be28c6dc1;routes=LEGACY-API-0054+0390-0395;tests=web/src/main.test.tsx+web/src/miniprogram-library-ui.test.tsx+web/src/miniprogram-library.test.ts+PG16_14_up_down_up+repository_UoW_receipt_event_concurrency+HTTP_RBAC_CSRF+OpenAPI_generated;paths=cmd/aicrm/legacy_miniprogram_api.go+internal/media+migrations/00045_media_miniprogram_library.sql+web/src/main.tsx+web/src/miniprogram-library-ui.tsx;external_gate=historical_preflight_and_reconciliation;no_provider_execution=true,method=PG16_14_44_45_44_45+race+web;command=make_p4-miniprogram-library-ab-acceptance+go_test_race_internal_media_cmd_aicrm+npm_run_ci,UNMAPPED,UNMAPPED,UNMAPPED,UNMAPPED,UNMAPPED,UNMAPPED,UNMAPPED,NOT_EXECUTED,UNMAPPED,docs/feature-matrix.csv:LEGACY-S07-054,"Matrix is source evidence, not V2 completion evidence.",UNMAPPED,UNMAPPED,UNMAPPED,UNMAPPED,UNMAPPED,NOT_EXECUTED,NOT_EXECUTED,NOT_EXECUTED,/admin/miniprogram-library,刷新小程序素材列表,UNMAPPED,d3a66948195ed7671442bf127a0ebedb5c8beb75,UNMAPPED,UNMAPPED,UNMAPPED,UNMAPPED,UNMAPPED,UNMAPPED,UNMAPPED,UNMAPPED
LEGACY-S07-055,FEATURE_MATRIX,/admin/miniprogram-library,小程序素材库,新建小程序素材,POST /api/admin/miniprogram-library,成功响应后显示新建结果并刷新列表,UNMAPPED,BACKEND_REQUIRED,UNMAPPED,IMPLEMENTED,SYNTHETIC_PASS,sha=95cd686e69efdca97a3f7b05f1461176e096edfa;pr=https://github.com/qianlan33333-png/AI-CRM-v2/pull/253;backend_merge=f10fda7f7069048b9b456a71a2f9545be28c6dc1;routes=LEGACY-API-0054+0390-0395;tests=web/src/main.test.tsx+web/src/miniprogram-library-ui.test.tsx+web/src/miniprogram-library.test.ts+PG16_14_up_down_up+repository_UoW_receipt_event_concurrency+HTTP_RBAC_CSRF+OpenAPI_generated;paths=cmd/aicrm/legacy_miniprogram_api.go+internal/media+migrations/00045_media_miniprogram_library.sql+web/src/main.tsx+web/src/miniprogram-library-ui.tsx;external_gate=historical_preflight_and_reconciliation;no_provider_execution=true,method=PG16_14_44_45_44_45+race+web;command=make_p4-miniprogram-library-ab-acceptance+go_test_race_internal_media_cmd_aicrm+npm_run_ci,UNMAPPED,UNMAPPED,UNMAPPED,UNMAPPED,UNMAPPED,UNMAPPED,UNMAPPED,NOT_EXECUTED,UNMAPPED,docs/feature-matrix.csv:LEGACY-S07-055,"Matrix is source evidence, not V2 completion evidence.",UNMAPPED,UNMAPPED,UNMAPPED,UNMAPPED,UNMAPPED,NOT_EXECUTED,NOT_EXECUTED,NOT_EXECUTED,/admin/miniprogram-library,新建小程序素材,UNMAPPED,d3a66948195ed7671442bf127a0ebedb5c8beb75,UNMAPPED,UNMAPPED,UNMAPPED,UNMAPPED,UNMAPPED,UNMAPPED,UNMAPPED,UNMAPPED
LEGACY-S07-056,FEATURE_MATRIX,/admin/miniprogram-library,小程序素材库,为小程序选择器上传缩略图,POST /api/admin/image-library/upload,成功响应返回图片素材 ID，供当前小程序表单保留,UNMAPPED,BACKEND_REQUIRED,UNMAPPED,IMPLEMENTED,SYNTHETIC_PASS,sha=99304543057ed52da4802c3c969a85bb01fb0a87;pr=https://github.com/qianlan33333-png/AI-CRM-v2/pull/209;tests=image_picker_minimal_item_id_contract_and_real_PG_UoW;paths=api/openapi.yaml+cmd/aicrm/legacy_api.go+internal/media,method=focused_normal_boundary_error_and_PG16;command=make_p4-h01a1-media-acceptance,UNMAPPED,UNMAPPED,UNMAPPED,UNMAPPED,UNMAPPED,UNMAPPED,UNMAPPED,NOT_EXECUTED,UNMAPPED,docs/feature-matrix.csv:LEGACY-S07-056,"Matrix is source evidence, not V2 completion evidence.",UNMAPPED,UNMAPPED,UNMAPPED,UNMAPPED,UNMAPPED,NOT_EXECUTED,NOT_EXECUTED,NOT_EXECUTED,/admin/miniprogram-library,为小程序选择器上传缩略图,UNMAPPED,d3a66948195ed7671442bf127a0ebedb5c8beb75,UNMAPPED,UNMAPPED,UNMAPPED,UNMAPPED,UNMAPPED,UNMAPPED,UNMAPPED,UNMAPPED
LEGACY-S07-057,FEATURE_MATRIX,/admin/miniprogram-library,小程序素材库,保存小程序名称、AppID或封面,PUT /api/admin/miniprogram-library/{item_id},成功响应后显示已保存并刷新列表,UNMAPPED,BACKEND_REQUIRED,UNMAPPED,IMPLEMENTED,SYNTHETIC_PASS,sha=95cd686e69efdca97a3f7b05f1461176e096edfa;pr=https://github.com/qianlan33333-png/AI-CRM-v2/pull/253;backend_merge=f10fda7f7069048b9b456a71a2f9545be28c6dc1;routes=LEGACY-API-0054+0390-0395;tests=web/src/main.test.tsx+web/src/miniprogram-library-ui.test.tsx+web/src/miniprogram-library.test.ts+PG16_14_up_down_up+repository_UoW_receipt_event_concurrency+HTTP_RBAC_CSRF+OpenAPI_generated;paths=cmd/aicrm/legacy_miniprogram_api.go+internal/media+migrations/00045_media_miniprogram_library.sql+web/src/main.tsx+web/src/miniprogram-library-ui.tsx;external_gate=historical_preflight_and_reconciliation;no_provider_execution=true,method=PG16_14_44_45_44_45+race+web;command=make_p4-miniprogram-library-ab-acceptance+go_test_race_internal_media_cmd_aicrm+npm_run_ci,UNMAPPED,UNMAPPED,UNMAPPED,UNMAPPED,UNMAPPED,UNMAPPED,UNMAPPED,NOT_EXECUTED,UNMAPPED,docs/feature-matrix.csv:LEGACY-S07-057,"Matrix is source evidence, not V2 completion evidence.",UNMAPPED,UNMAPPED,UNMAPPED,UNMAPPED,UNMAPPED,NOT_EXECUTED,NOT_EXECUTED,NOT_EXECUTED,/admin/miniprogram-library,保存小程序名称、AppID或封面,UNMAPPED,d3a66948195ed7671442bf127a0ebedb5c8beb75,UNMAPPED,UNMAPPED,UNMAPPED,UNMAPPED,UNMAPPED,UNMAPPED,UNMAPPED,UNMAPPED
LEGACY-S07-058,FEATURE_MATRIX,/admin/miniprogram-library,小程序素材库,启用或停用小程序素材,PUT /api/admin/miniprogram-library/{item_id},成功响应后更新启停文案,UNMAPPED,BACKEND_REQUIRED,UNMAPPED,IMPLEMENTED,SYNTHETIC_PASS,sha=95cd686e69efdca97a3f7b05f1461176e096edfa;pr=https://github.com/qianlan33333-png/AI-CRM-v2/pull/253;backend_merge=f10fda7f7069048b9b456a71a2f9545be28c6dc1;routes=LEGACY-API-0054+0390-0395;tests=web/src/main.test.tsx+web/src/miniprogram-library-ui.test.tsx+web/src/miniprogram-library.test.ts+PG16_14_up_down_up+repository_UoW_receipt_event_concurrency+HTTP_RBAC_CSRF+OpenAPI_generated;paths=cmd/aicrm/legacy_miniprogram_api.go+internal/media+migrations/00045_media_miniprogram_library.sql+web/src/main.tsx+web/src/miniprogram-library-ui.tsx;external_gate=historical_preflight_and_reconciliation;no_provider_execution=true,method=PG16_14_44_45_44_45+race+web;command=make_p4-miniprogram-library-ab-acceptance+go_test_race_internal_media_cmd_aicrm+npm_run_ci,UNMAPPED,UNMAPPED,UNMAPPED,UNMAPPED,UNMAPPED,UNMAPPED,UNMAPPED,NOT_EXECUTED,UNMAPPED,docs/feature-matrix.csv:LEGACY-S07-058,"Matrix is source evidence, not V2 completion evidence.",UNMAPPED,UNMAPPED,UNMAPPED,UNMAPPED,UNMAPPED,NOT_EXECUTED,NOT_EXECUTED,NOT_EXECUTED,/admin/miniprogram-library,启用或停用小程序素材,UNMAPPED,d3a66948195ed7671442bf127a0ebedb5c8beb75,UNMAPPED,UNMAPPED,UNMAPPED,UNMAPPED,UNMAPPED,UNMAPPED,UNMAPPED,UNMAPPED
LEGACY-S07-059,FEATURE_MATRIX,/admin/miniprogram-library,小程序素材库,测试解析小程序封面,POST /api/admin/miniprogram-library/{item_id}/test-resolve,客户端显示返回的 thumb_media_id 或错误,UNMAPPED,BACKEND_REQUIRED,UNMAPPED,IMPLEMENTED,SYNTHETIC_PASS,sha=95cd686e69efdca97a3f7b05f1461176e096edfa;pr=https://github.com/qianlan33333-png/AI-CRM-v2/pull/253;backend_merge=f10fda7f7069048b9b456a71a2f9545be28c6dc1;routes=LEGACY-API-0054+0390-0395;tests=web/src/main.test.tsx+web/src/miniprogram-library-ui.test.tsx+web/src/miniprogram-library.test.ts+PG16_14_up_down_up+repository_UoW_receipt_event_concurrency+HTTP_RBAC_CSRF+OpenAPI_generated;paths=cmd/aicrm/legacy_miniprogram_api.go+internal/media+migrations/00045_media_miniprogram_library.sql+web/src/main.tsx+web/src/miniprogram-library-ui.tsx;external_gate=historical_preflight_and_reconciliation;no_provider_execution=true,method=PG16_14_44_45_44_45+race+web;command=make_p4-miniprogram-library-ab-acceptance+go_test_race_internal_media_cmd_aicrm+npm_run_ci,UNMAPPED,UNMAPPED,UNMAPPED,UNMAPPED,UNMAPPED,UNMAPPED,UNMAPPED,NOT_EXECUTED,UNMAPPED,docs/feature-matrix.csv:LEGACY-S07-059,"Matrix is source evidence, not V2 completion evidence.",UNMAPPED,UNMAPPED,UNMAPPED,UNMAPPED,UNMAPPED,NOT_EXECUTED,NOT_EXECUTED,NOT_EXECUTED,/admin/miniprogram-library,测试解析小程序封面,UNMAPPED,d3a66948195ed7671442bf127a0ebedb5c8beb75,UNMAPPED,UNMAPPED,UNMAPPED,UNMAPPED,UNMAPPED,UNMAPPED,UNMAPPED,UNMAPPED
LEGACY-S07-060,FEATURE_MATRIX,/admin/miniprogram-library,小程序素材库,删除小程序素材,DELETE /api/admin/miniprogram-library/{item_id},确认后成功响应会刷新素材列表,UNMAPPED,BACKEND_REQUIRED,UNMAPPED,IMPLEMENTED,SYNTHETIC_PASS,sha=95cd686e69efdca97a3f7b05f1461176e096edfa;pr=https://github.com/qianlan33333-png/AI-CRM-v2/pull/253;backend_merge=f10fda7f7069048b9b456a71a2f9545be28c6dc1;routes=LEGACY-API-0054+0390-0395;tests=web/src/main.test.tsx+web/src/miniprogram-library-ui.test.tsx+web/src/miniprogram-library.test.ts+PG16_14_up_down_up+repository_UoW_receipt_event_concurrency+HTTP_RBAC_CSRF+OpenAPI_generated;paths=cmd/aicrm/legacy_miniprogram_api.go+internal/media+migrations/00045_media_miniprogram_library.sql+web/src/main.tsx+web/src/miniprogram-library-ui.tsx;external_gate=historical_preflight_and_reconciliation;no_provider_execution=true,method=PG16_14_44_45_44_45+race+web;command=make_p4-miniprogram-library-ab-acceptance+go_test_race_internal_media_cmd_aicrm+npm_run_ci,UNMAPPED,UNMAPPED,UNMAPPED,UNMAPPED,UNMAPPED,UNMAPPED,UNMAPPED,NOT_EXECUTED,UNMAPPED,docs/feature-matrix.csv:LEGACY-S07-060,"Matrix is source evidence, not V2 completion evidence.",UNMAPPED,UNMAPPED,UNMAPPED,UNMAPPED,UNMAPPED,NOT_EXECUTED,NOT_EXECUTED,NOT_EXECUTED,/admin/miniprogram-library,删除小程序素材,UNMAPPED,d3a66948195ed7671442bf127a0ebedb5c8beb75,UNMAPPED,UNMAPPED,UNMAPPED,UNMAPPED,UNMAPPED,UNMAPPED,UNMAPPED,UNMAPPED
LEGACY-S07-061,FEATURE_MATRIX,/admin/automation-agents,自动化话术列表,刷新话术列表,GET /api/admin/automation-agents,客户端用返回的 agents 重新绘制列表,UNMAPPED,BACKEND_REQUIRED,UNMAPPED,IMPLEMENTED,SYNTHETIC_PASS,pr=https://github.com/qianlan33333-png/AI-CRM-v2/pull/226;sha=356d5445670b91e12b6c7cf9929ac74fb8f0862c;tests=cmd/aicrm/legacy_automation_agents_api_test.go+acceptance/automation/agents_ab_integration_test.go;paths=cmd/aicrm/legacy_automation_agents_api.go+internal/automation/app/agents.go+internal/automation/store/agents.go,method=focused_router_service_and_PG16;command=go test ./cmd/aicrm ./internal/automation/app ./acceptance/automation && make feature-matrix-contract,UNMAPPED,UNMAPPED,UNMAPPED,UNMAPPED,UNMAPPED,UNMAPPED,UNMAPPED,NOT_EXECUTED,UNMAPPED,docs/feature-matrix.csv:LEGACY-S07-061,"Matrix is source evidence, not V2 completion evidence.",UNMAPPED,UNMAPPED,UNMAPPED,UNMAPPED,UNMAPPED,NOT_EXECUTED,NOT_EXECUTED,NOT_EXECUTED,/admin/automation-agents,刷新话术列表,UNMAPPED,d3a66948195ed7671442bf127a0ebedb5c8beb75,UNMAPPED,UNMAPPED,UNMAPPED,UNMAPPED,UNMAPPED,UNMAPPED,UNMAPPED,UNMAPPED
LEGACY-S07-062,FEATURE_MATRIX,/admin/automation-agents,自动化话术列表,新建话术或固定脚本,POST /api/admin/automation-agents,成功响应后跳转到新话术编辑页,UNMAPPED,BACKEND_REQUIRED,UNMAPPED,IMPLEMENTED,SYNTHETIC_PASS,pr=https://github.com/qianlan33333-png/AI-CRM-v2/pull/226;sha=356d5445670b91e12b6c7cf9929ac74fb8f0862c;tests=cmd/aicrm/legacy_automation_agents_api_test.go+acceptance/automation/agents_ab_integration_test.go;paths=cmd/aicrm/legacy_automation_agents_api.go+internal/automation/app/agents.go+internal/automation/store/agents.go,method=focused_router_service_and_PG16;command=go test ./cmd/aicrm ./internal/automation/app ./acceptance/automation && make feature-matrix-contract,UNMAPPED,UNMAPPED,UNMAPPED,UNMAPPED,UNMAPPED,UNMAPPED,UNMAPPED,NOT_EXECUTED,UNMAPPED,docs/feature-matrix.csv:LEGACY-S07-062,"Matrix is source evidence, not V2 completion evidence.",UNMAPPED,UNMAPPED,UNMAPPED,UNMAPPED,UNMAPPED,NOT_EXECUTED,NOT_EXECUTED,NOT_EXECUTED,/admin/automation-agents,新建话术或固定脚本,UNMAPPED,d3a66948195ed7671442bf127a0ebedb5c8beb75,UNMAPPED,UNMAPPED,UNMAPPED,UNMAPPED,UNMAPPED,UNMAPPED,UNMAPPED,UNMAPPED
LEGACY-S07-063,FEATURE_MATRIX,/admin/automation-agents,自动化话术行,复制话术,POST /api/admin/automation-agents/{agent_id}/copy,成功响应后提示已复制并刷新列表,UNMAPPED,BACKEND_REQUIRED,UNMAPPED,IMPLEMENTED,SYNTHETIC_PASS,pr=https://github.com/qianlan33333-png/AI-CRM-v2/pull/226;sha=356d5445670b91e12b6c7cf9929ac74fb8f0862c;tests=cmd/aicrm/legacy_automation_agents_api_test.go+acceptance/automation/agents_ab_integration_test.go;paths=cmd/aicrm/legacy_automation_agents_api.go+internal/automation/app/agents.go+internal/automation/store/agents.go,method=focused_router_service_and_PG16;command=go test ./cmd/aicrm ./internal/automation/app ./acceptance/automation && make feature-matrix-contract,UNMAPPED,UNMAPPED,UNMAPPED,UNMAPPED,UNMAPPED,UNMAPPED,UNMAPPED,NOT_EXECUTED,UNMAPPED,docs/feature-matrix.csv:LEGACY-S07-063,"Matrix is source evidence, not V2 completion evidence.",UNMAPPED,UNMAPPED,UNMAPPED,UNMAPPED,UNMAPPED,NOT_EXECUTED,NOT_EXECUTED,NOT_EXECUTED,/admin/automation-agents,复制话术,UNMAPPED,d3a66948195ed7671442bf127a0ebedb5c8beb75,UNMAPPED,UNMAPPED,UNMAPPED,UNMAPPED,UNMAPPED,UNMAPPED,UNMAPPED,UNMAPPED
LEGACY-S07-064,FEATURE_MATRIX,/admin/automation-agents,自动化话术行,暂停话术,POST /api/admin/automation-agents/{agent_id}/pause,成功响应后刷新行状态,UNMAPPED,BACKEND_REQUIRED,UNMAPPED,IMPLEMENTED,SYNTHETIC_PASS,pr=https://github.com/qianlan33333-png/AI-CRM-v2/pull/226;sha=356d5445670b91e12b6c7cf9929ac74fb8f0862c;tests=cmd/aicrm/legacy_automation_agents_api_test.go+acceptance/automation/agents_ab_integration_test.go;paths=cmd/aicrm/legacy_automation_agents_api.go+internal/automation/app/agents.go+internal/automation/store/agents.go,method=focused_router_service_and_PG16;command=go test ./cmd/aicrm ./internal/automation/app ./acceptance/automation && make feature-matrix-contract,UNMAPPED,UNMAPPED,UNMAPPED,UNMAPPED,UNMAPPED,UNMAPPED,UNMAPPED,NOT_EXECUTED,UNMAPPED,docs/feature-matrix.csv:LEGACY-S07-064,"Matrix is source evidence, not V2 completion evidence.",UNMAPPED,UNMAPPED,UNMAPPED,UNMAPPED,UNMAPPED,NOT_EXECUTED,NOT_EXECUTED,NOT_EXECUTED,/admin/automation-agents,暂停话术,UNMAPPED,d3a66948195ed7671442bf127a0ebedb5c8beb75,UNMAPPED,UNMAPPED,UNMAPPED,UNMAPPED,UNMAPPED,UNMAPPED,UNMAPPED,UNMAPPED
LEGACY-S07-065,FEATURE_MATRIX,/admin/automation-agents,自动化话术行,激活话术,POST /api/admin/automation-agents/{agent_id}/activate,成功响应后刷新行状态,UNMAPPED,BACKEND_REQUIRED,UNMAPPED,IMPLEMENTED,SYNTHETIC_PASS,pr=https://github.com/qianlan33333-png/AI-CRM-v2/pull/226;sha=356d5445670b91e12b6c7cf9929ac74fb8f0862c;tests=cmd/aicrm/legacy_automation_agents_api_test.go+acceptance/automation/agents_ab_integration_test.go;paths=cmd/aicrm/legacy_automation_agents_api.go+internal/automation/app/agents.go+internal/automation/store/agents.go,method=focused_router_service_and_PG16;command=go test ./cmd/aicrm ./internal/automation/app ./acceptance/automation && make feature-matrix-contract,UNMAPPED,UNMAPPED,UNMAPPED,UNMAPPED,UNMAPPED,UNMAPPED,UNMAPPED,NOT_EXECUTED,UNMAPPED,docs/feature-matrix.csv:LEGACY-S07-065,"Matrix is source evidence, not V2 completion evidence.",UNMAPPED,UNMAPPED,UNMAPPED,UNMAPPED,UNMAPPED,NOT_EXECUTED,NOT_EXECUTED,NOT_EXECUTED,/admin/automation-agents,激活话术,UNMAPPED,d3a66948195ed7671442bf127a0ebedb5c8beb75,UNMAPPED,UNMAPPED,UNMAPPED,UNMAPPED,UNMAPPED,UNMAPPED,UNMAPPED,UNMAPPED
LEGACY-S07-066,FEATURE_MATRIX,/admin/automation-agents,自动化话术行,删除话术,DELETE /api/admin/automation-agents/{agent_id},成功响应后刷新列表,UNMAPPED,BACKEND_REQUIRED,UNMAPPED,IMPLEMENTED,SYNTHETIC_PASS,pr=https://github.com/qianlan33333-png/AI-CRM-v2/pull/226;sha=356d5445670b91e12b6c7cf9929ac74fb8f0862c;tests=cmd/aicrm/legacy_automation_agents_api_test.go+acceptance/automation/agents_ab_integration_test.go;paths=cmd/aicrm/legacy_automation_agents_api.go+internal/automation/app/agents.go+internal/automation/store/agents.go,method=focused_router_service_and_PG16;command=go test ./cmd/aicrm ./internal/automation/app ./acceptance/automation && make feature-matrix-contract,UNMAPPED,UNMAPPED,UNMAPPED,UNMAPPED,UNMAPPED,UNMAPPED,UNMAPPED,NOT_EXECUTED,UNMAPPED,docs/feature-matrix.csv:LEGACY-S07-066,"Matrix is source evidence, not V2 completion evidence.",UNMAPPED,UNMAPPED,UNMAPPED,UNMAPPED,UNMAPPED,NOT_EXECUTED,NOT_EXECUTED,NOT_EXECUTED,/admin/automation-agents,删除话术,UNMAPPED,d3a66948195ed7671442bf127a0ebedb5c8beb75,UNMAPPED,UNMAPPED,UNMAPPED,UNMAPPED,UNMAPPED,UNMAPPED,UNMAPPED,UNMAPPED
LEGACY-S07-067,FEATURE_MATRIX,/admin/automation-agents/{agent_id}/edit,自动化话术编辑器,加载当前话术数据,GET /api/admin/automation-agents/{agent_id},客户端以返回数据填充编辑器,UNMAPPED,BACKEND_REQUIRED,UNMAPPED,IMPLEMENTED,SYNTHETIC_PASS,pr=https://github.com/qianlan33333-png/AI-CRM-v2/pull/226;sha=356d5445670b91e12b6c7cf9929ac74fb8f0862c;tests=cmd/aicrm/legacy_automation_agents_api_test.go+acceptance/automation/agents_ab_integration_test.go;paths=cmd/aicrm/legacy_automation_agents_api.go+internal/automation/app/agents.go+internal/automation/store/agents.go,method=focused_router_service_and_PG16;command=go test ./cmd/aicrm ./internal/automation/app ./acceptance/automation && make feature-matrix-contract,UNMAPPED,UNMAPPED,UNMAPPED,UNMAPPED,UNMAPPED,UNMAPPED,UNMAPPED,NOT_EXECUTED,UNMAPPED,docs/feature-matrix.csv:LEGACY-S07-067,"Matrix is source evidence, not V2 completion evidence.",UNMAPPED,UNMAPPED,UNMAPPED,UNMAPPED,UNMAPPED,NOT_EXECUTED,NOT_EXECUTED,NOT_EXECUTED,/admin/automation-agents/{agent_id}/edit,加载当前话术数据,UNMAPPED,d3a66948195ed7671442bf127a0ebedb5c8beb75,UNMAPPED,UNMAPPED,UNMAPPED,UNMAPPED,UNMAPPED,UNMAPPED,UNMAPPED,UNMAPPED
LEGACY-S07-068,FEATURE_MATRIX,/admin/automation-agents/{agent_id}/edit,自动化话术编辑器,保存当前配置或草稿,PATCH /api/admin/automation-agents/{agent_id},成功响应后提示已保存,UNMAPPED,BACKEND_REQUIRED,UNMAPPED,IMPLEMENTED,SYNTHETIC_PASS,pr=https://github.com/qianlan33333-png/AI-CRM-v2/pull/226;sha=356d5445670b91e12b6c7cf9929ac74fb8f0862c;tests=cmd/aicrm/legacy_automation_agents_api_test.go+acceptance/automation/agents_ab_integration_test.go;paths=cmd/aicrm/legacy_automation_agents_api.go+internal/automation/app/agents.go+internal/automation/store/agents.go,method=focused_router_service_and_PG16;command=go test ./cmd/aicrm ./internal/automation/app ./acceptance/automation && make feature-matrix-contract,UNMAPPED,UNMAPPED,UNMAPPED,UNMAPPED,UNMAPPED,UNMAPPED,UNMAPPED,NOT_EXECUTED,UNMAPPED,docs/feature-matrix.csv:LEGACY-S07-068,"Matrix is source evidence, not V2 completion evidence.",UNMAPPED,UNMAPPED,UNMAPPED,UNMAPPED,UNMAPPED,NOT_EXECUTED,NOT_EXECUTED,NOT_EXECUTED,/admin/automation-agents/{agent_id}/edit,保存当前配置或草稿,UNMAPPED,d3a66948195ed7671442bf127a0ebedb5c8beb75,UNMAPPED,UNMAPPED,UNMAPPED,UNMAPPED,UNMAPPED,UNMAPPED,UNMAPPED,UNMAPPED
LEGACY-S07-069,FEATURE_MATRIX,/admin/automation-agents/{agent_id}/edit,固定内容,保存固定素材和脚本,PUT /api/admin/automation-agents/{agent_id}/fixed-content,成功响应后提示固定内容已保存,UNMAPPED,BACKEND_REQUIRED,UNMAPPED,IMPLEMENTED,SYNTHETIC_PASS,pr=https://github.com/qianlan33333-png/AI-CRM-v2/pull/226;sha=356d5445670b91e12b6c7cf9929ac74fb8f0862c;tests=cmd/aicrm/legacy_automation_agents_api_test.go+acceptance/automation/agents_ab_integration_test.go;paths=cmd/aicrm/legacy_automation_agents_api.go+internal/automation/app/agents.go+internal/automation/store/agents.go,method=focused_router_service_and_PG16;command=go test ./cmd/aicrm ./internal/automation/app ./acceptance/automation && make feature-matrix-contract,UNMAPPED,UNMAPPED,UNMAPPED,UNMAPPED,UNMAPPED,UNMAPPED,UNMAPPED,NOT_EXECUTED,UNMAPPED,docs/feature-matrix.csv:LEGACY-S07-069,"Matrix is source evidence, not V2 completion evidence.",UNMAPPED,UNMAPPED,UNMAPPED,UNMAPPED,UNMAPPED,NOT_EXECUTED,NOT_EXECUTED,NOT_EXECUTED,/admin/automation-agents/{agent_id}/edit,保存固定素材和脚本,UNMAPPED,d3a66948195ed7671442bf127a0ebedb5c8beb75,UNMAPPED,UNMAPPED,UNMAPPED,UNMAPPED,UNMAPPED,UNMAPPED,UNMAPPED,UNMAPPED
LEGACY-S07-070,FEATURE_MATRIX,/admin/automation-agents/{agent_id}/edit,发布,保存当前配置后发布话术,PATCH /api/admin/automation-agents/{agent_id}; POST /api/admin/automation-agents/{agent_id}/publish,客户端先保存再显示发布结果,UNMAPPED,BACKEND_REQUIRED,UNMAPPED,IMPLEMENTED,SYNTHETIC_PASS,pr=https://github.com/qianlan33333-png/AI-CRM-v2/pull/226;sha=356d5445670b91e12b6c7cf9929ac74fb8f0862c;tests=cmd/aicrm/legacy_automation_agents_api_test.go+acceptance/automation/agents_ab_integration_test.go;paths=cmd/aicrm/legacy_automation_agents_api.go+internal/automation/app/agents.go+internal/automation/store/agents.go,method=focused_router_service_and_PG16;command=go test ./cmd/aicrm ./internal/automation/app ./acceptance/automation && make feature-matrix-contract,UNMAPPED,UNMAPPED,UNMAPPED,UNMAPPED,UNMAPPED,UNMAPPED,UNMAPPED,NOT_EXECUTED,UNMAPPED,docs/feature-matrix.csv:LEGACY-S07-070,"Matrix is source evidence, not V2 completion evidence.",UNMAPPED,UNMAPPED,UNMAPPED,UNMAPPED,UNMAPPED,NOT_EXECUTED,NOT_EXECUTED,NOT_EXECUTED,/admin/automation-agents/{agent_id}/edit,保存当前配置后发布话术,UNMAPPED,d3a66948195ed7671442bf127a0ebedb5c8beb75,UNMAPPED,UNMAPPED,UNMAPPED,UNMAPPED,UNMAPPED,UNMAPPED,UNMAPPED,UNMAPPED
LEGACY-S07-071,FEATURE_MATRIX,/admin/cloud-orchestrator/campaigns,Campaign 列表,按审核或运行状态刷新 Campaign 列表,GET /api/admin/cloud-orchestrator/campaigns,客户端分组并渲染返回的 Campaign,UNMAPPED,BACKEND_REQUIRED,UNMAPPED,IMPLEMENTED,SYNTHETIC_PASS,pr=/pull/392;sha=c50c3ce56f35a3ddb4f2aaef526ac18a1f3cc88a;tests=ci;paths=api,method=ci;command=contract,UNMAPPED,UNMAPPED,UNMAPPED,UNMAPPED,UNMAPPED,UNMAPPED,UNMAPPED,NOT_EXECUTED,UNMAPPED,docs/feature-matrix.csv:LEGACY-S07-071,"Matrix is source evidence, not V2 completion evidence.",UNMAPPED,UNMAPPED,UNMAPPED,UNMAPPED,UNMAPPED,NOT_EXECUTED,NOT_EXECUTED,NOT_EXECUTED,/admin/cloud-orchestrator/campaigns,按审核或运行状态刷新 Campaign 列表,UNMAPPED,d3a66948195ed7671442bf127a0ebedb5c8beb75,UNMAPPED,UNMAPPED,UNMAPPED,UNMAPPED,UNMAPPED,UNMAPPED,UNMAPPED,UNMAPPED
LEGACY-S07-072,FEATURE_MATRIX,/admin/cloud-orchestrator/campaigns,Campaign 分组,批量审批并生成启动计划,POST /api/admin/cloud-orchestrator/campaigns/batch-start,客户端显示 started、skipped、failed 计数并刷新列表,UNMAPPED,BACKEND_REQUIRED,UNMAPPED,IMPLEMENTED,SYNTHETIC_PASS,pr=/pull/392;sha=c50c3ce56f35a3ddb4f2aaef526ac18a1f3cc88a;tests=ci;paths=api,method=ci;command=contract,UNMAPPED,UNMAPPED,UNMAPPED,UNMAPPED,UNMAPPED,UNMAPPED,UNMAPPED,NOT_EXECUTED,UNMAPPED,docs/feature-matrix.csv:LEGACY-S07-072,"Matrix is source evidence, not V2 completion evidence.",UNMAPPED,UNMAPPED,UNMAPPED,UNMAPPED,UNMAPPED,NOT_EXECUTED,NOT_EXECUTED,NOT_EXECUTED,/admin/cloud-orchestrator/campaigns,批量审批并生成启动计划,UNMAPPED,d3a66948195ed7671442bf127a0ebedb5c8beb75,UNMAPPED,UNMAPPED,UNMAPPED,UNMAPPED,UNMAPPED,UNMAPPED,UNMAPPED,UNMAPPED
LEGACY-S07-073,FEATURE_MATRIX,/admin/cloud-orchestrator/campaigns,Campaign 行,打开 Campaign 详情,GET /api/admin/cloud-orchestrator/campaigns/{campaign_code},客户端打开抽屉并渲染返回的详情,UNMAPPED,BACKEND_REQUIRED,UNMAPPED,IMPLEMENTED,SYNTHETIC_PASS,pr=/pull/392;sha=c50c3ce56f35a3ddb4f2aaef526ac18a1f3cc88a;tests=ci;paths=api,method=ci;command=contract,UNMAPPED,UNMAPPED,UNMAPPED,UNMAPPED,UNMAPPED,UNMAPPED,UNMAPPED,NOT_EXECUTED,UNMAPPED,docs/feature-matrix.csv:LEGACY-S07-073,"Matrix is source evidence, not V2 completion evidence.",UNMAPPED,UNMAPPED,UNMAPPED,UNMAPPED,UNMAPPED,NOT_EXECUTED,NOT_EXECUTED,NOT_EXECUTED,/admin/cloud-orchestrator/campaigns,打开 Campaign 详情,UNMAPPED,d3a66948195ed7671442bf127a0ebedb5c8beb75,UNMAPPED,UNMAPPED,UNMAPPED,UNMAPPED,UNMAPPED,UNMAPPED,UNMAPPED,UNMAPPED
LEGACY-S07-074,FEATURE_MATRIX,/admin/cloud-orchestrator/campaigns,Campaign 节奏,新增节奏步骤,POST /api/admin/cloud-orchestrator/campaigns/{campaign_code}/steps,成功响应后重新读取详情,UNMAPPED,BACKEND_REQUIRED,UNMAPPED,IMPLEMENTED,SYNTHETIC_PASS,pr=/pull/392;sha=c50c3ce56f35a3ddb4f2aaef526ac18a1f3cc88a;tests=ci;paths=api,method=ci;command=contract,UNMAPPED,UNMAPPED,UNMAPPED,UNMAPPED,UNMAPPED,UNMAPPED,UNMAPPED,NOT_EXECUTED,UNMAPPED,docs/feature-matrix.csv:LEGACY-S07-074,"Matrix is source evidence, not V2 completion evidence.",UNMAPPED,UNMAPPED,UNMAPPED,UNMAPPED,UNMAPPED,NOT_EXECUTED,NOT_EXECUTED,NOT_EXECUTED,/admin/cloud-orchestrator/campaigns,新增节奏步骤,UNMAPPED,d3a66948195ed7671442bf127a0ebedb5c8beb75,UNMAPPED,UNMAPPED,UNMAPPED,UNMAPPED,UNMAPPED,UNMAPPED,UNMAPPED,UNMAPPED
LEGACY-S07-075,FEATURE_MATRIX,/admin/cloud-orchestrator/campaigns,Campaign 节奏,保存节奏步骤,PATCH /api/admin/cloud-orchestrator/campaigns/{campaign_code}/steps/{step_index},成功响应后重新读取详情,UNMAPPED,BACKEND_REQUIRED,UNMAPPED,IMPLEMENTED,SYNTHETIC_PASS,pr=/pull/392;sha=c50c3ce56f35a3ddb4f2aaef526ac18a1f3cc88a;tests=ci;paths=api,method=ci;command=contract,UNMAPPED,UNMAPPED,UNMAPPED,UNMAPPED,UNMAPPED,UNMAPPED,UNMAPPED,NOT_EXECUTED,UNMAPPED,docs/feature-matrix.csv:LEGACY-S07-075,"Matrix is source evidence, not V2 completion evidence.",UNMAPPED,UNMAPPED,UNMAPPED,UNMAPPED,UNMAPPED,NOT_EXECUTED,NOT_EXECUTED,NOT_EXECUTED,/admin/cloud-orchestrator/campaigns,保存节奏步骤,UNMAPPED,d3a66948195ed7671442bf127a0ebedb5c8beb75,UNMAPPED,UNMAPPED,UNMAPPED,UNMAPPED,UNMAPPED,UNMAPPED,UNMAPPED,UNMAPPED
LEGACY-S07-076,FEATURE_MATRIX,/admin/cloud-orchestrator/campaigns,Campaign 节奏,删除节奏步骤,DELETE /api/admin/cloud-orchestrator/campaigns/{campaign_code}/steps/{step_index},确认后成功响应会重新读取详情,UNMAPPED,BACKEND_REQUIRED,UNMAPPED,IMPLEMENTED,SYNTHETIC_PASS,pr=/pull/392;sha=c50c3ce56f35a3ddb4f2aaef526ac18a1f3cc88a;tests=ci;paths=api,method=ci;command=contract,UNMAPPED,UNMAPPED,UNMAPPED,UNMAPPED,UNMAPPED,UNMAPPED,UNMAPPED,NOT_EXECUTED,UNMAPPED,docs/feature-matrix.csv:LEGACY-S07-076,"Matrix is source evidence, not V2 completion evidence.",UNMAPPED,UNMAPPED,UNMAPPED,UNMAPPED,UNMAPPED,NOT_EXECUTED,NOT_EXECUTED,NOT_EXECUTED,/admin/cloud-orchestrator/campaigns,删除节奏步骤,UNMAPPED,d3a66948195ed7671442bf127a0ebedb5c8beb75,UNMAPPED,UNMAPPED,UNMAPPED,UNMAPPED,UNMAPPED,UNMAPPED,UNMAPPED,UNMAPPED
LEGACY-S07-077,FEATURE_MATRIX,/admin/cloud-orchestrator/campaigns,Campaign 审核,批准 Campaign,POST /api/admin/cloud-orchestrator/campaigns/{campaign_code}/approve,客户端显示 command_id 并刷新详情和列表,UNMAPPED,BACKEND_REQUIRED,UNMAPPED,IMPLEMENTED,SYNTHETIC_PASS,pr=/pull/392;sha=c50c3ce56f35a3ddb4f2aaef526ac18a1f3cc88a;tests=ci;paths=api,method=ci;command=contract,UNMAPPED,UNMAPPED,UNMAPPED,UNMAPPED,UNMAPPED,UNMAPPED,UNMAPPED,NOT_EXECUTED,UNMAPPED,docs/feature-matrix.csv:LEGACY-S07-077,"Matrix is source evidence, not V2 completion evidence.",UNMAPPED,UNMAPPED,UNMAPPED,UNMAPPED,UNMAPPED,NOT_EXECUTED,NOT_EXECUTED,NOT_EXECUTED,/admin/cloud-orchestrator/campaigns,批准 Campaign,UNMAPPED,d3a66948195ed7671442bf127a0ebedb5c8beb75,UNMAPPED,UNMAPPED,UNMAPPED,UNMAPPED,UNMAPPED,UNMAPPED,UNMAPPED,UNMAPPED
LEGACY-S07-078,FEATURE_MATRIX,/admin/cloud-orchestrator/campaigns,Campaign 启动,生成 Campaign 启动计划,POST /api/admin/cloud-orchestrator/campaigns/{campaign_code}/start,客户端显示 command_id 后刷新详情和列表,UNMAPPED,BACKEND_REQUIRED,UNMAPPED,IMPLEMENTED,SYNTHETIC_PASS,pr=/pull/392;sha=c50c3ce56f35a3ddb4f2aaef526ac18a1f3cc88a;tests=ci;paths=api,method=ci;command=contract,UNMAPPED,UNMAPPED,UNMAPPED,UNMAPPED,UNMAPPED,UNMAPPED,UNMAPPED,NOT_EXECUTED,UNMAPPED,docs/feature-matrix.csv:LEGACY-S07-078,"Matrix is source evidence, not V2 completion evidence.",UNMAPPED,UNMAPPED,UNMAPPED,UNMAPPED,UNMAPPED,NOT_EXECUTED,NOT_EXECUTED,NOT_EXECUTED,/admin/cloud-orchestrator/campaigns,生成 Campaign 启动计划,UNMAPPED,d3a66948195ed7671442bf127a0ebedb5c8beb75,UNMAPPED,UNMAPPED,UNMAPPED,UNMAPPED,UNMAPPED,UNMAPPED,UNMAPPED,UNMAPPED
LEGACY-S07-079,FEATURE_MATRIX,/admin/cloud-orchestrator/campaigns,Campaign 审核,拒绝 Campaign,POST /api/admin/cloud-orchestrator/campaigns/{campaign_code}/reject,成功响应后刷新详情和列表,UNMAPPED,BACKEND_REQUIRED,UNMAPPED,IMPLEMENTED,SYNTHETIC_PASS,pr=/pull/392;sha=c50c3ce56f35a3ddb4f2aaef526ac18a1f3cc88a;tests=ci;paths=api,method=ci;command=contract,UNMAPPED,UNMAPPED,UNMAPPED,UNMAPPED,UNMAPPED,UNMAPPED,UNMAPPED,NOT_EXECUTED,UNMAPPED,docs/feature-matrix.csv:LEGACY-S07-079,"Matrix is source evidence, not V2 completion evidence.",UNMAPPED,UNMAPPED,UNMAPPED,UNMAPPED,UNMAPPED,NOT_EXECUTED,NOT_EXECUTED,NOT_EXECUTED,/admin/cloud-orchestrator/campaigns,拒绝 Campaign,UNMAPPED,d3a66948195ed7671442bf127a0ebedb5c8beb75,UNMAPPED,UNMAPPED,UNMAPPED,UNMAPPED,UNMAPPED,UNMAPPED,UNMAPPED,UNMAPPED
LEGACY-S07-080,FEATURE_MATRIX,/admin/cloud-orchestrator/campaigns,Campaign 更多操作,暂停 Campaign,POST /api/admin/cloud-orchestrator/campaigns/{campaign_code}/pause,请求完成后刷新详情和列表,UNMAPPED,BACKEND_REQUIRED,UNMAPPED,IMPLEMENTED,SYNTHETIC_PASS,pr=/pull/392;sha=c50c3ce56f35a3ddb4f2aaef526ac18a1f3cc88a;tests=ci;paths=api,method=ci;command=contract,UNMAPPED,UNMAPPED,UNMAPPED,UNMAPPED,UNMAPPED,UNMAPPED,UNMAPPED,NOT_EXECUTED,UNMAPPED,docs/feature-matrix.csv:LEGACY-S07-080,"Matrix is source evidence, not V2 completion evidence.",UNMAPPED,UNMAPPED,UNMAPPED,UNMAPPED,UNMAPPED,NOT_EXECUTED,NOT_EXECUTED,NOT_EXECUTED,/admin/cloud-orchestrator/campaigns,暂停 Campaign,UNMAPPED,d3a66948195ed7671442bf127a0ebedb5c8beb75,UNMAPPED,UNMAPPED,UNMAPPED,UNMAPPED,UNMAPPED,UNMAPPED,UNMAPPED,UNMAPPED
LEGACY-S07-081,FEATURE_MATRIX,/admin/cloud-orchestrator/campaigns,Campaign 更多操作,永久删除 Campaign,DELETE /api/admin/cloud-orchestrator/campaigns/{campaign_code},确认后关闭详情并刷新列表,UNMAPPED,BACKEND_REQUIRED,UNMAPPED,NOT_STARTED,NOT_RUN,UNMAPPED,UNMAPPED,UNMAPPED,UNMAPPED,UNMAPPED,UNMAPPED,UNMAPPED,UNMAPPED,UNMAPPED,NOT_EXECUTED,UNMAPPED,docs/feature-matrix.csv:LEGACY-S07-081,"Matrix is source evidence, not V2 completion evidence.",UNMAPPED,UNMAPPED,UNMAPPED,UNMAPPED,UNMAPPED,NOT_EXECUTED,NOT_EXECUTED,NOT_EXECUTED,/admin/cloud-orchestrator/campaigns,永久删除 Campaign,UNMAPPED,d3a66948195ed7671442bf127a0ebedb5c8beb75,UNMAPPED,UNMAPPED,UNMAPPED,UNMAPPED,UNMAPPED,UNMAPPED,UNMAPPED,UNMAPPED
LEGACY-S07-082,FEATURE_MATRIX,/admin/cloud-orchestrator/campaigns,命中成员抽屉,按成员状态查看 Campaign 成员,GET /api/admin/cloud-orchestrator/campaigns/{campaign_code}/members,客户端在抽屉显示返回成员和总数,UNMAPPED,BACKEND_REQUIRED,UNMAPPED,NOT_STARTED,NOT_RUN,UNMAPPED,UNMAPPED,UNMAPPED,UNMAPPED,UNMAPPED,UNMAPPED,UNMAPPED,UNMAPPED,UNMAPPED,NOT_EXECUTED,UNMAPPED,docs/feature-matrix.csv:LEGACY-S07-082,"Matrix is source evidence, not V2 completion evidence.",UNMAPPED,UNMAPPED,UNMAPPED,UNMAPPED,UNMAPPED,NOT_EXECUTED,NOT_EXECUTED,NOT_EXECUTED,/admin/cloud-orchestrator/campaigns,按成员状态查看 Campaign 成员,UNMAPPED,d3a66948195ed7671442bf127a0ebedb5c8beb75,UNMAPPED,UNMAPPED,UNMAPPED,UNMAPPED,UNMAPPED,UNMAPPED,UNMAPPED,UNMAPPED
LEGACY-S07-083,FEATURE_MATRIX,/admin/cloud-orchestrator/plans,运营计划列表,按状态加载或刷新计划,GET /api/admin/cloud-orchestrator/plans,客户端渲染计划列表和统计,UNMAPPED,BACKEND_REQUIRED,UNMAPPED,NOT_STARTED,NOT_RUN,UNMAPPED,UNMAPPED,UNMAPPED,UNMAPPED,UNMAPPED,UNMAPPED,UNMAPPED,UNMAPPED,UNMAPPED,NOT_EXECUTED,UNMAPPED,docs/feature-matrix.csv:LEGACY-S07-083,"Matrix is source evidence, not V2 completion evidence.",UNMAPPED,UNMAPPED,UNMAPPED,UNMAPPED,UNMAPPED,NOT_EXECUTED,NOT_EXECUTED,NOT_EXECUTED,/admin/cloud-orchestrator/plans,按状态加载或刷新计划,UNMAPPED,d3a66948195ed7671442bf127a0ebedb5c8beb75,UNMAPPED,UNMAPPED,UNMAPPED,UNMAPPED,UNMAPPED,UNMAPPED,UNMAPPED,UNMAPPED
LEGACY-S07-084,FEATURE_MATRIX,/admin/cloud-orchestrator/plans/{plan_id},运营计划详情,读取计划明细,GET /api/admin/cloud-orchestrator/plans/{plan_id},客户端填充计划详情,UNMAPPED,BACKEND_REQUIRED,UNMAPPED,NOT_STARTED,NOT_RUN,UNMAPPED,UNMAPPED,UNMAPPED,UNMAPPED,UNMAPPED,UNMAPPED,UNMAPPED,UNMAPPED,UNMAPPED,NOT_EXECUTED,UNMAPPED,docs/feature-matrix.csv:LEGACY-S07-084,"Matrix is source evidence, not V2 completion evidence.",UNMAPPED,UNMAPPED,UNMAPPED,UNMAPPED,UNMAPPED,NOT_EXECUTED,NOT_EXECUTED,NOT_EXECUTED,/admin/cloud-orchestrator/plans/{plan_id},读取计划明细,UNMAPPED,d3a66948195ed7671442bf127a0ebedb5c8beb75,UNMAPPED,UNMAPPED,UNMAPPED,UNMAPPED,UNMAPPED,UNMAPPED,UNMAPPED,UNMAPPED
LEGACY-S07-085,FEATURE_MATRIX,/admin/cloud-orchestrator/plans/{plan_id},计划审核,确认并发送计划,POST /api/admin/cloud-orchestrator/plans/{plan_id}/approve,客户端更新返回计划状态,UNMAPPED,BACKEND_REQUIRED,UNMAPPED,NOT_STARTED,NOT_RUN,UNMAPPED,UNMAPPED,UNMAPPED,UNMAPPED,UNMAPPED,UNMAPPED,UNMAPPED,UNMAPPED,UNMAPPED,NOT_EXECUTED,UNMAPPED,docs/feature-matrix.csv:LEGACY-S07-085,"Matrix is source evidence, not V2 completion evidence.",UNMAPPED,UNMAPPED,UNMAPPED,UNMAPPED,UNMAPPED,NOT_EXECUTED,NOT_EXECUTED,NOT_EXECUTED,/admin/cloud-orchestrator/plans/{plan_id},确认并发送计划,UNMAPPED,d3a66948195ed7671442bf127a0ebedb5c8beb75,UNMAPPED,UNMAPPED,UNMAPPED,UNMAPPED,UNMAPPED,UNMAPPED,UNMAPPED,UNMAPPED
LEGACY-S07-086,FEATURE_MATRIX,/admin/cloud-orchestrator/plans/{plan_id},计划审核,拒绝计划,POST /api/admin/cloud-orchestrator/plans/{plan_id}/reject,客户端更新返回计划状态,UNMAPPED,BACKEND_REQUIRED,UNMAPPED,NOT_STARTED,NOT_RUN,UNMAPPED,UNMAPPED,UNMAPPED,UNMAPPED,UNMAPPED,UNMAPPED,UNMAPPED,UNMAPPED,UNMAPPED,NOT_EXECUTED,UNMAPPED,docs/feature-matrix.csv:LEGACY-S07-086,"Matrix is source evidence, not V2 completion evidence.",UNMAPPED,UNMAPPED,UNMAPPED,UNMAPPED,UNMAPPED,NOT_EXECUTED,NOT_EXECUTED,NOT_EXECUTED,/admin/cloud-orchestrator/plans/{plan_id},拒绝计划,UNMAPPED,d3a66948195ed7671442bf127a0ebedb5c8beb75,UNMAPPED,UNMAPPED,UNMAPPED,UNMAPPED,UNMAPPED,UNMAPPED,UNMAPPED,UNMAPPED
LEGACY-S07-087,FEATURE_MATRIX,/admin/cloud-orchestrator/plans/{plan_id},目标人员列表,分页加载目标人员,GET /api/admin/cloud-orchestrator/plans/{plan_id}/recipients,客户端追加返回人员并更新加载进度,UNMAPPED,BACKEND_REQUIRED,UNMAPPED,NOT_STARTED,NOT_RUN,UNMAPPED,UNMAPPED,UNMAPPED,UNMAPPED,UNMAPPED,UNMAPPED,UNMAPPED,UNMAPPED,UNMAPPED,NOT_EXECUTED,UNMAPPED,docs/feature-matrix.csv:LEGACY-S07-087,"Matrix is source evidence, not V2 completion evidence.",UNMAPPED,UNMAPPED,UNMAPPED,UNMAPPED,UNMAPPED,NOT_EXECUTED,NOT_EXECUTED,NOT_EXECUTED,/admin/cloud-orchestrator/plans/{plan_id},分页加载目标人员,UNMAPPED,d3a66948195ed7671442bf127a0ebedb5c8beb75,UNMAPPED,UNMAPPED,UNMAPPED,UNMAPPED,UNMAPPED,UNMAPPED,UNMAPPED,UNMAPPED
LEGACY-S07-088,FEATURE_MATRIX,/admin/cloud-orchestrator/plans/{plan_id},目标人员抽屉,打开单个目标人员详情,GET /api/admin/cloud-orchestrator/plans/{plan_id}/recipients/{recipient_id},客户端显示返回的人员和消息任务,UNMAPPED,BACKEND_REQUIRED,UNMAPPED,NOT_STARTED,NOT_RUN,UNMAPPED,UNMAPPED,UNMAPPED,UNMAPPED,UNMAPPED,UNMAPPED,UNMAPPED,UNMAPPED,UNMAPPED,NOT_EXECUTED,UNMAPPED,docs/feature-matrix.csv:LEGACY-S07-088,"Matrix is source evidence, not V2 completion evidence.",UNMAPPED,UNMAPPED,UNMAPPED,UNMAPPED,UNMAPPED,NOT_EXECUTED,NOT_EXECUTED,NOT_EXECUTED,/admin/cloud-orchestrator/plans/{plan_id},打开单个目标人员详情,UNMAPPED,d3a66948195ed7671442bf127a0ebedb5c8beb75,UNMAPPED,UNMAPPED,UNMAPPED,UNMAPPED,UNMAPPED,UNMAPPED,UNMAPPED,UNMAPPED
LEGACY-S07-089,FEATURE_MATRIX,/admin/cloud-orchestrator/plans/{plan_id},单人话术,保存单条消息内容,PATCH /api/admin/cloud-orchestrator/plans/{plan_id}/recipients/{recipient_id}/messages/{message_id},客户端用返回消息重绘抽屉,UNMAPPED,BACKEND_REQUIRED,UNMAPPED,NOT_STARTED,NOT_RUN,UNMAPPED,UNMAPPED,UNMAPPED,UNMAPPED,UNMAPPED,UNMAPPED,UNMAPPED,UNMAPPED,UNMAPPED,NOT_EXECUTED,UNMAPPED,docs/feature-matrix.csv:LEGACY-S07-089,"Matrix is source evidence, not V2 completion evidence.",UNMAPPED,UNMAPPED,UNMAPPED,UNMAPPED,UNMAPPED,NOT_EXECUTED,NOT_EXECUTED,NOT_EXECUTED,/admin/cloud-orchestrator/plans/{plan_id},保存单条消息内容,UNMAPPED,d3a66948195ed7671442bf127a0ebedb5c8beb75,UNMAPPED,UNMAPPED,UNMAPPED,UNMAPPED,UNMAPPED,UNMAPPED,UNMAPPED,UNMAPPED
LEGACY-S07-090,FEATURE_MATRIX,/admin/cloud-orchestrator/plans/{plan_id},目标人员审核,批准单人发送,POST /api/admin/cloud-orchestrator/plans/{plan_id}/recipients/{recipient_id}/approve,客户端更新该人员状态,UNMAPPED,BACKEND_REQUIRED,UNMAPPED,NOT_STARTED,NOT_RUN,UNMAPPED,UNMAPPED,UNMAPPED,UNMAPPED,UNMAPPED,UNMAPPED,UNMAPPED,UNMAPPED,UNMAPPED,NOT_EXECUTED,UNMAPPED,docs/feature-matrix.csv:LEGACY-S07-090,"Matrix is source evidence, not V2 completion evidence.",UNMAPPED,UNMAPPED,UNMAPPED,UNMAPPED,UNMAPPED,NOT_EXECUTED,NOT_EXECUTED,NOT_EXECUTED,/admin/cloud-orchestrator/plans/{plan_id},批准单人发送,UNMAPPED,d3a66948195ed7671442bf127a0ebedb5c8beb75,UNMAPPED,UNMAPPED,UNMAPPED,UNMAPPED,UNMAPPED,UNMAPPED,UNMAPPED,UNMAPPED
LEGACY-S07-091,FEATURE_MATRIX,/admin/cloud-orchestrator/plans/{plan_id},目标人员审核,拒绝单人发送,POST /api/admin/cloud-orchestrator/plans/{plan_id}/recipients/{recipient_id}/reject,客户端更新该人员状态,UNMAPPED,BACKEND_REQUIRED,UNMAPPED,NOT_STARTED,NOT_RUN,UNMAPPED,UNMAPPED,UNMAPPED,UNMAPPED,UNMAPPED,UNMAPPED,UNMAPPED,UNMAPPED,UNMAPPED,NOT_EXECUTED,UNMAPPED,docs/feature-matrix.csv:LEGACY-S07-091,"Matrix is source evidence, not V2 completion evidence.",UNMAPPED,UNMAPPED,UNMAPPED,UNMAPPED,UNMAPPED,NOT_EXECUTED,NOT_EXECUTED,NOT_EXECUTED,/admin/cloud-orchestrator/plans/{plan_id},拒绝单人发送,UNMAPPED,d3a66948195ed7671442bf127a0ebedb5c8beb75,UNMAPPED,UNMAPPED,UNMAPPED,UNMAPPED,UNMAPPED,UNMAPPED,UNMAPPED,UNMAPPED
LEGACY-S07-092,FEATURE_MATRIX,/admin/cloud-orchestrator/observability,可观察性,刷新可观察性，并在输入 trace_id 或 session_id 时筛选审计,GET /api/admin/cloud-orchestrator/observability; GET /api/admin/cloud-orchestrator/audit?trace_id&session_id,客户端始终重绘可观察性；仅有筛选值时请求并渲染审计，否则显示输入提示,UNMAPPED,BACKEND_REQUIRED,UNMAPPED,NOT_STARTED,NOT_RUN,UNMAPPED,UNMAPPED,UNMAPPED,UNMAPPED,UNMAPPED,UNMAPPED,UNMAPPED,UNMAPPED,UNMAPPED,NOT_EXECUTED,UNMAPPED,docs/feature-matrix.csv:LEGACY-S07-092,"Matrix is source evidence, not V2 completion evidence.",UNMAPPED,UNMAPPED,UNMAPPED,UNMAPPED,UNMAPPED,NOT_EXECUTED,NOT_EXECUTED,NOT_EXECUTED,/admin/cloud-orchestrator/observability,刷新可观察性，并在输入 trace_id 或 session_id 时筛选审计,UNMAPPED,d3a66948195ed7671442bf127a0ebedb5c8beb75,UNMAPPED,UNMAPPED,UNMAPPED,UNMAPPED,UNMAPPED,UNMAPPED,UNMAPPED,UNMAPPED
LEGACY-S07-093,FEATURE_MATRIX,/admin/coupons,优惠券列表,按名称或状态过滤已渲染优惠券,none (client-only),客户端隐藏不匹配的表格行,UNMAPPED,UI_ONLY,FRONTEND_INTEGRATION_DEFERRED,IMPLEMENTED,SYNTHETIC_PASS,pr=https://github.com/qianlan33333-png/AI-CRM-v2/pull/291;merge_sha=cd2eba31680e74cba8cb2aa8f7b83b590b931d06;paths=cmd/aicrm/legacy_coupon_board_api.go;tests=cmd/aicrm/legacy_coupon_board_api_test.go;scope=local_name_contains_and_AvailabilityStatus_seven_state_filter_only;status=exact_main_closed,method=post_merge_local_filter_receipt_and_protected_main_CI;command=feature-matrix-contract+repo-contract-staged+gitleaks-diff+git-diff;ci_run=32225330299;external=NOT_EXECUTED;payment=NOT_EXECUTED;provider=NOT_EXECUTED;write=NOT_EXECUTED;deploy=NOT_EXECUTED,UNMAPPED,UNMAPPED,UNMAPPED,UNMAPPED,UNMAPPED,UNMAPPED,UNMAPPED,NOT_EXECUTED,UNMAPPED,docs/feature-matrix.csv:LEGACY-S07-093,"Matrix is source evidence, not V2 completion evidence.",UNMAPPED,UNMAPPED,UNMAPPED,UNMAPPED,UNMAPPED,NOT_EXECUTED,NOT_EXECUTED,NOT_EXECUTED,/admin/coupons,按名称或状态过滤已渲染优惠券,UNMAPPED,d3a66948195ed7671442bf127a0ebedb5c8beb75,UNMAPPED,UNMAPPED,UNMAPPED,UNMAPPED,UNMAPPED,UNMAPPED,UNMAPPED,UNMAPPED
LEGACY-S07-094,FEATURE_MATRIX,/admin/coupons,优惠券行,复制优惠券,POST /api/admin/coupons/{coupon_id}/copy,成功响应后跳转到复制件编辑页,UNMAPPED,BACKEND_REQUIRED,UNMAPPED,IMPLEMENTED,SYNTHETIC_PASS,pr=https://github.com/qianlan33333-png/AI-CRM-v2/pull/300;merge_sha=d29a743957043b36aa23ea428de7a1eb045e03c2;tests=cmd/aicrm/legacy_coupon_board_api_test.go+web/src/coupons.test.ts;paths=cmd/aicrm/legacy_coupon_board_api.go+web/src/coupons.ts;scope=local_copy_only,method=merged_PR300_with_ci_merge_gate;command=web_npm_run_ci;payment=NOT_EXECUTED;provider=NOT_EXECUTED;deployment=NOT_EXECUTED,UNMAPPED,UNMAPPED,UNMAPPED,UNMAPPED,UNMAPPED,UNMAPPED,UNMAPPED,NOT_EXECUTED,UNMAPPED,docs/feature-matrix.csv:LEGACY-S07-094,"Matrix is source evidence, not V2 completion evidence.",UNMAPPED,UNMAPPED,UNMAPPED,UNMAPPED,UNMAPPED,NOT_EXECUTED,NOT_EXECUTED,NOT_EXECUTED,/admin/coupons,复制优惠券,UNMAPPED,d3a66948195ed7671442bf127a0ebedb5c8beb75,UNMAPPED,UNMAPPED,UNMAPPED,UNMAPPED,UNMAPPED,UNMAPPED,UNMAPPED,UNMAPPED
LEGACY-S07-095,FEATURE_MATRIX,/admin/coupons,优惠券行,发布优惠券,POST /api/admin/coupons/{coupon_id}/publish,确认后请求完成会重载页面,UNMAPPED,BACKEND_REQUIRED,UNMAPPED,IMPLEMENTED,SYNTHETIC_PASS,sha=79cb843091e873160075215e411ce8a08e8aee70;pr=https://github.com/qianlan33333-png/AI-CRM-v2/pull/214;tests=legacy_coupon_publish_session_csrf_rbac_Product_fail_closed_and_real_PG_UoW;paths=cmd/aicrm/legacy_coupon_api_test.go+internal/coupon,method=focused_normal_boundary_error_race_and_PG16;command=make_p4-j01-coupon-acceptance,UNMAPPED,UNMAPPED,UNMAPPED,UNMAPPED,UNMAPPED,UNMAPPED,UNMAPPED,NOT_EXECUTED,UNMAPPED,docs/feature-matrix.csv:LEGACY-S07-095,"Matrix is source evidence, not V2 completion evidence.",UNMAPPED,UNMAPPED,UNMAPPED,UNMAPPED,UNMAPPED,NOT_EXECUTED,NOT_EXECUTED,NOT_EXECUTED,/admin/coupons,发布优惠券,UNMAPPED,d3a66948195ed7671442bf127a0ebedb5c8beb75,UNMAPPED,UNMAPPED,UNMAPPED,UNMAPPED,UNMAPPED,UNMAPPED,UNMAPPED,UNMAPPED
LEGACY-S07-096,FEATURE_MATRIX,/admin/coupons,优惠券行,停止领取,POST /api/admin/coupons/{coupon_id}/stop,确认后请求完成会重载页面,UNMAPPED,BACKEND_REQUIRED,UNMAPPED,IMPLEMENTED,SYNTHETIC_PASS,sha=79cb843091e873160075215e411ce8a08e8aee70;pr=https://github.com/qianlan33333-png/AI-CRM-v2/pull/214;tests=legacy_coupon_stop_session_csrf_rbac_and_real_PG_UoW;paths=cmd/aicrm/legacy_coupon_api_test.go+internal/coupon,method=focused_normal_boundary_error_race_and_PG16;command=make_p4-j01-coupon-acceptance,UNMAPPED,UNMAPPED,UNMAPPED,UNMAPPED,UNMAPPED,UNMAPPED,UNMAPPED,NOT_EXECUTED,UNMAPPED,docs/feature-matrix.csv:LEGACY-S07-096,"Matrix is source evidence, not V2 completion evidence.",UNMAPPED,UNMAPPED,UNMAPPED,UNMAPPED,UNMAPPED,NOT_EXECUTED,NOT_EXECUTED,NOT_EXECUTED,/admin/coupons,停止领取,UNMAPPED,d3a66948195ed7671442bf127a0ebedb5c8beb75,UNMAPPED,UNMAPPED,UNMAPPED,UNMAPPED,UNMAPPED,UNMAPPED,UNMAPPED,UNMAPPED
LEGACY-S07-097,FEATURE_MATRIX,/admin/coupons,优惠券行,归档优惠券,POST /api/admin/coupons/{coupon_id}/archive,确认后请求完成会重载页面,UNMAPPED,BACKEND_REQUIRED,UNMAPPED,IMPLEMENTED,SYNTHETIC_PASS,pr=https://github.com/qianlan33333-png/AI-CRM-v2/pull/307;merge_sha=d88d68c0a1db331ed7396cbf61e072640799e6cb;tests=web/src/coupons.test.ts+web/src/coupons-ui.test.tsx;paths=web/src/coupons.ts+web/src/coupons-ui.tsx;scope=local_archive_only,method=merged_PR307_with_ci_merge_gate;command=web_npm_run_ci;payment=NOT_EXECUTED;provider=NOT_EXECUTED;deployment=NOT_EXECUTED,UNMAPPED,UNMAPPED,UNMAPPED,UNMAPPED,UNMAPPED,UNMAPPED,UNMAPPED,NOT_EXECUTED,UNMAPPED,docs/feature-matrix.csv:LEGACY-S07-097,"Matrix is source evidence, not V2 completion evidence.",UNMAPPED,UNMAPPED,UNMAPPED,UNMAPPED,UNMAPPED,NOT_EXECUTED,NOT_EXECUTED,NOT_EXECUTED,/admin/coupons,归档优惠券,UNMAPPED,d3a66948195ed7671442bf127a0ebedb5c8beb75,UNMAPPED,UNMAPPED,UNMAPPED,UNMAPPED,UNMAPPED,UNMAPPED,UNMAPPED,UNMAPPED
LEGACY-S07-098,FEATURE_MATRIX,/admin/coupons,优惠券行,删除草稿优惠券,DELETE /api/admin/coupons/{coupon_id},确认后请求完成会重载页面,UNMAPPED,BACKEND_REQUIRED,UNMAPPED,IMPLEMENTED,SYNTHETIC_PASS,pr=https://github.com/qianlan33333-png/AI-CRM-v2/pull/344;merge_sha=85c7462abf09667e3ed69c1e648179d4eac2f180;tests=web/src/coupons.test.ts+web/src/coupons-ui.test.tsx;paths=web/src/coupons.ts+web/src/coupons-ui.tsx;scope=local_draft_coupon_delete,method=merged_PR344;command=web_npm_run_ci;deployment=NOT_EXECUTED;external=NOT_EXECUTED,UNMAPPED,UNMAPPED,UNMAPPED,UNMAPPED,UNMAPPED,UNMAPPED,UNMAPPED,NOT_EXECUTED,UNMAPPED,docs/feature-matrix.csv:LEGACY-S07-098,"Matrix is source evidence, not V2 completion evidence.",UNMAPPED,UNMAPPED,UNMAPPED,UNMAPPED,UNMAPPED,NOT_EXECUTED,NOT_EXECUTED,NOT_EXECUTED,/admin/coupons,删除草稿优惠券,UNMAPPED,d3a66948195ed7671442bf127a0ebedb5c8beb75,UNMAPPED,UNMAPPED,UNMAPPED,UNMAPPED,UNMAPPED,UNMAPPED,UNMAPPED,UNMAPPED
LEGACY-S07-099,FEATURE_MATRIX,/admin/coupons,优惠券分享,生成并复制领取链接,GET /api/admin/coupons/{coupon_id}/share,客户端打开分享弹窗并可复制返回 URL,UNMAPPED,BACKEND_REQUIRED,UNMAPPED,IMPLEMENTED,SYNTHETIC_PASS,pr=https://github.com/qianlan33333-png/AI-CRM-v2/pull/306;merge_sha=079483a45fb679794191e388f75a48a20af69fe3;tests=web/src/coupons.test.ts+web/src/coupons-ui.test.tsx;paths=web/src/coupons.ts+web/src/coupons-ui.tsx;scope=local_copy_of_returned_url_only,method=merged_PR306_with_ci_merge_gate;command=web_npm_run_ci;payment=NOT_EXECUTED;provider=NOT_EXECUTED;deployment=NOT_EXECUTED,UNMAPPED,UNMAPPED,UNMAPPED,UNMAPPED,UNMAPPED,UNMAPPED,UNMAPPED,NOT_EXECUTED,UNMAPPED,docs/feature-matrix.csv:LEGACY-S07-099,"Matrix is source evidence, not V2 completion evidence.",UNMAPPED,UNMAPPED,UNMAPPED,UNMAPPED,UNMAPPED,NOT_EXECUTED,NOT_EXECUTED,NOT_EXECUTED,/admin/coupons,生成并复制领取链接,UNMAPPED,d3a66948195ed7671442bf127a0ebedb5c8beb75,UNMAPPED,UNMAPPED,UNMAPPED,UNMAPPED,UNMAPPED,UNMAPPED,UNMAPPED,UNMAPPED
LEGACY-S07-100,FEATURE_MATRIX,/admin/coupons/new | /admin/coupons/{coupon_id}/edit,适用商品选择,按关键词、类型或分页查询商品选项,GET /api/admin/coupons/product-options,客户端更新可选商品和分页信息,UNMAPPED,BACKEND_REQUIRED,UNMAPPED,NOT_STARTED,NOT_RUN,UNMAPPED,UNMAPPED,UNMAPPED,UNMAPPED,UNMAPPED,UNMAPPED,UNMAPPED,UNMAPPED,UNMAPPED,NOT_EXECUTED,UNMAPPED,docs/feature-matrix.csv:LEGACY-S07-100,"Matrix is source evidence, not V2 completion evidence.",UNMAPPED,UNMAPPED,UNMAPPED,UNMAPPED,UNMAPPED,NOT_EXECUTED,NOT_EXECUTED,NOT_EXECUTED,/admin/coupons/new | /admin/coupons/{coupon_id}/edit,按关键词、类型或分页查询商品选项,UNMAPPED,d3a66948195ed7671442bf127a0ebedb5c8beb75,UNMAPPED,UNMAPPED,UNMAPPED,UNMAPPED,UNMAPPED,UNMAPPED,UNMAPPED,UNMAPPED
LEGACY-S07-101,FEATURE_MATRIX,/admin/coupons/new,优惠券表单,保存新优惠券,POST /api/admin/coupons,成功响应后跳转至编辑页或列表,UNMAPPED,BACKEND_REQUIRED,UNMAPPED,IMPLEMENTED,SYNTHETIC_PASS,sha=79cb843091e873160075215e411ce8a08e8aee70;pr=https://github.com/qianlan33333-png/AI-CRM-v2/pull/214;tests=legacy_coupon_create_12_property_contract_no_replay_claim_and_real_PG_UoW;paths=cmd/aicrm/legacy_coupon_api_test.go+internal/coupon,method=focused_normal_boundary_error_and_PG16;command=make_p4-j01-coupon-acceptance,UNMAPPED,UNMAPPED,UNMAPPED,UNMAPPED,UNMAPPED,UNMAPPED,UNMAPPED,NOT_EXECUTED,UNMAPPED,docs/feature-matrix.csv:LEGACY-S07-101,"Matrix is source evidence, not V2 completion evidence.",UNMAPPED,UNMAPPED,UNMAPPED,UNMAPPED,UNMAPPED,NOT_EXECUTED,NOT_EXECUTED,NOT_EXECUTED,/admin/coupons/new,保存新优惠券,UNMAPPED,d3a66948195ed7671442bf127a0ebedb5c8beb75,UNMAPPED,UNMAPPED,UNMAPPED,UNMAPPED,UNMAPPED,UNMAPPED,UNMAPPED,UNMAPPED
LEGACY-S07-102,FEATURE_MATRIX,/admin/coupons/{coupon_id}/edit,优惠券表单,保存优惠券修改,PUT /api/admin/coupons/{coupon_id},成功响应后跳转至编辑页或列表,UNMAPPED,BACKEND_REQUIRED,UNMAPPED,IMPLEMENTED,SYNTHETIC_PASS,sha=79cb843091e873160075215e411ce8a08e8aee70;pr=https://github.com/qianlan33333-png/AI-CRM-v2/pull/214;tests=legacy_coupon_update_claimed_freeze_total_only_increase_and_real_PG_UoW;paths=cmd/aicrm/legacy_coupon_api_test.go+internal/coupon,method=focused_normal_boundary_error_and_PG16;command=make_p4-j01-coupon-acceptance,UNMAPPED,UNMAPPED,UNMAPPED,UNMAPPED,UNMAPPED,UNMAPPED,UNMAPPED,NOT_EXECUTED,UNMAPPED,docs/feature-matrix.csv:LEGACY-S07-102,"Matrix is source evidence, not V2 completion evidence.",UNMAPPED,UNMAPPED,UNMAPPED,UNMAPPED,UNMAPPED,NOT_EXECUTED,NOT_EXECUTED,NOT_EXECUTED,/admin/coupons/{coupon_id}/edit,保存优惠券修改,UNMAPPED,d3a66948195ed7671442bf127a0ebedb5c8beb75,UNMAPPED,UNMAPPED,UNMAPPED,UNMAPPED,UNMAPPED,UNMAPPED,UNMAPPED,UNMAPPED
LEGACY-S07-103,FEATURE_MATRIX,/admin/coupons/{coupon_id}/data,领取数据,翻页查看领取记录,GET /api/admin/coupons/{coupon_id}/claims,客户端替换脱敏领取记录和统计,UNMAPPED,BACKEND_REQUIRED,UNMAPPED,IMPLEMENTED,SYNTHETIC_PASS,pr=https://github.com/qianlan33333-png/AI-CRM-v2/pull/304;merge_sha=bcc63c931c6b173b749d05ec60b1e9cc675e28e5;tests=web/src/coupons.test.ts+web/src/coupons-ui.test.tsx;paths=web/src/coupons.ts+web/src/coupons-ui.tsx;scope=local_opaque_claim_read_only,method=merged_PR304_with_ci_merge_gate;command=web_npm_run_ci;payment=NOT_EXECUTED;provider=NOT_EXECUTED;deployment=NOT_EXECUTED,UNMAPPED,UNMAPPED,UNMAPPED,UNMAPPED,UNMAPPED,UNMAPPED,UNMAPPED,NOT_EXECUTED,UNMAPPED,docs/feature-matrix.csv:LEGACY-S07-103,"Matrix is source evidence, not V2 completion evidence.",UNMAPPED,UNMAPPED,UNMAPPED,UNMAPPED,UNMAPPED,NOT_EXECUTED,NOT_EXECUTED,NOT_EXECUTED,/admin/coupons/{coupon_id}/data,翻页查看领取记录,UNMAPPED,d3a66948195ed7671442bf127a0ebedb5c8beb75,UNMAPPED,UNMAPPED,UNMAPPED,UNMAPPED,UNMAPPED,UNMAPPED,UNMAPPED,UNMAPPED
LEGACY-S07-104,FEATURE_MATRIX,/admin/hxc-dashboard,激活漏斗,刷新看板,POST /api/admin/hxc-dashboard/refresh,成功时显示重载中并在 600ms 后刷新页面；失败时显示错误并恢复按钮,UNMAPPED,BACKEND_REQUIRED,UNMAPPED,NOT_STARTED,NOT_RUN,UNMAPPED,UNMAPPED,UNMAPPED,UNMAPPED,UNMAPPED,UNMAPPED,UNMAPPED,UNMAPPED,UNMAPPED,NOT_EXECUTED,UNMAPPED,docs/feature-matrix.csv:LEGACY-S07-104,"Matrix is source evidence, not V2 completion evidence.",UNMAPPED,UNMAPPED,UNMAPPED,UNMAPPED,UNMAPPED,NOT_EXECUTED,NOT_EXECUTED,NOT_EXECUTED,/admin/hxc-dashboard,刷新看板,UNMAPPED,d3a66948195ed7671442bf127a0ebedb5c8beb75,UNMAPPED,UNMAPPED,UNMAPPED,UNMAPPED,UNMAPPED,UNMAPPED,UNMAPPED,UNMAPPED
LEGACY-S07-105,FEATURE_MATRIX,/admin/hxc-dashboard,激活漏斗,创建 HXC 群发任务,POST /api/admin/hxc-dashboard/broadcast-tasks,客户端显示任务创建结果,UNMAPPED,BACKEND_REQUIRED,UNMAPPED,NOT_STARTED,NOT_RUN,UNMAPPED,UNMAPPED,UNMAPPED,UNMAPPED,UNMAPPED,UNMAPPED,UNMAPPED,UNMAPPED,UNMAPPED,NOT_EXECUTED,UNMAPPED,docs/feature-matrix.csv:LEGACY-S07-105,"Matrix is source evidence, not V2 completion evidence.",UNMAPPED,UNMAPPED,UNMAPPED,UNMAPPED,UNMAPPED,NOT_EXECUTED,NOT_EXECUTED,NOT_EXECUTED,/admin/hxc-dashboard,创建 HXC 群发任务,UNMAPPED,d3a66948195ed7671442bf127a0ebedb5c8beb75,UNMAPPED,UNMAPPED,UNMAPPED,UNMAPPED,UNMAPPED,UNMAPPED,UNMAPPED,UNMAPPED
LEGACY-S07-106,FEATURE_MATRIX,/admin/hxc-dashboard,激活漏斗,导出当前看板数据,none (client-only),客户端将当前 Tabulator 数据导出为 CSV/XLSX,UNMAPPED,UI_ONLY,FRONTEND_INTEGRATION_DEFERRED,NOT_STARTED,NOT_RUN,UNMAPPED,UNMAPPED,UNMAPPED,UNMAPPED,UNMAPPED,UNMAPPED,UNMAPPED,UNMAPPED,UNMAPPED,NOT_EXECUTED,UNMAPPED,docs/feature-matrix.csv:LEGACY-S07-106,"Matrix is source evidence, not V2 completion evidence.",UNMAPPED,UNMAPPED,UNMAPPED,UNMAPPED,UNMAPPED,NOT_EXECUTED,NOT_EXECUTED,NOT_EXECUTED,/admin/hxc-dashboard,导出当前看板数据,UNMAPPED,d3a66948195ed7671442bf127a0ebedb5c8beb75,UNMAPPED,UNMAPPED,UNMAPPED,UNMAPPED,UNMAPPED,UNMAPPED,UNMAPPED,UNMAPPED
LEGACY-S07-107,FEATURE_MATRIX,/admin/hxc-send-config,发送人配置,新增、切换启用或调整发送人优先级,POST /api/admin/hxc-dashboard/send-config,客户端先更新本地状态并提交 POST 请求,UNMAPPED,BACKEND_REQUIRED,UNMAPPED,IMPLEMENTED,SYNTHETIC_PASS,pr=https://github.com/qianlan33333-png/AI-CRM-v2/pull/360;sha=a58768bdbbf2cec44be5349c5b467b370124ae41;tests=ci_merge-gate+ci_secret-diff;paths=hxc_local_sender_management,method=merged_pr_ci;command=matrix_ledger_validation,UNMAPPED,UNMAPPED,UNMAPPED,UNMAPPED,UNMAPPED,UNMAPPED,UNMAPPED,NOT_EXECUTED,UNMAPPED,docs/feature-matrix.csv:LEGACY-S07-107,"Matrix is source evidence, not V2 completion evidence.",UNMAPPED,UNMAPPED,UNMAPPED,UNMAPPED,UNMAPPED,NOT_EXECUTED,NOT_EXECUTED,NOT_EXECUTED,/admin/hxc-send-config,新增、切换启用或调整发送人优先级,UNMAPPED,d3a66948195ed7671442bf127a0ebedb5c8beb75,UNMAPPED,UNMAPPED,UNMAPPED,UNMAPPED,UNMAPPED,UNMAPPED,UNMAPPED,UNMAPPED
LEGACY-S07-108,FEATURE_MATRIX,/admin/hxc-send-config,发送人配置,移除发送人配置,DELETE /api/admin/hxc-dashboard/send-config/{sender_userid},确认后客户端先移除本地行并提交 DELETE 请求,UNMAPPED,BACKEND_REQUIRED,UNMAPPED,IMPLEMENTED,SYNTHETIC_PASS,pr=https://github.com/qianlan33333-png/AI-CRM-v2/pull/360;sha=a58768bdbbf2cec44be5349c5b467b370124ae41;tests=ci_merge-gate+ci_secret-diff;paths=hxc_local_sender_management,method=merged_pr_ci;command=matrix_ledger_validation,UNMAPPED,UNMAPPED,UNMAPPED,UNMAPPED,UNMAPPED,UNMAPPED,UNMAPPED,NOT_EXECUTED,UNMAPPED,docs/feature-matrix.csv:LEGACY-S07-108,"Matrix is source evidence, not V2 completion evidence.",UNMAPPED,UNMAPPED,UNMAPPED,UNMAPPED,UNMAPPED,NOT_EXECUTED,NOT_EXECUTED,NOT_EXECUTED,/admin/hxc-send-config,移除发送人配置,UNMAPPED,d3a66948195ed7671442bf127a0ebedb5c8beb75,UNMAPPED,UNMAPPED,UNMAPPED,UNMAPPED,UNMAPPED,UNMAPPED,UNMAPPED,UNMAPPED
LEGACY-S07-109,FEATURE_MATRIX,/admin/hxc-send-config,发送人配置,同步发送人目录,POST /api/admin/hxc-dashboard/refresh-directory,data.ok 非 false 时刷新页面；失败时显示错误并恢复按钮,UNMAPPED,BACKEND_REQUIRED,UNMAPPED,NOT_STARTED,NOT_RUN,UNMAPPED,UNMAPPED,UNMAPPED,UNMAPPED,UNMAPPED,UNMAPPED,UNMAPPED,UNMAPPED,UNMAPPED,NOT_EXECUTED,UNMAPPED,docs/feature-matrix.csv:LEGACY-S07-109,"Matrix is source evidence, not V2 completion evidence.",UNMAPPED,UNMAPPED,UNMAPPED,UNMAPPED,UNMAPPED,NOT_EXECUTED,NOT_EXECUTED,NOT_EXECUTED,/admin/hxc-send-config,同步发送人目录,UNMAPPED,d3a66948195ed7671442bf127a0ebedb5c8beb75,UNMAPPED,UNMAPPED,UNMAPPED,UNMAPPED,UNMAPPED,UNMAPPED,UNMAPPED,UNMAPPED
LEGACY-S07-110,FEATURE_MATRIX,/admin/owner-migration,负责人迁移,下载导入模板,GET /api/admin/owner-migration/template.xlsx,浏览器导航至模板下载地址,UNMAPPED,BACKEND_REQUIRED,UNMAPPED,NOT_STARTED,NOT_RUN,UNMAPPED,UNMAPPED,UNMAPPED,UNMAPPED,UNMAPPED,UNMAPPED,UNMAPPED,UNMAPPED,UNMAPPED,NOT_EXECUTED,UNMAPPED,docs/feature-matrix.csv:LEGACY-S07-110,"Matrix is source evidence, not V2 completion evidence.",UNMAPPED,UNMAPPED,UNMAPPED,UNMAPPED,UNMAPPED,NOT_EXECUTED,NOT_EXECUTED,NOT_EXECUTED,/admin/owner-migration,下载导入模板,UNMAPPED,d3a66948195ed7671442bf127a0ebedb5c8beb75,UNMAPPED,UNMAPPED,UNMAPPED,UNMAPPED,UNMAPPED,UNMAPPED,UNMAPPED,UNMAPPED
LEGACY-S07-111,FEATURE_MATRIX,/admin/owner-migration,负责人迁移,上传并解析 Excel/CSV 名单,POST /api/admin/owner-migration/import,客户端保存 session_id、file_hash 并显示解析统计,UNMAPPED,BACKEND_REQUIRED,UNMAPPED,NOT_STARTED,NOT_RUN,UNMAPPED,UNMAPPED,UNMAPPED,UNMAPPED,UNMAPPED,UNMAPPED,UNMAPPED,UNMAPPED,UNMAPPED,NOT_EXECUTED,UNMAPPED,docs/feature-matrix.csv:LEGACY-S07-111,"Matrix is source evidence, not V2 completion evidence.",UNMAPPED,UNMAPPED,UNMAPPED,UNMAPPED,UNMAPPED,NOT_EXECUTED,NOT_EXECUTED,NOT_EXECUTED,/admin/owner-migration,上传并解析 Excel/CSV 名单,UNMAPPED,d3a66948195ed7671442bf127a0ebedb5c8beb75,UNMAPPED,UNMAPPED,UNMAPPED,UNMAPPED,UNMAPPED,UNMAPPED,UNMAPPED,UNMAPPED
LEGACY-S07-112,FEATURE_MATRIX,/admin/owner-migration,负责人迁移,生成迁移预览,POST /api/admin/owner-migration/preview,客户端保存 preview 响应和当前签名并渲染预览统计,UNMAPPED,BACKEND_REQUIRED,UNMAPPED,NOT_STARTED,NOT_RUN,UNMAPPED,UNMAPPED,UNMAPPED,UNMAPPED,UNMAPPED,UNMAPPED,UNMAPPED,UNMAPPED,UNMAPPED,NOT_EXECUTED,UNMAPPED,docs/feature-matrix.csv:LEGACY-S07-112,"Matrix is source evidence, not V2 completion evidence.",UNMAPPED,UNMAPPED,UNMAPPED,UNMAPPED,UNMAPPED,NOT_EXECUTED,NOT_EXECUTED,NOT_EXECUTED,/admin/owner-migration,生成迁移预览,UNMAPPED,d3a66948195ed7671442bf127a0ebedb5c8beb75,UNMAPPED,UNMAPPED,UNMAPPED,UNMAPPED,UNMAPPED,UNMAPPED,UNMAPPED,UNMAPPED
LEGACY-S07-113,FEATURE_MATRIX,/admin/owner-migration,负责人迁移,以确认短语执行迁移,POST /api/admin/owner-migration/execute,客户端在 token、hash、确认短语及 confirm=true 满足后显示后端返回,UNMAPPED,BACKEND_REQUIRED,UNMAPPED,NOT_STARTED,NOT_RUN,UNMAPPED,UNMAPPED,UNMAPPED,UNMAPPED,UNMAPPED,UNMAPPED,UNMAPPED,UNMAPPED,UNMAPPED,NOT_EXECUTED,UNMAPPED,docs/feature-matrix.csv:LEGACY-S07-113,"Matrix is source evidence, not V2 completion evidence.",UNMAPPED,UNMAPPED,UNMAPPED,UNMAPPED,UNMAPPED,NOT_EXECUTED,NOT_EXECUTED,NOT_EXECUTED,/admin/owner-migration,以确认短语执行迁移,UNMAPPED,d3a66948195ed7671442bf127a0ebedb5c8beb75,UNMAPPED,UNMAPPED,UNMAPPED,UNMAPPED,UNMAPPED,UNMAPPED,UNMAPPED,UNMAPPED
LEGACY-S07-114,FEATURE_MATRIX,/admin/owner-migration,负责人迁移,下载导入错误报告,GET /api/admin/owner-migration/sessions/{session_id}/errors.xlsx,浏览器导航至错误报告下载地址,UNMAPPED,BACKEND_REQUIRED,UNMAPPED,NOT_STARTED,NOT_RUN,UNMAPPED,UNMAPPED,UNMAPPED,UNMAPPED,UNMAPPED,UNMAPPED,UNMAPPED,UNMAPPED,UNMAPPED,NOT_EXECUTED,UNMAPPED,docs/feature-matrix.csv:LEGACY-S07-114,"Matrix is source evidence, not V2 completion evidence.",UNMAPPED,UNMAPPED,UNMAPPED,UNMAPPED,UNMAPPED,NOT_EXECUTED,NOT_EXECUTED,NOT_EXECUTED,/admin/owner-migration,下载导入错误报告,UNMAPPED,d3a66948195ed7671442bf127a0ebedb5c8beb75,UNMAPPED,UNMAPPED,UNMAPPED,UNMAPPED,UNMAPPED,UNMAPPED,UNMAPPED,UNMAPPED
LEGACY-S07-115,FEATURE_MATRIX,/admin/owner-migration,负责人迁移,下载执行结果,GET /api/admin/owner-migration/results/{result_id}.xlsx,浏览器导航至结果下载地址,UNMAPPED,BACKEND_REQUIRED,UNMAPPED,NOT_STARTED,NOT_RUN,UNMAPPED,UNMAPPED,UNMAPPED,UNMAPPED,UNMAPPED,UNMAPPED,UNMAPPED,UNMAPPED,UNMAPPED,NOT_EXECUTED,UNMAPPED,docs/feature-matrix.csv:LEGACY-S07-115,"Matrix is source evidence, not V2 completion evidence.",UNMAPPED,UNMAPPED,UNMAPPED,UNMAPPED,UNMAPPED,NOT_EXECUTED,NOT_EXECUTED,NOT_EXECUTED,/admin/owner-migration,下载执行结果,UNMAPPED,d3a66948195ed7671442bf127a0ebedb5c8beb75,UNMAPPED,UNMAPPED,UNMAPPED,UNMAPPED,UNMAPPED,UNMAPPED,UNMAPPED,UNMAPPED
LEGACY-S07-116,FEATURE_MATRIX,/admin/questionnaires,问卷列表,刷新问卷列表,GET /api/admin/questionnaires,客户端重绘返回的问卷列表,UNMAPPED,BACKEND_REQUIRED,UNMAPPED,IMPLEMENTED,SYNTHETIC_PASS,pr=https://github.com/qianlan33333-png/AI-CRM-v2/pull/276;sha=64be234e00063df950e73453cd39e9443b5acd77;tests=cmd/aicrm/legacy_survey_api_test.go+web/src/questionnaire-list.test.ts+web/src/questionnaire-list-ui.test.tsx;paths=cmd/aicrm/legacy_survey_api.go+cmd/aicrm/api.go+web/src/questionnaire-list.ts+web/src/questionnaire-list-ui.tsx,method=PR276_local_and_CI;command=Go_race_PG16_14_OpenAPI_Mapping_repo_contract_Web_lint_typecheck_Vitest_build_gitleaks_diff_check;ci=ci_merge-gate_success_run_32214362290;external=NOT_EXECUTED,UNMAPPED,UNMAPPED,UNMAPPED,UNMAPPED,UNMAPPED,UNMAPPED,UNMAPPED,NOT_EXECUTED,UNMAPPED,docs/feature-matrix.csv:LEGACY-S07-116,"Matrix is source evidence, not V2 completion evidence.",UNMAPPED,UNMAPPED,UNMAPPED,UNMAPPED,UNMAPPED,NOT_EXECUTED,NOT_EXECUTED,NOT_EXECUTED,/admin/questionnaires,刷新问卷列表,UNMAPPED,d3a66948195ed7671442bf127a0ebedb5c8beb75,UNMAPPED,UNMAPPED,UNMAPPED,UNMAPPED,UNMAPPED,UNMAPPED,UNMAPPED,UNMAPPED
LEGACY-S07-117,FEATURE_MATRIX,/admin/questionnaires,问卷列表,打开已有问卷编辑数据,GET /api/admin/questionnaires/{questionnaire_id},客户端用返回问卷重置编辑草稿,UNMAPPED,BACKEND_REQUIRED,UNMAPPED,IMPLEMENTED,SYNTHETIC_PASS,sha=fd2fc48daa16e346e22a1ca1c058e1a76665162a;pr=https://github.com/qianlan33333-png/AI-CRM-v2/pull/210;tests=legacy_questionnaire_create_list_get_session_csrf_rbac_and_real_PG_UoW;paths=cmd/aicrm/legacy_survey_api_test.go+internal/survey,method=focused_normal_boundary_error_and_PG16;command=make_p4-f01a-survey-acceptance,UNMAPPED,UNMAPPED,UNMAPPED,UNMAPPED,UNMAPPED,UNMAPPED,UNMAPPED,NOT_EXECUTED,UNMAPPED,docs/feature-matrix.csv:LEGACY-S07-117,"Matrix is source evidence, not V2 completion evidence.",UNMAPPED,UNMAPPED,UNMAPPED,UNMAPPED,UNMAPPED,NOT_EXECUTED,NOT_EXECUTED,NOT_EXECUTED,/admin/questionnaires,打开已有问卷编辑数据,UNMAPPED,d3a66948195ed7671442bf127a0ebedb5c8beb75,UNMAPPED,UNMAPPED,UNMAPPED,UNMAPPED,UNMAPPED,UNMAPPED,UNMAPPED,UNMAPPED
LEGACY-S07-118,FEATURE_MATRIX,/admin/questionnaires,问卷列表,启用或停用问卷,POST /api/admin/questionnaires/{questionnaire_id}/disable,客户端以 is_disabled 载荷切换状态后刷新列表,UNMAPPED,BACKEND_REQUIRED,UNMAPPED,IMPLEMENTED,SYNTHETIC_PASS,pr=https://github.com/qianlan33333-png/AI-CRM-v2/pull/276;sha=64be234e00063df950e73453cd39e9443b5acd77;tests=cmd/aicrm/legacy_survey_api_test.go+web/src/questionnaire-list.test.ts+web/src/questionnaire-list-ui.test.tsx;paths=cmd/aicrm/legacy_survey_api.go+cmd/aicrm/api.go+web/src/questionnaire-list.ts+web/src/questionnaire-list-ui.tsx,method=PR276_local_and_CI;command=Go_race_PG16_14_OpenAPI_Mapping_repo_contract_Web_lint_typecheck_Vitest_build_gitleaks_diff_check;ci=ci_merge-gate_success_run_32214362290;external=NOT_EXECUTED,UNMAPPED,UNMAPPED,UNMAPPED,UNMAPPED,UNMAPPED,UNMAPPED,UNMAPPED,NOT_EXECUTED,UNMAPPED,docs/feature-matrix.csv:LEGACY-S07-118,"Matrix is source evidence, not V2 completion evidence.",UNMAPPED,UNMAPPED,UNMAPPED,UNMAPPED,UNMAPPED,NOT_EXECUTED,NOT_EXECUTED,NOT_EXECUTED,/admin/questionnaires,启用或停用问卷,UNMAPPED,d3a66948195ed7671442bf127a0ebedb5c8beb75,UNMAPPED,UNMAPPED,UNMAPPED,UNMAPPED,UNMAPPED,UNMAPPED,UNMAPPED,UNMAPPED
LEGACY-S07-119,FEATURE_MATRIX,/admin/questionnaires,问卷列表,删除问卷,DELETE /api/admin/questionnaires/{questionnaire_id},确认后客户端刷新或返回列表,UNMAPPED,BACKEND_REQUIRED,UNMAPPED,IMPLEMENTED,SYNTHETIC_PASS,pr=https://github.com/qianlan33333-png/AI-CRM-v2/pull/276;sha=64be234e00063df950e73453cd39e9443b5acd77;tests=cmd/aicrm/legacy_survey_api_test.go+web/src/questionnaire-list.test.ts+web/src/questionnaire-list-ui.test.tsx;paths=cmd/aicrm/legacy_survey_api.go+cmd/aicrm/api.go+web/src/questionnaire-list.ts+web/src/questionnaire-list-ui.tsx,method=PR276_local_and_CI;command=Go_race_PG16_14_OpenAPI_Mapping_repo_contract_Web_lint_typecheck_Vitest_build_gitleaks_diff_check;ci=ci_merge-gate_success_run_32214362290;external=NOT_EXECUTED,UNMAPPED,UNMAPPED,UNMAPPED,UNMAPPED,UNMAPPED,UNMAPPED,UNMAPPED,NOT_EXECUTED,UNMAPPED,docs/feature-matrix.csv:LEGACY-S07-119,"Matrix is source evidence, not V2 completion evidence.",UNMAPPED,UNMAPPED,UNMAPPED,UNMAPPED,UNMAPPED,NOT_EXECUTED,NOT_EXECUTED,NOT_EXECUTED,/admin/questionnaires,删除问卷,UNMAPPED,d3a66948195ed7671442bf127a0ebedb5c8beb75,UNMAPPED,UNMAPPED,UNMAPPED,UNMAPPED,UNMAPPED,UNMAPPED,UNMAPPED,UNMAPPED
LEGACY-S07-120,FEATURE_MATRIX,/admin/questionnaires,问卷列表,复制问卷,POST /api/admin/questionnaires/{questionnaire_id}/duplicate,客户端刷新列表并打开默认停用的复制件,UNMAPPED,BACKEND_REQUIRED,UNMAPPED,IMPLEMENTED,SYNTHETIC_PASS,pr=https://github.com/qianlan33333-png/AI-CRM-v2/pull/297;merge_sha=ce8339ed2fd8eebabc1a5b809d35be34f0243106;tests=web/src/questionnaire-list.test.ts+web/src/questionnaire-list-ui.test.tsx;paths=web/src/questionnaire-list.ts+web/src/questionnaire-list-ui.tsx;scope=local_duplicate_with_disabled_copy,method=merged_PR297_with_ci_merge_gate;command=web_npm_run_ci;external=NOT_EXECUTED;deployment=NOT_EXECUTED,UNMAPPED,UNMAPPED,UNMAPPED,UNMAPPED,UNMAPPED,UNMAPPED,UNMAPPED,NOT_EXECUTED,UNMAPPED,docs/feature-matrix.csv:LEGACY-S07-120,"Matrix is source evidence, not V2 completion evidence.",UNMAPPED,UNMAPPED,UNMAPPED,UNMAPPED,UNMAPPED,NOT_EXECUTED,NOT_EXECUTED,NOT_EXECUTED,/admin/questionnaires,复制问卷,UNMAPPED,d3a66948195ed7671442bf127a0ebedb5c8beb75,UNMAPPED,UNMAPPED,UNMAPPED,UNMAPPED,UNMAPPED,UNMAPPED,UNMAPPED,UNMAPPED
LEGACY-S07-121,FEATURE_MATRIX,/admin/questionnaires,问卷分享,复制预载公开链接,none (client-only),客户端将当前问卷的预载 public_url 写入剪贴板或提示框,UNMAPPED,UI_ONLY,FRONTEND_INTEGRATION_DEFERRED,IMPLEMENTED,SYNTHETIC_PASS,pr=https://github.com/qianlan33333-png/AI-CRM-v2/pull/295;sha=f9f13b13dcad4eb69f02e5c9a4e648da5de461de;head=16e20bf1d29346e69e8dada0854064a39103036b;tests=web/src/questionnaire-list.test.ts+web/src/questionnaire-list-ui.test.tsx;paths=web/src/questionnaire-list.ts+web/src/questionnaire-list-ui.tsx+web/src/questionnaire-list.test.ts+web/src/questionnaire-list-ui.test.tsx,method=PR295_local_and_CI;command=npm_run_ci+Prettier_diff_check+gitleaks_diff;ci=ci_merge-gate_success_run_32227458487_web_1m5s;public_real_access=NOT_EXECUTED;provider_write=NOT_EXECUTED;external=NOT_EXECUTED;deploy=NOT_EXECUTED,UNMAPPED,UNMAPPED,UNMAPPED,UNMAPPED,UNMAPPED,UNMAPPED,UNMAPPED,NOT_EXECUTED,UNMAPPED,docs/feature-matrix.csv:LEGACY-S07-121,"Matrix is source evidence, not V2 completion evidence.",UNMAPPED,UNMAPPED,UNMAPPED,UNMAPPED,UNMAPPED,NOT_EXECUTED,NOT_EXECUTED,NOT_EXECUTED,/admin/questionnaires,复制预载公开链接,UNMAPPED,d3a66948195ed7671442bf127a0ebedb5c8beb75,UNMAPPED,UNMAPPED,UNMAPPED,UNMAPPED,UNMAPPED,UNMAPPED,UNMAPPED,UNMAPPED
LEGACY-S07-122,FEATURE_MATRIX,/admin/questionnaires/{questionnaire_id},问卷数据,导出问卷提交数据,GET /api/admin/questionnaires/{questionnaire_id}/export,客户端下载响应 blob,UNMAPPED,BACKEND_REQUIRED,UNMAPPED,IMPLEMENTED,SYNTHETIC_PASS,pr=https://github.com/qianlan33333-png/AI-CRM-v2/pull/255;sha=2651d759fdda4fe971f2461f24bd2aad277953ce;tests=cmd/aicrm/legacy_survey_submissions_api_test.go+internal/survey/app/submissions_test.go+acceptance/survey/f03_submissions_integration_test.go;paths=cmd/aicrm/legacy_survey_submissions_api.go+internal/survey/app/submissions.go+internal/survey/store/submission_repository.go,method=focused_router_service_and_PG16;command=go test ./cmd/aicrm ./internal/survey/app ./acceptance/survey && make feature-matrix-contract,UNMAPPED,UNMAPPED,UNMAPPED,UNMAPPED,UNMAPPED,UNMAPPED,UNMAPPED,NOT_EXECUTED,UNMAPPED,docs/feature-matrix.csv:LEGACY-S07-122,"Matrix is source evidence, not V2 completion evidence.",UNMAPPED,UNMAPPED,UNMAPPED,UNMAPPED,UNMAPPED,NOT_EXECUTED,NOT_EXECUTED,NOT_EXECUTED,/admin/questionnaires/{questionnaire_id},导出问卷提交数据,UNMAPPED,d3a66948195ed7671442bf127a0ebedb5c8beb75,UNMAPPED,UNMAPPED,UNMAPPED,UNMAPPED,UNMAPPED,UNMAPPED,UNMAPPED,UNMAPPED
LEGACY-S07-123,FEATURE_MATRIX,/admin/questionnaires/new,问卷编辑器,创建问卷,POST /api/admin/questionnaires,客户端重置草稿并更新地址,UNMAPPED,BACKEND_REQUIRED,UNMAPPED,IMPLEMENTED,SYNTHETIC_PASS,sha=fd2fc48daa16e346e22a1ca1c058e1a76665162a;pr=https://github.com/qianlan33333-png/AI-CRM-v2/pull/210;tests=legacy_questionnaire_create_list_get_session_csrf_rbac_and_real_PG_UoW;paths=cmd/aicrm/legacy_survey_api_test.go+internal/survey,method=focused_normal_boundary_error_and_PG16;command=make_p4-f01a-survey-acceptance,UNMAPPED,UNMAPPED,UNMAPPED,UNMAPPED,UNMAPPED,UNMAPPED,UNMAPPED,NOT_EXECUTED,UNMAPPED,docs/feature-matrix.csv:LEGACY-S07-123,"Matrix is source evidence, not V2 completion evidence.",UNMAPPED,UNMAPPED,UNMAPPED,UNMAPPED,UNMAPPED,NOT_EXECUTED,NOT_EXECUTED,NOT_EXECUTED,/admin/questionnaires/new,创建问卷,UNMAPPED,d3a66948195ed7671442bf127a0ebedb5c8beb75,UNMAPPED,UNMAPPED,UNMAPPED,UNMAPPED,UNMAPPED,UNMAPPED,UNMAPPED,UNMAPPED
LEGACY-S07-124,FEATURE_MATRIX,/admin/questionnaires/{questionnaire_id},问卷编辑器,保存问卷修改,PUT /api/admin/questionnaires/{questionnaire_id},客户端重置草稿并刷新列表,UNMAPPED,BACKEND_REQUIRED,UNMAPPED,IMPLEMENTED,SYNTHETIC_PASS,pr=https://github.com/qianlan33333-png/AI-CRM-v2/pull/346;merge_sha=1fc7f9f74b222ffc9ee959732b30cb797f83551a;tests=web/src/questionnaire-list.test.ts+web/src/questionnaire-list-ui.test.tsx;paths=web/src/questionnaire-list.ts+web/src/questionnaire-list-ui.tsx;scope=local_questionnaire_editor_update,method=merged_PR346;command=web_npm_run_ci;deployment=NOT_EXECUTED;external=NOT_EXECUTED,UNMAPPED,UNMAPPED,UNMAPPED,UNMAPPED,UNMAPPED,UNMAPPED,UNMAPPED,NOT_EXECUTED,UNMAPPED,docs/feature-matrix.csv:LEGACY-S07-124,"Matrix is source evidence, not V2 completion evidence.",UNMAPPED,UNMAPPED,UNMAPPED,UNMAPPED,UNMAPPED,NOT_EXECUTED,NOT_EXECUTED,NOT_EXECUTED,/admin/questionnaires/{questionnaire_id},保存问卷修改,UNMAPPED,d3a66948195ed7671442bf127a0ebedb5c8beb75,UNMAPPED,UNMAPPED,UNMAPPED,UNMAPPED,UNMAPPED,UNMAPPED,UNMAPPED,UNMAPPED
LEGACY-S07-125,FEATURE_MATRIX,/admin/questionnaires/{questionnaire_id}/operations,提交后动作,保存完成后动作,PUT /api/admin/questionnaires/{questionnaire_id}/operations/completion,客户端显示保存结果,UNMAPPED,BACKEND_REQUIRED,UNMAPPED,IMPLEMENTED,SYNTHETIC_PASS,pr=/pull/396;sha=33f53cb67fa33f4b21e0bef20323171486795c85;tests=ci;paths=api,method=ci;command=contract,UNMAPPED,UNMAPPED,UNMAPPED,UNMAPPED,UNMAPPED,UNMAPPED,UNMAPPED,NOT_EXECUTED,UNMAPPED,docs/feature-matrix.csv:LEGACY-S07-125,"Matrix is source evidence, not V2 completion evidence.",UNMAPPED,UNMAPPED,UNMAPPED,UNMAPPED,UNMAPPED,NOT_EXECUTED,NOT_EXECUTED,NOT_EXECUTED,/admin/questionnaires/{questionnaire_id}/operations,保存完成后动作,UNMAPPED,d3a66948195ed7671442bf127a0ebedb5c8beb75,UNMAPPED,UNMAPPED,UNMAPPED,UNMAPPED,UNMAPPED,UNMAPPED,UNMAPPED,UNMAPPED
LEGACY-S07-126,FEATURE_MATRIX,/admin/questionnaires/{questionnaire_id}/operations,外部推送,保存外部推送配置,PUT /api/admin/questionnaires/{questionnaire_id}/operations/external-push,客户端显示保存结果,UNMAPPED,BACKEND_REQUIRED,UNMAPPED,IMPLEMENTED,SYNTHETIC_PASS,pr=/pull/396;sha=33f53cb67fa33f4b21e0bef20323171486795c85;tests=ci;paths=api,method=ci;command=contract,UNMAPPED,UNMAPPED,UNMAPPED,UNMAPPED,UNMAPPED,UNMAPPED,UNMAPPED,NOT_EXECUTED,UNMAPPED,docs/feature-matrix.csv:LEGACY-S07-126,"Matrix is source evidence, not V2 completion evidence.",UNMAPPED,UNMAPPED,UNMAPPED,UNMAPPED,UNMAPPED,NOT_EXECUTED,NOT_EXECUTED,NOT_EXECUTED,/admin/questionnaires/{questionnaire_id}/operations,保存外部推送配置,UNMAPPED,d3a66948195ed7671442bf127a0ebedb5c8beb75,UNMAPPED,UNMAPPED,UNMAPPED,UNMAPPED,UNMAPPED,UNMAPPED,UNMAPPED,UNMAPPED
LEGACY-S07-127,FEATURE_MATRIX,/admin/questionnaires/{questionnaire_id}/operations,外部推送,保存配置后排队测试推送,PUT /api/admin/questionnaires/{questionnaire_id}/operations/external-push; POST /api/admin/questionnaires/{questionnaire_id}/operations/external-push/test,客户端先保存并显示 test_run_id 已排队,UNMAPPED,BACKEND_REQUIRED,UNMAPPED,IMPLEMENTED,SYNTHETIC_PASS,pr=/pull/396;sha=33f53cb67fa33f4b21e0bef20323171486795c85;tests=ci;paths=api,method=ci;command=contract,UNMAPPED,UNMAPPED,UNMAPPED,UNMAPPED,UNMAPPED,UNMAPPED,UNMAPPED,NOT_EXECUTED,UNMAPPED,docs/feature-matrix.csv:LEGACY-S07-127,"Matrix is source evidence, not V2 completion evidence.",UNMAPPED,UNMAPPED,UNMAPPED,UNMAPPED,UNMAPPED,NOT_EXECUTED,NOT_EXECUTED,NOT_EXECUTED,/admin/questionnaires/{questionnaire_id}/operations,保存配置后排队测试推送,UNMAPPED,d3a66948195ed7671442bf127a0ebedb5c8beb75,UNMAPPED,UNMAPPED,UNMAPPED,UNMAPPED,UNMAPPED,UNMAPPED,UNMAPPED,UNMAPPED
LEGACY-S07-128,FEATURE_MATRIX,/admin/questionnaires/.../external-push-logs,历史外推日志,应用筛选或重置日志视图,GET /admin/questionnaires/external-push-logs; GET /admin/questionnaires/{questionnaire_id:int}/external-push-logs,浏览器以 GET 表单重载全局或单问卷历史日志,UNMAPPED,BACKEND_REQUIRED,UNMAPPED,NOT_STARTED,NOT_RUN,UNMAPPED,UNMAPPED,UNMAPPED,UNMAPPED,UNMAPPED,UNMAPPED,UNMAPPED,UNMAPPED,UNMAPPED,NOT_EXECUTED,UNMAPPED,docs/feature-matrix.csv:LEGACY-S07-128,"Matrix is source evidence, not V2 completion evidence.",UNMAPPED,UNMAPPED,UNMAPPED,UNMAPPED,UNMAPPED,NOT_EXECUTED,NOT_EXECUTED,NOT_EXECUTED,/admin/questionnaires/.../external-push-logs,应用筛选或重置日志视图,UNMAPPED,d3a66948195ed7671442bf127a0ebedb5c8beb75,UNMAPPED,UNMAPPED,UNMAPPED,UNMAPPED,UNMAPPED,UNMAPPED,UNMAPPED,UNMAPPED
LEGACY-S07-129,FEATURE_MATRIX,/admin/radar-links,雷达链接列表,刷新雷达链接列表,GET /api/admin/radar-links,客户端重绘返回的雷达链接,UNMAPPED,BACKEND_REQUIRED,UNMAPPED,IMPLEMENTED,SYNTHETIC_PASS,pr=/pull/386;sha=6a429d3950b34b83b8c07a4676749921e8b1c720;tests=ci;paths=api,method=ci;command=contract,UNMAPPED,UNMAPPED,UNMAPPED,UNMAPPED,UNMAPPED,UNMAPPED,UNMAPPED,NOT_EXECUTED,UNMAPPED,docs/feature-matrix.csv:LEGACY-S07-129,"Matrix is source evidence, not V2 completion evidence.",UNMAPPED,UNMAPPED,UNMAPPED,UNMAPPED,UNMAPPED,NOT_EXECUTED,NOT_EXECUTED,NOT_EXECUTED,/admin/radar-links,刷新雷达链接列表,UNMAPPED,d3a66948195ed7671442bf127a0ebedb5c8beb75,UNMAPPED,UNMAPPED,UNMAPPED,UNMAPPED,UNMAPPED,UNMAPPED,UNMAPPED,UNMAPPED
LEGACY-S07-130,FEATURE_MATRIX,/admin/radar-links,雷达链接分享,生成分享链接和二维码,GET /api/admin/radar-links/{link_id}/share,客户端打开分享弹窗并提供复制/下载,UNMAPPED,BACKEND_REQUIRED,UNMAPPED,NOT_STARTED,NOT_RUN,UNMAPPED,UNMAPPED,UNMAPPED,UNMAPPED,UNMAPPED,UNMAPPED,UNMAPPED,UNMAPPED,UNMAPPED,NOT_EXECUTED,UNMAPPED,docs/feature-matrix.csv:LEGACY-S07-130,"Matrix is source evidence, not V2 completion evidence.",UNMAPPED,UNMAPPED,UNMAPPED,UNMAPPED,UNMAPPED,NOT_EXECUTED,NOT_EXECUTED,NOT_EXECUTED,/admin/radar-links,生成分享链接和二维码,UNMAPPED,d3a66948195ed7671442bf127a0ebedb5c8beb75,UNMAPPED,UNMAPPED,UNMAPPED,UNMAPPED,UNMAPPED,UNMAPPED,UNMAPPED,UNMAPPED
LEGACY-S07-131,FEATURE_MATRIX,/admin/radar-links,雷达链接行,启用或停用雷达链接,POST /api/admin/radar-links/{link_id}/enable; POST /api/admin/radar-links/{link_id}/disable,客户端按当前状态请求后刷新列表,UNMAPPED,BACKEND_REQUIRED,UNMAPPED,IMPLEMENTED,SYNTHETIC_PASS,pr=/pull/386;sha=6a429d3950b34b83b8c07a4676749921e8b1c720;tests=ci;paths=api,method=ci;command=contract,UNMAPPED,UNMAPPED,UNMAPPED,UNMAPPED,UNMAPPED,UNMAPPED,UNMAPPED,NOT_EXECUTED,UNMAPPED,docs/feature-matrix.csv:LEGACY-S07-131,"Matrix is source evidence, not V2 completion evidence.",UNMAPPED,UNMAPPED,UNMAPPED,UNMAPPED,UNMAPPED,NOT_EXECUTED,NOT_EXECUTED,NOT_EXECUTED,/admin/radar-links,启用或停用雷达链接,UNMAPPED,d3a66948195ed7671442bf127a0ebedb5c8beb75,UNMAPPED,UNMAPPED,UNMAPPED,UNMAPPED,UNMAPPED,UNMAPPED,UNMAPPED,UNMAPPED
LEGACY-S07-132,FEATURE_MATRIX,/admin/radar-links/new,雷达表单,读取新建表单默认选项,GET /api/admin/radar-links/new/options,客户端填充默认值,UNMAPPED,BACKEND_REQUIRED,UNMAPPED,IMPLEMENTED,SYNTHETIC_PASS,pr=/pull/386;sha=6a429d3950b34b83b8c07a4676749921e8b1c720;tests=ci;paths=api,method=ci;command=contract,UNMAPPED,UNMAPPED,UNMAPPED,UNMAPPED,UNMAPPED,UNMAPPED,UNMAPPED,NOT_EXECUTED,UNMAPPED,docs/feature-matrix.csv:LEGACY-S07-132,"Matrix is source evidence, not V2 completion evidence.",UNMAPPED,UNMAPPED,UNMAPPED,UNMAPPED,UNMAPPED,NOT_EXECUTED,NOT_EXECUTED,NOT_EXECUTED,/admin/radar-links/new,读取新建表单默认选项,UNMAPPED,d3a66948195ed7671442bf127a0ebedb5c8beb75,UNMAPPED,UNMAPPED,UNMAPPED,UNMAPPED,UNMAPPED,UNMAPPED,UNMAPPED,UNMAPPED
LEGACY-S07-133,FEATURE_MATRIX,/admin/radar-links/new | /admin/radar-links/{link_id}/edit,雷达素材上传,上传图片内容,POST /api/admin/image-library/upload,成功响应返回图片素材 ID 供表单引用,UNMAPPED,BACKEND_REQUIRED,UNMAPPED,IMPLEMENTED,SYNTHETIC_PASS,sha=99304543057ed52da4802c3c969a85bb01fb0a87;pr=https://github.com/qianlan33333-png/AI-CRM-v2/pull/209;tests=shared_upload_item_id_contract_without_Radar_execution;paths=cmd/aicrm/legacy_api.go+internal/media,method=focused_normal_boundary_error_and_PG16;command=make_p4-h01a1-media-acceptance,UNMAPPED,UNMAPPED,UNMAPPED,UNMAPPED,UNMAPPED,UNMAPPED,UNMAPPED,NOT_EXECUTED,UNMAPPED,docs/feature-matrix.csv:LEGACY-S07-133,"Matrix is source evidence, not V2 completion evidence.",UNMAPPED,UNMAPPED,UNMAPPED,UNMAPPED,UNMAPPED,NOT_EXECUTED,NOT_EXECUTED,NOT_EXECUTED,/admin/radar-links/new | /admin/radar-links/{link_id}/edit,上传图片内容,UNMAPPED,d3a66948195ed7671442bf127a0ebedb5c8beb75,UNMAPPED,UNMAPPED,UNMAPPED,UNMAPPED,UNMAPPED,UNMAPPED,UNMAPPED,UNMAPPED
LEGACY-S07-134,FEATURE_MATRIX,/admin/radar-links/new | /admin/radar-links/{link_id}/edit,雷达素材上传,上传小型附件内容,POST /api/admin/attachment-library/upload,成功响应返回附件素材 ID 供表单引用,UNMAPPED,BACKEND_REQUIRED,UNMAPPED,IMPLEMENTED,SYNTHETIC_PASS,pr=/pull/399;sha=682c0a6e822f506a3b3d275eb37f1a91dad77fa0;tests=ci;paths=api,method=ci;command=contract,UNMAPPED,UNMAPPED,UNMAPPED,UNMAPPED,UNMAPPED,UNMAPPED,UNMAPPED,NOT_EXECUTED,UNMAPPED,docs/feature-matrix.csv:LEGACY-S07-134,"Matrix is source evidence, not V2 completion evidence.",UNMAPPED,UNMAPPED,UNMAPPED,UNMAPPED,UNMAPPED,NOT_EXECUTED,NOT_EXECUTED,NOT_EXECUTED,/admin/radar-links/new | /admin/radar-links/{link_id}/edit,上传小型附件内容,UNMAPPED,d3a66948195ed7671442bf127a0ebedb5c8beb75,UNMAPPED,UNMAPPED,UNMAPPED,UNMAPPED,UNMAPPED,UNMAPPED,UNMAPPED,UNMAPPED
LEGACY-S07-135,FEATURE_MATRIX,/admin/radar-links/new | /admin/radar-links/{link_id}/edit,雷达素材上传,分片上传 PDF 内容,POST /api/admin/radar-links/pdf-uploads/initiate; PUT /api/admin/radar-links/pdf-uploads/{upload_id}/parts/{part_no}; POST /api/admin/radar-links/pdf-uploads/{upload_id}/complete,客户端依次初始化、上传分片并完成 PDF,UNMAPPED,BACKEND_REQUIRED,UNMAPPED,NOT_STARTED,NOT_RUN,UNMAPPED,UNMAPPED,UNMAPPED,UNMAPPED,UNMAPPED,UNMAPPED,UNMAPPED,UNMAPPED,UNMAPPED,NOT_EXECUTED,UNMAPPED,docs/feature-matrix.csv:LEGACY-S07-135,"Matrix is source evidence, not V2 completion evidence.",UNMAPPED,UNMAPPED,UNMAPPED,UNMAPPED,UNMAPPED,NOT_EXECUTED,NOT_EXECUTED,NOT_EXECUTED,/admin/radar-links/new | /admin/radar-links/{link_id}/edit,分片上传 PDF 内容,UNMAPPED,d3a66948195ed7671442bf127a0ebedb5c8beb75,UNMAPPED,UNMAPPED,UNMAPPED,UNMAPPED,UNMAPPED,UNMAPPED,UNMAPPED,UNMAPPED
LEGACY-S07-136,FEATURE_MATRIX,/admin/radar-links/new,雷达表单,创建雷达链接,POST /api/admin/radar-links,成功响应后提示已保存并返回列表,UNMAPPED,BACKEND_REQUIRED,UNMAPPED,IMPLEMENTED,SYNTHETIC_PASS,pr=/pull/386;sha=6a429d3950b34b83b8c07a4676749921e8b1c720;tests=ci;paths=api,method=ci;command=contract,UNMAPPED,UNMAPPED,UNMAPPED,UNMAPPED,UNMAPPED,UNMAPPED,UNMAPPED,NOT_EXECUTED,UNMAPPED,docs/feature-matrix.csv:LEGACY-S07-136,"Matrix is source evidence, not V2 completion evidence.",UNMAPPED,UNMAPPED,UNMAPPED,UNMAPPED,UNMAPPED,NOT_EXECUTED,NOT_EXECUTED,NOT_EXECUTED,/admin/radar-links/new,创建雷达链接,UNMAPPED,d3a66948195ed7671442bf127a0ebedb5c8beb75,UNMAPPED,UNMAPPED,UNMAPPED,UNMAPPED,UNMAPPED,UNMAPPED,UNMAPPED,UNMAPPED
LEGACY-S07-137,FEATURE_MATRIX,/admin/radar-links/{link_id}/edit,雷达表单,读取已有雷达链接,GET /api/admin/radar-links/{link_id},客户端填充编辑表单,UNMAPPED,BACKEND_REQUIRED,UNMAPPED,IMPLEMENTED,SYNTHETIC_PASS,pr=/pull/386;sha=6a429d3950b34b83b8c07a4676749921e8b1c720;tests=ci;paths=api,method=ci;command=contract,UNMAPPED,UNMAPPED,UNMAPPED,UNMAPPED,UNMAPPED,UNMAPPED,UNMAPPED,NOT_EXECUTED,UNMAPPED,docs/feature-matrix.csv:LEGACY-S07-137,"Matrix is source evidence, not V2 completion evidence.",UNMAPPED,UNMAPPED,UNMAPPED,UNMAPPED,UNMAPPED,NOT_EXECUTED,NOT_EXECUTED,NOT_EXECUTED,/admin/radar-links/{link_id}/edit,读取已有雷达链接,UNMAPPED,d3a66948195ed7671442bf127a0ebedb5c8beb75,UNMAPPED,UNMAPPED,UNMAPPED,UNMAPPED,UNMAPPED,UNMAPPED,UNMAPPED,UNMAPPED
LEGACY-S07-138,FEATURE_MATRIX,/admin/radar-links/{link_id}/edit,雷达表单,保存雷达链接修改,PATCH /api/admin/radar-links/{link_id},成功响应后提示已保存并返回列表,UNMAPPED,BACKEND_REQUIRED,UNMAPPED,IMPLEMENTED,SYNTHETIC_PASS,pr=/pull/386;sha=6a429d3950b34b83b8c07a4676749921e8b1c720;tests=ci;paths=api,method=ci;command=contract,UNMAPPED,UNMAPPED,UNMAPPED,UNMAPPED,UNMAPPED,UNMAPPED,UNMAPPED,NOT_EXECUTED,UNMAPPED,docs/feature-matrix.csv:LEGACY-S07-138,"Matrix is source evidence, not V2 completion evidence.",UNMAPPED,UNMAPPED,UNMAPPED,UNMAPPED,UNMAPPED,NOT_EXECUTED,NOT_EXECUTED,NOT_EXECUTED,/admin/radar-links/{link_id}/edit,保存雷达链接修改,UNMAPPED,d3a66948195ed7671442bf127a0ebedb5c8beb75,UNMAPPED,UNMAPPED,UNMAPPED,UNMAPPED,UNMAPPED,UNMAPPED,UNMAPPED,UNMAPPED
LEGACY-S07-139,FEATURE_MATRIX,/admin/radar-links/{link_id}/detail,事件记录,按时间刷新雷达事件,GET /api/admin/radar-links/{link_id}/events,客户端重绘返回事件表和汇总,UNMAPPED,BACKEND_REQUIRED,UNMAPPED,NOT_STARTED,NOT_RUN,UNMAPPED,UNMAPPED,UNMAPPED,UNMAPPED,UNMAPPED,UNMAPPED,UNMAPPED,UNMAPPED,UNMAPPED,NOT_EXECUTED,UNMAPPED,docs/feature-matrix.csv:LEGACY-S07-139,"Matrix is source evidence, not V2 completion evidence.",UNMAPPED,UNMAPPED,UNMAPPED,UNMAPPED,UNMAPPED,NOT_EXECUTED,NOT_EXECUTED,NOT_EXECUTED,/admin/radar-links/{link_id}/detail,按时间刷新雷达事件,UNMAPPED,d3a66948195ed7671442bf127a0ebedb5c8beb75,UNMAPPED,UNMAPPED,UNMAPPED,UNMAPPED,UNMAPPED,UNMAPPED,UNMAPPED,UNMAPPED
LEGACY-S07-140,FEATURE_MATRIX,/admin/radar-links/{link_id}/detail,事件记录,导出筛选后的雷达事件,GET /api/admin/radar-links/{link_id}/events/export,浏览器导航至导出地址,UNMAPPED,BACKEND_REQUIRED,UNMAPPED,NOT_STARTED,NOT_RUN,UNMAPPED,UNMAPPED,UNMAPPED,UNMAPPED,UNMAPPED,UNMAPPED,UNMAPPED,UNMAPPED,UNMAPPED,NOT_EXECUTED,UNMAPPED,docs/feature-matrix.csv:LEGACY-S07-140,"Matrix is source evidence, not V2 completion evidence.",UNMAPPED,UNMAPPED,UNMAPPED,UNMAPPED,UNMAPPED,NOT_EXECUTED,NOT_EXECUTED,NOT_EXECUTED,/admin/radar-links/{link_id}/detail,导出筛选后的雷达事件,UNMAPPED,d3a66948195ed7671442bf127a0ebedb5c8beb75,UNMAPPED,UNMAPPED,UNMAPPED,UNMAPPED,UNMAPPED,UNMAPPED,UNMAPPED,UNMAPPED
LEGACY-S07-141,FEATURE_MATRIX,/admin/operation-cycles/{strategy_key},当前动作,启动一个运营策略动作,POST /api/admin/operation-cycles/strategies/{strategy_key}/actions/{action_key}/start,成功后保持按钮禁用并提示已创建本地任务；失败时恢复按钮,UNMAPPED,BACKEND_REQUIRED,UNMAPPED,IMPLEMENTED,SYNTHETIC_PASS,pr=https://github.com/qianlan33333-png/AI-CRM-v2/pull/225;sha=be62a43eb0865287c0372b9cbe295da7732458df;tests=cmd/aicrm/legacy_operation_cycle_api_test.go+internal/operationcycle/app/service_test.go+acceptance/operationcycle/ab_integration_test.go;paths=cmd/aicrm/legacy_operation_cycle_api.go+internal/operationcycle/app/service.go+internal/operationcycle/store/repository.go,method=focused_router_service_and_PG16;command=go test ./cmd/aicrm ./internal/operationcycle/app ./acceptance/operationcycle && make feature-matrix-contract,UNMAPPED,UNMAPPED,UNMAPPED,UNMAPPED,UNMAPPED,UNMAPPED,UNMAPPED,NOT_EXECUTED,UNMAPPED,docs/feature-matrix.csv:LEGACY-S07-141,"Matrix is source evidence, not V2 completion evidence.",UNMAPPED,UNMAPPED,UNMAPPED,UNMAPPED,UNMAPPED,NOT_EXECUTED,NOT_EXECUTED,NOT_EXECUTED,/admin/operation-cycles/{strategy_key},启动一个运营策略动作,UNMAPPED,d3a66948195ed7671442bf127a0ebedb5c8beb75,UNMAPPED,UNMAPPED,UNMAPPED,UNMAPPED,UNMAPPED,UNMAPPED,UNMAPPED,UNMAPPED
LEGACY-S07-142,FEATURE_MATRIX,/admin/operation-cycles/{strategy_key},变更提案,提交接受或拒绝提案的决定,POST /api/admin/operation-cycles/strategy-change-proposals/{proposal_id}/decision,客户端提交 decision 与备注后刷新页面,UNMAPPED,BACKEND_REQUIRED,UNMAPPED,IMPLEMENTED,SYNTHETIC_PASS,pr=https://github.com/qianlan33333-png/AI-CRM-v2/pull/225;sha=be62a43eb0865287c0372b9cbe295da7732458df;tests=cmd/aicrm/legacy_operation_cycle_api_test.go+internal/operationcycle/app/service_test.go+acceptance/operationcycle/ab_integration_test.go;paths=cmd/aicrm/legacy_operation_cycle_api.go+internal/operationcycle/app/service.go+internal/operationcycle/store/repository.go,method=focused_router_service_and_PG16;command=go test ./cmd/aicrm ./internal/operationcycle/app ./acceptance/operationcycle && make feature-matrix-contract,UNMAPPED,UNMAPPED,UNMAPPED,UNMAPPED,UNMAPPED,UNMAPPED,UNMAPPED,NOT_EXECUTED,UNMAPPED,docs/feature-matrix.csv:LEGACY-S07-142,"Matrix is source evidence, not V2 completion evidence.",UNMAPPED,UNMAPPED,UNMAPPED,UNMAPPED,UNMAPPED,NOT_EXECUTED,NOT_EXECUTED,NOT_EXECUTED,/admin/operation-cycles/{strategy_key},提交接受或拒绝提案的决定,UNMAPPED,d3a66948195ed7671442bf127a0ebedb5c8beb75,UNMAPPED,UNMAPPED,UNMAPPED,UNMAPPED,UNMAPPED,UNMAPPED,UNMAPPED,UNMAPPED
LEGACY-S07-143,FEATURE_MATRIX,/admin/service-period-products,周期商品列表,刷新周期商品列表,GET /api/admin/service-period-products,客户端重绘返回商品列表和计数,UNMAPPED,BACKEND_REQUIRED,UNMAPPED,IMPLEMENTED,SYNTHETIC_PASS,pr=https://github.com/qianlan33333-png/AI-CRM-v2/pull/379;sha=066c9ddf17c408979552dc33dc507ef41093b7ba;tests=product_pg16+go_race+repo_contract;paths=cmd/aicrm/api.go+internal/product,method=merged_pr_ci;command=matrix_ledger_validation,UNMAPPED,UNMAPPED,UNMAPPED,UNMAPPED,UNMAPPED,UNMAPPED,UNMAPPED,NOT_EXECUTED,UNMAPPED,docs/feature-matrix.csv:LEGACY-S07-143,"Matrix is source evidence, not V2 completion evidence.",UNMAPPED,UNMAPPED,UNMAPPED,UNMAPPED,UNMAPPED,NOT_EXECUTED,NOT_EXECUTED,NOT_EXECUTED,/admin/service-period-products,刷新周期商品列表,UNMAPPED,d3a66948195ed7671442bf127a0ebedb5c8beb75,UNMAPPED,UNMAPPED,UNMAPPED,UNMAPPED,UNMAPPED,UNMAPPED,UNMAPPED,UNMAPPED
LEGACY-S07-144,FEATURE_MATRIX,/admin/service-period-products/new,周期商品表单,创建周期商品,POST /api/admin/service-period-products,成功响应后跳转到编辑页,UNMAPPED,BACKEND_REQUIRED,UNMAPPED,IMPLEMENTED,SYNTHETIC_PASS,pr=https://github.com/qianlan33333-png/AI-CRM-v2/pull/379;sha=066c9ddf17c408979552dc33dc507ef41093b7ba;tests=product_pg16+go_race+repo_contract;paths=cmd/aicrm/api.go+internal/product,method=merged_pr_ci;command=matrix_ledger_validation,UNMAPPED,UNMAPPED,UNMAPPED,UNMAPPED,UNMAPPED,UNMAPPED,UNMAPPED,NOT_EXECUTED,UNMAPPED,docs/feature-matrix.csv:LEGACY-S07-144,"Matrix is source evidence, not V2 completion evidence.",UNMAPPED,UNMAPPED,UNMAPPED,UNMAPPED,UNMAPPED,NOT_EXECUTED,NOT_EXECUTED,NOT_EXECUTED,/admin/service-period-products/new,创建周期商品,UNMAPPED,d3a66948195ed7671442bf127a0ebedb5c8beb75,UNMAPPED,UNMAPPED,UNMAPPED,UNMAPPED,UNMAPPED,UNMAPPED,UNMAPPED,UNMAPPED
LEGACY-S07-145,FEATURE_MATRIX,/admin/service-period-products/{service_product_id}/edit,周期商品表单,保存周期商品修改,PUT /api/admin/service-period-products/{service_product_id},成功响应后重新填充编辑表单,UNMAPPED,BACKEND_REQUIRED,UNMAPPED,IMPLEMENTED,SYNTHETIC_PASS,pr=https://github.com/qianlan33333-png/AI-CRM-v2/pull/379;sha=066c9ddf17c408979552dc33dc507ef41093b7ba;tests=product_pg16+go_race+repo_contract;paths=cmd/aicrm/api.go+internal/product,method=merged_pr_ci;command=matrix_ledger_validation,UNMAPPED,UNMAPPED,UNMAPPED,UNMAPPED,UNMAPPED,UNMAPPED,UNMAPPED,NOT_EXECUTED,UNMAPPED,docs/feature-matrix.csv:LEGACY-S07-145,"Matrix is source evidence, not V2 completion evidence.",UNMAPPED,UNMAPPED,UNMAPPED,UNMAPPED,UNMAPPED,NOT_EXECUTED,NOT_EXECUTED,NOT_EXECUTED,/admin/service-period-products/{service_product_id}/edit,保存周期商品修改,UNMAPPED,d3a66948195ed7671442bf127a0ebedb5c8beb75,UNMAPPED,UNMAPPED,UNMAPPED,UNMAPPED,UNMAPPED,UNMAPPED,UNMAPPED,UNMAPPED
LEGACY-S07-146,FEATURE_MATRIX,/admin/service-period-products,周期商品行,上架或下架周期商品,POST /api/admin/service-period-products/{service_product_id}/enable; POST /api/admin/service-period-products/{service_product_id}/disable,客户端请求后刷新列表,UNMAPPED,BACKEND_REQUIRED,UNMAPPED,IMPLEMENTED,SYNTHETIC_PASS,pr=https://github.com/qianlan33333-png/AI-CRM-v2/pull/379;sha=066c9ddf17c408979552dc33dc507ef41093b7ba;tests=product_pg16+go_race+repo_contract;paths=cmd/aicrm/api.go+internal/product,method=merged_pr_ci;command=matrix_ledger_validation,UNMAPPED,UNMAPPED,UNMAPPED,UNMAPPED,UNMAPPED,UNMAPPED,UNMAPPED,NOT_EXECUTED,UNMAPPED,docs/feature-matrix.csv:LEGACY-S07-146,"Matrix is source evidence, not V2 completion evidence.",UNMAPPED,UNMAPPED,UNMAPPED,UNMAPPED,UNMAPPED,NOT_EXECUTED,NOT_EXECUTED,NOT_EXECUTED,/admin/service-period-products,上架或下架周期商品,UNMAPPED,d3a66948195ed7671442bf127a0ebedb5c8beb75,UNMAPPED,UNMAPPED,UNMAPPED,UNMAPPED,UNMAPPED,UNMAPPED,UNMAPPED,UNMAPPED
LEGACY-S07-147,FEATURE_MATRIX,/admin/service-period-products,周期商品行,复制周期商品,POST /api/admin/service-period-products/{service_product_id}/copy,成功响应后刷新列表,UNMAPPED,BACKEND_REQUIRED,UNMAPPED,IMPLEMENTED,SYNTHETIC_PASS,pr=https://github.com/qianlan33333-png/AI-CRM-v2/pull/379;sha=066c9ddf17c408979552dc33dc507ef41093b7ba;tests=product_pg16+go_race+repo_contract;paths=cmd/aicrm/api.go+internal/product,method=merged_pr_ci;command=matrix_ledger_validation,UNMAPPED,UNMAPPED,UNMAPPED,UNMAPPED,UNMAPPED,UNMAPPED,UNMAPPED,NOT_EXECUTED,UNMAPPED,docs/feature-matrix.csv:LEGACY-S07-147,"Matrix is source evidence, not V2 completion evidence.",UNMAPPED,UNMAPPED,UNMAPPED,UNMAPPED,UNMAPPED,NOT_EXECUTED,NOT_EXECUTED,NOT_EXECUTED,/admin/service-period-products,复制周期商品,UNMAPPED,d3a66948195ed7671442bf127a0ebedb5c8beb75,UNMAPPED,UNMAPPED,UNMAPPED,UNMAPPED,UNMAPPED,UNMAPPED,UNMAPPED,UNMAPPED
LEGACY-S07-148,FEATURE_MATRIX,/admin/service-period-products,周期商品行,删除周期商品,DELETE /api/admin/service-period-products/{service_product_id},确认后成功响应会刷新列表,UNMAPPED,BACKEND_REQUIRED,UNMAPPED,IMPLEMENTED,SYNTHETIC_PASS,pr=https://github.com/qianlan33333-png/AI-CRM-v2/pull/379;sha=066c9ddf17c408979552dc33dc507ef41093b7ba;tests=product_pg16+go_race+repo_contract;paths=cmd/aicrm/api.go+internal/product,method=merged_pr_ci;command=matrix_ledger_validation,UNMAPPED,UNMAPPED,UNMAPPED,UNMAPPED,UNMAPPED,UNMAPPED,UNMAPPED,NOT_EXECUTED,UNMAPPED,docs/feature-matrix.csv:LEGACY-S07-148,"Matrix is source evidence, not V2 completion evidence.",UNMAPPED,UNMAPPED,UNMAPPED,UNMAPPED,UNMAPPED,NOT_EXECUTED,NOT_EXECUTED,NOT_EXECUTED,/admin/service-period-products,删除周期商品,UNMAPPED,d3a66948195ed7671442bf127a0ebedb5c8beb75,UNMAPPED,UNMAPPED,UNMAPPED,UNMAPPED,UNMAPPED,UNMAPPED,UNMAPPED,UNMAPPED
LEGACY-S07-149,FEATURE_MATRIX,/admin/service-period-products | /admin/service-period-products/{service_product_id}/edit,周期商品分享,读取、复制或预览商品分享链接,GET /api/admin/service-period-products/{service_product_id}/share,客户端显示二维码、复制链接或新窗预览,UNMAPPED,BACKEND_REQUIRED,UNMAPPED,NOT_STARTED,NOT_RUN,UNMAPPED,UNMAPPED,UNMAPPED,UNMAPPED,UNMAPPED,UNMAPPED,UNMAPPED,UNMAPPED,UNMAPPED,NOT_EXECUTED,UNMAPPED,docs/feature-matrix.csv:LEGACY-S07-149,"Matrix is source evidence, not V2 completion evidence.",UNMAPPED,UNMAPPED,UNMAPPED,UNMAPPED,UNMAPPED,NOT_EXECUTED,NOT_EXECUTED,NOT_EXECUTED,/admin/service-period-products | /admin/service-period-products/{service_product_id}/edit,读取、复制或预览商品分享链接,UNMAPPED,d3a66948195ed7671442bf127a0ebedb5c8beb75,UNMAPPED,UNMAPPED,UNMAPPED,UNMAPPED,UNMAPPED,UNMAPPED,UNMAPPED,UNMAPPED
LEGACY-S07-150,FEATURE_MATRIX,/admin/service-period-products/new | /admin/service-period-products/{service_product_id}/edit,页面素材,上传周期商品图片切片,POST /api/admin/image-library/upload,成功响应的图片 ID 被加入当前切片草稿,UNMAPPED,BACKEND_REQUIRED,UNMAPPED,IMPLEMENTED,SYNTHETIC_PASS,sha=99304543057ed52da4802c3c969a85bb01fb0a87;pr=https://github.com/qianlan33333-png/AI-CRM-v2/pull/209;tests=legacy_item_id_name_file_name_file_size_contract;paths=cmd/aicrm/legacy_media_api_test.go+internal/media,method=focused_normal_boundary_error_and_PG16;command=make_p4-h01a1-media-acceptance,UNMAPPED,UNMAPPED,UNMAPPED,UNMAPPED,UNMAPPED,UNMAPPED,UNMAPPED,NOT_EXECUTED,UNMAPPED,docs/feature-matrix.csv:LEGACY-S07-150,"Matrix is source evidence, not V2 completion evidence.",UNMAPPED,UNMAPPED,UNMAPPED,UNMAPPED,UNMAPPED,NOT_EXECUTED,NOT_EXECUTED,NOT_EXECUTED,/admin/service-period-products/new | /admin/service-period-products/{service_product_id}/edit,上传周期商品图片切片,UNMAPPED,d3a66948195ed7671442bf127a0ebedb5c8beb75,UNMAPPED,UNMAPPED,UNMAPPED,UNMAPPED,UNMAPPED,UNMAPPED,UNMAPPED,UNMAPPED
LEGACY-S07-151,FEATURE_MATRIX,/admin/service-period-products/{service_product_id}/edit,外部推送,保存周期商品关联交易商品的外部推送配置,PUT /api/admin/wechat-pay/products/{product_id}/external-push,客户端保存返回配置并提示成功,UNMAPPED,BACKEND_REQUIRED,UNMAPPED,IMPLEMENTED,SYNTHETIC_PASS,pr=/pull/514;merge_sha=c4349347f47aa035ec1720c48cd6ea788bc7dde7;tests=focused_race+PG16_migration_receipt_acceptance;paths=internal/product+internal/externaleffects+migrations/00087_commerce_product_external_push.sql+api/openapi.yaml,method=focused_race+PG16_migration_receipt_acceptance+required_ci+exact_main_nightly;command=make_p4-commerce-external-push-acceptance;nightly_run=32937107694;main_sha=bab96ecb7af588a904cf0a666c4be4f118454946,UNMAPPED,UNMAPPED,UNMAPPED,UNMAPPED,UNMAPPED,UNMAPPED,UNMAPPED,NOT_EXECUTED,UNMAPPED,docs/feature-matrix.csv:LEGACY-S07-151,"Matrix is source evidence, not V2 completion evidence.",UNMAPPED,UNMAPPED,UNMAPPED,UNMAPPED,UNMAPPED,NOT_EXECUTED,NOT_EXECUTED,NOT_EXECUTED,/admin/service-period-products/{service_product_id}/edit,保存周期商品关联交易商品的外部推送配置,UNMAPPED,d3a66948195ed7671442bf127a0ebedb5c8beb75,UNMAPPED,UNMAPPED,UNMAPPED,UNMAPPED,UNMAPPED,UNMAPPED,UNMAPPED,UNMAPPED
LEGACY-S07-152,FEATURE_MATRIX,/admin/service-period-products/{service_product_id}/edit,外部推送,保存配置后测试外部推送,PUT /api/admin/wechat-pay/products/{product_id}/external-push; POST /api/admin/wechat-pay/products/{product_id}/external-push/test,客户端先保存配置，再显示返回的 delivery 状态和 ID,UNMAPPED,BACKEND_REQUIRED,UNMAPPED,IMPLEMENTED,SYNTHETIC_PASS,pr=/pull/514;merge_sha=c4349347f47aa035ec1720c48cd6ea788bc7dde7;tests=focused_race+PG16_EER_receipt_acceptance;paths=internal/product+internal/externaleffects+migrations/00087_commerce_product_external_push.sql+api/openapi.yaml;provider_effect=NOT_EXECUTED,method=focused_race+PG16_EER_receipt_acceptance+required_ci+exact_main_nightly;command=make_p4-commerce-external-push-acceptance;nightly_run=32937107694;main_sha=bab96ecb7af588a904cf0a666c4be4f118454946,UNMAPPED,UNMAPPED,UNMAPPED,UNMAPPED,UNMAPPED,UNMAPPED,UNMAPPED,NOT_EXECUTED,UNMAPPED,docs/feature-matrix.csv:LEGACY-S07-152,"Matrix is source evidence, not V2 completion evidence.",UNMAPPED,UNMAPPED,UNMAPPED,UNMAPPED,UNMAPPED,NOT_EXECUTED,NOT_EXECUTED,NOT_EXECUTED,/admin/service-period-products/{service_product_id}/edit,保存配置后测试外部推送,UNMAPPED,d3a66948195ed7671442bf127a0ebedb5c8beb75,UNMAPPED,UNMAPPED,UNMAPPED,UNMAPPED,UNMAPPED,UNMAPPED,UNMAPPED,UNMAPPED
LEGACY-S07-153,FEATURE_MATRIX,/admin/service-period-products/{service_product_id}/data,会员网格初始化,读取访问权限、字段 schema 和共享视图,GET /api/admin/service-period-products/{service_product_id}/member-grid/access; GET /api/admin/service-period-products/{service_product_id}/member-grid/schema; GET /api/admin/service-period-products/{service_product_id}/member-views,客户端初始化权限、列与默认视图,UNMAPPED,BACKEND_REQUIRED,UNMAPPED,IN_PROGRESS,NOT_RUN,partial=access+default_view legacy exact;schema_native_v2;remaining=legacy schema,UNMAPPED,UNMAPPED,UNMAPPED,UNMAPPED,UNMAPPED,UNMAPPED,UNMAPPED,UNMAPPED,NOT_EXECUTED,UNMAPPED,docs/feature-matrix.csv:LEGACY-S07-153,"Matrix is source evidence, not V2 completion evidence.",UNMAPPED,UNMAPPED,UNMAPPED,UNMAPPED,UNMAPPED,NOT_EXECUTED,NOT_EXECUTED,NOT_EXECUTED,/admin/service-period-products/{service_product_id}/data,读取访问权限、字段 schema 和共享视图,UNMAPPED,d3a66948195ed7671442bf127a0ebedb5c8beb75,UNMAPPED,UNMAPPED,UNMAPPED,UNMAPPED,UNMAPPED,UNMAPPED,UNMAPPED,UNMAPPED
LEGACY-S07-154,FEATURE_MATRIX,/admin/service-period-products/{service_product_id}/data,会员网格,按筛选、排序、分组、切换视图或滚动分页查询成员,POST /api/admin/service-period-products/{service_product_id}/member-grid/query,客户端用 cursor 追加或替换网格行,UNMAPPED,BACKEND_REQUIRED,UNMAPPED,IN_PROGRESS,NOT_RUN,partial=canonical local query+state/source+bound cursor;remaining=legacy arbitrary sort+group+saved-view switching+legacy row semantics,UNMAPPED,UNMAPPED,UNMAPPED,UNMAPPED,UNMAPPED,UNMAPPED,UNMAPPED,UNMAPPED,NOT_EXECUTED,UNMAPPED,docs/feature-matrix.csv:LEGACY-S07-154,"Matrix is source evidence, not V2 completion evidence.",UNMAPPED,UNMAPPED,UNMAPPED,UNMAPPED,UNMAPPED,NOT_EXECUTED,NOT_EXECUTED,NOT_EXECUTED,/admin/service-period-products/{service_product_id}/data,按筛选、排序、分组、切换视图或滚动分页查询成员,UNMAPPED,d3a66948195ed7671442bf127a0ebedb5c8beb75,UNMAPPED,UNMAPPED,UNMAPPED,UNMAPPED,UNMAPPED,UNMAPPED,UNMAPPED,UNMAPPED
LEGACY-S07-155,FEATURE_MATRIX,/admin/service-period-products/{service_product_id}/data,共享视图,新建或复制共享视图,POST /api/admin/service-period-products/{service_product_id}/member-views,客户端将返回视图加入列表并选中,UNMAPPED,BACKEND_REQUIRED,UNMAPPED,IMPLEMENTED,SYNTHETIC_PASS,pr=/pull/385;sha=31d989b28302b2aca3c1d18b503682a6f163be4a;tests=ci;paths=api,method=ci;command=contract,UNMAPPED,UNMAPPED,UNMAPPED,UNMAPPED,UNMAPPED,UNMAPPED,UNMAPPED,NOT_EXECUTED,UNMAPPED,docs/feature-matrix.csv:LEGACY-S07-155,"Matrix is source evidence, not V2 completion evidence.",UNMAPPED,UNMAPPED,UNMAPPED,UNMAPPED,UNMAPPED,NOT_EXECUTED,NOT_EXECUTED,NOT_EXECUTED,/admin/service-period-products/{service_product_id}/data,新建或复制共享视图,UNMAPPED,d3a66948195ed7671442bf127a0ebedb5c8beb75,UNMAPPED,UNMAPPED,UNMAPPED,UNMAPPED,UNMAPPED,UNMAPPED,UNMAPPED,UNMAPPED
LEGACY-S07-156,FEATURE_MATRIX,/admin/service-period-products/{service_product_id}/data,共享视图,保存筛选配置或重命名共享视图,PUT /api/admin/service-period-products/{service_product_id}/member-views/{view_id},客户端更新返回视图；冲突时显示选择对话框,UNMAPPED,BACKEND_REQUIRED,UNMAPPED,IMPLEMENTED,SYNTHETIC_PASS,pr=/pull/385;sha=31d989b28302b2aca3c1d18b503682a6f163be4a;tests=ci;paths=api,method=ci;command=contract,UNMAPPED,UNMAPPED,UNMAPPED,UNMAPPED,UNMAPPED,UNMAPPED,UNMAPPED,NOT_EXECUTED,UNMAPPED,docs/feature-matrix.csv:LEGACY-S07-156,"Matrix is source evidence, not V2 completion evidence.",UNMAPPED,UNMAPPED,UNMAPPED,UNMAPPED,UNMAPPED,NOT_EXECUTED,NOT_EXECUTED,NOT_EXECUTED,/admin/service-period-products/{service_product_id}/data,保存筛选配置或重命名共享视图,UNMAPPED,d3a66948195ed7671442bf127a0ebedb5c8beb75,UNMAPPED,UNMAPPED,UNMAPPED,UNMAPPED,UNMAPPED,UNMAPPED,UNMAPPED,UNMAPPED
LEGACY-S07-157,FEATURE_MATRIX,/admin/service-period-products/{service_product_id}/data,共享视图,删除非默认共享视图,DELETE /api/admin/service-period-products/{service_product_id}/member-views/{view_id},确认后客户端选择下一个可用视图,UNMAPPED,BACKEND_REQUIRED,UNMAPPED,IMPLEMENTED,SYNTHETIC_PASS,pr=/pull/385;sha=31d989b28302b2aca3c1d18b503682a6f163be4a;tests=ci;paths=api,method=ci;command=contract,UNMAPPED,UNMAPPED,UNMAPPED,UNMAPPED,UNMAPPED,UNMAPPED,UNMAPPED,NOT_EXECUTED,UNMAPPED,docs/feature-matrix.csv:LEGACY-S07-157,"Matrix is source evidence, not V2 completion evidence.",UNMAPPED,UNMAPPED,UNMAPPED,UNMAPPED,UNMAPPED,NOT_EXECUTED,NOT_EXECUTED,NOT_EXECUTED,/admin/service-period-products/{service_product_id}/data,删除非默认共享视图,UNMAPPED,d3a66948195ed7671442bf127a0ebedb5c8beb75,UNMAPPED,UNMAPPED,UNMAPPED,UNMAPPED,UNMAPPED,UNMAPPED,UNMAPPED,UNMAPPED
LEGACY-S07-158,FEATURE_MATRIX,/admin/service-period-products/{service_product_id}/data,成员单元格,编辑成员备注或联盟字段,PUT /api/admin/service-period-products/{service_product_id}/members/{unionid}/remark; PUT /api/admin/service-period-products/{service_product_id}/members/{unionid}/alliance,客户端保存文本并重新查询网格,UNMAPPED,BACKEND_REQUIRED,UNMAPPED,NOT_STARTED,NOT_RUN,UNMAPPED,UNMAPPED,UNMAPPED,UNMAPPED,UNMAPPED,UNMAPPED,UNMAPPED,UNMAPPED,UNMAPPED,NOT_EXECUTED,UNMAPPED,docs/feature-matrix.csv:LEGACY-S07-158,"Matrix is source evidence, not V2 completion evidence.",UNMAPPED,UNMAPPED,UNMAPPED,UNMAPPED,UNMAPPED,NOT_EXECUTED,NOT_EXECUTED,NOT_EXECUTED,/admin/service-period-products/{service_product_id}/data,编辑成员备注或联盟字段,UNMAPPED,d3a66948195ed7671442bf127a0ebedb5c8beb75,UNMAPPED,UNMAPPED,UNMAPPED,UNMAPPED,UNMAPPED,UNMAPPED,UNMAPPED,UNMAPPED
LEGACY-S07-159,FEATURE_MATRIX,/admin/service-period-products/{service_product_id}/data,分享设置,打开分享设置并读取协作者/外部链接状态,GET /api/admin/service-period-products/{service_product_id}/member-grid/share-settings,客户端显示协作者和外部分享配置,UNMAPPED,BACKEND_REQUIRED,UNMAPPED,IMPLEMENTED,SYNTHETIC_PASS,pr=/pull/385;sha=31d989b28302b2aca3c1d18b503682a6f163be4a;tests=ci;paths=api,method=ci;command=contract,UNMAPPED,UNMAPPED,UNMAPPED,UNMAPPED,UNMAPPED,UNMAPPED,UNMAPPED,NOT_EXECUTED,UNMAPPED,docs/feature-matrix.csv:LEGACY-S07-159,"Matrix is source evidence, not V2 completion evidence.",UNMAPPED,UNMAPPED,UNMAPPED,UNMAPPED,UNMAPPED,NOT_EXECUTED,NOT_EXECUTED,NOT_EXECUTED,/admin/service-period-products/{service_product_id}/data,打开分享设置并读取协作者/外部链接状态,UNMAPPED,d3a66948195ed7671442bf127a0ebedb5c8beb75,UNMAPPED,UNMAPPED,UNMAPPED,UNMAPPED,UNMAPPED,UNMAPPED,UNMAPPED,UNMAPPED
LEGACY-S07-160,FEATURE_MATRIX,/admin/service-period-products/{service_product_id}/data,分享设置,邀请企微员工协作,POST /api/admin/service-period-products/{service_product_id}/member-grid/collaborators,选人后客户端显示已邀请并重新读取设置,UNMAPPED,BACKEND_REQUIRED,UNMAPPED,NOT_STARTED,NOT_RUN,UNMAPPED,UNMAPPED,UNMAPPED,UNMAPPED,UNMAPPED,UNMAPPED,UNMAPPED,UNMAPPED,UNMAPPED,NOT_EXECUTED,UNMAPPED,docs/feature-matrix.csv:LEGACY-S07-160,"Matrix is source evidence, not V2 completion evidence.",UNMAPPED,UNMAPPED,UNMAPPED,UNMAPPED,UNMAPPED,NOT_EXECUTED,NOT_EXECUTED,NOT_EXECUTED,/admin/service-period-products/{service_product_id}/data,邀请企微员工协作,UNMAPPED,d3a66948195ed7671442bf127a0ebedb5c8beb75,UNMAPPED,UNMAPPED,UNMAPPED,UNMAPPED,UNMAPPED,UNMAPPED,UNMAPPED,UNMAPPED
LEGACY-S07-161,FEATURE_MATRIX,/admin/service-period-products/{service_product_id}/data,分享设置,变更协作者查看或编辑权限,PUT /api/admin/service-period-products/{service_product_id}/member-grid/collaborators/{collaborator_id},客户端显示权限变更并重新读取设置,UNMAPPED,BACKEND_REQUIRED,UNMAPPED,NOT_STARTED,NOT_RUN,UNMAPPED,UNMAPPED,UNMAPPED,UNMAPPED,UNMAPPED,UNMAPPED,UNMAPPED,UNMAPPED,UNMAPPED,NOT_EXECUTED,UNMAPPED,docs/feature-matrix.csv:LEGACY-S07-161,"Matrix is source evidence, not V2 completion evidence.",UNMAPPED,UNMAPPED,UNMAPPED,UNMAPPED,UNMAPPED,NOT_EXECUTED,NOT_EXECUTED,NOT_EXECUTED,/admin/service-period-products/{service_product_id}/data,变更协作者查看或编辑权限,UNMAPPED,d3a66948195ed7671442bf127a0ebedb5c8beb75,UNMAPPED,UNMAPPED,UNMAPPED,UNMAPPED,UNMAPPED,UNMAPPED,UNMAPPED,UNMAPPED
LEGACY-S07-162,FEATURE_MATRIX,/admin/service-period-products/{service_product_id}/data,分享设置,移除协作者,DELETE /api/admin/service-period-products/{service_product_id}/member-grid/collaborators/{collaborator_id},客户端显示移除结果并重新读取设置,UNMAPPED,BACKEND_REQUIRED,UNMAPPED,NOT_STARTED,NOT_RUN,UNMAPPED,UNMAPPED,UNMAPPED,UNMAPPED,UNMAPPED,UNMAPPED,UNMAPPED,UNMAPPED,UNMAPPED,NOT_EXECUTED,UNMAPPED,docs/feature-matrix.csv:LEGACY-S07-162,"Matrix is source evidence, not V2 completion evidence.",UNMAPPED,UNMAPPED,UNMAPPED,UNMAPPED,UNMAPPED,NOT_EXECUTED,NOT_EXECUTED,NOT_EXECUTED,/admin/service-period-products/{service_product_id}/data,移除协作者,UNMAPPED,d3a66948195ed7671442bf127a0ebedb5c8beb75,UNMAPPED,UNMAPPED,UNMAPPED,UNMAPPED,UNMAPPED,UNMAPPED,UNMAPPED,UNMAPPED
LEGACY-S07-163,FEATURE_MATRIX,/admin/service-period-products/{service_product_id}/data,分享设置,开启或关闭外部只读分享,PUT /api/admin/service-period-products/{service_product_id}/member-grid/external-share,客户端更新开关，关闭时提示旧链接立即失效,UNMAPPED,BACKEND_REQUIRED,UNMAPPED,NOT_STARTED,NOT_RUN,UNMAPPED,UNMAPPED,UNMAPPED,UNMAPPED,UNMAPPED,UNMAPPED,UNMAPPED,UNMAPPED,UNMAPPED,NOT_EXECUTED,UNMAPPED,docs/feature-matrix.csv:LEGACY-S07-163,"Matrix is source evidence, not V2 completion evidence.",UNMAPPED,UNMAPPED,UNMAPPED,UNMAPPED,UNMAPPED,NOT_EXECUTED,NOT_EXECUTED,NOT_EXECUTED,/admin/service-period-products/{service_product_id}/data,开启或关闭外部只读分享,UNMAPPED,d3a66948195ed7671442bf127a0ebedb5c8beb75,UNMAPPED,UNMAPPED,UNMAPPED,UNMAPPED,UNMAPPED,UNMAPPED,UNMAPPED,UNMAPPED
LEGACY-S07-164,FEATURE_MATRIX,/admin/wechat-pay/products,微信支付商品列表,刷新商品列表,GET /api/admin/wechat-pay/products,客户端重绘返回商品列表,UNMAPPED,BACKEND_REQUIRED,UNMAPPED,IMPLEMENTED,SYNTHETIC_PASS,sha=b068ae02b24856aec4283e7de19056e3a5581b44;pr=https://github.com/qianlan33333-png/AI-CRM-v2/pull/208;tests=legacy_product_blackbox_and_real_PG_catalog;paths=cmd/aicrm/legacy_api.go+internal/product,method=focused_normal_boundary_error_and_PG16;command=make_p4-i01a-product-acceptance,UNMAPPED,UNMAPPED,UNMAPPED,UNMAPPED,UNMAPPED,UNMAPPED,UNMAPPED,NOT_EXECUTED,UNMAPPED,docs/feature-matrix.csv:LEGACY-S07-164,"Matrix is source evidence, not V2 completion evidence.",UNMAPPED,UNMAPPED,UNMAPPED,UNMAPPED,UNMAPPED,NOT_EXECUTED,NOT_EXECUTED,NOT_EXECUTED,/admin/wechat-pay/products,刷新商品列表,UNMAPPED,d3a66948195ed7671442bf127a0ebedb5c8beb75,UNMAPPED,UNMAPPED,UNMAPPED,UNMAPPED,UNMAPPED,UNMAPPED,UNMAPPED,UNMAPPED
LEGACY-S07-165,FEATURE_MATRIX,/admin/wechat-pay/products/new,微信支付商品表单,创建微信支付商品,POST /api/admin/wechat-pay/products,成功响应后跳转编辑页,UNMAPPED,BACKEND_REQUIRED,UNMAPPED,IMPLEMENTED,SYNTHETIC_PASS,sha=b068ae02b24856aec4283e7de19056e3a5581b44;pr=https://github.com/qianlan33333-png/AI-CRM-v2/pull/208;tests=legacy_create_roundtrip_idempotency_and_false_effect_flags;paths=cmd/aicrm/legacy_product_api_test.go+internal/product,method=focused_normal_boundary_error_and_UoW_faults;command=make_p4-i01a-product-acceptance,UNMAPPED,UNMAPPED,UNMAPPED,UNMAPPED,UNMAPPED,UNMAPPED,UNMAPPED,NOT_EXECUTED,UNMAPPED,docs/feature-matrix.csv:LEGACY-S07-165,"Matrix is source evidence, not V2 completion evidence.",UNMAPPED,UNMAPPED,UNMAPPED,UNMAPPED,UNMAPPED,NOT_EXECUTED,NOT_EXECUTED,NOT_EXECUTED,/admin/wechat-pay/products/new,创建微信支付商品,UNMAPPED,d3a66948195ed7671442bf127a0ebedb5c8beb75,UNMAPPED,UNMAPPED,UNMAPPED,UNMAPPED,UNMAPPED,UNMAPPED,UNMAPPED,UNMAPPED
LEGACY-S07-166,FEATURE_MATRIX,/admin/wechat-pay/products/{product_id}/edit,微信支付商品表单,保存微信支付商品修改,PUT /api/admin/wechat-pay/products/{product_id}; PUT /api/admin/wechat-pay/products/{product_id}/external-push; GET /api/admin/wechat-pay/products/{product_id}/share,保存商品后尝试保存外推配置、更新外推/摘要并异步读取分享信息,UNMAPPED,BACKEND_REQUIRED,UNMAPPED,IMPLEMENTED,SYNTHETIC_PASS,prs=/pull/390+/pull/391+/pull/514;merge_shas=d2893d711c980729f1415ee3ba3af8692f667484+c4349347f47aa035ec1720c48cd6ea788bc7dde7;tests=focused_race+version_guarded_update_readback+PG16_external_push_acceptance;paths=internal/product+cmd/aicrm+api/openapi.yaml,method=focused_race+version_guarded_update_readback+PG16_external_push_acceptance+required_ci+exact_main_nightly;command=go_test-race_product_and_make_p4-commerce-external-push-acceptance;nightly_run=32937107694;main_sha=bab96ecb7af588a904cf0a666c4be4f118454946,UNMAPPED,UNMAPPED,UNMAPPED,UNMAPPED,UNMAPPED,UNMAPPED,UNMAPPED,NOT_EXECUTED,UNMAPPED,docs/feature-matrix.csv:LEGACY-S07-166,"Matrix is source evidence, not V2 completion evidence.",UNMAPPED,UNMAPPED,UNMAPPED,UNMAPPED,UNMAPPED,NOT_EXECUTED,NOT_EXECUTED,NOT_EXECUTED,/admin/wechat-pay/products/{product_id}/edit,保存微信支付商品修改,UNMAPPED,d3a66948195ed7671442bf127a0ebedb5c8beb75,UNMAPPED,UNMAPPED,UNMAPPED,UNMAPPED,UNMAPPED,UNMAPPED,UNMAPPED,UNMAPPED
LEGACY-S07-167,FEATURE_MATRIX,/admin/wechat-pay/products,微信支付商品行,上架或下架商品,POST /api/admin/wechat-pay/products/{product_id}/enable; POST /api/admin/wechat-pay/products/{product_id}/disable,客户端请求后刷新列表,UNMAPPED,BACKEND_REQUIRED,UNMAPPED,IMPLEMENTED,SYNTHETIC_PASS,pr=/pull/390;sha=d2893d711c980729f1415ee3ba3af8692f667484;tests=ci;paths=api,method=ci;command=contract,UNMAPPED,UNMAPPED,UNMAPPED,UNMAPPED,UNMAPPED,UNMAPPED,UNMAPPED,NOT_EXECUTED,UNMAPPED,docs/feature-matrix.csv:LEGACY-S07-167,"Matrix is source evidence, not V2 completion evidence.",UNMAPPED,UNMAPPED,UNMAPPED,UNMAPPED,UNMAPPED,NOT_EXECUTED,NOT_EXECUTED,NOT_EXECUTED,/admin/wechat-pay/products,上架或下架商品,UNMAPPED,d3a66948195ed7671442bf127a0ebedb5c8beb75,UNMAPPED,UNMAPPED,UNMAPPED,UNMAPPED,UNMAPPED,UNMAPPED,UNMAPPED,UNMAPPED
LEGACY-S07-168,FEATURE_MATRIX,/admin/wechat-pay/products,微信支付商品行,复制商品,POST /api/admin/wechat-pay/products/{product_id}/copy,成功响应后刷新列表,UNMAPPED,BACKEND_REQUIRED,UNMAPPED,IMPLEMENTED,SYNTHETIC_PASS,pr=/pull/390;sha=d2893d711c980729f1415ee3ba3af8692f667484;tests=ci;paths=api,method=ci;command=contract,UNMAPPED,UNMAPPED,UNMAPPED,UNMAPPED,UNMAPPED,UNMAPPED,UNMAPPED,NOT_EXECUTED,UNMAPPED,docs/feature-matrix.csv:LEGACY-S07-168,"Matrix is source evidence, not V2 completion evidence.",UNMAPPED,UNMAPPED,UNMAPPED,UNMAPPED,UNMAPPED,NOT_EXECUTED,NOT_EXECUTED,NOT_EXECUTED,/admin/wechat-pay/products,复制商品,UNMAPPED,d3a66948195ed7671442bf127a0ebedb5c8beb75,UNMAPPED,UNMAPPED,UNMAPPED,UNMAPPED,UNMAPPED,UNMAPPED,UNMAPPED,UNMAPPED
LEGACY-S07-169,FEATURE_MATRIX,/admin/wechat-pay/products,微信支付商品行,删除商品,DELETE /api/admin/wechat-pay/products/{product_id},确认后成功响应会刷新列表,UNMAPPED,BACKEND_REQUIRED,UNMAPPED,IMPLEMENTED,SYNTHETIC_PASS,"pr=/pull/390,391;sha=d2893d711c980729f1415ee3ba3af8692f667484;tests=ci;paths=api",method=ci;command=contract,UNMAPPED,UNMAPPED,UNMAPPED,UNMAPPED,UNMAPPED,UNMAPPED,UNMAPPED,NOT_EXECUTED,UNMAPPED,docs/feature-matrix.csv:LEGACY-S07-169,"Matrix is source evidence, not V2 completion evidence.",UNMAPPED,UNMAPPED,UNMAPPED,UNMAPPED,UNMAPPED,NOT_EXECUTED,NOT_EXECUTED,NOT_EXECUTED,/admin/wechat-pay/products,删除商品,UNMAPPED,d3a66948195ed7671442bf127a0ebedb5c8beb75,UNMAPPED,UNMAPPED,UNMAPPED,UNMAPPED,UNMAPPED,UNMAPPED,UNMAPPED,UNMAPPED
LEGACY-S07-170,FEATURE_MATRIX,/admin/wechat-pay/products,微信支付商品分享,读取、复制或预览商品分享链接,GET /api/admin/wechat-pay/products/{product_id}/share,客户端显示分享链接和二维码并提供复制/下载,UNMAPPED,BACKEND_REQUIRED,UNMAPPED,IMPLEMENTED,SYNTHETIC_PASS,prs=/pull/390+/pull/391;merge_sha=d2893d711c980729f1415ee3ba3af8692f667484;tests=focused_race+route_contract;paths=internal/product+cmd/aicrm+api/openapi.yaml;public_link_effect=NOT_EXECUTED,method=focused_race+route_contract+required_ci+exact_main_nightly;command=go_test-race_product_http_and_cmd_aicrm;nightly_run=32937107694;main_sha=bab96ecb7af588a904cf0a666c4be4f118454946,UNMAPPED,UNMAPPED,UNMAPPED,UNMAPPED,UNMAPPED,UNMAPPED,UNMAPPED,NOT_EXECUTED,UNMAPPED,docs/feature-matrix.csv:LEGACY-S07-170,"Matrix is source evidence, not V2 completion evidence.",UNMAPPED,UNMAPPED,UNMAPPED,UNMAPPED,UNMAPPED,NOT_EXECUTED,NOT_EXECUTED,NOT_EXECUTED,/admin/wechat-pay/products,读取、复制或预览商品分享链接,UNMAPPED,d3a66948195ed7671442bf127a0ebedb5c8beb75,UNMAPPED,UNMAPPED,UNMAPPED,UNMAPPED,UNMAPPED,UNMAPPED,UNMAPPED,UNMAPPED
LEGACY-S07-171,FEATURE_MATRIX,/admin/wechat-pay/products/new | /admin/wechat-pay/products/{product_id}/edit,页面素材,上传微信支付商品图片切片,POST /api/admin/image-library/upload,成功响应的图片 ID 被加入当前商品草稿,UNMAPPED,BACKEND_REQUIRED,UNMAPPED,IMPLEMENTED,SYNTHETIC_PASS,sha=99304543057ed52da4802c3c969a85bb01fb0a87;pr=https://github.com/qianlan33333-png/AI-CRM-v2/pull/209;tests=legacy_item_id_name_file_name_file_size_contract;paths=cmd/aicrm/legacy_media_api_test.go+internal/media,method=focused_normal_boundary_error_and_PG16;command=make_p4-h01a1-media-acceptance,UNMAPPED,UNMAPPED,UNMAPPED,UNMAPPED,UNMAPPED,UNMAPPED,UNMAPPED,NOT_EXECUTED,UNMAPPED,docs/feature-matrix.csv:LEGACY-S07-171,"Matrix is source evidence, not V2 completion evidence.",UNMAPPED,UNMAPPED,UNMAPPED,UNMAPPED,UNMAPPED,NOT_EXECUTED,NOT_EXECUTED,NOT_EXECUTED,/admin/wechat-pay/products/new | /admin/wechat-pay/products/{product_id}/edit,上传微信支付商品图片切片,UNMAPPED,d3a66948195ed7671442bf127a0ebedb5c8beb75,UNMAPPED,UNMAPPED,UNMAPPED,UNMAPPED,UNMAPPED,UNMAPPED,UNMAPPED,UNMAPPED
LEGACY-S07-172,FEATURE_MATRIX,/admin/wechat-pay/products/{product_id}/edit,外部推送,保存商品外部推送配置,PUT /api/admin/wechat-pay/products/{product_id}/external-push,客户端保存返回配置,UNMAPPED,BACKEND_REQUIRED,UNMAPPED,IMPLEMENTED,SYNTHETIC_PASS,pr=/pull/514;merge_sha=c4349347f47aa035ec1720c48cd6ea788bc7dde7;tests=focused_race+PG16_migration_receipt_acceptance;paths=internal/product+internal/externaleffects+migrations/00087_commerce_product_external_push.sql+api/openapi.yaml,method=focused_race+PG16_migration_receipt_acceptance+required_ci+exact_main_nightly;command=make_p4-commerce-external-push-acceptance;nightly_run=32937107694;main_sha=bab96ecb7af588a904cf0a666c4be4f118454946,UNMAPPED,UNMAPPED,UNMAPPED,UNMAPPED,UNMAPPED,UNMAPPED,UNMAPPED,NOT_EXECUTED,UNMAPPED,docs/feature-matrix.csv:LEGACY-S07-172,"Matrix is source evidence, not V2 completion evidence.",UNMAPPED,UNMAPPED,UNMAPPED,UNMAPPED,UNMAPPED,NOT_EXECUTED,NOT_EXECUTED,NOT_EXECUTED,/admin/wechat-pay/products/{product_id}/edit,保存商品外部推送配置,UNMAPPED,d3a66948195ed7671442bf127a0ebedb5c8beb75,UNMAPPED,UNMAPPED,UNMAPPED,UNMAPPED,UNMAPPED,UNMAPPED,UNMAPPED,UNMAPPED
LEGACY-S07-173,FEATURE_MATRIX,/admin/wechat-pay/products/{product_id}/edit,外部推送,保存配置后测试商品外部推送,PUT /api/admin/wechat-pay/products/{product_id}/external-push; POST /api/admin/wechat-pay/products/{product_id}/external-push/test,客户端先保存配置并显示 delivery 状态/ID,UNMAPPED,BACKEND_REQUIRED,UNMAPPED,IMPLEMENTED,SYNTHETIC_PASS,pr=/pull/514;merge_sha=c4349347f47aa035ec1720c48cd6ea788bc7dde7;tests=focused_race+PG16_EER_receipt_acceptance;paths=internal/product+internal/externaleffects+migrations/00087_commerce_product_external_push.sql+api/openapi.yaml;provider_effect=NOT_EXECUTED,method=focused_race+PG16_EER_receipt_acceptance+required_ci+exact_main_nightly;command=make_p4-commerce-external-push-acceptance;nightly_run=32937107694;main_sha=bab96ecb7af588a904cf0a666c4be4f118454946,UNMAPPED,UNMAPPED,UNMAPPED,UNMAPPED,UNMAPPED,UNMAPPED,UNMAPPED,NOT_EXECUTED,UNMAPPED,docs/feature-matrix.csv:LEGACY-S07-173,"Matrix is source evidence, not V2 completion evidence.",UNMAPPED,UNMAPPED,UNMAPPED,UNMAPPED,UNMAPPED,NOT_EXECUTED,NOT_EXECUTED,NOT_EXECUTED,/admin/wechat-pay/products/{product_id}/edit,保存配置后测试商品外部推送,UNMAPPED,d3a66948195ed7671442bf127a0ebedb5c8beb75,UNMAPPED,UNMAPPED,UNMAPPED,UNMAPPED,UNMAPPED,UNMAPPED,UNMAPPED,UNMAPPED
LEGACY-S07-174,FEATURE_MATRIX,/admin/orders,统一订单,按筛选、刷新或分页查询订单,GET /api/admin/orders,客户端重绘订单表和分页信息,UNMAPPED,BACKEND_REQUIRED,UNMAPPED,IMPLEMENTED,SYNTHETIC_PASS,sha=e4a7d88203a505f26d7fa401283fb74abe59e522;pr=https://github.com/qianlan33333-png/AI-CRM-v2/pull/218;tests=legacy_order_list_A01_RBAC_alias_fail_closed_and_real_PG_projection;paths=cmd/aicrm/legacy_order_api.go+internal/order,method=focused_normal_boundary_error_race_and_PG16_S200K;command=make_p4-i03-order-acceptance,UNMAPPED,UNMAPPED,UNMAPPED,UNMAPPED,UNMAPPED,UNMAPPED,UNMAPPED,NOT_EXECUTED,UNMAPPED,docs/feature-matrix.csv:LEGACY-S07-174,"Matrix is source evidence, not V2 completion evidence.",UNMAPPED,UNMAPPED,UNMAPPED,UNMAPPED,UNMAPPED,NOT_EXECUTED,NOT_EXECUTED,NOT_EXECUTED,/admin/orders,按筛选、刷新或分页查询订单,UNMAPPED,d3a66948195ed7671442bf127a0ebedb5c8beb75,UNMAPPED,UNMAPPED,UNMAPPED,UNMAPPED,UNMAPPED,UNMAPPED,UNMAPPED,UNMAPPED
LEGACY-S07-175,FEATURE_MATRIX,/admin/orders,统一订单,创建并下载筛选订单导出,POST /api/admin/exports; GET /api/admin/exports/{job_id},客户端先创建导出 job，再把返回内容生成 CSV 下载,UNMAPPED,BACKEND_REQUIRED,UNMAPPED,IMPLEMENTED,SYNTHETIC_PASS,sha=4765eeaaf894c057795a2cbab2a234cbcc358e75;pr=https://github.com/qianlan33333-png/AI-CRM-v2/pull/407;tests=provider_filtered_export_HTTP_CSRF_idempotency_UoW_race;paths=cmd/aicrm/api.go+cmd/aicrm/legacy_order_board_api.go+internal/order/app/board.go+internal/order/store/board_repository.go+api/openapi.yaml+docs/evidence/slices/P4-COMMERCE-LOCAL-COMPAT-S07-175-176-178-179-180-181.md,method=focused_HTTP_RBAC_CSRF_idempotency_UoW_race;command=go_test-race_order_board_provider_lists_and_provider_filtered_exports,UNMAPPED,UNMAPPED,UNMAPPED,UNMAPPED,UNMAPPED,UNMAPPED,UNMAPPED,NOT_EXECUTED,UNMAPPED,docs/feature-matrix.csv:LEGACY-S07-175,"Matrix is source evidence, not V2 completion evidence.",UNMAPPED,UNMAPPED,UNMAPPED,UNMAPPED,UNMAPPED,NOT_EXECUTED,NOT_EXECUTED,NOT_EXECUTED,/admin/orders,创建并下载筛选订单导出,UNMAPPED,d3a66948195ed7671442bf127a0ebedb5c8beb75,UNMAPPED,UNMAPPED,UNMAPPED,UNMAPPED,UNMAPPED,UNMAPPED,UNMAPPED,UNMAPPED
LEGACY-S07-176,FEATURE_MATRIX,/admin/wechat-pay/transactions,微信支付交易,按筛选、刷新或分页查询微信支付交易,GET /api/admin/wechat-pay/orders,客户端重绘交易表和分页信息,UNMAPPED,BACKEND_REQUIRED,UNMAPPED,IMPLEMENTED,SYNTHETIC_PASS,sha=4765eeaaf894c057795a2cbab2a234cbcc358e75;pr=https://github.com/qianlan33333-png/AI-CRM-v2/pull/407;tests=provider_list_HTTP_RBAC_race;paths=cmd/aicrm/api.go+cmd/aicrm/legacy_order_board_api.go+internal/order/app/board.go+internal/order/store/board_repository.go+api/openapi.yaml+docs/evidence/slices/P4-COMMERCE-LOCAL-COMPAT-S07-175-176-178-179-180-181.md,method=focused_HTTP_RBAC_race;command=go_test-race_TestOrderBoardProviderListsUseReadRBAC,UNMAPPED,UNMAPPED,UNMAPPED,UNMAPPED,UNMAPPED,UNMAPPED,UNMAPPED,NOT_EXECUTED,UNMAPPED,docs/feature-matrix.csv:LEGACY-S07-176,"Matrix is source evidence, not V2 completion evidence.",UNMAPPED,UNMAPPED,UNMAPPED,UNMAPPED,UNMAPPED,NOT_EXECUTED,NOT_EXECUTED,NOT_EXECUTED,/admin/wechat-pay/transactions,按筛选、刷新或分页查询微信支付交易,UNMAPPED,d3a66948195ed7671442bf127a0ebedb5c8beb75,UNMAPPED,UNMAPPED,UNMAPPED,UNMAPPED,UNMAPPED,UNMAPPED,UNMAPPED,UNMAPPED
LEGACY-S07-177,FEATURE_MATRIX,/admin/wechat-pay/transactions,微信支付交易,导出筛选后的微信支付交易,POST /api/admin/wechat-pay/order-exports,客户端直接下载 CSV 响应,UNMAPPED,BACKEND_REQUIRED,UNMAPPED,NOT_STARTED,NOT_RUN,UNMAPPED,UNMAPPED,UNMAPPED,UNMAPPED,UNMAPPED,UNMAPPED,UNMAPPED,UNMAPPED,UNMAPPED,NOT_EXECUTED,UNMAPPED,docs/feature-matrix.csv:LEGACY-S07-177,"Matrix is source evidence, not V2 completion evidence.",UNMAPPED,UNMAPPED,UNMAPPED,UNMAPPED,UNMAPPED,NOT_EXECUTED,NOT_EXECUTED,NOT_EXECUTED,/admin/wechat-pay/transactions,导出筛选后的微信支付交易,UNMAPPED,d3a66948195ed7671442bf127a0ebedb5c8beb75,UNMAPPED,UNMAPPED,UNMAPPED,UNMAPPED,UNMAPPED,UNMAPPED,UNMAPPED,UNMAPPED
LEGACY-S07-178,FEATURE_MATRIX,/admin/wechat-shop/transactions,微信小店交易,按筛选、刷新或分页查询微信小店交易,GET /api/admin/orders,客户端重绘交易表和分页信息,UNMAPPED,BACKEND_REQUIRED,UNMAPPED,IMPLEMENTED,SYNTHETIC_PASS,sha=4765eeaaf894c057795a2cbab2a234cbcc358e75;pr=https://github.com/qianlan33333-png/AI-CRM-v2/pull/407;tests=provider_list_HTTP_RBAC_race;paths=cmd/aicrm/api.go+cmd/aicrm/legacy_order_board_api.go+internal/order/app/board.go+internal/order/store/board_repository.go+api/openapi.yaml+docs/evidence/slices/P4-COMMERCE-LOCAL-COMPAT-S07-175-176-178-179-180-181.md,method=focused_HTTP_RBAC_race;command=go_test-race_TestOrderBoardProviderListsUseReadRBAC,UNMAPPED,UNMAPPED,UNMAPPED,UNMAPPED,UNMAPPED,UNMAPPED,UNMAPPED,NOT_EXECUTED,UNMAPPED,docs/feature-matrix.csv:LEGACY-S07-178,"Matrix is source evidence, not V2 completion evidence.",UNMAPPED,UNMAPPED,UNMAPPED,UNMAPPED,UNMAPPED,NOT_EXECUTED,NOT_EXECUTED,NOT_EXECUTED,/admin/wechat-shop/transactions,按筛选、刷新或分页查询微信小店交易,UNMAPPED,d3a66948195ed7671442bf127a0ebedb5c8beb75,UNMAPPED,UNMAPPED,UNMAPPED,UNMAPPED,UNMAPPED,UNMAPPED,UNMAPPED,UNMAPPED
LEGACY-S07-179,FEATURE_MATRIX,/admin/wechat-shop/transactions,微信小店交易,创建并下载筛选交易导出,POST /api/admin/exports; GET /api/admin/exports/{job_id},客户端先创建导出 job，再生成 CSV 下载,UNMAPPED,BACKEND_REQUIRED,UNMAPPED,IMPLEMENTED,SYNTHETIC_PASS,sha=4765eeaaf894c057795a2cbab2a234cbcc358e75;pr=https://github.com/qianlan33333-png/AI-CRM-v2/pull/407;tests=provider_filtered_export_HTTP_CSRF_idempotency_UoW_race;paths=cmd/aicrm/api.go+cmd/aicrm/legacy_order_board_api.go+internal/order/app/board.go+internal/order/store/board_repository.go+api/openapi.yaml+docs/evidence/slices/P4-COMMERCE-LOCAL-COMPAT-S07-175-176-178-179-180-181.md,method=focused_HTTP_RBAC_CSRF_idempotency_UoW_race;command=go_test-race_order_board_provider_lists_and_provider_filtered_exports,UNMAPPED,UNMAPPED,UNMAPPED,UNMAPPED,UNMAPPED,UNMAPPED,UNMAPPED,NOT_EXECUTED,UNMAPPED,docs/feature-matrix.csv:LEGACY-S07-179,"Matrix is source evidence, not V2 completion evidence.",UNMAPPED,UNMAPPED,UNMAPPED,UNMAPPED,UNMAPPED,NOT_EXECUTED,NOT_EXECUTED,NOT_EXECUTED,/admin/wechat-shop/transactions,创建并下载筛选交易导出,UNMAPPED,d3a66948195ed7671442bf127a0ebedb5c8beb75,UNMAPPED,UNMAPPED,UNMAPPED,UNMAPPED,UNMAPPED,UNMAPPED,UNMAPPED,UNMAPPED
LEGACY-S07-180,FEATURE_MATRIX,/admin/alipay/transactions,支付宝交易,按筛选、刷新或分页查询支付宝交易,GET /api/admin/alipay/transactions,客户端重绘交易表和分页信息,UNMAPPED,BACKEND_REQUIRED,UNMAPPED,IMPLEMENTED,SYNTHETIC_PASS,sha=4765eeaaf894c057795a2cbab2a234cbcc358e75;pr=https://github.com/qianlan33333-png/AI-CRM-v2/pull/407;tests=provider_list_HTTP_RBAC_race;paths=cmd/aicrm/api.go+cmd/aicrm/legacy_order_board_api.go+internal/order/app/board.go+internal/order/store/board_repository.go+api/openapi.yaml+docs/evidence/slices/P4-COMMERCE-LOCAL-COMPAT-S07-175-176-178-179-180-181.md,method=focused_HTTP_RBAC_race;command=go_test-race_TestOrderBoardProviderListsUseReadRBAC,UNMAPPED,UNMAPPED,UNMAPPED,UNMAPPED,UNMAPPED,UNMAPPED,UNMAPPED,NOT_EXECUTED,UNMAPPED,docs/feature-matrix.csv:LEGACY-S07-180,"Matrix is source evidence, not V2 completion evidence.",UNMAPPED,UNMAPPED,UNMAPPED,UNMAPPED,UNMAPPED,NOT_EXECUTED,NOT_EXECUTED,NOT_EXECUTED,/admin/alipay/transactions,按筛选、刷新或分页查询支付宝交易,UNMAPPED,d3a66948195ed7671442bf127a0ebedb5c8beb75,UNMAPPED,UNMAPPED,UNMAPPED,UNMAPPED,UNMAPPED,UNMAPPED,UNMAPPED,UNMAPPED
LEGACY-S07-181,FEATURE_MATRIX,/admin/alipay/transactions,支付宝交易,创建并下载筛选交易导出,POST /api/admin/exports; GET /api/admin/exports/{job_id},客户端先创建 export job，再生成 CSV 下载,UNMAPPED,BACKEND_REQUIRED,UNMAPPED,IMPLEMENTED,SYNTHETIC_PASS,sha=4765eeaaf894c057795a2cbab2a234cbcc358e75;pr=https://github.com/qianlan33333-png/AI-CRM-v2/pull/407;tests=provider_filtered_export_HTTP_CSRF_idempotency_UoW_race;paths=cmd/aicrm/api.go+cmd/aicrm/legacy_order_board_api.go+internal/order/app/board.go+internal/order/store/board_repository.go+api/openapi.yaml+docs/evidence/slices/P4-COMMERCE-LOCAL-COMPAT-S07-175-176-178-179-180-181.md,method=focused_HTTP_RBAC_CSRF_idempotency_UoW_race;command=go_test-race_order_board_provider_lists_and_provider_filtered_exports,UNMAPPED,UNMAPPED,UNMAPPED,UNMAPPED,UNMAPPED,UNMAPPED,UNMAPPED,NOT_EXECUTED,UNMAPPED,docs/feature-matrix.csv:LEGACY-S07-181,"Matrix is source evidence, not V2 completion evidence.",UNMAPPED,UNMAPPED,UNMAPPED,UNMAPPED,UNMAPPED,NOT_EXECUTED,NOT_EXECUTED,NOT_EXECUTED,/admin/alipay/transactions,创建并下载筛选交易导出,UNMAPPED,d3a66948195ed7671442bf127a0ebedb5c8beb75,UNMAPPED,UNMAPPED,UNMAPPED,UNMAPPED,UNMAPPED,UNMAPPED,UNMAPPED,UNMAPPED
LEGACY-S07-182,FEATURE_MATRIX,/admin/wechat-pay/transactions/{order_id},微信支付退款,提交微信支付退款申请,POST /api/admin/wechat-pay/orders/{order_id}/refunds,客户端显示返回订单的退款处理中金额和状态,UNMAPPED,BACKEND_REQUIRED,UNMAPPED,IMPLEMENTED,SYNTHETIC_PASS,pr=/pull/513;merge_sha=e70d4822045c08d2b972b3a8ac1fe30169dfdc0c;tests=TestPE01FakeWeChatPayOutcomeUnknownReconcilesAndCompensates+acceptance/order/pe01_migration_compatibility.sh;paths=internal/order/app/commerce_refund.go+internal/order/store/commerce_refund_repository.go+internal/order/http/commerce_refund.go+migrations/00079_pe01_wechat_pay_settlement.sql+api/openapi.yaml;single_source=order_financial_refunds;external_provider=NOT_EXECUTED,method=focused_fake_provider_reconciliation+migration_acceptance+required_ci+exact_main_nightly;command=go_test_PE01_reconcile_and_acceptance_order_pe01_migration_compatibility;nightly_run=32937107694;main_sha=bab96ecb7af588a904cf0a666c4be4f118454946,UNMAPPED,UNMAPPED,UNMAPPED,UNMAPPED,UNMAPPED,UNMAPPED,UNMAPPED,NOT_EXECUTED,UNMAPPED,docs/feature-matrix.csv:LEGACY-S07-182,"Matrix is source evidence, not V2 completion evidence.",UNMAPPED,UNMAPPED,UNMAPPED,UNMAPPED,UNMAPPED,NOT_EXECUTED,NOT_EXECUTED,NOT_EXECUTED,/admin/wechat-pay/transactions/{order_id},提交微信支付退款申请,UNMAPPED,d3a66948195ed7671442bf127a0ebedb5c8beb75,UNMAPPED,UNMAPPED,UNMAPPED,UNMAPPED,UNMAPPED,UNMAPPED,UNMAPPED,UNMAPPED
LEGACY-S07-183,FEATURE_MATRIX,/admin/wechat-shop/transactions/{order_id},微信小店退款,提交微信小店退款申请,POST /api/admin/refunds,客户端显示返回订单的退款状态,UNMAPPED,BACKEND_REQUIRED,UNMAPPED,IMPLEMENTED,SYNTHETIC_PASS,prs=/pull/513+/pull/534;merge_shas=e70d4822045c08d2b972b3a8ac1fe30169dfdc0c+1f6671dd9c80a6f53737cdf3eb4eb6e5e483a41e;tests=TestCommerceRefundV2ProviderMaterialCallbackAndQueryClosure+TestCommerceRefundV2UnknownProviderResponseEvidencePersists+acceptance/order/commerce_refund_v2_migration_compatibility.sh;paths=internal/order/app/commerce_refund.go+internal/order/store/commerce_refund_repository.go+internal/order/http/commerce_refund.go+migrations/00086_commerce_refund_v2.sql;runtime_provider=disabled;external_provider=NOT_EXECUTED,method=focused_fake_provider_callback_query+migration_acceptance+required_ci+exact_main_nightly;command=go_test_commerce_refund_v2_and_acceptance_order_commerce_refund_v2_migration_compatibility;nightly_run=32937107694;main_sha=bab96ecb7af588a904cf0a666c4be4f118454946,UNMAPPED,UNMAPPED,UNMAPPED,UNMAPPED,UNMAPPED,UNMAPPED,UNMAPPED,NOT_EXECUTED,UNMAPPED,docs/feature-matrix.csv:LEGACY-S07-183,"Matrix is source evidence, not V2 completion evidence.",UNMAPPED,UNMAPPED,UNMAPPED,UNMAPPED,UNMAPPED,NOT_EXECUTED,NOT_EXECUTED,NOT_EXECUTED,/admin/wechat-shop/transactions/{order_id},提交微信小店退款申请,UNMAPPED,d3a66948195ed7671442bf127a0ebedb5c8beb75,UNMAPPED,UNMAPPED,UNMAPPED,UNMAPPED,UNMAPPED,UNMAPPED,UNMAPPED,UNMAPPED
