mapping_id,legacy_table,legacy_domain,source_presence,legacy_decision,replacement_disposition,target_schema_status,candidate_targets,watermark_strategy,fk_strategy,safety_rule,field_mapping_count,legacy_implementation,legacy_verification,source_evidence,migration_execution_status,notes,source_sha,source_key,import_key,transform_version,pii_ref,reject_ref,quarantine_ref,full_run_ref,incremental_run_ref,reconcile_ref,rollback_ref,run_receipt_ref,contract_status,execution_status,reconcile_status,rollback_status,receipt_status
LEGACY-T14-001,admin_login_audit,admin_config,HEAD_PHYSICAL,ARCHIVE_ONLY,RETIREMENT_APPROVED,NO_TARGET,UNMAPPED,CREATED_AT_PLUS_KEY,no active target foreign key is created,"never restore credentials, sessions, permissions, or runtime state from audit rows",7,NOT_STARTED,NOT_RUN,docs/migration-mapping.jsonl:LEGACY-T14-001,NOT_EXECUTED,"The mapping is a migration decision, not proof that data moved.",6cb989c071255437d75953dabb943318a74eb8f4,UNMAPPED,UNMAPPED,UNMAPPED,UNMAPPED,UNMAPPED,UNMAPPED,UNMAPPED,UNMAPPED,UNMAPPED,UNMAPPED,UNMAPPED,UNMAPPED,NOT_EXECUTED,NOT_EXECUTED,NOT_EXECUTED,NOT_EXECUTED
LEGACY-T14-002,admin_operation_logs,platform_foundation,HEAD_PHYSICAL,ARCHIVE_ONLY,RETIREMENT_APPROVED,NO_TARGET,UNMAPPED,CREATED_AT_PLUS_KEY,no active target foreign key is created,"no migration action, external call, job enqueue, provider retry, or runtime activation may be produced from this candidate",8,NOT_STARTED,NOT_RUN,docs/migration-mapping.jsonl:LEGACY-T14-002,NOT_EXECUTED,"The mapping is a migration decision, not proof that data moved.",6cb989c071255437d75953dabb943318a74eb8f4,UNMAPPED,UNMAPPED,UNMAPPED,UNMAPPED,UNMAPPED,UNMAPPED,UNMAPPED,UNMAPPED,UNMAPPED,UNMAPPED,UNMAPPED,UNMAPPED,NOT_EXECUTED,NOT_EXECUTED,NOT_EXECUTED,NOT_EXECUTED
LEGACY-T14-003,admin_sso_states,legacy_auth,ABSENT_AT_HEAD,DEFER,DEFERRED_UNMAPPED,PENDING_TARGET_SCHEMA,UNMAPPED,PENDING_SOURCE_SCHEMA,no active target foreign key is created,"no migration action, external call, job enqueue, provider retry, or runtime activation may be produced from this candidate",0,NOT_STARTED,NOT_RUN,docs/migration-mapping.jsonl:LEGACY-T14-003,NOT_EXECUTED,"The mapping is a migration decision, not proof that data moved.",6cb989c071255437d75953dabb943318a74eb8f4,UNMAPPED,UNMAPPED,UNMAPPED,UNMAPPED,UNMAPPED,UNMAPPED,UNMAPPED,UNMAPPED,UNMAPPED,UNMAPPED,UNMAPPED,UNMAPPED,NOT_EXECUTED,NOT_EXECUTED,NOT_EXECUTED,NOT_EXECUTED
LEGACY-T14-004,admin_user_roles,admin_config,HEAD_PHYSICAL,MANUAL_REENTRY,BACKEND_REQUIRED,NO_TARGET,UNMAPPED,CREATED_AT_PLUS_KEY,no active target foreign key is created,"never copy secrets, tokens, hashes, sessions, cookies, webhook material, or raw credential values",4,NOT_STARTED,NOT_RUN,docs/migration-mapping.jsonl:LEGACY-T14-004,NOT_EXECUTED,"The mapping is a migration decision, not proof that data moved.",6cb989c071255437d75953dabb943318a74eb8f4,UNMAPPED,UNMAPPED,UNMAPPED,UNMAPPED,UNMAPPED,UNMAPPED,UNMAPPED,UNMAPPED,UNMAPPED,UNMAPPED,UNMAPPED,UNMAPPED,NOT_EXECUTED,NOT_EXECUTED,NOT_EXECUTED,NOT_EXECUTED
LEGACY-T14-005,admin_users,admin_config,HEAD_PHYSICAL,MANUAL_REENTRY,BACKEND_REQUIRED,NO_TARGET,UNMAPPED,UPDATED_AT_PLUS_KEY,no active target foreign key is created,"never copy secrets, tokens, hashes, sessions, cookies, webhook material, or raw credential values",13,NOT_STARTED,NOT_RUN,docs/migration-mapping.jsonl:LEGACY-T14-005,NOT_EXECUTED,"The mapping is a migration decision, not proof that data moved.",6cb989c071255437d75953dabb943318a74eb8f4,UNMAPPED,UNMAPPED,UNMAPPED,UNMAPPED,UNMAPPED,UNMAPPED,UNMAPPED,UNMAPPED,UNMAPPED,UNMAPPED,UNMAPPED,UNMAPPED,NOT_EXECUTED,NOT_EXECUTED,NOT_EXECUTED,NOT_EXECUTED
LEGACY-T14-006,admin_wecom_directory_members,admin_identity,HEAD_PHYSICAL,REBUILD,BACKEND_REQUIRED,NO_TARGET,UNMAPPED,UPDATED_AT_PLUS_KEY,no active target foreign key is created,"no migration action, external call, job enqueue, provider retry, or runtime activation may be produced from this candidate",17,NOT_STARTED,NOT_RUN,docs/migration-mapping.jsonl:LEGACY-T14-006,NOT_EXECUTED,"The mapping is a migration decision, not proof that data moved.",6cb989c071255437d75953dabb943318a74eb8f4,UNMAPPED,UNMAPPED,UNMAPPED,UNMAPPED,UNMAPPED,UNMAPPED,UNMAPPED,UNMAPPED,UNMAPPED,UNMAPPED,UNMAPPED,UNMAPPED,NOT_EXECUTED,NOT_EXECUTED,NOT_EXECUTED,NOT_EXECUTED
LEGACY-T14-007,ai_audience_hxc_member_usage_projection,ai_audience_ops,HEAD_PHYSICAL,REBUILD,BACKEND_REQUIRED,NO_TARGET,UNMAPPED,UPDATED_AT_PLUS_KEY,no active target foreign key is created,"no migration action, external call, job enqueue, provider retry, or runtime activation may be produced from this candidate",20,NOT_STARTED,NOT_RUN,docs/migration-mapping.jsonl:LEGACY-T14-007,NOT_EXECUTED,"The mapping is a migration decision, not proof that data moved.",6cb989c071255437d75953dabb943318a74eb8f4,UNMAPPED,UNMAPPED,UNMAPPED,UNMAPPED,UNMAPPED,UNMAPPED,UNMAPPED,UNMAPPED,UNMAPPED,UNMAPPED,UNMAPPED,UNMAPPED,NOT_EXECUTED,NOT_EXECUTED,NOT_EXECUTED,NOT_EXECUTED
LEGACY-T14-008,ai_audience_hxc_member_usage_projection_control,ai_audience_ops,HEAD_PHYSICAL,DEFER,DEFERRED_UNMAPPED,PENDING_TARGET_SCHEMA,UNMAPPED,UPDATED_AT_PLUS_KEY,no active target foreign key is created,"no migration action, external call, job enqueue, provider retry, or runtime activation may be produced from this candidate",11,NOT_STARTED,NOT_RUN,docs/migration-mapping.jsonl:LEGACY-T14-008,NOT_EXECUTED,"The mapping is a migration decision, not proof that data moved.",6cb989c071255437d75953dabb943318a74eb8f4,UNMAPPED,UNMAPPED,UNMAPPED,UNMAPPED,UNMAPPED,UNMAPPED,UNMAPPED,UNMAPPED,UNMAPPED,UNMAPPED,UNMAPPED,UNMAPPED,NOT_EXECUTED,NOT_EXECUTED,NOT_EXECUTED,NOT_EXECUTED
LEGACY-T14-009,ai_audience_inbound_webhook_event,ai_audience_ops,HEAD_PHYSICAL,ARCHIVE_ONLY,RETIREMENT_APPROVED,NO_TARGET,UNMAPPED,CREATED_AT_PLUS_KEY,no active target foreign key is created,"no migration action, external call, job enqueue, provider retry, or runtime activation may be produced from this candidate",18,NOT_STARTED,NOT_RUN,docs/migration-mapping.jsonl:LEGACY-T14-009,NOT_EXECUTED,"The mapping is a migration decision, not proof that data moved.",6cb989c071255437d75953dabb943318a74eb8f4,UNMAPPED,UNMAPPED,UNMAPPED,UNMAPPED,UNMAPPED,UNMAPPED,UNMAPPED,UNMAPPED,UNMAPPED,UNMAPPED,UNMAPPED,UNMAPPED,NOT_EXECUTED,NOT_EXECUTED,NOT_EXECUTED,NOT_EXECUTED
LEGACY-T14-010,ai_audience_member_current,ai_audience_ops,HEAD_PHYSICAL,REBUILD,BACKEND_REQUIRED,NO_TARGET,UNMAPPED,UPDATED_AT_PLUS_KEY,no active target foreign key is created,"no migration action, external call, job enqueue, provider retry, or runtime activation may be produced from this candidate",17,NOT_STARTED,NOT_RUN,docs/migration-mapping.jsonl:LEGACY-T14-010,NOT_EXECUTED,"The mapping is a migration decision, not proof that data moved.",6cb989c071255437d75953dabb943318a74eb8f4,UNMAPPED,UNMAPPED,UNMAPPED,UNMAPPED,UNMAPPED,UNMAPPED,UNMAPPED,UNMAPPED,UNMAPPED,UNMAPPED,UNMAPPED,UNMAPPED,NOT_EXECUTED,NOT_EXECUTED,NOT_EXECUTED,NOT_EXECUTED
LEGACY-T14-011,ai_audience_member_event,ai_audience_ops,HEAD_PHYSICAL,ARCHIVE_ONLY,RETIREMENT_APPROVED,NO_TARGET,UNMAPPED,CREATED_AT_PLUS_KEY,no active target foreign key is created,"no migration action, external call, job enqueue, provider retry, or runtime activation may be produced from this candidate",17,NOT_STARTED,NOT_RUN,docs/migration-mapping.jsonl:LEGACY-T14-011,NOT_EXECUTED,"The mapping is a migration decision, not proof that data moved.",6cb989c071255437d75953dabb943318a74eb8f4,UNMAPPED,UNMAPPED,UNMAPPED,UNMAPPED,UNMAPPED,UNMAPPED,UNMAPPED,UNMAPPED,UNMAPPED,UNMAPPED,UNMAPPED,UNMAPPED,NOT_EXECUTED,NOT_EXECUTED,NOT_EXECUTED,NOT_EXECUTED
LEGACY-T14-012,ai_audience_outbound_subscription,ai_audience_ops,HEAD_PHYSICAL,DEFER,DEFERRED_UNMAPPED,PENDING_TARGET_SCHEMA,UNMAPPED,UPDATED_AT_PLUS_KEY,no active target foreign key is created,"no migration action, external call, job enqueue, provider retry, or runtime activation may be produced from this candidate",14,NOT_STARTED,NOT_RUN,docs/migration-mapping.jsonl:LEGACY-T14-012,NOT_EXECUTED,"The mapping is a migration decision, not proof that data moved.",6cb989c071255437d75953dabb943318a74eb8f4,UNMAPPED,UNMAPPED,UNMAPPED,UNMAPPED,UNMAPPED,UNMAPPED,UNMAPPED,UNMAPPED,UNMAPPED,UNMAPPED,UNMAPPED,UNMAPPED,NOT_EXECUTED,NOT_EXECUTED,NOT_EXECUTED,NOT_EXECUTED
LEGACY-T14-013,ai_audience_package,ai_audience_ops,HEAD_PHYSICAL,MIGRATE,BACKEND_REQUIRED,PENDING_TARGET_SCHEMA,planned:segments,UPDATED_AT_PLUS_KEY,rewrite through migration_import_ledger; quarantine every unresolved reference,"import definitions disabled; do not import schedules, subscriptions, snapshots, runs, watermarks, leases, or outbound state",24,NOT_STARTED,NOT_RUN,docs/migration-mapping.jsonl:LEGACY-T14-013,NOT_EXECUTED,"The mapping is a migration decision, not proof that data moved.",6cb989c071255437d75953dabb943318a74eb8f4,UNMAPPED,UNMAPPED,UNMAPPED,UNMAPPED,UNMAPPED,UNMAPPED,UNMAPPED,UNMAPPED,UNMAPPED,UNMAPPED,UNMAPPED,UNMAPPED,NOT_EXECUTED,NOT_EXECUTED,NOT_EXECUTED,NOT_EXECUTED
LEGACY-T14-014,ai_audience_package_dependency,ai_audience_ops,HEAD_PHYSICAL,DEFER,DEFERRED_UNMAPPED,PENDING_TARGET_SCHEMA,UNMAPPED,CREATED_AT_PLUS_KEY,no active target foreign key is created,"no migration action, external call, job enqueue, provider retry, or runtime activation may be produced from this candidate",7,NOT_STARTED,NOT_RUN,docs/migration-mapping.jsonl:LEGACY-T14-014,NOT_EXECUTED,"The mapping is a migration decision, not proof that data moved.",6cb989c071255437d75953dabb943318a74eb8f4,UNMAPPED,UNMAPPED,UNMAPPED,UNMAPPED,UNMAPPED,UNMAPPED,UNMAPPED,UNMAPPED,UNMAPPED,UNMAPPED,UNMAPPED,UNMAPPED,NOT_EXECUTED,NOT_EXECUTED,NOT_EXECUTED,NOT_EXECUTED
LEGACY-T14-015,ai_audience_package_group,ai_audience_ops,HEAD_PHYSICAL,DEFER,DEFERRED_UNMAPPED,PENDING_TARGET_SCHEMA,UNMAPPED,UPDATED_AT_PLUS_KEY,no active target foreign key is created,"no migration action, external call, job enqueue, provider retry, or runtime activation may be produced from this candidate",4,NOT_STARTED,NOT_RUN,docs/migration-mapping.jsonl:LEGACY-T14-015,NOT_EXECUTED,"The mapping is a migration decision, not proof that data moved.",6cb989c071255437d75953dabb943318a74eb8f4,UNMAPPED,UNMAPPED,UNMAPPED,UNMAPPED,UNMAPPED,UNMAPPED,UNMAPPED,UNMAPPED,UNMAPPED,UNMAPPED,UNMAPPED,UNMAPPED,NOT_EXECUTED,NOT_EXECUTED,NOT_EXECUTED,NOT_EXECUTED
LEGACY-T14-016,ai_audience_package_run,ai_audience_ops,HEAD_PHYSICAL,ARCHIVE_ONLY,RETIREMENT_APPROVED,NO_TARGET,UNMAPPED,CREATED_AT_PLUS_KEY,no active target foreign key is created,"no migration action, external call, job enqueue, provider retry, or runtime activation may be produced from this candidate",17,NOT_STARTED,NOT_RUN,docs/migration-mapping.jsonl:LEGACY-T14-016,NOT_EXECUTED,"The mapping is a migration decision, not proof that data moved.",6cb989c071255437d75953dabb943318a74eb8f4,UNMAPPED,UNMAPPED,UNMAPPED,UNMAPPED,UNMAPPED,UNMAPPED,UNMAPPED,UNMAPPED,UNMAPPED,UNMAPPED,UNMAPPED,UNMAPPED,NOT_EXECUTED,NOT_EXECUTED,NOT_EXECUTED,NOT_EXECUTED
LEGACY-T14-017,ai_audience_package_sender,ai_audience_ops,HEAD_PHYSICAL,DEFER,DEFERRED_UNMAPPED,PENDING_TARGET_SCHEMA,UNMAPPED,UPDATED_AT_PLUS_KEY,no active target foreign key is created,"no migration action, external call, job enqueue, provider retry, or runtime activation may be produced from this candidate",8,NOT_STARTED,NOT_RUN,docs/migration-mapping.jsonl:LEGACY-T14-017,NOT_EXECUTED,"The mapping is a migration decision, not proof that data moved.",6cb989c071255437d75953dabb943318a74eb8f4,UNMAPPED,UNMAPPED,UNMAPPED,UNMAPPED,UNMAPPED,UNMAPPED,UNMAPPED,UNMAPPED,UNMAPPED,UNMAPPED,UNMAPPED,UNMAPPED,NOT_EXECUTED,NOT_EXECUTED,NOT_EXECUTED,NOT_EXECUTED
LEGACY-T14-018,ai_audience_package_version,ai_audience_ops,HEAD_PHYSICAL,MIGRATE,BACKEND_REQUIRED,PENDING_TARGET_SCHEMA,planned:segments,CREATED_AT_PLUS_KEY,rewrite through migration_import_ledger; quarantine every unresolved reference,"import definitions disabled; do not import schedules, subscriptions, snapshots, runs, watermarks, leases, or outbound state",22,NOT_STARTED,NOT_RUN,docs/migration-mapping.jsonl:LEGACY-T14-018,NOT_EXECUTED,"The mapping is a migration decision, not proof that data moved.",6cb989c071255437d75953dabb943318a74eb8f4,UNMAPPED,UNMAPPED,UNMAPPED,UNMAPPED,UNMAPPED,UNMAPPED,UNMAPPED,UNMAPPED,UNMAPPED,UNMAPPED,UNMAPPED,UNMAPPED,NOT_EXECUTED,NOT_EXECUTED,NOT_EXECUTED,NOT_EXECUTED
LEGACY-T14-019,ai_audience_refresh_intent,ai_audience_ops,HEAD_PHYSICAL,DEFER,DEFERRED_UNMAPPED,PENDING_TARGET_SCHEMA,UNMAPPED,UPDATED_AT_PLUS_KEY,no active target foreign key is created,"no migration action, external call, job enqueue, provider retry, or runtime activation may be produced from this candidate",30,NOT_STARTED,NOT_RUN,docs/migration-mapping.jsonl:LEGACY-T14-019,NOT_EXECUTED,"The mapping is a migration decision, not proof that data moved.",6cb989c071255437d75953dabb943318a74eb8f4,UNMAPPED,UNMAPPED,UNMAPPED,UNMAPPED,UNMAPPED,UNMAPPED,UNMAPPED,UNMAPPED,UNMAPPED,UNMAPPED,UNMAPPED,UNMAPPED,NOT_EXECUTED,NOT_EXECUTED,NOT_EXECUTED,NOT_EXECUTED
LEGACY-T14-020,ai_audience_refresh_source_receipt,ai_audience_ops,HEAD_PHYSICAL,ARCHIVE_ONLY,RETIREMENT_APPROVED,NO_TARGET,UNMAPPED,CREATED_AT_PLUS_KEY,no active target foreign key is created,"no migration action, external call, job enqueue, provider retry, or runtime activation may be produced from this candidate",10,NOT_STARTED,NOT_RUN,docs/migration-mapping.jsonl:LEGACY-T14-020,NOT_EXECUTED,"The mapping is a migration decision, not proof that data moved.",6cb989c071255437d75953dabb943318a74eb8f4,UNMAPPED,UNMAPPED,UNMAPPED,UNMAPPED,UNMAPPED,UNMAPPED,UNMAPPED,UNMAPPED,UNMAPPED,UNMAPPED,UNMAPPED,UNMAPPED,NOT_EXECUTED,NOT_EXECUTED,NOT_EXECUTED,NOT_EXECUTED
LEGACY-T14-021,alembic_version,schema_migration,FRAMEWORK_METADATA,NOT_APPLICABLE,RETIREMENT_APPROVED,NO_TARGET,UNMAPPED,FULL_ONLY,no active target foreign key is created,"no migration action, external call, job enqueue, provider retry, or runtime activation may be produced from this candidate",1,NOT_STARTED,NOT_RUN,docs/migration-mapping.jsonl:LEGACY-T14-021,NOT_EXECUTED,"The mapping is a migration decision, not proof that data moved.",6cb989c071255437d75953dabb943318a74eb8f4,UNMAPPED,UNMAPPED,UNMAPPED,UNMAPPED,UNMAPPED,UNMAPPED,UNMAPPED,UNMAPPED,UNMAPPED,UNMAPPED,UNMAPPED,UNMAPPED,NOT_EXECUTED,NOT_EXECUTED,NOT_EXECUTED,NOT_EXECUTED
LEGACY-T14-022,alipay_pay_order_events,commerce,HEAD_PHYSICAL,ARCHIVE_ONLY,RETIREMENT_APPROVED,NO_TARGET,UNMAPPED,CREATED_AT_PLUS_KEY,no active target foreign key is created,"no migration action, external call, job enqueue, provider retry, or runtime activation may be produced from this candidate",8,NOT_STARTED,NOT_RUN,docs/migration-mapping.jsonl:LEGACY-T14-022,NOT_EXECUTED,"The mapping is a migration decision, not proof that data moved.",6cb989c071255437d75953dabb943318a74eb8f4,UNMAPPED,UNMAPPED,UNMAPPED,UNMAPPED,UNMAPPED,UNMAPPED,UNMAPPED,UNMAPPED,UNMAPPED,UNMAPPED,UNMAPPED,UNMAPPED,NOT_EXECUTED,NOT_EXECUTED,NOT_EXECUTED,NOT_EXECUTED
LEGACY-T14-023,alipay_pay_orders,commerce,HEAD_PHYSICAL,ARCHIVE_ONLY,RETIREMENT_APPROVED,NO_TARGET,UNMAPPED,UPDATED_AT_PLUS_KEY,no active target foreign key is created,"no migration action, external call, job enqueue, provider retry, or runtime activation may be produced from this candidate",28,NOT_STARTED,NOT_RUN,docs/migration-mapping.jsonl:LEGACY-T14-023,NOT_EXECUTED,"The mapping is a migration decision, not proof that data moved.",6cb989c071255437d75953dabb943318a74eb8f4,UNMAPPED,UNMAPPED,UNMAPPED,UNMAPPED,UNMAPPED,UNMAPPED,UNMAPPED,UNMAPPED,UNMAPPED,UNMAPPED,UNMAPPED,UNMAPPED,NOT_EXECUTED,NOT_EXECUTED,NOT_EXECUTED,NOT_EXECUTED
LEGACY-T14-024,app_settings,admin_config,HEAD_PHYSICAL,MANUAL_REENTRY,BACKEND_REQUIRED,NO_TARGET,UNMAPPED,UPDATED_AT_PLUS_KEY,no active target foreign key is created,"never copy secrets, tokens, hashes, sessions, cookies, webhook material, or raw credential values",3,NOT_STARTED,NOT_RUN,docs/migration-mapping.jsonl:LEGACY-T14-024,NOT_EXECUTED,"The mapping is a migration decision, not proof that data moved.",6cb989c071255437d75953dabb943318a74eb8f4,UNMAPPED,UNMAPPED,UNMAPPED,UNMAPPED,UNMAPPED,UNMAPPED,UNMAPPED,UNMAPPED,UNMAPPED,UNMAPPED,UNMAPPED,UNMAPPED,NOT_EXECUTED,NOT_EXECUTED,NOT_EXECUTED,NOT_EXECUTED
LEGACY-T14-025,archive_sync_state,messaging,HEAD_PHYSICAL,DROP,RETIREMENT_APPROVED,NO_TARGET,UNMAPPED,UPDATED_AT_PLUS_KEY,no active target foreign key is created,"never replay provider calls, sessions, messages, welcome actions, or owner-transfer workflows",3,NOT_STARTED,NOT_RUN,docs/migration-mapping.jsonl:LEGACY-T14-025,NOT_EXECUTED,"The mapping is a migration decision, not proof that data moved.",6cb989c071255437d75953dabb943318a74eb8f4,UNMAPPED,UNMAPPED,UNMAPPED,UNMAPPED,UNMAPPED,UNMAPPED,UNMAPPED,UNMAPPED,UNMAPPED,UNMAPPED,UNMAPPED,UNMAPPED,NOT_EXECUTED,NOT_EXECUTED,NOT_EXECUTED,NOT_EXECUTED
LEGACY-T14-026,archived_messages,messaging,HEAD_PHYSICAL,DROP,RETIREMENT_APPROVED,NO_TARGET,UNMAPPED,CREATED_AT_PLUS_KEY,no active target foreign key is created,"never replay provider calls, sessions, messages, welcome actions, or owner-transfer workflows",13,NOT_STARTED,NOT_RUN,docs/migration-mapping.jsonl:LEGACY-T14-026,NOT_EXECUTED,"The mapping is a migration decision, not proof that data moved.",6cb989c071255437d75953dabb943318a74eb8f4,UNMAPPED,UNMAPPED,UNMAPPED,UNMAPPED,UNMAPPED,UNMAPPED,UNMAPPED,UNMAPPED,UNMAPPED,UNMAPPED,UNMAPPED,UNMAPPED,NOT_EXECUTED,NOT_EXECUTED,NOT_EXECUTED,NOT_EXECUTED
LEGACY-T14-027,attachment_library,media_library,HEAD_PHYSICAL,DEFER,DEFERRED_UNMAPPED,PENDING_TARGET_SCHEMA,UNMAPPED,UPDATED_AT_PLUS_KEY,no active target foreign key is created,"no migration action, external call, job enqueue, provider retry, or runtime activation may be produced from this candidate",13,NOT_STARTED,NOT_RUN,docs/migration-mapping.jsonl:LEGACY-T14-027,NOT_EXECUTED,"The mapping is a migration decision, not proof that data moved.",6cb989c071255437d75953dabb943318a74eb8f4,UNMAPPED,UNMAPPED,UNMAPPED,UNMAPPED,UNMAPPED,UNMAPPED,UNMAPPED,UNMAPPED,UNMAPPED,UNMAPPED,UNMAPPED,UNMAPPED,NOT_EXECUTED,NOT_EXECUTED,NOT_EXECUTED,NOT_EXECUTED
LEGACY-T14-028,audience_rule,automation_group_ops,HEAD_PHYSICAL,MIGRATE,BACKEND_REQUIRED,PENDING_TARGET_SCHEMA,planned:segments,UPDATED_AT_PLUS_KEY,rewrite through migration_import_ledger; quarantine every unresolved reference,"import definitions disabled; do not import schedules, subscriptions, snapshots, runs, watermarks, leases, or outbound state",9,NOT_STARTED,NOT_RUN,docs/migration-mapping.jsonl:LEGACY-T14-028,NOT_EXECUTED,"The mapping is a migration decision, not proof that data moved.",6cb989c071255437d75953dabb943318a74eb8f4,UNMAPPED,UNMAPPED,UNMAPPED,UNMAPPED,UNMAPPED,UNMAPPED,UNMAPPED,UNMAPPED,UNMAPPED,UNMAPPED,UNMAPPED,UNMAPPED,NOT_EXECUTED,NOT_EXECUTED,NOT_EXECUTED,NOT_EXECUTED
LEGACY-T14-029,audience_rule_result,automation_group_ops,HEAD_PHYSICAL,REBUILD,BACKEND_REQUIRED,NO_TARGET,UNMAPPED,FULL_ONLY,no active target foreign key is created,"no migration action, external call, job enqueue, provider retry, or runtime activation may be produced from this candidate",11,NOT_STARTED,NOT_RUN,docs/migration-mapping.jsonl:LEGACY-T14-029,NOT_EXECUTED,"The mapping is a migration decision, not proof that data moved.",6cb989c071255437d75953dabb943318a74eb8f4,UNMAPPED,UNMAPPED,UNMAPPED,UNMAPPED,UNMAPPED,UNMAPPED,UNMAPPED,UNMAPPED,UNMAPPED,UNMAPPED,UNMAPPED,UNMAPPED,NOT_EXECUTED,NOT_EXECUTED,NOT_EXECUTED,NOT_EXECUTED
LEGACY-T14-030,audience_rule_version,automation_group_ops,HEAD_PHYSICAL,MIGRATE,BACKEND_REQUIRED,PENDING_TARGET_SCHEMA,planned:segments,CREATED_AT_PLUS_KEY,rewrite through migration_import_ledger; quarantine every unresolved reference,"import definitions disabled; do not import schedules, subscriptions, snapshots, runs, watermarks, leases, or outbound state",11,NOT_STARTED,NOT_RUN,docs/migration-mapping.jsonl:LEGACY-T14-030,NOT_EXECUTED,"The mapping is a migration decision, not proof that data moved.",6cb989c071255437d75953dabb943318a74eb8f4,UNMAPPED,UNMAPPED,UNMAPPED,UNMAPPED,UNMAPPED,UNMAPPED,UNMAPPED,UNMAPPED,UNMAPPED,UNMAPPED,UNMAPPED,UNMAPPED,NOT_EXECUTED,NOT_EXECUTED,NOT_EXECUTED,NOT_EXECUTED
LEGACY-T14-031,auth_api_clients,auth_platform,HEAD_PHYSICAL,MANUAL_REENTRY,BACKEND_REQUIRED,NO_TARGET,UNMAPPED,UPDATED_AT_PLUS_KEY,no active target foreign key is created,"never copy secrets, tokens, hashes, sessions, cookies, webhook material, or raw credential values",19,NOT_STARTED,NOT_RUN,docs/migration-mapping.jsonl:LEGACY-T14-031,NOT_EXECUTED,"The mapping is a migration decision, not proof that data moved.",6cb989c071255437d75953dabb943318a74eb8f4,UNMAPPED,UNMAPPED,UNMAPPED,UNMAPPED,UNMAPPED,UNMAPPED,UNMAPPED,UNMAPPED,UNMAPPED,UNMAPPED,UNMAPPED,UNMAPPED,NOT_EXECUTED,NOT_EXECUTED,NOT_EXECUTED,NOT_EXECUTED
LEGACY-T14-032,auth_security_events,auth_platform,HEAD_PHYSICAL,ARCHIVE_ONLY,RETIREMENT_APPROVED,NO_TARGET,UNMAPPED,CREATED_AT_PLUS_KEY,no active target foreign key is created,"never restore credentials, sessions, permissions, or runtime state from audit rows",8,NOT_STARTED,NOT_RUN,docs/migration-mapping.jsonl:LEGACY-T14-032,NOT_EXECUTED,"The mapping is a migration decision, not proof that data moved.",6cb989c071255437d75953dabb943318a74eb8f4,UNMAPPED,UNMAPPED,UNMAPPED,UNMAPPED,UNMAPPED,UNMAPPED,UNMAPPED,UNMAPPED,UNMAPPED,UNMAPPED,UNMAPPED,UNMAPPED,NOT_EXECUTED,NOT_EXECUTED,NOT_EXECUTED,NOT_EXECUTED
LEGACY-T14-033,auth_sessions,auth_platform,HEAD_PHYSICAL,DROP,RETIREMENT_APPROVED,NO_TARGET,UNMAPPED,CREATED_AT_PLUS_KEY,no active target foreign key is created,"never replay provider calls, sessions, messages, welcome actions, or owner-transfer workflows",16,NOT_STARTED,NOT_RUN,docs/migration-mapping.jsonl:LEGACY-T14-033,NOT_EXECUTED,"The mapping is a migration decision, not proof that data moved.",6cb989c071255437d75953dabb943318a74eb8f4,UNMAPPED,UNMAPPED,UNMAPPED,UNMAPPED,UNMAPPED,UNMAPPED,UNMAPPED,UNMAPPED,UNMAPPED,UNMAPPED,UNMAPPED,UNMAPPED,NOT_EXECUTED,NOT_EXECUTED,NOT_EXECUTED,NOT_EXECUTED
LEGACY-T14-034,auth_webhook_clients,auth_platform,HEAD_PHYSICAL,MANUAL_REENTRY,BACKEND_REQUIRED,NO_TARGET,UNMAPPED,UPDATED_AT_PLUS_KEY,no active target foreign key is created,"never copy secrets, tokens, hashes, sessions, cookies, webhook material, or raw credential values",13,NOT_STARTED,NOT_RUN,docs/migration-mapping.jsonl:LEGACY-T14-034,NOT_EXECUTED,"The mapping is a migration decision, not proof that data moved.",6cb989c071255437d75953dabb943318a74eb8f4,UNMAPPED,UNMAPPED,UNMAPPED,UNMAPPED,UNMAPPED,UNMAPPED,UNMAPPED,UNMAPPED,UNMAPPED,UNMAPPED,UNMAPPED,UNMAPPED,NOT_EXECUTED,NOT_EXECUTED,NOT_EXECUTED,NOT_EXECUTED
LEGACY-T14-035,auth_webhook_replay,auth_platform,HEAD_PHYSICAL,DROP,RETIREMENT_APPROVED,NO_TARGET,UNMAPPED,CREATED_AT_PLUS_KEY,no active target foreign key is created,"never replay provider calls, sessions, messages, welcome actions, or owner-transfer workflows",4,NOT_STARTED,NOT_RUN,docs/migration-mapping.jsonl:LEGACY-T14-035,NOT_EXECUTED,"The mapping is a migration decision, not proof that data moved.",6cb989c071255437d75953dabb943318a74eb8f4,UNMAPPED,UNMAPPED,UNMAPPED,UNMAPPED,UNMAPPED,UNMAPPED,UNMAPPED,UNMAPPED,UNMAPPED,UNMAPPED,UNMAPPED,UNMAPPED,NOT_EXECUTED,NOT_EXECUTED,NOT_EXECUTED,NOT_EXECUTED
LEGACY-T14-036,automation_agent_audit_log,automation_agents,HEAD_PHYSICAL,ARCHIVE_ONLY,RETIREMENT_APPROVED,NO_TARGET,UNMAPPED,CREATED_AT_PLUS_KEY,no active target foreign key is created,"no migration action, external call, job enqueue, provider retry, or runtime activation may be produced from this candidate",13,NOT_STARTED,NOT_RUN,docs/migration-mapping.jsonl:LEGACY-T14-036,NOT_EXECUTED,"The mapping is a migration decision, not proof that data moved.",6cb989c071255437d75953dabb943318a74eb8f4,UNMAPPED,UNMAPPED,UNMAPPED,UNMAPPED,UNMAPPED,UNMAPPED,UNMAPPED,UNMAPPED,UNMAPPED,UNMAPPED,UNMAPPED,UNMAPPED,NOT_EXECUTED,NOT_EXECUTED,NOT_EXECUTED,NOT_EXECUTED
LEGACY-T14-037,automation_agent_config,automation_agents,HEAD_PHYSICAL,DEFER,DEFERRED_UNMAPPED,PENDING_TARGET_SCHEMA,planned:automations,UPDATED_AT_PLUS_KEY,no active target foreign key is created,"no migration action, external call, job enqueue, provider retry, or runtime activation may be produced from this candidate",11,NOT_STARTED,NOT_RUN,docs/migration-mapping.jsonl:LEGACY-T14-037,NOT_EXECUTED,"The mapping is a migration decision, not proof that data moved.",6cb989c071255437d75953dabb943318a74eb8f4,UNMAPPED,UNMAPPED,UNMAPPED,UNMAPPED,UNMAPPED,UNMAPPED,UNMAPPED,UNMAPPED,UNMAPPED,UNMAPPED,UNMAPPED,UNMAPPED,NOT_EXECUTED,NOT_EXECUTED,NOT_EXECUTED,NOT_EXECUTED
LEGACY-T14-038,automation_agent_idempotency,automation_agents,HEAD_PHYSICAL,DEFER,DEFERRED_UNMAPPED,PENDING_TARGET_SCHEMA,UNMAPPED,UPDATED_AT_PLUS_KEY,no active target foreign key is created,"no migration action, external call, job enqueue, provider retry, or runtime activation may be produced from this candidate",12,NOT_STARTED,NOT_RUN,docs/migration-mapping.jsonl:LEGACY-T14-038,NOT_EXECUTED,"The mapping is a migration decision, not proof that data moved.",6cb989c071255437d75953dabb943318a74eb8f4,UNMAPPED,UNMAPPED,UNMAPPED,UNMAPPED,UNMAPPED,UNMAPPED,UNMAPPED,UNMAPPED,UNMAPPED,UNMAPPED,UNMAPPED,UNMAPPED,NOT_EXECUTED,NOT_EXECUTED,NOT_EXECUTED,NOT_EXECUTED
LEGACY-T14-039,automation_agent_llm_call_log,ai_audience_ops,HEAD_PHYSICAL,ARCHIVE_ONLY,RETIREMENT_APPROVED,NO_TARGET,UNMAPPED,UPDATED_AT_PLUS_KEY,no active target foreign key is created,"no migration action, external call, job enqueue, provider retry, or runtime activation may be produced from this candidate",16,NOT_STARTED,NOT_RUN,docs/migration-mapping.jsonl:LEGACY-T14-039,NOT_EXECUTED,"The mapping is a migration decision, not proof that data moved.",6cb989c071255437d75953dabb943318a74eb8f4,UNMAPPED,UNMAPPED,UNMAPPED,UNMAPPED,UNMAPPED,UNMAPPED,UNMAPPED,UNMAPPED,UNMAPPED,UNMAPPED,UNMAPPED,UNMAPPED,NOT_EXECUTED,NOT_EXECUTED,NOT_EXECUTED,NOT_EXECUTED
LEGACY-T14-040,automation_agent_output,ai_audience_ops,HEAD_PHYSICAL,ARCHIVE_ONLY,RETIREMENT_APPROVED,NO_TARGET,UNMAPPED,UPDATED_AT_PLUS_KEY,no active target foreign key is created,"no migration action, external call, job enqueue, provider retry, or runtime activation may be produced from this candidate",26,NOT_STARTED,NOT_RUN,docs/migration-mapping.jsonl:LEGACY-T14-040,NOT_EXECUTED,"The mapping is a migration decision, not proof that data moved.",6cb989c071255437d75953dabb943318a74eb8f4,UNMAPPED,UNMAPPED,UNMAPPED,UNMAPPED,UNMAPPED,UNMAPPED,UNMAPPED,UNMAPPED,UNMAPPED,UNMAPPED,UNMAPPED,UNMAPPED,NOT_EXECUTED,NOT_EXECUTED,NOT_EXECUTED,NOT_EXECUTED
LEGACY-T14-041,automation_agent_output_export_job,legacy_automation_agent,ABSENT_AT_HEAD,DEFER,DEFERRED_UNMAPPED,PENDING_TARGET_SCHEMA,UNMAPPED,PENDING_SOURCE_SCHEMA,no active target foreign key is created,"no migration action, external call, job enqueue, provider retry, or runtime activation may be produced from this candidate",0,NOT_STARTED,NOT_RUN,docs/migration-mapping.jsonl:LEGACY-T14-041,NOT_EXECUTED,"The mapping is a migration decision, not proof that data moved.",6cb989c071255437d75953dabb943318a74eb8f4,UNMAPPED,UNMAPPED,UNMAPPED,UNMAPPED,UNMAPPED,UNMAPPED,UNMAPPED,UNMAPPED,UNMAPPED,UNMAPPED,UNMAPPED,UNMAPPED,NOT_EXECUTED,NOT_EXECUTED,NOT_EXECUTED,NOT_EXECUTED
LEGACY-T14-042,automation_agent_prompt_registry,legacy_automation_agent,ABSENT_AT_HEAD,DEFER,DEFERRED_UNMAPPED,PENDING_TARGET_SCHEMA,UNMAPPED,PENDING_SOURCE_SCHEMA,no active target foreign key is created,"no migration action, external call, job enqueue, provider retry, or runtime activation may be produced from this candidate",0,NOT_STARTED,NOT_RUN,docs/migration-mapping.jsonl:LEGACY-T14-042,NOT_EXECUTED,"The mapping is a migration decision, not proof that data moved.",6cb989c071255437d75953dabb943318a74eb8f4,UNMAPPED,UNMAPPED,UNMAPPED,UNMAPPED,UNMAPPED,UNMAPPED,UNMAPPED,UNMAPPED,UNMAPPED,UNMAPPED,UNMAPPED,UNMAPPED,NOT_EXECUTED,NOT_EXECUTED,NOT_EXECUTED,NOT_EXECUTED
LEGACY-T14-043,automation_agent_router_config,legacy_automation_agent,ABSENT_AT_HEAD,DEFER,DEFERRED_UNMAPPED,PENDING_TARGET_SCHEMA,UNMAPPED,PENDING_SOURCE_SCHEMA,no active target foreign key is created,"no migration action, external call, job enqueue, provider retry, or runtime activation may be produced from this candidate",0,NOT_STARTED,NOT_RUN,docs/migration-mapping.jsonl:LEGACY-T14-043,NOT_EXECUTED,"The mapping is a migration decision, not proof that data moved.",6cb989c071255437d75953dabb943318a74eb8f4,UNMAPPED,UNMAPPED,UNMAPPED,UNMAPPED,UNMAPPED,UNMAPPED,UNMAPPED,UNMAPPED,UNMAPPED,UNMAPPED,UNMAPPED,UNMAPPED,NOT_EXECUTED,NOT_EXECUTED,NOT_EXECUTED,NOT_EXECUTED
LEGACY-T14-044,automation_agent_run,automation_agents,HEAD_PHYSICAL,ARCHIVE_ONLY,RETIREMENT_APPROVED,NO_TARGET,UNMAPPED,UPDATED_AT_PLUS_KEY,no active target foreign key is created,"no migration action, external call, job enqueue, provider retry, or runtime activation may be produced from this candidate",24,NOT_STARTED,NOT_RUN,docs/migration-mapping.jsonl:LEGACY-T14-044,NOT_EXECUTED,"The mapping is a migration decision, not proof that data moved.",6cb989c071255437d75953dabb943318a74eb8f4,UNMAPPED,UNMAPPED,UNMAPPED,UNMAPPED,UNMAPPED,UNMAPPED,UNMAPPED,UNMAPPED,UNMAPPED,UNMAPPED,UNMAPPED,UNMAPPED,NOT_EXECUTED,NOT_EXECUTED,NOT_EXECUTED,NOT_EXECUTED
LEGACY-T14-045,automation_agent_runtime_config,automation_agents,HEAD_PHYSICAL,DEFER,DEFERRED_UNMAPPED,PENDING_TARGET_SCHEMA,UNMAPPED,UPDATED_AT_PLUS_KEY,no active target foreign key is created,"no migration action, external call, job enqueue, provider retry, or runtime activation may be produced from this candidate",18,NOT_STARTED,NOT_RUN,docs/migration-mapping.jsonl:LEGACY-T14-045,NOT_EXECUTED,"The mapping is a migration decision, not proof that data moved.",6cb989c071255437d75953dabb943318a74eb8f4,UNMAPPED,UNMAPPED,UNMAPPED,UNMAPPED,UNMAPPED,UNMAPPED,UNMAPPED,UNMAPPED,UNMAPPED,UNMAPPED,UNMAPPED,UNMAPPED,NOT_EXECUTED,NOT_EXECUTED,NOT_EXECUTED,NOT_EXECUTED
LEGACY-T14-046,automation_agent_skill_call_audit,legacy_automation_agent,ABSENT_AT_HEAD,DEFER,DEFERRED_UNMAPPED,PENDING_TARGET_SCHEMA,UNMAPPED,PENDING_SOURCE_SCHEMA,no active target foreign key is created,"no migration action, external call, job enqueue, provider retry, or runtime activation may be produced from this candidate",0,NOT_STARTED,NOT_RUN,docs/migration-mapping.jsonl:LEGACY-T14-046,NOT_EXECUTED,"The mapping is a migration decision, not proof that data moved.",6cb989c071255437d75953dabb943318a74eb8f4,UNMAPPED,UNMAPPED,UNMAPPED,UNMAPPED,UNMAPPED,UNMAPPED,UNMAPPED,UNMAPPED,UNMAPPED,UNMAPPED,UNMAPPED,UNMAPPED,NOT_EXECUTED,NOT_EXECUTED,NOT_EXECUTED,NOT_EXECUTED
LEGACY-T14-047,automation_agent_skill_registry,legacy_automation_agent,ABSENT_AT_HEAD,DEFER,DEFERRED_UNMAPPED,PENDING_TARGET_SCHEMA,UNMAPPED,PENDING_SOURCE_SCHEMA,no active target foreign key is created,"no migration action, external call, job enqueue, provider retry, or runtime activation may be produced from this candidate",0,NOT_STARTED,NOT_RUN,docs/migration-mapping.jsonl:LEGACY-T14-047,NOT_EXECUTED,"The mapping is a migration decision, not proof that data moved.",6cb989c071255437d75953dabb943318a74eb8f4,UNMAPPED,UNMAPPED,UNMAPPED,UNMAPPED,UNMAPPED,UNMAPPED,UNMAPPED,UNMAPPED,UNMAPPED,UNMAPPED,UNMAPPED,UNMAPPED,NOT_EXECUTED,NOT_EXECUTED,NOT_EXECUTED,NOT_EXECUTED
LEGACY-T14-048,automation_agent_webhook_batch,automation_agents,HEAD_PHYSICAL,ARCHIVE_ONLY,RETIREMENT_APPROVED,NO_TARGET,UNMAPPED,UPDATED_AT_PLUS_KEY,no active target foreign key is created,"no migration action, external call, job enqueue, provider retry, or runtime activation may be produced from this candidate",26,NOT_STARTED,NOT_RUN,docs/migration-mapping.jsonl:LEGACY-T14-048,NOT_EXECUTED,"The mapping is a migration decision, not proof that data moved.",6cb989c071255437d75953dabb943318a74eb8f4,UNMAPPED,UNMAPPED,UNMAPPED,UNMAPPED,UNMAPPED,UNMAPPED,UNMAPPED,UNMAPPED,UNMAPPED,UNMAPPED,UNMAPPED,UNMAPPED,NOT_EXECUTED,NOT_EXECUTED,NOT_EXECUTED,NOT_EXECUTED
LEGACY-T14-049,automation_agent_webhook_item,automation_agents,HEAD_PHYSICAL,ARCHIVE_ONLY,RETIREMENT_APPROVED,NO_TARGET,UNMAPPED,UPDATED_AT_PLUS_KEY,no active target foreign key is created,"no migration action, external call, job enqueue, provider retry, or runtime activation may be produced from this candidate",27,NOT_STARTED,NOT_RUN,docs/migration-mapping.jsonl:LEGACY-T14-049,NOT_EXECUTED,"The mapping is a migration decision, not proof that data moved.",6cb989c071255437d75953dabb943318a74eb8f4,UNMAPPED,UNMAPPED,UNMAPPED,UNMAPPED,UNMAPPED,UNMAPPED,UNMAPPED,UNMAPPED,UNMAPPED,UNMAPPED,UNMAPPED,UNMAPPED,NOT_EXECUTED,NOT_EXECUTED,NOT_EXECUTED,NOT_EXECUTED
LEGACY-T14-050,automation_agents,automation_agents,HEAD_PHYSICAL,DEFER,DEFERRED_UNMAPPED,PENDING_TARGET_SCHEMA,planned:automations,UPDATED_AT_PLUS_KEY,no active target foreign key is created,"no migration action, external call, job enqueue, provider retry, or runtime activation may be produced from this candidate",18,NOT_STARTED,NOT_RUN,docs/migration-mapping.jsonl:LEGACY-T14-050,NOT_EXECUTED,"The mapping is a migration decision, not proof that data moved.",6cb989c071255437d75953dabb943318a74eb8f4,UNMAPPED,UNMAPPED,UNMAPPED,UNMAPPED,UNMAPPED,UNMAPPED,UNMAPPED,UNMAPPED,UNMAPPED,UNMAPPED,UNMAPPED,UNMAPPED,NOT_EXECUTED,NOT_EXECUTED,NOT_EXECUTED,NOT_EXECUTED
LEGACY-T14-051,automation_ai_push_log,automation_engine,HEAD_PHYSICAL,ARCHIVE_ONLY,RETIREMENT_APPROVED,NO_TARGET,UNMAPPED,FULL_ONLY,no active target foreign key is created,"no migration action, external call, job enqueue, provider retry, or runtime activation may be produced from this candidate",3,NOT_STARTED,NOT_RUN,docs/migration-mapping.jsonl:LEGACY-T14-051,NOT_EXECUTED,"The mapping is a migration decision, not proof that data moved.",6cb989c071255437d75953dabb943318a74eb8f4,UNMAPPED,UNMAPPED,UNMAPPED,UNMAPPED,UNMAPPED,UNMAPPED,UNMAPPED,UNMAPPED,UNMAPPED,UNMAPPED,UNMAPPED,UNMAPPED,NOT_EXECUTED,NOT_EXECUTED,NOT_EXECUTED,NOT_EXECUTED
LEGACY-T14-052,automation_channel,channel_entry,HEAD_PHYSICAL,MIGRATE,BACKEND_REQUIRED,PENDING_TARGET_SCHEMA,planned:channels,UPDATED_AT_PLUS_KEY,rewrite through migration_import_ledger; quarantine every unresolved reference,"identity and staff references are scoped and fail-closed; unresolved facts remain quarantined and no welcome, tag, assignment, or provider effect is replayed",28,NOT_STARTED,NOT_RUN,docs/migration-mapping.jsonl:LEGACY-T14-052,NOT_EXECUTED,"The mapping is a migration decision, not proof that data moved.",6cb989c071255437d75953dabb943318a74eb8f4,UNMAPPED,UNMAPPED,UNMAPPED,UNMAPPED,UNMAPPED,UNMAPPED,UNMAPPED,UNMAPPED,UNMAPPED,UNMAPPED,UNMAPPED,UNMAPPED,NOT_EXECUTED,NOT_EXECUTED,NOT_EXECUTED,NOT_EXECUTED
LEGACY-T14-053,automation_channel_assignee,channel_entry,HEAD_PHYSICAL,DROP,RETIREMENT_APPROVED,NO_TARGET,UNMAPPED,UPDATED_AT_PLUS_KEY,no active target foreign key is created,"never replay provider calls, sessions, messages, welcome actions, or owner-transfer workflows",10,NOT_STARTED,NOT_RUN,docs/migration-mapping.jsonl:LEGACY-T14-053,NOT_EXECUTED,"The mapping is a migration decision, not proof that data moved.",6cb989c071255437d75953dabb943318a74eb8f4,UNMAPPED,UNMAPPED,UNMAPPED,UNMAPPED,UNMAPPED,UNMAPPED,UNMAPPED,UNMAPPED,UNMAPPED,UNMAPPED,UNMAPPED,UNMAPPED,NOT_EXECUTED,NOT_EXECUTED,NOT_EXECUTED,NOT_EXECUTED
LEGACY-T14-054,automation_channel_assignment_event,channel_entry,HEAD_PHYSICAL,MIGRATE,BACKEND_REQUIRED,PENDING_TARGET_SCHEMA,planned:customer_events|planned:pending_events,UPDATED_AT_PLUS_KEY,rewrite through migration_import_ledger; quarantine every unresolved reference,"identity and staff references are scoped and fail-closed; unresolved facts remain quarantined and no welcome, tag, assignment, or provider effect is replayed",13,NOT_STARTED,NOT_RUN,docs/migration-mapping.jsonl:LEGACY-T14-054,NOT_EXECUTED,"The mapping is a migration decision, not proof that data moved.",6cb989c071255437d75953dabb943318a74eb8f4,UNMAPPED,UNMAPPED,UNMAPPED,UNMAPPED,UNMAPPED,UNMAPPED,UNMAPPED,UNMAPPED,UNMAPPED,UNMAPPED,UNMAPPED,UNMAPPED,NOT_EXECUTED,NOT_EXECUTED,NOT_EXECUTED,NOT_EXECUTED
LEGACY-T14-055,automation_channel_contact,channel_entry,HEAD_PHYSICAL,MIGRATE,BACKEND_REQUIRED,PENDING_TARGET_SCHEMA,planned:customers|planned:customer_events,UPDATED_AT_PLUS_KEY,rewrite through migration_import_ledger; quarantine every unresolved reference,"identity and staff references are scoped and fail-closed; unresolved facts remain quarantined and no welcome, tag, assignment, or provider effect is replayed",10,NOT_STARTED,NOT_RUN,docs/migration-mapping.jsonl:LEGACY-T14-055,NOT_EXECUTED,"The mapping is a migration decision, not proof that data moved.",6cb989c071255437d75953dabb943318a74eb8f4,UNMAPPED,UNMAPPED,UNMAPPED,UNMAPPED,UNMAPPED,UNMAPPED,UNMAPPED,UNMAPPED,UNMAPPED,UNMAPPED,UNMAPPED,UNMAPPED,NOT_EXECUTED,NOT_EXECUTED,NOT_EXECUTED,NOT_EXECUTED
LEGACY-T14-056,automation_channel_entry_effect_log,channel_entry,HEAD_PHYSICAL,ARCHIVE_ONLY,RETIREMENT_APPROVED,NO_TARGET,UNMAPPED,UPDATED_AT_PLUS_KEY,no active target foreign key is created,"no migration action, external call, job enqueue, provider retry, or runtime activation may be produced from this candidate",14,NOT_STARTED,NOT_RUN,docs/migration-mapping.jsonl:LEGACY-T14-056,NOT_EXECUTED,"The mapping is a migration decision, not proof that data moved.",6cb989c071255437d75953dabb943318a74eb8f4,UNMAPPED,UNMAPPED,UNMAPPED,UNMAPPED,UNMAPPED,UNMAPPED,UNMAPPED,UNMAPPED,UNMAPPED,UNMAPPED,UNMAPPED,UNMAPPED,NOT_EXECUTED,NOT_EXECUTED,NOT_EXECUTED,NOT_EXECUTED
LEGACY-T14-057,automation_channel_entry_runtime,channel_entry,HEAD_PHYSICAL,RESET_RUNTIME,BACKEND_REQUIRED,NO_TARGET,UNMAPPED,UPDATED_AT_PLUS_KEY,no active target foreign key is created,"never enqueue, retry, dispatch, approve, or resume legacy work",24,NOT_STARTED,NOT_RUN,docs/migration-mapping.jsonl:LEGACY-T14-057,NOT_EXECUTED,"The mapping is a migration decision, not proof that data moved.",6cb989c071255437d75953dabb943318a74eb8f4,UNMAPPED,UNMAPPED,UNMAPPED,UNMAPPED,UNMAPPED,UNMAPPED,UNMAPPED,UNMAPPED,UNMAPPED,UNMAPPED,UNMAPPED,UNMAPPED,NOT_EXECUTED,NOT_EXECUTED,NOT_EXECUTED,NOT_EXECUTED
LEGACY-T14-058,automation_channel_qrcode_asset,channel_entry,HEAD_PHYSICAL,DROP,RETIREMENT_APPROVED,NO_TARGET,UNMAPPED,UPDATED_AT_PLUS_KEY,no active target foreign key is created,"never replay provider calls, sessions, messages, welcome actions, or owner-transfer workflows",17,NOT_STARTED,NOT_RUN,docs/migration-mapping.jsonl:LEGACY-T14-058,NOT_EXECUTED,"The mapping is a migration decision, not proof that data moved.",6cb989c071255437d75953dabb943318a74eb8f4,UNMAPPED,UNMAPPED,UNMAPPED,UNMAPPED,UNMAPPED,UNMAPPED,UNMAPPED,UNMAPPED,UNMAPPED,UNMAPPED,UNMAPPED,UNMAPPED,NOT_EXECUTED,NOT_EXECUTED,NOT_EXECUTED,NOT_EXECUTED
LEGACY-T14-059,automation_channel_scene_alias,channel_entry,HEAD_PHYSICAL,DROP,RETIREMENT_APPROVED,NO_TARGET,UNMAPPED,UPDATED_AT_PLUS_KEY,no active target foreign key is created,"never replay provider calls, sessions, messages, welcome actions, or owner-transfer workflows",15,NOT_STARTED,NOT_RUN,docs/migration-mapping.jsonl:LEGACY-T14-059,NOT_EXECUTED,"The mapping is a migration decision, not proof that data moved.",6cb989c071255437d75953dabb943318a74eb8f4,UNMAPPED,UNMAPPED,UNMAPPED,UNMAPPED,UNMAPPED,UNMAPPED,UNMAPPED,UNMAPPED,UNMAPPED,UNMAPPED,UNMAPPED,UNMAPPED,NOT_EXECUTED,NOT_EXECUTED,NOT_EXECUTED,NOT_EXECUTED
LEGACY-T14-060,automation_event,automation_legacy,ABSENT_AT_HEAD,DEFER,DEFERRED_UNMAPPED,NO_TARGET,UNMAPPED,PENDING_SOURCE_SCHEMA,no active target foreign key is created,"no migration action, external call, job enqueue, provider retry, or runtime activation may be produced from this candidate",0,NOT_STARTED,NOT_RUN,docs/migration-mapping.jsonl:LEGACY-T14-060,NOT_EXECUTED,"The mapping is a migration decision, not proof that data moved.",6cb989c071255437d75953dabb943318a74eb8f4,UNMAPPED,UNMAPPED,UNMAPPED,UNMAPPED,UNMAPPED,UNMAPPED,UNMAPPED,UNMAPPED,UNMAPPED,UNMAPPED,UNMAPPED,UNMAPPED,NOT_EXECUTED,NOT_EXECUTED,NOT_EXECUTED,NOT_EXECUTED
LEGACY-T14-061,automation_event_v2,automation_legacy,ABSENT_AT_HEAD,DEFER,DEFERRED_UNMAPPED,NO_TARGET,UNMAPPED,PENDING_SOURCE_SCHEMA,no active target foreign key is created,"no migration action, external call, job enqueue, provider retry, or runtime activation may be produced from this candidate",0,NOT_STARTED,NOT_RUN,docs/migration-mapping.jsonl:LEGACY-T14-061,NOT_EXECUTED,"The mapping is a migration decision, not proof that data moved.",6cb989c071255437d75953dabb943318a74eb8f4,UNMAPPED,UNMAPPED,UNMAPPED,UNMAPPED,UNMAPPED,UNMAPPED,UNMAPPED,UNMAPPED,UNMAPPED,UNMAPPED,UNMAPPED,UNMAPPED,NOT_EXECUTED,NOT_EXECUTED,NOT_EXECUTED,NOT_EXECUTED
LEGACY-T14-062,automation_execution_trace,automation,ABSENT_AT_HEAD,DEFER,DEFERRED_UNMAPPED,NO_TARGET,UNMAPPED,PENDING_SOURCE_SCHEMA,no active target foreign key is created,"no migration action, external call, job enqueue, provider retry, or runtime activation may be produced from this candidate",0,NOT_STARTED,NOT_RUN,docs/migration-mapping.jsonl:LEGACY-T14-062,NOT_EXECUTED,"The mapping is a migration decision, not proof that data moved.",6cb989c071255437d75953dabb943318a74eb8f4,UNMAPPED,UNMAPPED,UNMAPPED,UNMAPPED,UNMAPPED,UNMAPPED,UNMAPPED,UNMAPPED,UNMAPPED,UNMAPPED,UNMAPPED,UNMAPPED,NOT_EXECUTED,NOT_EXECUTED,NOT_EXECUTED,NOT_EXECUTED
LEGACY-T14-063,automation_focus_send_batch,legacy_automation,ABSENT_AT_HEAD,DEFER,DEFERRED_UNMAPPED,PENDING_TARGET_SCHEMA,UNMAPPED,PENDING_SOURCE_SCHEMA,no active target foreign key is created,"no migration action, external call, job enqueue, provider retry, or runtime activation may be produced from this candidate",0,NOT_STARTED,NOT_RUN,docs/migration-mapping.jsonl:LEGACY-T14-063,NOT_EXECUTED,"The mapping is a migration decision, not proof that data moved.",6cb989c071255437d75953dabb943318a74eb8f4,UNMAPPED,UNMAPPED,UNMAPPED,UNMAPPED,UNMAPPED,UNMAPPED,UNMAPPED,UNMAPPED,UNMAPPED,UNMAPPED,UNMAPPED,UNMAPPED,NOT_EXECUTED,NOT_EXECUTED,NOT_EXECUTED,NOT_EXECUTED
LEGACY-T14-064,automation_focus_send_batch_item,legacy_automation,ABSENT_AT_HEAD,DEFER,DEFERRED_UNMAPPED,PENDING_TARGET_SCHEMA,UNMAPPED,PENDING_SOURCE_SCHEMA,no active target foreign key is created,"no migration action, external call, job enqueue, provider retry, or runtime activation may be produced from this candidate",0,NOT_STARTED,NOT_RUN,docs/migration-mapping.jsonl:LEGACY-T14-064,NOT_EXECUTED,"The mapping is a migration decision, not proof that data moved.",6cb989c071255437d75953dabb943318a74eb8f4,UNMAPPED,UNMAPPED,UNMAPPED,UNMAPPED,UNMAPPED,UNMAPPED,UNMAPPED,UNMAPPED,UNMAPPED,UNMAPPED,UNMAPPED,UNMAPPED,NOT_EXECUTED,NOT_EXECUTED,NOT_EXECUTED,NOT_EXECUTED
LEGACY-T14-065,automation_frequency_budget,automation_engine,HEAD_PHYSICAL,DEFER,DEFERRED_UNMAPPED,PENDING_TARGET_SCHEMA,UNMAPPED,UPDATED_AT_PLUS_KEY,no active target foreign key is created,"no migration action, external call, job enqueue, provider retry, or runtime activation may be produced from this candidate",10,NOT_STARTED,NOT_RUN,docs/migration-mapping.jsonl:LEGACY-T14-065,NOT_EXECUTED,"The mapping is a migration decision, not proof that data moved.",6cb989c071255437d75953dabb943318a74eb8f4,UNMAPPED,UNMAPPED,UNMAPPED,UNMAPPED,UNMAPPED,UNMAPPED,UNMAPPED,UNMAPPED,UNMAPPED,UNMAPPED,UNMAPPED,UNMAPPED,NOT_EXECUTED,NOT_EXECUTED,NOT_EXECUTED,NOT_EXECUTED
LEGACY-T14-066,automation_frequency_consumption,automation_engine,HEAD_PHYSICAL,DEFER,DEFERRED_UNMAPPED,PENDING_TARGET_SCHEMA,UNMAPPED,FULL_ONLY,no active target foreign key is created,"no migration action, external call, job enqueue, provider retry, or runtime activation may be produced from this candidate",8,NOT_STARTED,NOT_RUN,docs/migration-mapping.jsonl:LEGACY-T14-066,NOT_EXECUTED,"The mapping is a migration decision, not proof that data moved.",6cb989c071255437d75953dabb943318a74eb8f4,UNMAPPED,UNMAPPED,UNMAPPED,UNMAPPED,UNMAPPED,UNMAPPED,UNMAPPED,UNMAPPED,UNMAPPED,UNMAPPED,UNMAPPED,UNMAPPED,NOT_EXECUTED,NOT_EXECUTED,NOT_EXECUTED,NOT_EXECUTED
LEGACY-T14-067,automation_group_ops_effect_dependency,automation_engine_group_ops,HEAD_PHYSICAL,DEFER,DEFERRED_UNMAPPED,PENDING_TARGET_SCHEMA,UNMAPPED,UPDATED_AT_PLUS_KEY,no active target foreign key is created,"no migration action, external call, job enqueue, provider retry, or runtime activation may be produced from this candidate",11,NOT_STARTED,NOT_RUN,docs/migration-mapping.jsonl:LEGACY-T14-067,NOT_EXECUTED,"The mapping is a migration decision, not proof that data moved.",6cb989c071255437d75953dabb943318a74eb8f4,UNMAPPED,UNMAPPED,UNMAPPED,UNMAPPED,UNMAPPED,UNMAPPED,UNMAPPED,UNMAPPED,UNMAPPED,UNMAPPED,UNMAPPED,UNMAPPED,NOT_EXECUTED,NOT_EXECUTED,NOT_EXECUTED,NOT_EXECUTED
LEGACY-T14-068,automation_group_ops_effect_graph,automation_engine_group_ops,HEAD_PHYSICAL,DEFER,DEFERRED_UNMAPPED,PENDING_TARGET_SCHEMA,UNMAPPED,UPDATED_AT_PLUS_KEY,no active target foreign key is created,"no migration action, external call, job enqueue, provider retry, or runtime activation may be produced from this candidate",16,NOT_STARTED,NOT_RUN,docs/migration-mapping.jsonl:LEGACY-T14-068,NOT_EXECUTED,"The mapping is a migration decision, not proof that data moved.",6cb989c071255437d75953dabb943318a74eb8f4,UNMAPPED,UNMAPPED,UNMAPPED,UNMAPPED,UNMAPPED,UNMAPPED,UNMAPPED,UNMAPPED,UNMAPPED,UNMAPPED,UNMAPPED,UNMAPPED,NOT_EXECUTED,NOT_EXECUTED,NOT_EXECUTED,NOT_EXECUTED
LEGACY-T14-069,automation_group_ops_effect_material,automation_engine_group_ops,HEAD_PHYSICAL,DEFER,DEFERRED_UNMAPPED,PENDING_TARGET_SCHEMA,UNMAPPED,UPDATED_AT_PLUS_KEY,no active target foreign key is created,"no migration action, external call, job enqueue, provider retry, or runtime activation may be produced from this candidate",9,NOT_STARTED,NOT_RUN,docs/migration-mapping.jsonl:LEGACY-T14-069,NOT_EXECUTED,"The mapping is a migration decision, not proof that data moved.",6cb989c071255437d75953dabb943318a74eb8f4,UNMAPPED,UNMAPPED,UNMAPPED,UNMAPPED,UNMAPPED,UNMAPPED,UNMAPPED,UNMAPPED,UNMAPPED,UNMAPPED,UNMAPPED,UNMAPPED,NOT_EXECUTED,NOT_EXECUTED,NOT_EXECUTED,NOT_EXECUTED
LEGACY-T14-070,automation_group_ops_execution_log,automation_group_ops,HEAD_PHYSICAL,ARCHIVE_ONLY,RETIREMENT_APPROVED,NO_TARGET,UNMAPPED,CREATED_AT_PLUS_KEY,no active target foreign key is created,"no migration action, external call, job enqueue, provider retry, or runtime activation may be produced from this candidate",17,NOT_STARTED,NOT_RUN,docs/migration-mapping.jsonl:LEGACY-T14-070,NOT_EXECUTED,"The mapping is a migration decision, not proof that data moved.",6cb989c071255437d75953dabb943318a74eb8f4,UNMAPPED,UNMAPPED,UNMAPPED,UNMAPPED,UNMAPPED,UNMAPPED,UNMAPPED,UNMAPPED,UNMAPPED,UNMAPPED,UNMAPPED,UNMAPPED,NOT_EXECUTED,NOT_EXECUTED,NOT_EXECUTED,NOT_EXECUTED
LEGACY-T14-071,automation_group_ops_plan_groups,automation_group_ops,HEAD_PHYSICAL,DEFER,DEFERRED_UNMAPPED,PENDING_TARGET_SCHEMA,UNMAPPED,CREATED_AT_PLUS_KEY,no active target foreign key is created,"no migration action, external call, job enqueue, provider retry, or runtime activation may be produced from this candidate",10,NOT_STARTED,NOT_RUN,docs/migration-mapping.jsonl:LEGACY-T14-071,NOT_EXECUTED,"The mapping is a migration decision, not proof that data moved.",6cb989c071255437d75953dabb943318a74eb8f4,UNMAPPED,UNMAPPED,UNMAPPED,UNMAPPED,UNMAPPED,UNMAPPED,UNMAPPED,UNMAPPED,UNMAPPED,UNMAPPED,UNMAPPED,UNMAPPED,NOT_EXECUTED,NOT_EXECUTED,NOT_EXECUTED,NOT_EXECUTED
LEGACY-T14-072,automation_group_ops_plan_member,automation_group_ops,HEAD_PHYSICAL,DEFER,DEFERRED_UNMAPPED,PENDING_TARGET_SCHEMA,UNMAPPED,UPDATED_AT_PLUS_KEY,no active target foreign key is created,"no migration action, external call, job enqueue, provider retry, or runtime activation may be produced from this candidate",12,NOT_STARTED,NOT_RUN,docs/migration-mapping.jsonl:LEGACY-T14-072,NOT_EXECUTED,"The mapping is a migration decision, not proof that data moved.",6cb989c071255437d75953dabb943318a74eb8f4,UNMAPPED,UNMAPPED,UNMAPPED,UNMAPPED,UNMAPPED,UNMAPPED,UNMAPPED,UNMAPPED,UNMAPPED,UNMAPPED,UNMAPPED,UNMAPPED,NOT_EXECUTED,NOT_EXECUTED,NOT_EXECUTED,NOT_EXECUTED
LEGACY-T14-073,automation_group_ops_plan_nodes,automation_group_ops,HEAD_PHYSICAL,DEFER,DEFERRED_UNMAPPED,PENDING_TARGET_SCHEMA,UNMAPPED,UPDATED_AT_PLUS_KEY,no active target foreign key is created,"no migration action, external call, job enqueue, provider retry, or runtime activation may be produced from this candidate",12,NOT_STARTED,NOT_RUN,docs/migration-mapping.jsonl:LEGACY-T14-073,NOT_EXECUTED,"The mapping is a migration decision, not proof that data moved.",6cb989c071255437d75953dabb943318a74eb8f4,UNMAPPED,UNMAPPED,UNMAPPED,UNMAPPED,UNMAPPED,UNMAPPED,UNMAPPED,UNMAPPED,UNMAPPED,UNMAPPED,UNMAPPED,UNMAPPED,NOT_EXECUTED,NOT_EXECUTED,NOT_EXECUTED,NOT_EXECUTED
LEGACY-T14-074,automation_group_ops_plan_scope,automation_group_ops,HEAD_PHYSICAL,DEFER,DEFERRED_UNMAPPED,PENDING_TARGET_SCHEMA,UNMAPPED,CREATED_AT_PLUS_KEY,no active target foreign key is created,"no migration action, external call, job enqueue, provider retry, or runtime activation may be produced from this candidate",5,NOT_STARTED,NOT_RUN,docs/migration-mapping.jsonl:LEGACY-T14-074,NOT_EXECUTED,"The mapping is a migration decision, not proof that data moved.",6cb989c071255437d75953dabb943318a74eb8f4,UNMAPPED,UNMAPPED,UNMAPPED,UNMAPPED,UNMAPPED,UNMAPPED,UNMAPPED,UNMAPPED,UNMAPPED,UNMAPPED,UNMAPPED,UNMAPPED,NOT_EXECUTED,NOT_EXECUTED,NOT_EXECUTED,NOT_EXECUTED
LEGACY-T14-075,automation_group_ops_plan_segmentation,automation_group_ops,HEAD_PHYSICAL,DEFER,DEFERRED_UNMAPPED,PENDING_TARGET_SCHEMA,UNMAPPED,UPDATED_AT_PLUS_KEY,no active target foreign key is created,"no migration action, external call, job enqueue, provider retry, or runtime activation may be produced from this candidate",7,NOT_STARTED,NOT_RUN,docs/migration-mapping.jsonl:LEGACY-T14-075,NOT_EXECUTED,"The mapping is a migration decision, not proof that data moved.",6cb989c071255437d75953dabb943318a74eb8f4,UNMAPPED,UNMAPPED,UNMAPPED,UNMAPPED,UNMAPPED,UNMAPPED,UNMAPPED,UNMAPPED,UNMAPPED,UNMAPPED,UNMAPPED,UNMAPPED,NOT_EXECUTED,NOT_EXECUTED,NOT_EXECUTED,NOT_EXECUTED
LEGACY-T14-076,automation_group_ops_plans,automation_group_ops,HEAD_PHYSICAL,DEFER,DEFERRED_UNMAPPED,PENDING_TARGET_SCHEMA,planned:automations,UPDATED_AT_PLUS_KEY,no active target foreign key is created,"no migration action, external call, job enqueue, provider retry, or runtime activation may be produced from this candidate",18,NOT_STARTED,NOT_RUN,docs/migration-mapping.jsonl:LEGACY-T14-076,NOT_EXECUTED,"The mapping is a migration decision, not proof that data moved.",6cb989c071255437d75953dabb943318a74eb8f4,UNMAPPED,UNMAPPED,UNMAPPED,UNMAPPED,UNMAPPED,UNMAPPED,UNMAPPED,UNMAPPED,UNMAPPED,UNMAPPED,UNMAPPED,UNMAPPED,NOT_EXECUTED,NOT_EXECUTED,NOT_EXECUTED,NOT_EXECUTED
LEGACY-T14-077,automation_group_ops_trigger_event,automation_group_ops,HEAD_PHYSICAL,ARCHIVE_ONLY,RETIREMENT_APPROVED,NO_TARGET,UNMAPPED,FULL_ONLY,no active target foreign key is created,"no migration action, external call, job enqueue, provider retry, or runtime activation may be produced from this candidate",11,NOT_STARTED,NOT_RUN,docs/migration-mapping.jsonl:LEGACY-T14-077,NOT_EXECUTED,"The mapping is a migration decision, not proof that data moved.",6cb989c071255437d75953dabb943318a74eb8f4,UNMAPPED,UNMAPPED,UNMAPPED,UNMAPPED,UNMAPPED,UNMAPPED,UNMAPPED,UNMAPPED,UNMAPPED,UNMAPPED,UNMAPPED,UNMAPPED,NOT_EXECUTED,NOT_EXECUTED,NOT_EXECUTED,NOT_EXECUTED
LEGACY-T14-078,automation_group_ops_webhook_events,automation_group_ops,HEAD_PHYSICAL,ARCHIVE_ONLY,RETIREMENT_APPROVED,NO_TARGET,UNMAPPED,CREATED_AT_PLUS_KEY,no active target foreign key is created,"no migration action, external call, job enqueue, provider retry, or runtime activation may be produced from this candidate",10,NOT_STARTED,NOT_RUN,docs/migration-mapping.jsonl:LEGACY-T14-078,NOT_EXECUTED,"The mapping is a migration decision, not proof that data moved.",6cb989c071255437d75953dabb943318a74eb8f4,UNMAPPED,UNMAPPED,UNMAPPED,UNMAPPED,UNMAPPED,UNMAPPED,UNMAPPED,UNMAPPED,UNMAPPED,UNMAPPED,UNMAPPED,UNMAPPED,NOT_EXECUTED,NOT_EXECUTED,NOT_EXECUTED,NOT_EXECUTED
LEGACY-T14-079,automation_laohuang_chat_job,legacy_automation,ABSENT_AT_HEAD,DEFER,DEFERRED_UNMAPPED,PENDING_TARGET_SCHEMA,UNMAPPED,PENDING_SOURCE_SCHEMA,no active target foreign key is created,"no migration action, external call, job enqueue, provider retry, or runtime activation may be produced from this candidate",0,NOT_STARTED,NOT_RUN,docs/migration-mapping.jsonl:LEGACY-T14-079,NOT_EXECUTED,"The mapping is a migration decision, not proof that data moved.",6cb989c071255437d75953dabb943318a74eb8f4,UNMAPPED,UNMAPPED,UNMAPPED,UNMAPPED,UNMAPPED,UNMAPPED,UNMAPPED,UNMAPPED,UNMAPPED,UNMAPPED,UNMAPPED,UNMAPPED,NOT_EXECUTED,NOT_EXECUTED,NOT_EXECUTED,NOT_EXECUTED
LEGACY-T14-080,automation_member,automation,ABSENT_AT_HEAD,DEFER,DEFERRED_UNMAPPED,NO_TARGET,UNMAPPED,PENDING_SOURCE_SCHEMA,no active target foreign key is created,"no migration action, external call, job enqueue, provider retry, or runtime activation may be produced from this candidate",0,NOT_STARTED,NOT_RUN,docs/migration-mapping.jsonl:LEGACY-T14-080,NOT_EXECUTED,"The mapping is a migration decision, not proof that data moved.",6cb989c071255437d75953dabb943318a74eb8f4,UNMAPPED,UNMAPPED,UNMAPPED,UNMAPPED,UNMAPPED,UNMAPPED,UNMAPPED,UNMAPPED,UNMAPPED,UNMAPPED,UNMAPPED,UNMAPPED,NOT_EXECUTED,NOT_EXECUTED,NOT_EXECUTED,NOT_EXECUTED
LEGACY-T14-081,automation_member_audience_entry,automation_legacy,ABSENT_AT_HEAD,DEFER,DEFERRED_UNMAPPED,NO_TARGET,UNMAPPED,PENDING_SOURCE_SCHEMA,no active target foreign key is created,"no migration action, external call, job enqueue, provider retry, or runtime activation may be produced from this candidate",0,NOT_STARTED,NOT_RUN,docs/migration-mapping.jsonl:LEGACY-T14-081,NOT_EXECUTED,"The mapping is a migration decision, not proof that data moved.",6cb989c071255437d75953dabb943318a74eb8f4,UNMAPPED,UNMAPPED,UNMAPPED,UNMAPPED,UNMAPPED,UNMAPPED,UNMAPPED,UNMAPPED,UNMAPPED,UNMAPPED,UNMAPPED,UNMAPPED,NOT_EXECUTED,NOT_EXECUTED,NOT_EXECUTED,NOT_EXECUTED
LEGACY-T14-082,automation_membership_v2,automation_legacy,ABSENT_AT_HEAD,DEFER,DEFERRED_UNMAPPED,NO_TARGET,UNMAPPED,PENDING_SOURCE_SCHEMA,no active target foreign key is created,"no migration action, external call, job enqueue, provider retry, or runtime activation may be produced from this candidate",0,NOT_STARTED,NOT_RUN,docs/migration-mapping.jsonl:LEGACY-T14-082,NOT_EXECUTED,"The mapping is a migration decision, not proof that data moved.",6cb989c071255437d75953dabb943318a74eb8f4,UNMAPPED,UNMAPPED,UNMAPPED,UNMAPPED,UNMAPPED,UNMAPPED,UNMAPPED,UNMAPPED,UNMAPPED,UNMAPPED,UNMAPPED,UNMAPPED,NOT_EXECUTED,NOT_EXECUTED,NOT_EXECUTED,NOT_EXECUTED
LEGACY-T14-083,automation_message_activity_sync_item,legacy_automation,ABSENT_AT_HEAD,DEFER,DEFERRED_UNMAPPED,PENDING_TARGET_SCHEMA,UNMAPPED,PENDING_SOURCE_SCHEMA,no active target foreign key is created,"no migration action, external call, job enqueue, provider retry, or runtime activation may be produced from this candidate",0,NOT_STARTED,NOT_RUN,docs/migration-mapping.jsonl:LEGACY-T14-083,NOT_EXECUTED,"The mapping is a migration decision, not proof that data moved.",6cb989c071255437d75953dabb943318a74eb8f4,UNMAPPED,UNMAPPED,UNMAPPED,UNMAPPED,UNMAPPED,UNMAPPED,UNMAPPED,UNMAPPED,UNMAPPED,UNMAPPED,UNMAPPED,UNMAPPED,NOT_EXECUTED,NOT_EXECUTED,NOT_EXECUTED,NOT_EXECUTED
LEGACY-T14-084,automation_message_activity_sync_run,legacy_automation,ABSENT_AT_HEAD,DEFER,DEFERRED_UNMAPPED,PENDING_TARGET_SCHEMA,UNMAPPED,PENDING_SOURCE_SCHEMA,no active target foreign key is created,"no migration action, external call, job enqueue, provider retry, or runtime activation may be produced from this candidate",0,NOT_STARTED,NOT_RUN,docs/migration-mapping.jsonl:LEGACY-T14-084,NOT_EXECUTED,"The mapping is a migration decision, not proof that data moved.",6cb989c071255437d75953dabb943318a74eb8f4,UNMAPPED,UNMAPPED,UNMAPPED,UNMAPPED,UNMAPPED,UNMAPPED,UNMAPPED,UNMAPPED,UNMAPPED,UNMAPPED,UNMAPPED,UNMAPPED,NOT_EXECUTED,NOT_EXECUTED,NOT_EXECUTED,NOT_EXECUTED
LEGACY-T14-085,automation_operation_task,automation_legacy,ABSENT_AT_HEAD,DEFER,DEFERRED_UNMAPPED,NO_TARGET,UNMAPPED,PENDING_SOURCE_SCHEMA,no active target foreign key is created,"no migration action, external call, job enqueue, provider retry, or runtime activation may be produced from this candidate",0,NOT_STARTED,NOT_RUN,docs/migration-mapping.jsonl:LEGACY-T14-085,NOT_EXECUTED,"The mapping is a migration decision, not proof that data moved.",6cb989c071255437d75953dabb943318a74eb8f4,UNMAPPED,UNMAPPED,UNMAPPED,UNMAPPED,UNMAPPED,UNMAPPED,UNMAPPED,UNMAPPED,UNMAPPED,UNMAPPED,UNMAPPED,UNMAPPED,NOT_EXECUTED,NOT_EXECUTED,NOT_EXECUTED,NOT_EXECUTED
LEGACY-T14-086,automation_operation_task_execution,legacy_automation,ABSENT_AT_HEAD,DEFER,DEFERRED_UNMAPPED,PENDING_TARGET_SCHEMA,UNMAPPED,PENDING_SOURCE_SCHEMA,no active target foreign key is created,"no migration action, external call, job enqueue, provider retry, or runtime activation may be produced from this candidate",0,NOT_STARTED,NOT_RUN,docs/migration-mapping.jsonl:LEGACY-T14-086,NOT_EXECUTED,"The mapping is a migration decision, not proof that data moved.",6cb989c071255437d75953dabb943318a74eb8f4,UNMAPPED,UNMAPPED,UNMAPPED,UNMAPPED,UNMAPPED,UNMAPPED,UNMAPPED,UNMAPPED,UNMAPPED,UNMAPPED,UNMAPPED,UNMAPPED,NOT_EXECUTED,NOT_EXECUTED,NOT_EXECUTED,NOT_EXECUTED
LEGACY-T14-087,automation_operation_task_execution_item,legacy_automation,ABSENT_AT_HEAD,DEFER,DEFERRED_UNMAPPED,PENDING_TARGET_SCHEMA,UNMAPPED,PENDING_SOURCE_SCHEMA,no active target foreign key is created,"no migration action, external call, job enqueue, provider retry, or runtime activation may be produced from this candidate",0,NOT_STARTED,NOT_RUN,docs/migration-mapping.jsonl:LEGACY-T14-087,NOT_EXECUTED,"The mapping is a migration decision, not proof that data moved.",6cb989c071255437d75953dabb943318a74eb8f4,UNMAPPED,UNMAPPED,UNMAPPED,UNMAPPED,UNMAPPED,UNMAPPED,UNMAPPED,UNMAPPED,UNMAPPED,UNMAPPED,UNMAPPED,UNMAPPED,NOT_EXECUTED,NOT_EXECUTED,NOT_EXECUTED,NOT_EXECUTED
LEGACY-T14-088,automation_operation_task_group,legacy_automation,ABSENT_AT_HEAD,DEFER,DEFERRED_UNMAPPED,PENDING_TARGET_SCHEMA,UNMAPPED,PENDING_SOURCE_SCHEMA,no active target foreign key is created,"no migration action, external call, job enqueue, provider retry, or runtime activation may be produced from this candidate",0,NOT_STARTED,NOT_RUN,docs/migration-mapping.jsonl:LEGACY-T14-088,NOT_EXECUTED,"The mapping is a migration decision, not proof that data moved.",6cb989c071255437d75953dabb943318a74eb8f4,UNMAPPED,UNMAPPED,UNMAPPED,UNMAPPED,UNMAPPED,UNMAPPED,UNMAPPED,UNMAPPED,UNMAPPED,UNMAPPED,UNMAPPED,UNMAPPED,NOT_EXECUTED,NOT_EXECUTED,NOT_EXECUTED,NOT_EXECUTED
LEGACY-T14-089,automation_operation_template_audit_log,legacy_automation,ABSENT_AT_HEAD,DEFER,DEFERRED_UNMAPPED,PENDING_TARGET_SCHEMA,UNMAPPED,PENDING_SOURCE_SCHEMA,no active target foreign key is created,"no migration action, external call, job enqueue, provider retry, or runtime activation may be produced from this candidate",0,NOT_STARTED,NOT_RUN,docs/migration-mapping.jsonl:LEGACY-T14-089,NOT_EXECUTED,"The mapping is a migration decision, not proof that data moved.",6cb989c071255437d75953dabb943318a74eb8f4,UNMAPPED,UNMAPPED,UNMAPPED,UNMAPPED,UNMAPPED,UNMAPPED,UNMAPPED,UNMAPPED,UNMAPPED,UNMAPPED,UNMAPPED,UNMAPPED,NOT_EXECUTED,NOT_EXECUTED,NOT_EXECUTED,NOT_EXECUTED
LEGACY-T14-090,automation_operation_template_idempotency,legacy_automation,ABSENT_AT_HEAD,DEFER,DEFERRED_UNMAPPED,PENDING_TARGET_SCHEMA,UNMAPPED,PENDING_SOURCE_SCHEMA,no active target foreign key is created,"no migration action, external call, job enqueue, provider retry, or runtime activation may be produced from this candidate",0,NOT_STARTED,NOT_RUN,docs/migration-mapping.jsonl:LEGACY-T14-090,NOT_EXECUTED,"The mapping is a migration decision, not proof that data moved.",6cb989c071255437d75953dabb943318a74eb8f4,UNMAPPED,UNMAPPED,UNMAPPED,UNMAPPED,UNMAPPED,UNMAPPED,UNMAPPED,UNMAPPED,UNMAPPED,UNMAPPED,UNMAPPED,UNMAPPED,NOT_EXECUTED,NOT_EXECUTED,NOT_EXECUTED,NOT_EXECUTED
LEGACY-T14-091,automation_operation_templates,legacy_automation,ABSENT_AT_HEAD,DEFER,DEFERRED_UNMAPPED,PENDING_TARGET_SCHEMA,UNMAPPED,PENDING_SOURCE_SCHEMA,no active target foreign key is created,"no migration action, external call, job enqueue, provider retry, or runtime activation may be produced from this candidate",0,NOT_STARTED,NOT_RUN,docs/migration-mapping.jsonl:LEGACY-T14-091,NOT_EXECUTED,"The mapping is a migration decision, not proof that data moved.",6cb989c071255437d75953dabb943318a74eb8f4,UNMAPPED,UNMAPPED,UNMAPPED,UNMAPPED,UNMAPPED,UNMAPPED,UNMAPPED,UNMAPPED,UNMAPPED,UNMAPPED,UNMAPPED,UNMAPPED,NOT_EXECUTED,NOT_EXECUTED,NOT_EXECUTED,NOT_EXECUTED
LEGACY-T14-092,automation_profile_segment_category,legacy_automation_profile,ABSENT_AT_HEAD,DEFER,DEFERRED_UNMAPPED,PENDING_TARGET_SCHEMA,UNMAPPED,PENDING_SOURCE_SCHEMA,no active target foreign key is created,"no migration action, external call, job enqueue, provider retry, or runtime activation may be produced from this candidate",0,NOT_STARTED,NOT_RUN,docs/migration-mapping.jsonl:LEGACY-T14-092,NOT_EXECUTED,"The mapping is a migration decision, not proof that data moved.",6cb989c071255437d75953dabb943318a74eb8f4,UNMAPPED,UNMAPPED,UNMAPPED,UNMAPPED,UNMAPPED,UNMAPPED,UNMAPPED,UNMAPPED,UNMAPPED,UNMAPPED,UNMAPPED,UNMAPPED,NOT_EXECUTED,NOT_EXECUTED,NOT_EXECUTED,NOT_EXECUTED
LEGACY-T14-093,automation_profile_segment_option_mapping,legacy_automation_profile,ABSENT_AT_HEAD,DEFER,DEFERRED_UNMAPPED,PENDING_TARGET_SCHEMA,UNMAPPED,PENDING_SOURCE_SCHEMA,no active target foreign key is created,"no migration action, external call, job enqueue, provider retry, or runtime activation may be produced from this candidate",0,NOT_STARTED,NOT_RUN,docs/migration-mapping.jsonl:LEGACY-T14-093,NOT_EXECUTED,"The mapping is a migration decision, not proof that data moved.",6cb989c071255437d75953dabb943318a74eb8f4,UNMAPPED,UNMAPPED,UNMAPPED,UNMAPPED,UNMAPPED,UNMAPPED,UNMAPPED,UNMAPPED,UNMAPPED,UNMAPPED,UNMAPPED,UNMAPPED,NOT_EXECUTED,NOT_EXECUTED,NOT_EXECUTED,NOT_EXECUTED
LEGACY-T14-094,automation_profile_segment_template,legacy_automation_profile,ABSENT_AT_HEAD,DEFER,DEFERRED_UNMAPPED,PENDING_TARGET_SCHEMA,UNMAPPED,PENDING_SOURCE_SCHEMA,no active target foreign key is created,"no migration action, external call, job enqueue, provider retry, or runtime activation may be produced from this candidate",0,NOT_STARTED,NOT_RUN,docs/migration-mapping.jsonl:LEGACY-T14-094,NOT_EXECUTED,"The mapping is a migration decision, not proof that data moved.",6cb989c071255437d75953dabb943318a74eb8f4,UNMAPPED,UNMAPPED,UNMAPPED,UNMAPPED,UNMAPPED,UNMAPPED,UNMAPPED,UNMAPPED,UNMAPPED,UNMAPPED,UNMAPPED,UNMAPPED,NOT_EXECUTED,NOT_EXECUTED,NOT_EXECUTED,NOT_EXECUTED
LEGACY-T14-095,automation_profile_segment_template_audit_log,legacy_automation_profile,ABSENT_AT_HEAD,DEFER,DEFERRED_UNMAPPED,PENDING_TARGET_SCHEMA,UNMAPPED,PENDING_SOURCE_SCHEMA,no active target foreign key is created,"no migration action, external call, job enqueue, provider retry, or runtime activation may be produced from this candidate",0,NOT_STARTED,NOT_RUN,docs/migration-mapping.jsonl:LEGACY-T14-095,NOT_EXECUTED,"The mapping is a migration decision, not proof that data moved.",6cb989c071255437d75953dabb943318a74eb8f4,UNMAPPED,UNMAPPED,UNMAPPED,UNMAPPED,UNMAPPED,UNMAPPED,UNMAPPED,UNMAPPED,UNMAPPED,UNMAPPED,UNMAPPED,UNMAPPED,NOT_EXECUTED,NOT_EXECUTED,NOT_EXECUTED,NOT_EXECUTED
LEGACY-T14-096,automation_profile_segment_template_idempotency,legacy_automation_profile,ABSENT_AT_HEAD,DEFER,DEFERRED_UNMAPPED,PENDING_TARGET_SCHEMA,UNMAPPED,PENDING_SOURCE_SCHEMA,no active target foreign key is created,"no migration action, external call, job enqueue, provider retry, or runtime activation may be produced from this candidate",0,NOT_STARTED,NOT_RUN,docs/migration-mapping.jsonl:LEGACY-T14-096,NOT_EXECUTED,"The mapping is a migration decision, not proof that data moved.",6cb989c071255437d75953dabb943318a74eb8f4,UNMAPPED,UNMAPPED,UNMAPPED,UNMAPPED,UNMAPPED,UNMAPPED,UNMAPPED,UNMAPPED,UNMAPPED,UNMAPPED,UNMAPPED,UNMAPPED,NOT_EXECUTED,NOT_EXECUTED,NOT_EXECUTED,NOT_EXECUTED
LEGACY-T14-097,automation_program,automation_legacy,ABSENT_AT_HEAD,DEFER,DEFERRED_UNMAPPED,NO_TARGET,UNMAPPED,PENDING_SOURCE_SCHEMA,no active target foreign key is created,"no migration action, external call, job enqueue, provider retry, or runtime activation may be produced from this candidate",0,NOT_STARTED,NOT_RUN,docs/migration-mapping.jsonl:LEGACY-T14-097,NOT_EXECUTED,"The mapping is a migration decision, not proof that data moved.",6cb989c071255437d75953dabb943318a74eb8f4,UNMAPPED,UNMAPPED,UNMAPPED,UNMAPPED,UNMAPPED,UNMAPPED,UNMAPPED,UNMAPPED,UNMAPPED,UNMAPPED,UNMAPPED,UNMAPPED,NOT_EXECUTED,NOT_EXECUTED,NOT_EXECUTED,NOT_EXECUTED
LEGACY-T14-098,automation_program_admission_attempt,automation_legacy,ABSENT_AT_HEAD,DEFER,DEFERRED_UNMAPPED,NO_TARGET,UNMAPPED,PENDING_SOURCE_SCHEMA,no active target foreign key is created,"no migration action, external call, job enqueue, provider retry, or runtime activation may be produced from this candidate",0,NOT_STARTED,NOT_RUN,docs/migration-mapping.jsonl:LEGACY-T14-098,NOT_EXECUTED,"The mapping is a migration decision, not proof that data moved.",6cb989c071255437d75953dabb943318a74eb8f4,UNMAPPED,UNMAPPED,UNMAPPED,UNMAPPED,UNMAPPED,UNMAPPED,UNMAPPED,UNMAPPED,UNMAPPED,UNMAPPED,UNMAPPED,UNMAPPED,NOT_EXECUTED,NOT_EXECUTED,NOT_EXECUTED,NOT_EXECUTED
LEGACY-T14-099,automation_program_channel_binding,automation_legacy,ABSENT_AT_HEAD,DEFER,DEFERRED_UNMAPPED,NO_TARGET,UNMAPPED,PENDING_SOURCE_SCHEMA,no active target foreign key is created,"no migration action, external call, job enqueue, provider retry, or runtime activation may be produced from this candidate",0,NOT_STARTED,NOT_RUN,docs/migration-mapping.jsonl:LEGACY-T14-099,NOT_EXECUTED,"The mapping is a migration decision, not proof that data moved.",6cb989c071255437d75953dabb943318a74eb8f4,UNMAPPED,UNMAPPED,UNMAPPED,UNMAPPED,UNMAPPED,UNMAPPED,UNMAPPED,UNMAPPED,UNMAPPED,UNMAPPED,UNMAPPED,UNMAPPED,NOT_EXECUTED,NOT_EXECUTED,NOT_EXECUTED,NOT_EXECUTED
LEGACY-T14-100,automation_program_config_block,automation_legacy,ABSENT_AT_HEAD,DEFER,DEFERRED_UNMAPPED,NO_TARGET,UNMAPPED,PENDING_SOURCE_SCHEMA,no active target foreign key is created,"no migration action, external call, job enqueue, provider retry, or runtime activation may be produced from this candidate",0,NOT_STARTED,NOT_RUN,docs/migration-mapping.jsonl:LEGACY-T14-100,NOT_EXECUTED,"The mapping is a migration decision, not proof that data moved.",6cb989c071255437d75953dabb943318a74eb8f4,UNMAPPED,UNMAPPED,UNMAPPED,UNMAPPED,UNMAPPED,UNMAPPED,UNMAPPED,UNMAPPED,UNMAPPED,UNMAPPED,UNMAPPED,UNMAPPED,NOT_EXECUTED,NOT_EXECUTED,NOT_EXECUTED,NOT_EXECUTED
LEGACY-T14-101,automation_program_member,automation_legacy,ABSENT_AT_HEAD,DEFER,DEFERRED_UNMAPPED,NO_TARGET,UNMAPPED,PENDING_SOURCE_SCHEMA,no active target foreign key is created,"no migration action, external call, job enqueue, provider retry, or runtime activation may be produced from this candidate",0,NOT_STARTED,NOT_RUN,docs/migration-mapping.jsonl:LEGACY-T14-101,NOT_EXECUTED,"The mapping is a migration decision, not proof that data moved.",6cb989c071255437d75953dabb943318a74eb8f4,UNMAPPED,UNMAPPED,UNMAPPED,UNMAPPED,UNMAPPED,UNMAPPED,UNMAPPED,UNMAPPED,UNMAPPED,UNMAPPED,UNMAPPED,UNMAPPED,NOT_EXECUTED,NOT_EXECUTED,NOT_EXECUTED,NOT_EXECUTED
LEGACY-T14-102,automation_program_member_stage_history,automation_legacy,ABSENT_AT_HEAD,DEFER,DEFERRED_UNMAPPED,NO_TARGET,UNMAPPED,PENDING_SOURCE_SCHEMA,no active target foreign key is created,"no migration action, external call, job enqueue, provider retry, or runtime activation may be produced from this candidate",0,NOT_STARTED,NOT_RUN,docs/migration-mapping.jsonl:LEGACY-T14-102,NOT_EXECUTED,"The mapping is a migration decision, not proof that data moved.",6cb989c071255437d75953dabb943318a74eb8f4,UNMAPPED,UNMAPPED,UNMAPPED,UNMAPPED,UNMAPPED,UNMAPPED,UNMAPPED,UNMAPPED,UNMAPPED,UNMAPPED,UNMAPPED,UNMAPPED,NOT_EXECUTED,NOT_EXECUTED,NOT_EXECUTED,NOT_EXECUTED
LEGACY-T14-103,automation_reply_monitor_config,legacy_automation,ABSENT_AT_HEAD,DEFER,DEFERRED_UNMAPPED,PENDING_TARGET_SCHEMA,UNMAPPED,PENDING_SOURCE_SCHEMA,no active target foreign key is created,"no migration action, external call, job enqueue, provider retry, or runtime activation may be produced from this candidate",0,NOT_STARTED,NOT_RUN,docs/migration-mapping.jsonl:LEGACY-T14-103,NOT_EXECUTED,"The mapping is a migration decision, not proof that data moved.",6cb989c071255437d75953dabb943318a74eb8f4,UNMAPPED,UNMAPPED,UNMAPPED,UNMAPPED,UNMAPPED,UNMAPPED,UNMAPPED,UNMAPPED,UNMAPPED,UNMAPPED,UNMAPPED,UNMAPPED,NOT_EXECUTED,NOT_EXECUTED,NOT_EXECUTED,NOT_EXECUTED
LEGACY-T14-104,automation_reply_monitor_queue,legacy_automation,ABSENT_AT_HEAD,DEFER,DEFERRED_UNMAPPED,PENDING_TARGET_SCHEMA,UNMAPPED,PENDING_SOURCE_SCHEMA,no active target foreign key is created,"no migration action, external call, job enqueue, provider retry, or runtime activation may be produced from this candidate",0,NOT_STARTED,NOT_RUN,docs/migration-mapping.jsonl:LEGACY-T14-104,NOT_EXECUTED,"The mapping is a migration decision, not proof that data moved.",6cb989c071255437d75953dabb943318a74eb8f4,UNMAPPED,UNMAPPED,UNMAPPED,UNMAPPED,UNMAPPED,UNMAPPED,UNMAPPED,UNMAPPED,UNMAPPED,UNMAPPED,UNMAPPED,UNMAPPED,NOT_EXECUTED,NOT_EXECUTED,NOT_EXECUTED,NOT_EXECUTED
LEGACY-T14-105,automation_sop_batch,legacy_automation,ABSENT_AT_HEAD,DEFER,DEFERRED_UNMAPPED,PENDING_TARGET_SCHEMA,UNMAPPED,PENDING_SOURCE_SCHEMA,no active target foreign key is created,"no migration action, external call, job enqueue, provider retry, or runtime activation may be produced from this candidate",0,NOT_STARTED,NOT_RUN,docs/migration-mapping.jsonl:LEGACY-T14-105,NOT_EXECUTED,"The mapping is a migration decision, not proof that data moved.",6cb989c071255437d75953dabb943318a74eb8f4,UNMAPPED,UNMAPPED,UNMAPPED,UNMAPPED,UNMAPPED,UNMAPPED,UNMAPPED,UNMAPPED,UNMAPPED,UNMAPPED,UNMAPPED,UNMAPPED,NOT_EXECUTED,NOT_EXECUTED,NOT_EXECUTED,NOT_EXECUTED
LEGACY-T14-106,automation_sop_batch_item,legacy_automation,ABSENT_AT_HEAD,DEFER,DEFERRED_UNMAPPED,PENDING_TARGET_SCHEMA,UNMAPPED,PENDING_SOURCE_SCHEMA,no active target foreign key is created,"no migration action, external call, job enqueue, provider retry, or runtime activation may be produced from this candidate",0,NOT_STARTED,NOT_RUN,docs/migration-mapping.jsonl:LEGACY-T14-106,NOT_EXECUTED,"The mapping is a migration decision, not proof that data moved.",6cb989c071255437d75953dabb943318a74eb8f4,UNMAPPED,UNMAPPED,UNMAPPED,UNMAPPED,UNMAPPED,UNMAPPED,UNMAPPED,UNMAPPED,UNMAPPED,UNMAPPED,UNMAPPED,UNMAPPED,NOT_EXECUTED,NOT_EXECUTED,NOT_EXECUTED,NOT_EXECUTED
LEGACY-T14-107,automation_sop_pool_config,legacy_automation,ABSENT_AT_HEAD,DEFER,DEFERRED_UNMAPPED,PENDING_TARGET_SCHEMA,UNMAPPED,PENDING_SOURCE_SCHEMA,no active target foreign key is created,"no migration action, external call, job enqueue, provider retry, or runtime activation may be produced from this candidate",0,NOT_STARTED,NOT_RUN,docs/migration-mapping.jsonl:LEGACY-T14-107,NOT_EXECUTED,"The mapping is a migration decision, not proof that data moved.",6cb989c071255437d75953dabb943318a74eb8f4,UNMAPPED,UNMAPPED,UNMAPPED,UNMAPPED,UNMAPPED,UNMAPPED,UNMAPPED,UNMAPPED,UNMAPPED,UNMAPPED,UNMAPPED,UNMAPPED,NOT_EXECUTED,NOT_EXECUTED,NOT_EXECUTED,NOT_EXECUTED
LEGACY-T14-108,automation_sop_progress,legacy_automation,ABSENT_AT_HEAD,DEFER,DEFERRED_UNMAPPED,PENDING_TARGET_SCHEMA,UNMAPPED,PENDING_SOURCE_SCHEMA,no active target foreign key is created,"no migration action, external call, job enqueue, provider retry, or runtime activation may be produced from this candidate",0,NOT_STARTED,NOT_RUN,docs/migration-mapping.jsonl:LEGACY-T14-108,NOT_EXECUTED,"The mapping is a migration decision, not proof that data moved.",6cb989c071255437d75953dabb943318a74eb8f4,UNMAPPED,UNMAPPED,UNMAPPED,UNMAPPED,UNMAPPED,UNMAPPED,UNMAPPED,UNMAPPED,UNMAPPED,UNMAPPED,UNMAPPED,UNMAPPED,NOT_EXECUTED,NOT_EXECUTED,NOT_EXECUTED,NOT_EXECUTED
LEGACY-T14-109,automation_sop_template,automation_engine,HEAD_PHYSICAL,DEFER,DEFERRED_UNMAPPED,PENDING_TARGET_SCHEMA,UNMAPPED,FULL_ONLY,no active target foreign key is created,"no migration action, external call, job enqueue, provider retry, or runtime activation may be produced from this candidate",2,NOT_STARTED,NOT_RUN,docs/migration-mapping.jsonl:LEGACY-T14-109,NOT_EXECUTED,"The mapping is a migration decision, not proof that data moved.",6cb989c071255437d75953dabb943318a74eb8f4,UNMAPPED,UNMAPPED,UNMAPPED,UNMAPPED,UNMAPPED,UNMAPPED,UNMAPPED,UNMAPPED,UNMAPPED,UNMAPPED,UNMAPPED,UNMAPPED,NOT_EXECUTED,NOT_EXECUTED,NOT_EXECUTED,NOT_EXECUTED
LEGACY-T14-110,automation_stage_entry_v2,automation_legacy,ABSENT_AT_HEAD,DEFER,DEFERRED_UNMAPPED,NO_TARGET,UNMAPPED,PENDING_SOURCE_SCHEMA,no active target foreign key is created,"no migration action, external call, job enqueue, provider retry, or runtime activation may be produced from this candidate",0,NOT_STARTED,NOT_RUN,docs/migration-mapping.jsonl:LEGACY-T14-110,NOT_EXECUTED,"The mapping is a migration decision, not proof that data moved.",6cb989c071255437d75953dabb943318a74eb8f4,UNMAPPED,UNMAPPED,UNMAPPED,UNMAPPED,UNMAPPED,UNMAPPED,UNMAPPED,UNMAPPED,UNMAPPED,UNMAPPED,UNMAPPED,UNMAPPED,NOT_EXECUTED,NOT_EXECUTED,NOT_EXECUTED,NOT_EXECUTED
LEGACY-T14-111,automation_task_plan_v2,automation_legacy,ABSENT_AT_HEAD,DEFER,DEFERRED_UNMAPPED,NO_TARGET,UNMAPPED,PENDING_SOURCE_SCHEMA,no active target foreign key is created,"no migration action, external call, job enqueue, provider retry, or runtime activation may be produced from this candidate",0,NOT_STARTED,NOT_RUN,docs/migration-mapping.jsonl:LEGACY-T14-111,NOT_EXECUTED,"The mapping is a migration decision, not proof that data moved.",6cb989c071255437d75953dabb943318a74eb8f4,UNMAPPED,UNMAPPED,UNMAPPED,UNMAPPED,UNMAPPED,UNMAPPED,UNMAPPED,UNMAPPED,UNMAPPED,UNMAPPED,UNMAPPED,UNMAPPED,NOT_EXECUTED,NOT_EXECUTED,NOT_EXECUTED,NOT_EXECUTED
LEGACY-T14-112,automation_touch_delivery_log,automation_engine,HEAD_PHYSICAL,ARCHIVE_ONLY,RETIREMENT_APPROVED,NO_TARGET,UNMAPPED,CREATED_AT_PLUS_KEY,no active target foreign key is created,"no migration action, external call, job enqueue, provider retry, or runtime activation may be produced from this candidate",6,NOT_STARTED,NOT_RUN,docs/migration-mapping.jsonl:LEGACY-T14-112,NOT_EXECUTED,"The mapping is a migration decision, not proof that data moved.",6cb989c071255437d75953dabb943318a74eb8f4,UNMAPPED,UNMAPPED,UNMAPPED,UNMAPPED,UNMAPPED,UNMAPPED,UNMAPPED,UNMAPPED,UNMAPPED,UNMAPPED,UNMAPPED,UNMAPPED,NOT_EXECUTED,NOT_EXECUTED,NOT_EXECUTED,NOT_EXECUTED
LEGACY-T14-113,automation_workflow,automation_legacy,ABSENT_AT_HEAD,DEFER,DEFERRED_UNMAPPED,NO_TARGET,UNMAPPED,PENDING_SOURCE_SCHEMA,no active target foreign key is created,"no migration action, external call, job enqueue, provider retry, or runtime activation may be produced from this candidate",0,NOT_STARTED,NOT_RUN,docs/migration-mapping.jsonl:LEGACY-T14-113,NOT_EXECUTED,"The mapping is a migration decision, not proof that data moved.",6cb989c071255437d75953dabb943318a74eb8f4,UNMAPPED,UNMAPPED,UNMAPPED,UNMAPPED,UNMAPPED,UNMAPPED,UNMAPPED,UNMAPPED,UNMAPPED,UNMAPPED,UNMAPPED,UNMAPPED,NOT_EXECUTED,NOT_EXECUTED,NOT_EXECUTED,NOT_EXECUTED
LEGACY-T14-114,automation_workflow_agent_binding,legacy_automation,ABSENT_AT_HEAD,DEFER,DEFERRED_UNMAPPED,PENDING_TARGET_SCHEMA,UNMAPPED,PENDING_SOURCE_SCHEMA,no active target foreign key is created,"no migration action, external call, job enqueue, provider retry, or runtime activation may be produced from this candidate",0,NOT_STARTED,NOT_RUN,docs/migration-mapping.jsonl:LEGACY-T14-114,NOT_EXECUTED,"The mapping is a migration decision, not proof that data moved.",6cb989c071255437d75953dabb943318a74eb8f4,UNMAPPED,UNMAPPED,UNMAPPED,UNMAPPED,UNMAPPED,UNMAPPED,UNMAPPED,UNMAPPED,UNMAPPED,UNMAPPED,UNMAPPED,UNMAPPED,NOT_EXECUTED,NOT_EXECUTED,NOT_EXECUTED,NOT_EXECUTED
LEGACY-T14-115,automation_workflow_audience,legacy_automation,ABSENT_AT_HEAD,DEFER,DEFERRED_UNMAPPED,PENDING_TARGET_SCHEMA,UNMAPPED,PENDING_SOURCE_SCHEMA,no active target foreign key is created,"no migration action, external call, job enqueue, provider retry, or runtime activation may be produced from this candidate",0,NOT_STARTED,NOT_RUN,docs/migration-mapping.jsonl:LEGACY-T14-115,NOT_EXECUTED,"The mapping is a migration decision, not proof that data moved.",6cb989c071255437d75953dabb943318a74eb8f4,UNMAPPED,UNMAPPED,UNMAPPED,UNMAPPED,UNMAPPED,UNMAPPED,UNMAPPED,UNMAPPED,UNMAPPED,UNMAPPED,UNMAPPED,UNMAPPED,NOT_EXECUTED,NOT_EXECUTED,NOT_EXECUTED,NOT_EXECUTED
LEGACY-T14-116,automation_workflow_execution,automation_legacy,ABSENT_AT_HEAD,DEFER,DEFERRED_UNMAPPED,NO_TARGET,UNMAPPED,PENDING_SOURCE_SCHEMA,no active target foreign key is created,"no migration action, external call, job enqueue, provider retry, or runtime activation may be produced from this candidate",0,NOT_STARTED,NOT_RUN,docs/migration-mapping.jsonl:LEGACY-T14-116,NOT_EXECUTED,"The mapping is a migration decision, not proof that data moved.",6cb989c071255437d75953dabb943318a74eb8f4,UNMAPPED,UNMAPPED,UNMAPPED,UNMAPPED,UNMAPPED,UNMAPPED,UNMAPPED,UNMAPPED,UNMAPPED,UNMAPPED,UNMAPPED,UNMAPPED,NOT_EXECUTED,NOT_EXECUTED,NOT_EXECUTED,NOT_EXECUTED
LEGACY-T14-117,automation_workflow_execution_item,automation_legacy,ABSENT_AT_HEAD,DEFER,DEFERRED_UNMAPPED,NO_TARGET,UNMAPPED,PENDING_SOURCE_SCHEMA,no active target foreign key is created,"no migration action, external call, job enqueue, provider retry, or runtime activation may be produced from this candidate",0,NOT_STARTED,NOT_RUN,docs/migration-mapping.jsonl:LEGACY-T14-117,NOT_EXECUTED,"The mapping is a migration decision, not proof that data moved.",6cb989c071255437d75953dabb943318a74eb8f4,UNMAPPED,UNMAPPED,UNMAPPED,UNMAPPED,UNMAPPED,UNMAPPED,UNMAPPED,UNMAPPED,UNMAPPED,UNMAPPED,UNMAPPED,UNMAPPED,NOT_EXECUTED,NOT_EXECUTED,NOT_EXECUTED,NOT_EXECUTED
LEGACY-T14-118,automation_workflow_goal,automation_legacy,ABSENT_AT_HEAD,DEFER,DEFERRED_UNMAPPED,NO_TARGET,UNMAPPED,PENDING_SOURCE_SCHEMA,no active target foreign key is created,"no migration action, external call, job enqueue, provider retry, or runtime activation may be produced from this candidate",0,NOT_STARTED,NOT_RUN,docs/migration-mapping.jsonl:LEGACY-T14-118,NOT_EXECUTED,"The mapping is a migration decision, not proof that data moved.",6cb989c071255437d75953dabb943318a74eb8f4,UNMAPPED,UNMAPPED,UNMAPPED,UNMAPPED,UNMAPPED,UNMAPPED,UNMAPPED,UNMAPPED,UNMAPPED,UNMAPPED,UNMAPPED,UNMAPPED,NOT_EXECUTED,NOT_EXECUTED,NOT_EXECUTED,NOT_EXECUTED
LEGACY-T14-119,automation_workflow_node,automation_legacy,ABSENT_AT_HEAD,DEFER,DEFERRED_UNMAPPED,NO_TARGET,UNMAPPED,PENDING_SOURCE_SCHEMA,no active target foreign key is created,"no migration action, external call, job enqueue, provider retry, or runtime activation may be produced from this candidate",0,NOT_STARTED,NOT_RUN,docs/migration-mapping.jsonl:LEGACY-T14-119,NOT_EXECUTED,"The mapping is a migration decision, not proof that data moved.",6cb989c071255437d75953dabb943318a74eb8f4,UNMAPPED,UNMAPPED,UNMAPPED,UNMAPPED,UNMAPPED,UNMAPPED,UNMAPPED,UNMAPPED,UNMAPPED,UNMAPPED,UNMAPPED,UNMAPPED,NOT_EXECUTED,NOT_EXECUTED,NOT_EXECUTED,NOT_EXECUTED
LEGACY-T14-120,automation_workflow_node_content,automation_legacy,ABSENT_AT_HEAD,DEFER,DEFERRED_UNMAPPED,NO_TARGET,UNMAPPED,PENDING_SOURCE_SCHEMA,no active target foreign key is created,"no migration action, external call, job enqueue, provider retry, or runtime activation may be produced from this candidate",0,NOT_STARTED,NOT_RUN,docs/migration-mapping.jsonl:LEGACY-T14-120,NOT_EXECUTED,"The mapping is a migration decision, not proof that data moved.",6cb989c071255437d75953dabb943318a74eb8f4,UNMAPPED,UNMAPPED,UNMAPPED,UNMAPPED,UNMAPPED,UNMAPPED,UNMAPPED,UNMAPPED,UNMAPPED,UNMAPPED,UNMAPPED,UNMAPPED,NOT_EXECUTED,NOT_EXECUTED,NOT_EXECUTED,NOT_EXECUTED
LEGACY-T14-121,automation_workflow_node_content_variant,automation_legacy,ABSENT_AT_HEAD,DEFER,DEFERRED_UNMAPPED,NO_TARGET,UNMAPPED,PENDING_SOURCE_SCHEMA,no active target foreign key is created,"no migration action, external call, job enqueue, provider retry, or runtime activation may be produced from this candidate",0,NOT_STARTED,NOT_RUN,docs/migration-mapping.jsonl:LEGACY-T14-121,NOT_EXECUTED,"The mapping is a migration decision, not proof that data moved.",6cb989c071255437d75953dabb943318a74eb8f4,UNMAPPED,UNMAPPED,UNMAPPED,UNMAPPED,UNMAPPED,UNMAPPED,UNMAPPED,UNMAPPED,UNMAPPED,UNMAPPED,UNMAPPED,UNMAPPED,NOT_EXECUTED,NOT_EXECUTED,NOT_EXECUTED,NOT_EXECUTED
LEGACY-T14-122,automation_workflow_node_transition,automation_legacy,ABSENT_AT_HEAD,DEFER,DEFERRED_UNMAPPED,NO_TARGET,UNMAPPED,PENDING_SOURCE_SCHEMA,no active target foreign key is created,"no migration action, external call, job enqueue, provider retry, or runtime activation may be produced from this candidate",0,NOT_STARTED,NOT_RUN,docs/migration-mapping.jsonl:LEGACY-T14-122,NOT_EXECUTED,"The mapping is a migration decision, not proof that data moved.",6cb989c071255437d75953dabb943318a74eb8f4,UNMAPPED,UNMAPPED,UNMAPPED,UNMAPPED,UNMAPPED,UNMAPPED,UNMAPPED,UNMAPPED,UNMAPPED,UNMAPPED,UNMAPPED,UNMAPPED,NOT_EXECUTED,NOT_EXECUTED,NOT_EXECUTED,NOT_EXECUTED
LEGACY-T14-123,broadcast_job_events,broadcast_jobs,HEAD_PHYSICAL,ARCHIVE_ONLY,RETIREMENT_APPROVED,NO_TARGET,UNMAPPED,CREATED_AT_PLUS_KEY,no active target foreign key is created,"no migration action, external call, job enqueue, provider retry, or runtime activation may be produced from this candidate",9,NOT_STARTED,NOT_RUN,docs/migration-mapping.jsonl:LEGACY-T14-123,NOT_EXECUTED,"The mapping is a migration decision, not proof that data moved.",6cb989c071255437d75953dabb943318a74eb8f4,UNMAPPED,UNMAPPED,UNMAPPED,UNMAPPED,UNMAPPED,UNMAPPED,UNMAPPED,UNMAPPED,UNMAPPED,UNMAPPED,UNMAPPED,UNMAPPED,NOT_EXECUTED,NOT_EXECUTED,NOT_EXECUTED,NOT_EXECUTED
LEGACY-T14-124,broadcast_job_hourly_reports,broadcast_jobs,HEAD_PHYSICAL,DEFER,DEFERRED_UNMAPPED,PENDING_TARGET_SCHEMA,UNMAPPED,UPDATED_AT_PLUS_KEY,no active target foreign key is created,"no migration action, external call, job enqueue, provider retry, or runtime activation may be produced from this candidate",11,NOT_STARTED,NOT_RUN,docs/migration-mapping.jsonl:LEGACY-T14-124,NOT_EXECUTED,"The mapping is a migration decision, not proof that data moved.",6cb989c071255437d75953dabb943318a74eb8f4,UNMAPPED,UNMAPPED,UNMAPPED,UNMAPPED,UNMAPPED,UNMAPPED,UNMAPPED,UNMAPPED,UNMAPPED,UNMAPPED,UNMAPPED,UNMAPPED,NOT_EXECUTED,NOT_EXECUTED,NOT_EXECUTED,NOT_EXECUTED
LEGACY-T14-125,broadcast_jobs,broadcast,HEAD_PHYSICAL,MIGRATE,BACKEND_REQUIRED,PENDING_TARGET_SCHEMA,planned:outbound_batches|planned:outbound_tasks,UPDATED_AT_PLUS_KEY,rewrite through migration_import_ledger; quarantine every unresolved reference,"never reactivate legacy execution or sending; queued, claimed, dispatching, retryable, unknown_after_dispatch, or provider_accepted without delivery proof stay held or archive-only with no retry, River job, or event enqueue",53,NOT_STARTED,NOT_RUN,docs/migration-mapping.jsonl:LEGACY-T14-125,NOT_EXECUTED,"The mapping is a migration decision, not proof that data moved.",6cb989c071255437d75953dabb943318a74eb8f4,UNMAPPED,UNMAPPED,UNMAPPED,UNMAPPED,UNMAPPED,UNMAPPED,UNMAPPED,UNMAPPED,UNMAPPED,UNMAPPED,UNMAPPED,UNMAPPED,NOT_EXECUTED,NOT_EXECUTED,NOT_EXECUTED,NOT_EXECUTED
LEGACY-T14-126,broadcast_queue_notification_settings,broadcast_jobs,HEAD_PHYSICAL,DEFER,DEFERRED_UNMAPPED,PENDING_TARGET_SCHEMA,UNMAPPED,UPDATED_AT_PLUS_KEY,no active target foreign key is created,"no migration action, external call, job enqueue, provider retry, or runtime activation may be produced from this candidate",9,NOT_STARTED,NOT_RUN,docs/migration-mapping.jsonl:LEGACY-T14-126,NOT_EXECUTED,"The mapping is a migration decision, not proof that data moved.",6cb989c071255437d75953dabb943318a74eb8f4,UNMAPPED,UNMAPPED,UNMAPPED,UNMAPPED,UNMAPPED,UNMAPPED,UNMAPPED,UNMAPPED,UNMAPPED,UNMAPPED,UNMAPPED,UNMAPPED,NOT_EXECUTED,NOT_EXECUTED,NOT_EXECUTED,NOT_EXECUTED
LEGACY-T14-127,callback_jobs,legacy_callback,ABSENT_AT_HEAD,DEFER,DEFERRED_UNMAPPED,PENDING_TARGET_SCHEMA,UNMAPPED,PENDING_SOURCE_SCHEMA,no active target foreign key is created,"no migration action, external call, job enqueue, provider retry, or runtime activation may be produced from this candidate",0,NOT_STARTED,NOT_RUN,docs/migration-mapping.jsonl:LEGACY-T14-127,NOT_EXECUTED,"The mapping is a migration decision, not proof that data moved.",6cb989c071255437d75953dabb943318a74eb8f4,UNMAPPED,UNMAPPED,UNMAPPED,UNMAPPED,UNMAPPED,UNMAPPED,UNMAPPED,UNMAPPED,UNMAPPED,UNMAPPED,UNMAPPED,UNMAPPED,NOT_EXECUTED,NOT_EXECUTED,NOT_EXECUTED,NOT_EXECUTED
LEGACY-T14-128,campaign_members,campaign,HEAD_PHYSICAL,DEFER,DEFERRED_UNMAPPED,PENDING_TARGET_SCHEMA,UNMAPPED,UPDATED_AT_PLUS_KEY,no active target foreign key is created,"no migration action, external call, job enqueue, provider retry, or runtime activation may be produced from this candidate",18,NOT_STARTED,NOT_RUN,docs/migration-mapping.jsonl:LEGACY-T14-128,NOT_EXECUTED,"The mapping is a migration decision, not proof that data moved.",6cb989c071255437d75953dabb943318a74eb8f4,UNMAPPED,UNMAPPED,UNMAPPED,UNMAPPED,UNMAPPED,UNMAPPED,UNMAPPED,UNMAPPED,UNMAPPED,UNMAPPED,UNMAPPED,UNMAPPED,NOT_EXECUTED,NOT_EXECUTED,NOT_EXECUTED,NOT_EXECUTED
LEGACY-T14-129,campaign_segments,campaign,HEAD_PHYSICAL,DEFER,DEFERRED_UNMAPPED,PENDING_TARGET_SCHEMA,UNMAPPED,CREATED_AT_PLUS_KEY,no active target foreign key is created,"no migration action, external call, job enqueue, provider retry, or runtime activation may be produced from this candidate",7,NOT_STARTED,NOT_RUN,docs/migration-mapping.jsonl:LEGACY-T14-129,NOT_EXECUTED,"The mapping is a migration decision, not proof that data moved.",6cb989c071255437d75953dabb943318a74eb8f4,UNMAPPED,UNMAPPED,UNMAPPED,UNMAPPED,UNMAPPED,UNMAPPED,UNMAPPED,UNMAPPED,UNMAPPED,UNMAPPED,UNMAPPED,UNMAPPED,NOT_EXECUTED,NOT_EXECUTED,NOT_EXECUTED,NOT_EXECUTED
LEGACY-T14-130,campaign_steps,campaign,HEAD_PHYSICAL,DEFER,DEFERRED_UNMAPPED,PENDING_TARGET_SCHEMA,UNMAPPED,UPDATED_AT_PLUS_KEY,no active target foreign key is created,"no migration action, external call, job enqueue, provider retry, or runtime activation may be produced from this candidate",14,NOT_STARTED,NOT_RUN,docs/migration-mapping.jsonl:LEGACY-T14-130,NOT_EXECUTED,"The mapping is a migration decision, not proof that data moved.",6cb989c071255437d75953dabb943318a74eb8f4,UNMAPPED,UNMAPPED,UNMAPPED,UNMAPPED,UNMAPPED,UNMAPPED,UNMAPPED,UNMAPPED,UNMAPPED,UNMAPPED,UNMAPPED,UNMAPPED,NOT_EXECUTED,NOT_EXECUTED,NOT_EXECUTED,NOT_EXECUTED
LEGACY-T14-131,campaigns,campaign,HEAD_PHYSICAL,DEFER,DEFERRED_UNMAPPED,PENDING_TARGET_SCHEMA,UNMAPPED,UPDATED_AT_PLUS_KEY,no active target foreign key is created,"no migration action, external call, job enqueue, provider retry, or runtime activation may be produced from this candidate",23,NOT_STARTED,NOT_RUN,docs/migration-mapping.jsonl:LEGACY-T14-131,NOT_EXECUTED,"The mapping is a migration decision, not proof that data moved.",6cb989c071255437d75953dabb943318a74eb8f4,UNMAPPED,UNMAPPED,UNMAPPED,UNMAPPED,UNMAPPED,UNMAPPED,UNMAPPED,UNMAPPED,UNMAPPED,UNMAPPED,UNMAPPED,UNMAPPED,NOT_EXECUTED,NOT_EXECUTED,NOT_EXECUTED,NOT_EXECUTED
LEGACY-T14-132,channel_welcome_effect_dependency,channel_entry,HEAD_PHYSICAL,DEFER,DEFERRED_UNMAPPED,PENDING_TARGET_SCHEMA,UNMAPPED,UPDATED_AT_PLUS_KEY,no active target foreign key is created,"no migration action, external call, job enqueue, provider retry, or runtime activation may be produced from this candidate",16,NOT_STARTED,NOT_RUN,docs/migration-mapping.jsonl:LEGACY-T14-132,NOT_EXECUTED,"The mapping is a migration decision, not proof that data moved.",6cb989c071255437d75953dabb943318a74eb8f4,UNMAPPED,UNMAPPED,UNMAPPED,UNMAPPED,UNMAPPED,UNMAPPED,UNMAPPED,UNMAPPED,UNMAPPED,UNMAPPED,UNMAPPED,UNMAPPED,NOT_EXECUTED,NOT_EXECUTED,NOT_EXECUTED,NOT_EXECUTED
LEGACY-T14-133,channel_welcome_effect_graph,channel_entry,HEAD_PHYSICAL,DEFER,DEFERRED_UNMAPPED,PENDING_TARGET_SCHEMA,UNMAPPED,UPDATED_AT_PLUS_KEY,no active target foreign key is created,"no migration action, external call, job enqueue, provider retry, or runtime activation may be produced from this candidate",12,NOT_STARTED,NOT_RUN,docs/migration-mapping.jsonl:LEGACY-T14-133,NOT_EXECUTED,"The mapping is a migration decision, not proof that data moved.",6cb989c071255437d75953dabb943318a74eb8f4,UNMAPPED,UNMAPPED,UNMAPPED,UNMAPPED,UNMAPPED,UNMAPPED,UNMAPPED,UNMAPPED,UNMAPPED,UNMAPPED,UNMAPPED,UNMAPPED,NOT_EXECUTED,NOT_EXECUTED,NOT_EXECUTED,NOT_EXECUTED
LEGACY-T14-134,class_term_tag_mapping,legacy_customer_tags,ABSENT_AT_HEAD,DEFER,DEFERRED_UNMAPPED,PENDING_TARGET_SCHEMA,UNMAPPED,PENDING_SOURCE_SCHEMA,no active target foreign key is created,"no migration action, external call, job enqueue, provider retry, or runtime activation may be produced from this candidate",0,NOT_STARTED,NOT_RUN,docs/migration-mapping.jsonl:LEGACY-T14-134,NOT_EXECUTED,"The mapping is a migration decision, not proof that data moved.",6cb989c071255437d75953dabb943318a74eb8f4,UNMAPPED,UNMAPPED,UNMAPPED,UNMAPPED,UNMAPPED,UNMAPPED,UNMAPPED,UNMAPPED,UNMAPPED,UNMAPPED,UNMAPPED,UNMAPPED,NOT_EXECUTED,NOT_EXECUTED,NOT_EXECUTED,NOT_EXECUTED
LEGACY-T14-135,class_user_status_current,customer_read_model,HEAD_PHYSICAL,MIGRATE,BACKEND_REQUIRED,PENDING_TARGET_SCHEMA,planned:customers|physical:stages|planned:staff,UPDATED_AT_PLUS_KEY,rewrite through migration_import_ledger; quarantine every unresolved reference,every legacy status and label needs a signed stage dictionary; never choose a default stage or ambiguous owner,10,NOT_STARTED,NOT_RUN,docs/migration-mapping.jsonl:LEGACY-T14-135,NOT_EXECUTED,"The mapping is a migration decision, not proof that data moved.",6cb989c071255437d75953dabb943318a74eb8f4,UNMAPPED,UNMAPPED,UNMAPPED,UNMAPPED,UNMAPPED,UNMAPPED,UNMAPPED,UNMAPPED,UNMAPPED,UNMAPPED,UNMAPPED,UNMAPPED,NOT_EXECUTED,NOT_EXECUTED,NOT_EXECUTED,NOT_EXECUTED
LEGACY-T14-136,class_user_status_history,customer_read_model,HEAD_PHYSICAL,MIGRATE,BACKEND_REQUIRED,PENDING_TARGET_SCHEMA,planned:customer_events|physical:stages,CREATED_AT_PLUS_KEY,rewrite through migration_import_ledger; quarantine every unresolved reference,"emit stage history only after identity, stage dictionary, source key, and occurred time are signed",12,NOT_STARTED,NOT_RUN,docs/migration-mapping.jsonl:LEGACY-T14-136,NOT_EXECUTED,"The mapping is a migration decision, not proof that data moved.",6cb989c071255437d75953dabb943318a74eb8f4,UNMAPPED,UNMAPPED,UNMAPPED,UNMAPPED,UNMAPPED,UNMAPPED,UNMAPPED,UNMAPPED,UNMAPPED,UNMAPPED,UNMAPPED,UNMAPPED,NOT_EXECUTED,NOT_EXECUTED,NOT_EXECUTED,NOT_EXECUTED
LEGACY-T14-137,cloud_agent_audit_log,cloud_orchestrator,HEAD_PHYSICAL,ARCHIVE_ONLY,RETIREMENT_APPROVED,NO_TARGET,UNMAPPED,CREATED_AT_PLUS_KEY,no active target foreign key is created,"no migration action, external call, job enqueue, provider retry, or runtime activation may be produced from this candidate",15,NOT_STARTED,NOT_RUN,docs/migration-mapping.jsonl:LEGACY-T14-137,NOT_EXECUTED,"The mapping is a migration decision, not proof that data moved.",6cb989c071255437d75953dabb943318a74eb8f4,UNMAPPED,UNMAPPED,UNMAPPED,UNMAPPED,UNMAPPED,UNMAPPED,UNMAPPED,UNMAPPED,UNMAPPED,UNMAPPED,UNMAPPED,UNMAPPED,NOT_EXECUTED,NOT_EXECUTED,NOT_EXECUTED,NOT_EXECUTED
LEGACY-T14-138,cloud_approval_tokens,cloud_orchestrator,HEAD_PHYSICAL,DEFER,DEFERRED_UNMAPPED,PENDING_TARGET_SCHEMA,UNMAPPED,FULL_ONLY,no active target foreign key is created,"no migration action, external call, job enqueue, provider retry, or runtime activation may be produced from this candidate",10,NOT_STARTED,NOT_RUN,docs/migration-mapping.jsonl:LEGACY-T14-138,NOT_EXECUTED,"The mapping is a migration decision, not proof that data moved.",6cb989c071255437d75953dabb943318a74eb8f4,UNMAPPED,UNMAPPED,UNMAPPED,UNMAPPED,UNMAPPED,UNMAPPED,UNMAPPED,UNMAPPED,UNMAPPED,UNMAPPED,UNMAPPED,UNMAPPED,NOT_EXECUTED,NOT_EXECUTED,NOT_EXECUTED,NOT_EXECUTED
LEGACY-T14-139,cloud_broadcast_plan_recipient_messages,cloud_orchestrator,HEAD_PHYSICAL,MIGRATE,BACKEND_REQUIRED,PENDING_TARGET_SCHEMA,planned:outbound_tasks,UPDATED_AT_PLUS_KEY,rewrite through migration_import_ledger; quarantine every unresolved reference,"never reactivate legacy execution or sending; queued, claimed, dispatching, retryable, unknown_after_dispatch, or provider_accepted without delivery proof stay held or archive-only with no retry, River job, or event enqueue",15,NOT_STARTED,NOT_RUN,docs/migration-mapping.jsonl:LEGACY-T14-139,NOT_EXECUTED,"The mapping is a migration decision, not proof that data moved.",6cb989c071255437d75953dabb943318a74eb8f4,UNMAPPED,UNMAPPED,UNMAPPED,UNMAPPED,UNMAPPED,UNMAPPED,UNMAPPED,UNMAPPED,UNMAPPED,UNMAPPED,UNMAPPED,UNMAPPED,NOT_EXECUTED,NOT_EXECUTED,NOT_EXECUTED,NOT_EXECUTED
LEGACY-T14-140,cloud_broadcast_plan_recipients,cloud_orchestrator,HEAD_PHYSICAL,MIGRATE,BACKEND_REQUIRED,PENDING_TARGET_SCHEMA,planned:outbound_tasks,UPDATED_AT_PLUS_KEY,rewrite through migration_import_ledger; quarantine every unresolved reference,"never reactivate legacy execution or sending; queued, claimed, dispatching, retryable, unknown_after_dispatch, or provider_accepted without delivery proof stay held or archive-only with no retry, River job, or event enqueue",17,NOT_STARTED,NOT_RUN,docs/migration-mapping.jsonl:LEGACY-T14-140,NOT_EXECUTED,"The mapping is a migration decision, not proof that data moved.",6cb989c071255437d75953dabb943318a74eb8f4,UNMAPPED,UNMAPPED,UNMAPPED,UNMAPPED,UNMAPPED,UNMAPPED,UNMAPPED,UNMAPPED,UNMAPPED,UNMAPPED,UNMAPPED,UNMAPPED,NOT_EXECUTED,NOT_EXECUTED,NOT_EXECUTED,NOT_EXECUTED
LEGACY-T14-141,cloud_broadcast_plans,cloud_orchestrator,HEAD_PHYSICAL,MIGRATE,BACKEND_REQUIRED,PENDING_TARGET_SCHEMA,planned:outbound_batches,UPDATED_AT_PLUS_KEY,rewrite through migration_import_ledger; quarantine every unresolved reference,"never reactivate legacy execution or sending; queued, claimed, dispatching, retryable, unknown_after_dispatch, or provider_accepted without delivery proof stay held or archive-only with no retry, River job, or event enqueue",35,NOT_STARTED,NOT_RUN,docs/migration-mapping.jsonl:LEGACY-T14-141,NOT_EXECUTED,"The mapping is a migration decision, not proof that data moved.",6cb989c071255437d75953dabb943318a74eb8f4,UNMAPPED,UNMAPPED,UNMAPPED,UNMAPPED,UNMAPPED,UNMAPPED,UNMAPPED,UNMAPPED,UNMAPPED,UNMAPPED,UNMAPPED,UNMAPPED,NOT_EXECUTED,NOT_EXECUTED,NOT_EXECUTED,NOT_EXECUTED
LEGACY-T14-142,codex_schema_backups,legacy_schema_audit,ABSENT_AT_HEAD,DEFER,DEFERRED_UNMAPPED,PENDING_TARGET_SCHEMA,UNMAPPED,PENDING_SOURCE_SCHEMA,no active target foreign key is created,"no migration action, external call, job enqueue, provider retry, or runtime activation may be produced from this candidate",0,NOT_STARTED,NOT_RUN,docs/migration-mapping.jsonl:LEGACY-T14-142,NOT_EXECUTED,"The mapping is a migration decision, not proof that data moved.",6cb989c071255437d75953dabb943318a74eb8f4,UNMAPPED,UNMAPPED,UNMAPPED,UNMAPPED,UNMAPPED,UNMAPPED,UNMAPPED,UNMAPPED,UNMAPPED,UNMAPPED,UNMAPPED,UNMAPPED,NOT_EXECUTED,NOT_EXECUTED,NOT_EXECUTED,NOT_EXECUTED
LEGACY-T14-143,commerce_coupon_claims,commerce,HEAD_PHYSICAL,ARCHIVE_ONLY,RETIREMENT_APPROVED,NO_TARGET,UNMAPPED,UPDATED_AT_PLUS_KEY,no active target foreign key is created,"no migration action, external call, job enqueue, provider retry, or runtime activation may be produced from this candidate",17,NOT_STARTED,NOT_RUN,docs/migration-mapping.jsonl:LEGACY-T14-143,NOT_EXECUTED,"The mapping is a migration decision, not proof that data moved.",6cb989c071255437d75953dabb943318a74eb8f4,UNMAPPED,UNMAPPED,UNMAPPED,UNMAPPED,UNMAPPED,UNMAPPED,UNMAPPED,UNMAPPED,UNMAPPED,UNMAPPED,UNMAPPED,UNMAPPED,NOT_EXECUTED,NOT_EXECUTED,NOT_EXECUTED,NOT_EXECUTED
LEGACY-T14-144,commerce_coupon_product_bindings,commerce,HEAD_PHYSICAL,ARCHIVE_ONLY,RETIREMENT_APPROVED,NO_TARGET,UNMAPPED,CREATED_AT_PLUS_KEY,no active target foreign key is created,"no migration action, external call, job enqueue, provider retry, or runtime activation may be produced from this candidate",5,NOT_STARTED,NOT_RUN,docs/migration-mapping.jsonl:LEGACY-T14-144,NOT_EXECUTED,"The mapping is a migration decision, not proof that data moved.",6cb989c071255437d75953dabb943318a74eb8f4,UNMAPPED,UNMAPPED,UNMAPPED,UNMAPPED,UNMAPPED,UNMAPPED,UNMAPPED,UNMAPPED,UNMAPPED,UNMAPPED,UNMAPPED,UNMAPPED,NOT_EXECUTED,NOT_EXECUTED,NOT_EXECUTED,NOT_EXECUTED
LEGACY-T14-145,commerce_coupon_redemptions,commerce,HEAD_PHYSICAL,ARCHIVE_ONLY,RETIREMENT_APPROVED,NO_TARGET,UNMAPPED,UPDATED_AT_PLUS_KEY,no active target foreign key is created,"no migration action, external call, job enqueue, provider retry, or runtime activation may be produced from this candidate",18,NOT_STARTED,NOT_RUN,docs/migration-mapping.jsonl:LEGACY-T14-145,NOT_EXECUTED,"The mapping is a migration decision, not proof that data moved.",6cb989c071255437d75953dabb943318a74eb8f4,UNMAPPED,UNMAPPED,UNMAPPED,UNMAPPED,UNMAPPED,UNMAPPED,UNMAPPED,UNMAPPED,UNMAPPED,UNMAPPED,UNMAPPED,UNMAPPED,NOT_EXECUTED,NOT_EXECUTED,NOT_EXECUTED,NOT_EXECUTED
LEGACY-T14-146,commerce_coupons,commerce,HEAD_PHYSICAL,ARCHIVE_ONLY,RETIREMENT_APPROVED,NO_TARGET,UNMAPPED,UPDATED_AT_PLUS_KEY,no active target foreign key is created,"no migration action, external call, job enqueue, provider retry, or runtime activation may be produced from this candidate",22,NOT_STARTED,NOT_RUN,docs/migration-mapping.jsonl:LEGACY-T14-146,NOT_EXECUTED,"The mapping is a migration decision, not proof that data moved.",6cb989c071255437d75953dabb943318a74eb8f4,UNMAPPED,UNMAPPED,UNMAPPED,UNMAPPED,UNMAPPED,UNMAPPED,UNMAPPED,UNMAPPED,UNMAPPED,UNMAPPED,UNMAPPED,UNMAPPED,NOT_EXECUTED,NOT_EXECUTED,NOT_EXECUTED,NOT_EXECUTED
LEGACY-T14-147,config_releases,admin_config,HEAD_PHYSICAL,MANUAL_REENTRY,BACKEND_REQUIRED,NO_TARGET,UNMAPPED,CREATED_AT_PLUS_KEY,no active target foreign key is created,"never copy secrets, tokens, hashes, sessions, cookies, webhook material, or raw credential values",15,NOT_STARTED,NOT_RUN,docs/migration-mapping.jsonl:LEGACY-T14-147,NOT_EXECUTED,"The mapping is a migration decision, not proof that data moved.",6cb989c071255437d75953dabb943318a74eb8f4,UNMAPPED,UNMAPPED,UNMAPPED,UNMAPPED,UNMAPPED,UNMAPPED,UNMAPPED,UNMAPPED,UNMAPPED,UNMAPPED,UNMAPPED,UNMAPPED,NOT_EXECUTED,NOT_EXECUTED,NOT_EXECUTED,NOT_EXECUTED
LEGACY-T14-148,contact_tags,customer_tags,HEAD_PHYSICAL,MIGRATE,BACKEND_REQUIRED,PENDING_TARGET_SCHEMA,planned:customer_tags,UPDATED_AT_PLUS_KEY,rewrite through migration_import_ledger; quarantine every unresolved reference,"write customer_tags only after customer, tag catalog, and staff references resolve uniquely; userid is an owner/staff identifier, not external_userid",12,NOT_STARTED,NOT_RUN,docs/migration-mapping.jsonl:LEGACY-T14-148,NOT_EXECUTED,"The mapping is a migration decision, not proof that data moved.",6cb989c071255437d75953dabb943318a74eb8f4,UNMAPPED,UNMAPPED,UNMAPPED,UNMAPPED,UNMAPPED,UNMAPPED,UNMAPPED,UNMAPPED,UNMAPPED,UNMAPPED,UNMAPPED,UNMAPPED,NOT_EXECUTED,NOT_EXECUTED,NOT_EXECUTED,NOT_EXECUTED
LEGACY-T14-149,contacts,contacts,HEAD_PHYSICAL,DROP,RETIREMENT_APPROVED,NO_TARGET,UNMAPPED,UPDATED_AT_PLUS_KEY,no active target foreign key is created,"never replay provider calls, sessions, messages, welcome actions, or owner-transfer workflows",4,NOT_STARTED,NOT_RUN,docs/migration-mapping.jsonl:LEGACY-T14-149,NOT_EXECUTED,"The mapping is a migration decision, not proof that data moved.",6cb989c071255437d75953dabb943318a74eb8f4,UNMAPPED,UNMAPPED,UNMAPPED,UNMAPPED,UNMAPPED,UNMAPPED,UNMAPPED,UNMAPPED,UNMAPPED,UNMAPPED,UNMAPPED,UNMAPPED,NOT_EXECUTED,NOT_EXECUTED,NOT_EXECUTED,NOT_EXECUTED
LEGACY-T14-150,conversion_dispatch_log,automation,ABSENT_AT_HEAD,DEFER,DEFERRED_UNMAPPED,NO_TARGET,UNMAPPED,PENDING_SOURCE_SCHEMA,no active target foreign key is created,"no migration action, external call, job enqueue, provider retry, or runtime activation may be produced from this candidate",0,NOT_STARTED,NOT_RUN,docs/migration-mapping.jsonl:LEGACY-T14-150,NOT_EXECUTED,"The mapping is a migration decision, not proof that data moved.",6cb989c071255437d75953dabb943318a74eb8f4,UNMAPPED,UNMAPPED,UNMAPPED,UNMAPPED,UNMAPPED,UNMAPPED,UNMAPPED,UNMAPPED,UNMAPPED,UNMAPPED,UNMAPPED,UNMAPPED,NOT_EXECUTED,NOT_EXECUTED,NOT_EXECUTED,NOT_EXECUTED
LEGACY-T14-151,conversion_feedback,legacy_conversion,ABSENT_AT_HEAD,DEFER,DEFERRED_UNMAPPED,PENDING_TARGET_SCHEMA,UNMAPPED,PENDING_SOURCE_SCHEMA,no active target foreign key is created,"no migration action, external call, job enqueue, provider retry, or runtime activation may be produced from this candidate",0,NOT_STARTED,NOT_RUN,docs/migration-mapping.jsonl:LEGACY-T14-151,NOT_EXECUTED,"The mapping is a migration decision, not proof that data moved.",6cb989c071255437d75953dabb943318a74eb8f4,UNMAPPED,UNMAPPED,UNMAPPED,UNMAPPED,UNMAPPED,UNMAPPED,UNMAPPED,UNMAPPED,UNMAPPED,UNMAPPED,UNMAPPED,UNMAPPED,NOT_EXECUTED,NOT_EXECUTED,NOT_EXECUTED,NOT_EXECUTED
LEGACY-T14-152,crm_user_identity,identity_contact,HEAD_PHYSICAL,MIGRATE,BACKEND_REQUIRED,PENDING_TARGET_SCHEMA,planned:identities|planned:customers,UPDATED_AT_PLUS_KEY,rewrite through migration_import_ledger; quarantine every unresolved reference,identity resolution is scoped and fail-closed; legacy mobile_verified is not v2 verified evidence; unresolved values remain floating or quarantined and never create or merge guessed customers,30,NOT_STARTED,NOT_RUN,docs/migration-mapping.jsonl:LEGACY-T14-152,NOT_EXECUTED,"The mapping is a migration decision, not proof that data moved.",6cb989c071255437d75953dabb943318a74eb8f4,UNMAPPED,UNMAPPED,UNMAPPED,UNMAPPED,UNMAPPED,UNMAPPED,UNMAPPED,UNMAPPED,UNMAPPED,UNMAPPED,UNMAPPED,UNMAPPED,NOT_EXECUTED,NOT_EXECUTED,NOT_EXECUTED,NOT_EXECUTED
LEGACY-T14-153,crm_user_identity_conflicts,identity_contact,HEAD_PHYSICAL,DEFER,DEFERRED_UNMAPPED,PENDING_TARGET_SCHEMA,UNMAPPED,UPDATED_AT_PLUS_KEY,no active target foreign key is created,identity resolution is scoped and fail-closed; unresolved references remain floating or quarantined and never create guessed customers,17,NOT_STARTED,NOT_RUN,docs/migration-mapping.jsonl:LEGACY-T14-153,NOT_EXECUTED,"The mapping is a migration decision, not proof that data moved.",6cb989c071255437d75953dabb943318a74eb8f4,UNMAPPED,UNMAPPED,UNMAPPED,UNMAPPED,UNMAPPED,UNMAPPED,UNMAPPED,UNMAPPED,UNMAPPED,UNMAPPED,UNMAPPED,UNMAPPED,NOT_EXECUTED,NOT_EXECUTED,NOT_EXECUTED,NOT_EXECUTED
LEGACY-T14-154,crm_user_identity_merge_audit,identity_contact,HEAD_PHYSICAL,MIGRATE,BACKEND_REQUIRED,PENDING_TARGET_SCHEMA,planned:customer_merges,CREATED_AT_PLUS_KEY,rewrite through migration_import_ledger; quarantine every unresolved reference,customer merge is only a candidate after both sides resolve to verified same-scope unionid identities and a human approves the exact pair,8,NOT_STARTED,NOT_RUN,docs/migration-mapping.jsonl:LEGACY-T14-154,NOT_EXECUTED,"The mapping is a migration decision, not proof that data moved.",6cb989c071255437d75953dabb943318a74eb8f4,UNMAPPED,UNMAPPED,UNMAPPED,UNMAPPED,UNMAPPED,UNMAPPED,UNMAPPED,UNMAPPED,UNMAPPED,UNMAPPED,UNMAPPED,UNMAPPED,NOT_EXECUTED,NOT_EXECUTED,NOT_EXECUTED,NOT_EXECUTED
LEGACY-T14-155,crm_user_identity_resolution_queue,identity_contact,HEAD_PHYSICAL,MIGRATE,BACKEND_REQUIRED,PENDING_TARGET_SCHEMA,planned:pending_events,UPDATED_AT_PLUS_KEY,rewrite through migration_import_ledger; quarantine every unresolved reference,"only a business event with valid scoped refs may become pending_events; never resume legacy polling, attempts, holds, River jobs, or external effects",32,NOT_STARTED,NOT_RUN,docs/migration-mapping.jsonl:LEGACY-T14-155,NOT_EXECUTED,"The mapping is a migration decision, not proof that data moved.",6cb989c071255437d75953dabb943318a74eb8f4,UNMAPPED,UNMAPPED,UNMAPPED,UNMAPPED,UNMAPPED,UNMAPPED,UNMAPPED,UNMAPPED,UNMAPPED,UNMAPPED,UNMAPPED,UNMAPPED,NOT_EXECUTED,NOT_EXECUTED,NOT_EXECUTED,NOT_EXECUTED
LEGACY-T14-156,customer_detail_snapshot_next,customer_read_model,HEAD_PHYSICAL,REBUILD,BACKEND_REQUIRED,NO_TARGET,UNMAPPED,UPDATED_AT_PLUS_KEY,no active target foreign key is created,"no migration action, external call, job enqueue, provider retry, or runtime activation may be produced from this candidate",12,NOT_STARTED,NOT_RUN,docs/migration-mapping.jsonl:LEGACY-T14-156,NOT_EXECUTED,"The mapping is a migration decision, not proof that data moved.",6cb989c071255437d75953dabb943318a74eb8f4,UNMAPPED,UNMAPPED,UNMAPPED,UNMAPPED,UNMAPPED,UNMAPPED,UNMAPPED,UNMAPPED,UNMAPPED,UNMAPPED,UNMAPPED,UNMAPPED,NOT_EXECUTED,NOT_EXECUTED,NOT_EXECUTED,NOT_EXECUTED
LEGACY-T14-157,customer_detail_snapshot_next_shadow,customer_read_model,HEAD_PHYSICAL,REBUILD,BACKEND_REQUIRED,NO_TARGET,UNMAPPED,UPDATED_AT_PLUS_KEY,no active target foreign key is created,"no migration action, external call, job enqueue, provider retry, or runtime activation may be produced from this candidate",12,NOT_STARTED,NOT_RUN,docs/migration-mapping.jsonl:LEGACY-T14-157,NOT_EXECUTED,"The mapping is a migration decision, not proof that data moved.",6cb989c071255437d75953dabb943318a74eb8f4,UNMAPPED,UNMAPPED,UNMAPPED,UNMAPPED,UNMAPPED,UNMAPPED,UNMAPPED,UNMAPPED,UNMAPPED,UNMAPPED,UNMAPPED,UNMAPPED,NOT_EXECUTED,NOT_EXECUTED,NOT_EXECUTED,NOT_EXECUTED
LEGACY-T14-158,customer_list_index_next,customer_read_model,HEAD_PHYSICAL,REBUILD,BACKEND_REQUIRED,NO_TARGET,UNMAPPED,UPDATED_AT_PLUS_KEY,no active target foreign key is created,"no migration action, external call, job enqueue, provider retry, or runtime activation may be produced from this candidate",16,NOT_STARTED,NOT_RUN,docs/migration-mapping.jsonl:LEGACY-T14-158,NOT_EXECUTED,"The mapping is a migration decision, not proof that data moved.",6cb989c071255437d75953dabb943318a74eb8f4,UNMAPPED,UNMAPPED,UNMAPPED,UNMAPPED,UNMAPPED,UNMAPPED,UNMAPPED,UNMAPPED,UNMAPPED,UNMAPPED,UNMAPPED,UNMAPPED,NOT_EXECUTED,NOT_EXECUTED,NOT_EXECUTED,NOT_EXECUTED
LEGACY-T14-159,customer_list_index_next_shadow,customer_read_model,HEAD_PHYSICAL,REBUILD,BACKEND_REQUIRED,NO_TARGET,UNMAPPED,UPDATED_AT_PLUS_KEY,no active target foreign key is created,"no migration action, external call, job enqueue, provider retry, or runtime activation may be produced from this candidate",16,NOT_STARTED,NOT_RUN,docs/migration-mapping.jsonl:LEGACY-T14-159,NOT_EXECUTED,"The mapping is a migration decision, not proof that data moved.",6cb989c071255437d75953dabb943318a74eb8f4,UNMAPPED,UNMAPPED,UNMAPPED,UNMAPPED,UNMAPPED,UNMAPPED,UNMAPPED,UNMAPPED,UNMAPPED,UNMAPPED,UNMAPPED,UNMAPPED,NOT_EXECUTED,NOT_EXECUTED,NOT_EXECUTED,NOT_EXECUTED
LEGACY-T14-160,customer_marketing_state_current,legacy_customer_projection,ABSENT_AT_HEAD,DEFER,DEFERRED_UNMAPPED,PENDING_TARGET_SCHEMA,UNMAPPED,PENDING_SOURCE_SCHEMA,no active target foreign key is created,"no migration action, external call, job enqueue, provider retry, or runtime activation may be produced from this candidate",0,NOT_STARTED,NOT_RUN,docs/migration-mapping.jsonl:LEGACY-T14-160,NOT_EXECUTED,"The mapping is a migration decision, not proof that data moved.",6cb989c071255437d75953dabb943318a74eb8f4,UNMAPPED,UNMAPPED,UNMAPPED,UNMAPPED,UNMAPPED,UNMAPPED,UNMAPPED,UNMAPPED,UNMAPPED,UNMAPPED,UNMAPPED,UNMAPPED,NOT_EXECUTED,NOT_EXECUTED,NOT_EXECUTED,NOT_EXECUTED
LEGACY-T14-161,customer_marketing_state_history,legacy_customer_projection,ABSENT_AT_HEAD,DEFER,DEFERRED_UNMAPPED,PENDING_TARGET_SCHEMA,UNMAPPED,PENDING_SOURCE_SCHEMA,no active target foreign key is created,"no migration action, external call, job enqueue, provider retry, or runtime activation may be produced from this candidate",0,NOT_STARTED,NOT_RUN,docs/migration-mapping.jsonl:LEGACY-T14-161,NOT_EXECUTED,"The mapping is a migration decision, not proof that data moved.",6cb989c071255437d75953dabb943318a74eb8f4,UNMAPPED,UNMAPPED,UNMAPPED,UNMAPPED,UNMAPPED,UNMAPPED,UNMAPPED,UNMAPPED,UNMAPPED,UNMAPPED,UNMAPPED,UNMAPPED,NOT_EXECUTED,NOT_EXECUTED,NOT_EXECUTED,NOT_EXECUTED
LEGACY-T14-162,customer_read_model_current,legacy_customer_projection,ABSENT_AT_HEAD,DEFER,DEFERRED_UNMAPPED,PENDING_TARGET_SCHEMA,UNMAPPED,PENDING_SOURCE_SCHEMA,no active target foreign key is created,"no migration action, external call, job enqueue, provider retry, or runtime activation may be produced from this candidate",0,NOT_STARTED,NOT_RUN,docs/migration-mapping.jsonl:LEGACY-T14-162,NOT_EXECUTED,"The mapping is a migration decision, not proof that data moved.",6cb989c071255437d75953dabb943318a74eb8f4,UNMAPPED,UNMAPPED,UNMAPPED,UNMAPPED,UNMAPPED,UNMAPPED,UNMAPPED,UNMAPPED,UNMAPPED,UNMAPPED,UNMAPPED,UNMAPPED,NOT_EXECUTED,NOT_EXECUTED,NOT_EXECUTED,NOT_EXECUTED
LEGACY-T14-163,customer_read_model_refresh_intent,customer_read_model,HEAD_PHYSICAL,DEFER,DEFERRED_UNMAPPED,PENDING_TARGET_SCHEMA,UNMAPPED,UPDATED_AT_PLUS_KEY,no active target foreign key is created,"no migration action, external call, job enqueue, provider retry, or runtime activation may be produced from this candidate",23,NOT_STARTED,NOT_RUN,docs/migration-mapping.jsonl:LEGACY-T14-163,NOT_EXECUTED,"The mapping is a migration decision, not proof that data moved.",6cb989c071255437d75953dabb943318a74eb8f4,UNMAPPED,UNMAPPED,UNMAPPED,UNMAPPED,UNMAPPED,UNMAPPED,UNMAPPED,UNMAPPED,UNMAPPED,UNMAPPED,UNMAPPED,UNMAPPED,NOT_EXECUTED,NOT_EXECUTED,NOT_EXECUTED,NOT_EXECUTED
LEGACY-T14-164,customer_read_model_refresh_source_receipt,customer_read_model,HEAD_PHYSICAL,ARCHIVE_ONLY,RETIREMENT_APPROVED,NO_TARGET,UNMAPPED,CREATED_AT_PLUS_KEY,no active target foreign key is created,"no migration action, external call, job enqueue, provider retry, or runtime activation may be produced from this candidate",8,NOT_STARTED,NOT_RUN,docs/migration-mapping.jsonl:LEGACY-T14-164,NOT_EXECUTED,"The mapping is a migration decision, not proof that data moved.",6cb989c071255437d75953dabb943318a74eb8f4,UNMAPPED,UNMAPPED,UNMAPPED,UNMAPPED,UNMAPPED,UNMAPPED,UNMAPPED,UNMAPPED,UNMAPPED,UNMAPPED,UNMAPPED,UNMAPPED,NOT_EXECUTED,NOT_EXECUTED,NOT_EXECUTED,NOT_EXECUTED
LEGACY-T14-165,customer_read_model_refresh_state,customer_read_model,HEAD_PHYSICAL,REBUILD,BACKEND_REQUIRED,NO_TARGET,UNMAPPED,UPDATED_AT_PLUS_KEY,no active target foreign key is created,"no migration action, external call, job enqueue, provider retry, or runtime activation may be produced from this candidate",8,NOT_STARTED,NOT_RUN,docs/migration-mapping.jsonl:LEGACY-T14-165,NOT_EXECUTED,"The mapping is a migration decision, not proof that data moved.",6cb989c071255437d75953dabb943318a74eb8f4,UNMAPPED,UNMAPPED,UNMAPPED,UNMAPPED,UNMAPPED,UNMAPPED,UNMAPPED,UNMAPPED,UNMAPPED,UNMAPPED,UNMAPPED,UNMAPPED,NOT_EXECUTED,NOT_EXECUTED,NOT_EXECUTED,NOT_EXECUTED
LEGACY-T14-166,customer_recent_message_next,customer_read_model,HEAD_PHYSICAL,DROP,RETIREMENT_APPROVED,NO_TARGET,UNMAPPED,CREATED_AT_PLUS_KEY,no active target foreign key is created,"never replay provider calls, sessions, messages, welcome actions, or owner-transfer workflows",10,NOT_STARTED,NOT_RUN,docs/migration-mapping.jsonl:LEGACY-T14-166,NOT_EXECUTED,"The mapping is a migration decision, not proof that data moved.",6cb989c071255437d75953dabb943318a74eb8f4,UNMAPPED,UNMAPPED,UNMAPPED,UNMAPPED,UNMAPPED,UNMAPPED,UNMAPPED,UNMAPPED,UNMAPPED,UNMAPPED,UNMAPPED,UNMAPPED,NOT_EXECUTED,NOT_EXECUTED,NOT_EXECUTED,NOT_EXECUTED
LEGACY-T14-167,customer_recent_message_next_shadow,customer_read_model,HEAD_PHYSICAL,DROP,RETIREMENT_APPROVED,NO_TARGET,UNMAPPED,CREATED_AT_PLUS_KEY,no active target foreign key is created,"never replay provider calls, sessions, messages, welcome actions, or owner-transfer workflows",10,NOT_STARTED,NOT_RUN,docs/migration-mapping.jsonl:LEGACY-T14-167,NOT_EXECUTED,"The mapping is a migration decision, not proof that data moved.",6cb989c071255437d75953dabb943318a74eb8f4,UNMAPPED,UNMAPPED,UNMAPPED,UNMAPPED,UNMAPPED,UNMAPPED,UNMAPPED,UNMAPPED,UNMAPPED,UNMAPPED,UNMAPPED,UNMAPPED,NOT_EXECUTED,NOT_EXECUTED,NOT_EXECUTED,NOT_EXECUTED
LEGACY-T14-168,customer_timeline_event_next,customer_read_model,HEAD_PHYSICAL,REBUILD,BACKEND_REQUIRED,NO_TARGET,UNMAPPED,CREATED_AT_PLUS_KEY,no active target foreign key is created,do not duplicate projected events or treat a projection as canonical,11,NOT_STARTED,NOT_RUN,docs/migration-mapping.jsonl:LEGACY-T14-168,NOT_EXECUTED,"The mapping is a migration decision, not proof that data moved.",6cb989c071255437d75953dabb943318a74eb8f4,UNMAPPED,UNMAPPED,UNMAPPED,UNMAPPED,UNMAPPED,UNMAPPED,UNMAPPED,UNMAPPED,UNMAPPED,UNMAPPED,UNMAPPED,UNMAPPED,NOT_EXECUTED,NOT_EXECUTED,NOT_EXECUTED,NOT_EXECUTED
LEGACY-T14-169,customer_value_segment_current,legacy_customer_projection,ABSENT_AT_HEAD,DEFER,DEFERRED_UNMAPPED,PENDING_TARGET_SCHEMA,UNMAPPED,PENDING_SOURCE_SCHEMA,no active target foreign key is created,"no migration action, external call, job enqueue, provider retry, or runtime activation may be produced from this candidate",0,NOT_STARTED,NOT_RUN,docs/migration-mapping.jsonl:LEGACY-T14-169,NOT_EXECUTED,"The mapping is a migration decision, not proof that data moved.",6cb989c071255437d75953dabb943318a74eb8f4,UNMAPPED,UNMAPPED,UNMAPPED,UNMAPPED,UNMAPPED,UNMAPPED,UNMAPPED,UNMAPPED,UNMAPPED,UNMAPPED,UNMAPPED,UNMAPPED,NOT_EXECUTED,NOT_EXECUTED,NOT_EXECUTED,NOT_EXECUTED
LEGACY-T14-170,customer_value_segment_history,legacy_customer_projection,ABSENT_AT_HEAD,DEFER,DEFERRED_UNMAPPED,PENDING_TARGET_SCHEMA,UNMAPPED,PENDING_SOURCE_SCHEMA,no active target foreign key is created,"no migration action, external call, job enqueue, provider retry, or runtime activation may be produced from this candidate",0,NOT_STARTED,NOT_RUN,docs/migration-mapping.jsonl:LEGACY-T14-170,NOT_EXECUTED,"The mapping is a migration decision, not proof that data moved.",6cb989c071255437d75953dabb943318a74eb8f4,UNMAPPED,UNMAPPED,UNMAPPED,UNMAPPED,UNMAPPED,UNMAPPED,UNMAPPED,UNMAPPED,UNMAPPED,UNMAPPED,UNMAPPED,UNMAPPED,NOT_EXECUTED,NOT_EXECUTED,NOT_EXECUTED,NOT_EXECUTED
LEGACY-T14-171,data_health_snapshot,data_health,HEAD_PHYSICAL,REBUILD,BACKEND_REQUIRED,NO_TARGET,UNMAPPED,FULL_ONLY,no active target foreign key is created,"no migration action, external call, job enqueue, provider retry, or runtime activation may be produced from this candidate",8,NOT_STARTED,NOT_RUN,docs/migration-mapping.jsonl:LEGACY-T14-171,NOT_EXECUTED,"The mapping is a migration decision, not proof that data moved.",6cb989c071255437d75953dabb943318a74eb8f4,UNMAPPED,UNMAPPED,UNMAPPED,UNMAPPED,UNMAPPED,UNMAPPED,UNMAPPED,UNMAPPED,UNMAPPED,UNMAPPED,UNMAPPED,UNMAPPED,NOT_EXECUTED,NOT_EXECUTED,NOT_EXECUTED,NOT_EXECUTED
LEGACY-T14-172,deployment_profile_state,admin_config,HEAD_PHYSICAL,RESET_RUNTIME,BACKEND_REQUIRED,NO_TARGET,UNMAPPED,UPDATED_AT_PLUS_KEY,no active target foreign key is created,"never enqueue, retry, dispatch, approve, or resume legacy work",9,NOT_STARTED,NOT_RUN,docs/migration-mapping.jsonl:LEGACY-T14-172,NOT_EXECUTED,"The mapping is a migration decision, not proof that data moved.",6cb989c071255437d75953dabb943318a74eb8f4,UNMAPPED,UNMAPPED,UNMAPPED,UNMAPPED,UNMAPPED,UNMAPPED,UNMAPPED,UNMAPPED,UNMAPPED,UNMAPPED,UNMAPPED,UNMAPPED,NOT_EXECUTED,NOT_EXECUTED,NOT_EXECUTED,NOT_EXECUTED
LEGACY-T14-173,domain_event_outbox,commerce_events,HEAD_PHYSICAL,ARCHIVE_ONLY,RETIREMENT_APPROVED,NO_TARGET,UNMAPPED,UPDATED_AT_PLUS_KEY,no active target foreign key is created,"no migration action, external call, job enqueue, provider retry, or runtime activation may be produced from this candidate",11,NOT_STARTED,NOT_RUN,docs/migration-mapping.jsonl:LEGACY-T14-173,NOT_EXECUTED,"The mapping is a migration decision, not proof that data moved.",6cb989c071255437d75953dabb943318a74eb8f4,UNMAPPED,UNMAPPED,UNMAPPED,UNMAPPED,UNMAPPED,UNMAPPED,UNMAPPED,UNMAPPED,UNMAPPED,UNMAPPED,UNMAPPED,UNMAPPED,NOT_EXECUTED,NOT_EXECUTED,NOT_EXECUTED,NOT_EXECUTED
LEGACY-T14-174,external_campaign_preparation_recipients,campaign,HEAD_PHYSICAL,DEFER,DEFERRED_UNMAPPED,PENDING_TARGET_SCHEMA,UNMAPPED,CREATED_AT_PLUS_KEY,no active target foreign key is created,"no migration action, external call, job enqueue, provider retry, or runtime activation may be produced from this candidate",18,NOT_STARTED,NOT_RUN,docs/migration-mapping.jsonl:LEGACY-T14-174,NOT_EXECUTED,"The mapping is a migration decision, not proof that data moved.",6cb989c071255437d75953dabb943318a74eb8f4,UNMAPPED,UNMAPPED,UNMAPPED,UNMAPPED,UNMAPPED,UNMAPPED,UNMAPPED,UNMAPPED,UNMAPPED,UNMAPPED,UNMAPPED,UNMAPPED,NOT_EXECUTED,NOT_EXECUTED,NOT_EXECUTED,NOT_EXECUTED
LEGACY-T14-175,external_campaign_preparations,campaign,HEAD_PHYSICAL,DEFER,DEFERRED_UNMAPPED,PENDING_TARGET_SCHEMA,UNMAPPED,UPDATED_AT_PLUS_KEY,no active target foreign key is created,"no migration action, external call, job enqueue, provider retry, or runtime activation may be produced from this candidate",27,NOT_STARTED,NOT_RUN,docs/migration-mapping.jsonl:LEGACY-T14-175,NOT_EXECUTED,"The mapping is a migration decision, not proof that data moved.",6cb989c071255437d75953dabb943318a74eb8f4,UNMAPPED,UNMAPPED,UNMAPPED,UNMAPPED,UNMAPPED,UNMAPPED,UNMAPPED,UNMAPPED,UNMAPPED,UNMAPPED,UNMAPPED,UNMAPPED,NOT_EXECUTED,NOT_EXECUTED,NOT_EXECUTED,NOT_EXECUTED
LEGACY-T14-176,external_contact_bindings,identity_contact,HEAD_PHYSICAL,REBUILD,BACKEND_REQUIRED,NO_TARGET,UNMAPPED,UPDATED_AT_PLUS_KEY,no active target foreign key is created,identity resolution is scoped and fail-closed; unresolved references remain floating or quarantined and never create guessed customers,5,NOT_STARTED,NOT_RUN,docs/migration-mapping.jsonl:LEGACY-T14-176,NOT_EXECUTED,"The mapping is a migration decision, not proof that data moved.",6cb989c071255437d75953dabb943318a74eb8f4,UNMAPPED,UNMAPPED,UNMAPPED,UNMAPPED,UNMAPPED,UNMAPPED,UNMAPPED,UNMAPPED,UNMAPPED,UNMAPPED,UNMAPPED,UNMAPPED,NOT_EXECUTED,NOT_EXECUTED,NOT_EXECUTED,NOT_EXECUTED
LEGACY-T14-177,external_effect_attempt,external_effects,HEAD_PHYSICAL,ARCHIVE_ONLY,RETIREMENT_APPROVED,NO_TARGET,UNMAPPED,FULL_ONLY,no active target foreign key is created,"no migration action, external call, job enqueue, provider retry, or runtime activation may be produced from this candidate",23,NOT_STARTED,NOT_RUN,docs/migration-mapping.jsonl:LEGACY-T14-177,NOT_EXECUTED,"The mapping is a migration decision, not proof that data moved.",6cb989c071255437d75953dabb943318a74eb8f4,UNMAPPED,UNMAPPED,UNMAPPED,UNMAPPED,UNMAPPED,UNMAPPED,UNMAPPED,UNMAPPED,UNMAPPED,UNMAPPED,UNMAPPED,UNMAPPED,NOT_EXECUTED,NOT_EXECUTED,NOT_EXECUTED,NOT_EXECUTED
LEGACY-T14-178,external_effect_job,external_effects,HEAD_PHYSICAL,RESET_RUNTIME,BACKEND_REQUIRED,NO_TARGET,UNMAPPED,UPDATED_AT_PLUS_KEY,no active target foreign key is created,"never enqueue, retry, dispatch, approve, or resume legacy work",70,NOT_STARTED,NOT_RUN,docs/migration-mapping.jsonl:LEGACY-T14-178,NOT_EXECUTED,"The mapping is a migration decision, not proof that data moved.",6cb989c071255437d75953dabb943318a74eb8f4,UNMAPPED,UNMAPPED,UNMAPPED,UNMAPPED,UNMAPPED,UNMAPPED,UNMAPPED,UNMAPPED,UNMAPPED,UNMAPPED,UNMAPPED,UNMAPPED,NOT_EXECUTED,NOT_EXECUTED,NOT_EXECUTED,NOT_EXECUTED
LEGACY-T14-179,external_effect_test_receipt,external,HEAD_PHYSICAL,ARCHIVE_ONLY,RETIREMENT_APPROVED,NO_TARGET,UNMAPPED,FULL_ONLY,no active target foreign key is created,"no migration action, external call, job enqueue, provider retry, or runtime activation may be produced from this candidate",20,NOT_STARTED,NOT_RUN,docs/migration-mapping.jsonl:LEGACY-T14-179,NOT_EXECUTED,"The mapping is a migration decision, not proof that data moved.",6cb989c071255437d75953dabb943318a74eb8f4,UNMAPPED,UNMAPPED,UNMAPPED,UNMAPPED,UNMAPPED,UNMAPPED,UNMAPPED,UNMAPPED,UNMAPPED,UNMAPPED,UNMAPPED,UNMAPPED,NOT_EXECUTED,NOT_EXECUTED,NOT_EXECUTED,NOT_EXECUTED
LEGACY-T14-180,external_push_config,external,HEAD_PHYSICAL,DEFER,DEFERRED_UNMAPPED,PENDING_TARGET_SCHEMA,UNMAPPED,UPDATED_AT_PLUS_KEY,no active target foreign key is created,"no migration action, external call, job enqueue, provider retry, or runtime activation may be produced from this candidate",18,NOT_STARTED,NOT_RUN,docs/migration-mapping.jsonl:LEGACY-T14-180,NOT_EXECUTED,"The mapping is a migration decision, not proof that data moved.",6cb989c071255437d75953dabb943318a74eb8f4,UNMAPPED,UNMAPPED,UNMAPPED,UNMAPPED,UNMAPPED,UNMAPPED,UNMAPPED,UNMAPPED,UNMAPPED,UNMAPPED,UNMAPPED,UNMAPPED,NOT_EXECUTED,NOT_EXECUTED,NOT_EXECUTED,NOT_EXECUTED
LEGACY-T14-181,external_push_delivery,commerce_events,HEAD_PHYSICAL,ARCHIVE_ONLY,RETIREMENT_APPROVED,NO_TARGET,UNMAPPED,UPDATED_AT_PLUS_KEY,no active target foreign key is created,"no migration action, external call, job enqueue, provider retry, or runtime activation may be produced from this candidate",20,NOT_STARTED,NOT_RUN,docs/migration-mapping.jsonl:LEGACY-T14-181,NOT_EXECUTED,"The mapping is a migration decision, not proof that data moved.",6cb989c071255437d75953dabb943318a74eb8f4,UNMAPPED,UNMAPPED,UNMAPPED,UNMAPPED,UNMAPPED,UNMAPPED,UNMAPPED,UNMAPPED,UNMAPPED,UNMAPPED,UNMAPPED,UNMAPPED,NOT_EXECUTED,NOT_EXECUTED,NOT_EXECUTED,NOT_EXECUTED
LEGACY-T14-182,group_chats,group_ops,HEAD_PHYSICAL,DEFER,DEFERRED_UNMAPPED,PENDING_TARGET_SCHEMA,UNMAPPED,UPDATED_AT_PLUS_KEY,no active target foreign key is created,"no migration action, external call, job enqueue, provider retry, or runtime activation may be produced from this candidate",10,NOT_STARTED,NOT_RUN,docs/migration-mapping.jsonl:LEGACY-T14-182,NOT_EXECUTED,"The mapping is a migration decision, not proof that data moved.",6cb989c071255437d75953dabb943318a74eb8f4,UNMAPPED,UNMAPPED,UNMAPPED,UNMAPPED,UNMAPPED,UNMAPPED,UNMAPPED,UNMAPPED,UNMAPPED,UNMAPPED,UNMAPPED,UNMAPPED,NOT_EXECUTED,NOT_EXECUTED,NOT_EXECUTED,NOT_EXECUTED
LEGACY-T14-183,group_invite_library,media_library,HEAD_PHYSICAL,DEFER,DEFERRED_UNMAPPED,PENDING_TARGET_SCHEMA,UNMAPPED,UPDATED_AT_PLUS_KEY,no active target foreign key is created,"no migration action, external call, job enqueue, provider retry, or runtime activation may be produced from this candidate",17,NOT_STARTED,NOT_RUN,docs/migration-mapping.jsonl:LEGACY-T14-183,NOT_EXECUTED,"The mapping is a migration decision, not proof that data moved.",6cb989c071255437d75953dabb943318a74eb8f4,UNMAPPED,UNMAPPED,UNMAPPED,UNMAPPED,UNMAPPED,UNMAPPED,UNMAPPED,UNMAPPED,UNMAPPED,UNMAPPED,UNMAPPED,UNMAPPED,NOT_EXECUTED,NOT_EXECUTED,NOT_EXECUTED,NOT_EXECUTED
LEGACY-T14-184,group_ops_workspace_allowlist_snapshots,group_ops,ABSENT_AT_HEAD,DEFER,DEFERRED_UNMAPPED,NO_TARGET,UNMAPPED,PENDING_SOURCE_SCHEMA,no active target foreign key is created,"no migration action, external call, job enqueue, provider retry, or runtime activation may be produced from this candidate",0,NOT_STARTED,NOT_RUN,docs/migration-mapping.jsonl:LEGACY-T14-184,NOT_EXECUTED,"The mapping is a migration decision, not proof that data moved.",6cb989c071255437d75953dabb943318a74eb8f4,UNMAPPED,UNMAPPED,UNMAPPED,UNMAPPED,UNMAPPED,UNMAPPED,UNMAPPED,UNMAPPED,UNMAPPED,UNMAPPED,UNMAPPED,UNMAPPED,NOT_EXECUTED,NOT_EXECUTED,NOT_EXECUTED,NOT_EXECUTED
LEGACY-T14-185,group_ops_workspace_draft_audit_logs,group_ops,ABSENT_AT_HEAD,DEFER,DEFERRED_UNMAPPED,NO_TARGET,UNMAPPED,PENDING_SOURCE_SCHEMA,no active target foreign key is created,"no migration action, external call, job enqueue, provider retry, or runtime activation may be produced from this candidate",0,NOT_STARTED,NOT_RUN,docs/migration-mapping.jsonl:LEGACY-T14-185,NOT_EXECUTED,"The mapping is a migration decision, not proof that data moved.",6cb989c071255437d75953dabb943318a74eb8f4,UNMAPPED,UNMAPPED,UNMAPPED,UNMAPPED,UNMAPPED,UNMAPPED,UNMAPPED,UNMAPPED,UNMAPPED,UNMAPPED,UNMAPPED,UNMAPPED,NOT_EXECUTED,NOT_EXECUTED,NOT_EXECUTED,NOT_EXECUTED
LEGACY-T14-186,group_ops_workspace_draft_items,group_ops,ABSENT_AT_HEAD,DEFER,DEFERRED_UNMAPPED,NO_TARGET,UNMAPPED,PENDING_SOURCE_SCHEMA,no active target foreign key is created,"no migration action, external call, job enqueue, provider retry, or runtime activation may be produced from this candidate",0,NOT_STARTED,NOT_RUN,docs/migration-mapping.jsonl:LEGACY-T14-186,NOT_EXECUTED,"The mapping is a migration decision, not proof that data moved.",6cb989c071255437d75953dabb943318a74eb8f4,UNMAPPED,UNMAPPED,UNMAPPED,UNMAPPED,UNMAPPED,UNMAPPED,UNMAPPED,UNMAPPED,UNMAPPED,UNMAPPED,UNMAPPED,UNMAPPED,NOT_EXECUTED,NOT_EXECUTED,NOT_EXECUTED,NOT_EXECUTED
LEGACY-T14-187,group_ops_workspace_drafts,group_ops,ABSENT_AT_HEAD,DEFER,DEFERRED_UNMAPPED,NO_TARGET,UNMAPPED,PENDING_SOURCE_SCHEMA,no active target foreign key is created,"no migration action, external call, job enqueue, provider retry, or runtime activation may be produced from this candidate",0,NOT_STARTED,NOT_RUN,docs/migration-mapping.jsonl:LEGACY-T14-187,NOT_EXECUTED,"The mapping is a migration decision, not proof that data moved.",6cb989c071255437d75953dabb943318a74eb8f4,UNMAPPED,UNMAPPED,UNMAPPED,UNMAPPED,UNMAPPED,UNMAPPED,UNMAPPED,UNMAPPED,UNMAPPED,UNMAPPED,UNMAPPED,UNMAPPED,NOT_EXECUTED,NOT_EXECUTED,NOT_EXECUTED,NOT_EXECUTED
LEGACY-T14-188,group_ops_workspace_governance_review_steps,group_ops,ABSENT_AT_HEAD,DEFER,DEFERRED_UNMAPPED,NO_TARGET,UNMAPPED,PENDING_SOURCE_SCHEMA,no active target foreign key is created,"no migration action, external call, job enqueue, provider retry, or runtime activation may be produced from this candidate",0,NOT_STARTED,NOT_RUN,docs/migration-mapping.jsonl:LEGACY-T14-188,NOT_EXECUTED,"The mapping is a migration decision, not proof that data moved.",6cb989c071255437d75953dabb943318a74eb8f4,UNMAPPED,UNMAPPED,UNMAPPED,UNMAPPED,UNMAPPED,UNMAPPED,UNMAPPED,UNMAPPED,UNMAPPED,UNMAPPED,UNMAPPED,UNMAPPED,NOT_EXECUTED,NOT_EXECUTED,NOT_EXECUTED,NOT_EXECUTED
LEGACY-T14-189,group_ops_workspace_governance_reviews,group_ops,ABSENT_AT_HEAD,DEFER,DEFERRED_UNMAPPED,NO_TARGET,UNMAPPED,PENDING_SOURCE_SCHEMA,no active target foreign key is created,"no migration action, external call, job enqueue, provider retry, or runtime activation may be produced from this candidate",0,NOT_STARTED,NOT_RUN,docs/migration-mapping.jsonl:LEGACY-T14-189,NOT_EXECUTED,"The mapping is a migration decision, not proof that data moved.",6cb989c071255437d75953dabb943318a74eb8f4,UNMAPPED,UNMAPPED,UNMAPPED,UNMAPPED,UNMAPPED,UNMAPPED,UNMAPPED,UNMAPPED,UNMAPPED,UNMAPPED,UNMAPPED,UNMAPPED,NOT_EXECUTED,NOT_EXECUTED,NOT_EXECUTED,NOT_EXECUTED
LEGACY-T14-190,group_ops_workspace_gray_window_approvals,group_ops,ABSENT_AT_HEAD,DEFER,DEFERRED_UNMAPPED,NO_TARGET,UNMAPPED,PENDING_SOURCE_SCHEMA,no active target foreign key is created,"no migration action, external call, job enqueue, provider retry, or runtime activation may be produced from this candidate",0,NOT_STARTED,NOT_RUN,docs/migration-mapping.jsonl:LEGACY-T14-190,NOT_EXECUTED,"The mapping is a migration decision, not proof that data moved.",6cb989c071255437d75953dabb943318a74eb8f4,UNMAPPED,UNMAPPED,UNMAPPED,UNMAPPED,UNMAPPED,UNMAPPED,UNMAPPED,UNMAPPED,UNMAPPED,UNMAPPED,UNMAPPED,UNMAPPED,NOT_EXECUTED,NOT_EXECUTED,NOT_EXECUTED,NOT_EXECUTED
LEGACY-T14-191,hxc_dashboard_broadcast_tasks,user_ops,HEAD_PHYSICAL,DEFER,DEFERRED_UNMAPPED,PENDING_TARGET_SCHEMA,UNMAPPED,UPDATED_AT_PLUS_KEY,no active target foreign key is created,"no migration action, external call, job enqueue, provider retry, or runtime activation may be produced from this candidate",17,NOT_STARTED,NOT_RUN,docs/migration-mapping.jsonl:LEGACY-T14-191,NOT_EXECUTED,"The mapping is a migration decision, not proof that data moved.",6cb989c071255437d75953dabb943318a74eb8f4,UNMAPPED,UNMAPPED,UNMAPPED,UNMAPPED,UNMAPPED,UNMAPPED,UNMAPPED,UNMAPPED,UNMAPPED,UNMAPPED,UNMAPPED,UNMAPPED,NOT_EXECUTED,NOT_EXECUTED,NOT_EXECUTED,NOT_EXECUTED
LEGACY-T14-192,identity_resolution_completion_receipt,identity_contact,HEAD_PHYSICAL,ARCHIVE_ONLY,RETIREMENT_APPROVED,NO_TARGET,UNMAPPED,CREATED_AT_PLUS_KEY,no active target foreign key is created,identity resolution is scoped and fail-closed; unresolved references remain floating or quarantined and never create guessed customers,9,NOT_STARTED,NOT_RUN,docs/migration-mapping.jsonl:LEGACY-T14-192,NOT_EXECUTED,"The mapping is a migration decision, not proof that data moved.",6cb989c071255437d75953dabb943318a74eb8f4,UNMAPPED,UNMAPPED,UNMAPPED,UNMAPPED,UNMAPPED,UNMAPPED,UNMAPPED,UNMAPPED,UNMAPPED,UNMAPPED,UNMAPPED,UNMAPPED,NOT_EXECUTED,NOT_EXECUTED,NOT_EXECUTED,NOT_EXECUTED
LEGACY-T14-193,image_library,media_library,HEAD_PHYSICAL,DEFER,DEFERRED_UNMAPPED,PENDING_TARGET_SCHEMA,UNMAPPED,UPDATED_AT_PLUS_KEY,no active target foreign key is created,"no migration action, external call, job enqueue, provider retry, or runtime activation may be produced from this candidate",17,NOT_STARTED,NOT_RUN,docs/migration-mapping.jsonl:LEGACY-T14-193,NOT_EXECUTED,"The mapping is a migration decision, not proof that data moved.",6cb989c071255437d75953dabb943318a74eb8f4,UNMAPPED,UNMAPPED,UNMAPPED,UNMAPPED,UNMAPPED,UNMAPPED,UNMAPPED,UNMAPPED,UNMAPPED,UNMAPPED,UNMAPPED,UNMAPPED,NOT_EXECUTED,NOT_EXECUTED,NOT_EXECUTED,NOT_EXECUTED
LEGACY-T14-194,image_library_variants,media_library,HEAD_PHYSICAL,DEFER,DEFERRED_UNMAPPED,PENDING_TARGET_SCHEMA,UNMAPPED,UPDATED_AT_PLUS_KEY,no active target foreign key is created,"no migration action, external call, job enqueue, provider retry, or runtime activation may be produced from this candidate",14,NOT_STARTED,NOT_RUN,docs/migration-mapping.jsonl:LEGACY-T14-194,NOT_EXECUTED,"The mapping is a migration decision, not proof that data moved.",6cb989c071255437d75953dabb943318a74eb8f4,UNMAPPED,UNMAPPED,UNMAPPED,UNMAPPED,UNMAPPED,UNMAPPED,UNMAPPED,UNMAPPED,UNMAPPED,UNMAPPED,UNMAPPED,UNMAPPED,NOT_EXECUTED,NOT_EXECUTED,NOT_EXECUTED,NOT_EXECUTED
LEGACY-T14-195,internal_event,internal_events,HEAD_PHYSICAL,ARCHIVE_ONLY,RETIREMENT_APPROVED,NO_TARGET,UNMAPPED,CREATED_AT_PLUS_KEY,no active target foreign key is created,"no migration action, external call, job enqueue, provider retry, or runtime activation may be produced from this candidate",28,NOT_STARTED,NOT_RUN,docs/migration-mapping.jsonl:LEGACY-T14-195,NOT_EXECUTED,"The mapping is a migration decision, not proof that data moved.",6cb989c071255437d75953dabb943318a74eb8f4,UNMAPPED,UNMAPPED,UNMAPPED,UNMAPPED,UNMAPPED,UNMAPPED,UNMAPPED,UNMAPPED,UNMAPPED,UNMAPPED,UNMAPPED,UNMAPPED,NOT_EXECUTED,NOT_EXECUTED,NOT_EXECUTED,NOT_EXECUTED
LEGACY-T14-196,internal_event_consumer_attempt,internal_events,HEAD_PHYSICAL,ARCHIVE_ONLY,RETIREMENT_APPROVED,NO_TARGET,UNMAPPED,FULL_ONLY,no active target foreign key is created,"no migration action, external call, job enqueue, provider retry, or runtime activation may be produced from this candidate",11,NOT_STARTED,NOT_RUN,docs/migration-mapping.jsonl:LEGACY-T14-196,NOT_EXECUTED,"The mapping is a migration decision, not proof that data moved.",6cb989c071255437d75953dabb943318a74eb8f4,UNMAPPED,UNMAPPED,UNMAPPED,UNMAPPED,UNMAPPED,UNMAPPED,UNMAPPED,UNMAPPED,UNMAPPED,UNMAPPED,UNMAPPED,UNMAPPED,NOT_EXECUTED,NOT_EXECUTED,NOT_EXECUTED,NOT_EXECUTED
LEGACY-T14-197,internal_event_consumer_run,internal_events,HEAD_PHYSICAL,ARCHIVE_ONLY,RETIREMENT_APPROVED,NO_TARGET,UNMAPPED,UPDATED_AT_PLUS_KEY,no active target foreign key is created,"no migration action, external call, job enqueue, provider retry, or runtime activation may be produced from this candidate",31,NOT_STARTED,NOT_RUN,docs/migration-mapping.jsonl:LEGACY-T14-197,NOT_EXECUTED,"The mapping is a migration decision, not proof that data moved.",6cb989c071255437d75953dabb943318a74eb8f4,UNMAPPED,UNMAPPED,UNMAPPED,UNMAPPED,UNMAPPED,UNMAPPED,UNMAPPED,UNMAPPED,UNMAPPED,UNMAPPED,UNMAPPED,UNMAPPED,NOT_EXECUTED,NOT_EXECUTED,NOT_EXECUTED,NOT_EXECUTED
LEGACY-T14-198,internal_event_outbox,internal_events,HEAD_PHYSICAL,RESET_RUNTIME,BACKEND_REQUIRED,NO_TARGET,UNMAPPED,UPDATED_AT_PLUS_KEY,no active target foreign key is created,"never enqueue, retry, dispatch, approve, or resume legacy work",46,NOT_STARTED,NOT_RUN,docs/migration-mapping.jsonl:LEGACY-T14-198,NOT_EXECUTED,"The mapping is a migration decision, not proof that data moved.",6cb989c071255437d75953dabb943318a74eb8f4,UNMAPPED,UNMAPPED,UNMAPPED,UNMAPPED,UNMAPPED,UNMAPPED,UNMAPPED,UNMAPPED,UNMAPPED,UNMAPPED,UNMAPPED,UNMAPPED,NOT_EXECUTED,NOT_EXECUTED,NOT_EXECUTED,NOT_EXECUTED
LEGACY-T14-199,legacy_webhook_cleanup_audit,legacy_webhook_cleanup,ABSENT_AT_HEAD,DEFER,DEFERRED_UNMAPPED,NO_TARGET,UNMAPPED,PENDING_SOURCE_SCHEMA,no active target foreign key is created,"no migration action, external call, job enqueue, provider retry, or runtime activation may be produced from this candidate",0,NOT_STARTED,NOT_RUN,docs/migration-mapping.jsonl:LEGACY-T14-199,NOT_EXECUTED,"The mapping is a migration decision, not proof that data moved.",6cb989c071255437d75953dabb943318a74eb8f4,UNMAPPED,UNMAPPED,UNMAPPED,UNMAPPED,UNMAPPED,UNMAPPED,UNMAPPED,UNMAPPED,UNMAPPED,UNMAPPED,UNMAPPED,UNMAPPED,NOT_EXECUTED,NOT_EXECUTED,NOT_EXECUTED,NOT_EXECUTED
LEGACY-T14-200,legacy_webhook_deprecation_registry,legacy_webhook_cleanup,ABSENT_AT_HEAD,DEFER,DEFERRED_UNMAPPED,NO_TARGET,UNMAPPED,PENDING_SOURCE_SCHEMA,no active target foreign key is created,"no migration action, external call, job enqueue, provider retry, or runtime activation may be produced from this candidate",0,NOT_STARTED,NOT_RUN,docs/migration-mapping.jsonl:LEGACY-T14-200,NOT_EXECUTED,"The mapping is a migration decision, not proof that data moved.",6cb989c071255437d75953dabb943318a74eb8f4,UNMAPPED,UNMAPPED,UNMAPPED,UNMAPPED,UNMAPPED,UNMAPPED,UNMAPPED,UNMAPPED,UNMAPPED,UNMAPPED,UNMAPPED,UNMAPPED,NOT_EXECUTED,NOT_EXECUTED,NOT_EXECUTED,NOT_EXECUTED
LEGACY-T14-201,marketing_automation_configs,admin_config,HEAD_PHYSICAL,DEFER,DEFERRED_UNMAPPED,PENDING_TARGET_SCHEMA,planned:automations,UPDATED_AT_PLUS_KEY,no active target foreign key is created,"no migration action, external call, job enqueue, provider retry, or runtime activation may be produced from this candidate",10,NOT_STARTED,NOT_RUN,docs/migration-mapping.jsonl:LEGACY-T14-201,NOT_EXECUTED,"The mapping is a migration decision, not proof that data moved.",6cb989c071255437d75953dabb943318a74eb8f4,UNMAPPED,UNMAPPED,UNMAPPED,UNMAPPED,UNMAPPED,UNMAPPED,UNMAPPED,UNMAPPED,UNMAPPED,UNMAPPED,UNMAPPED,UNMAPPED,NOT_EXECUTED,NOT_EXECUTED,NOT_EXECUTED,NOT_EXECUTED
LEGACY-T14-202,marketing_automation_question_rules,admin_config,HEAD_PHYSICAL,DEFER,DEFERRED_UNMAPPED,PENDING_TARGET_SCHEMA,planned:automations,UPDATED_AT_PLUS_KEY,no active target foreign key is created,"no migration action, external call, job enqueue, provider retry, or runtime activation may be produced from this candidate",16,NOT_STARTED,NOT_RUN,docs/migration-mapping.jsonl:LEGACY-T14-202,NOT_EXECUTED,"The mapping is a migration decision, not proof that data moved.",6cb989c071255437d75953dabb943318a74eb8f4,UNMAPPED,UNMAPPED,UNMAPPED,UNMAPPED,UNMAPPED,UNMAPPED,UNMAPPED,UNMAPPED,UNMAPPED,UNMAPPED,UNMAPPED,UNMAPPED,NOT_EXECUTED,NOT_EXECUTED,NOT_EXECUTED,NOT_EXECUTED
LEGACY-T14-203,marketing_state_current,legacy_customer_projection,ABSENT_AT_HEAD,DEFER,DEFERRED_UNMAPPED,PENDING_TARGET_SCHEMA,UNMAPPED,PENDING_SOURCE_SCHEMA,no active target foreign key is created,"no migration action, external call, job enqueue, provider retry, or runtime activation may be produced from this candidate",0,NOT_STARTED,NOT_RUN,docs/migration-mapping.jsonl:LEGACY-T14-203,NOT_EXECUTED,"The mapping is a migration decision, not proof that data moved.",6cb989c071255437d75953dabb943318a74eb8f4,UNMAPPED,UNMAPPED,UNMAPPED,UNMAPPED,UNMAPPED,UNMAPPED,UNMAPPED,UNMAPPED,UNMAPPED,UNMAPPED,UNMAPPED,UNMAPPED,NOT_EXECUTED,NOT_EXECUTED,NOT_EXECUTED,NOT_EXECUTED
LEGACY-T14-204,marketing_value_segment_current,legacy_customer_projection,ABSENT_AT_HEAD,DEFER,DEFERRED_UNMAPPED,PENDING_TARGET_SCHEMA,UNMAPPED,PENDING_SOURCE_SCHEMA,no active target foreign key is created,"no migration action, external call, job enqueue, provider retry, or runtime activation may be produced from this candidate",0,NOT_STARTED,NOT_RUN,docs/migration-mapping.jsonl:LEGACY-T14-204,NOT_EXECUTED,"The mapping is a migration decision, not proof that data moved.",6cb989c071255437d75953dabb943318a74eb8f4,UNMAPPED,UNMAPPED,UNMAPPED,UNMAPPED,UNMAPPED,UNMAPPED,UNMAPPED,UNMAPPED,UNMAPPED,UNMAPPED,UNMAPPED,UNMAPPED,NOT_EXECUTED,NOT_EXECUTED,NOT_EXECUTED,NOT_EXECUTED
LEGACY-T14-205,mcp_tool_settings,admin_config,HEAD_PHYSICAL,MANUAL_REENTRY,BACKEND_REQUIRED,NO_TARGET,UNMAPPED,UPDATED_AT_PLUS_KEY,no active target foreign key is created,"never copy secrets, tokens, hashes, sessions, cookies, webhook material, or raw credential values",10,NOT_STARTED,NOT_RUN,docs/migration-mapping.jsonl:LEGACY-T14-205,NOT_EXECUTED,"The mapping is a migration decision, not proof that data moved.",6cb989c071255437d75953dabb943318a74eb8f4,UNMAPPED,UNMAPPED,UNMAPPED,UNMAPPED,UNMAPPED,UNMAPPED,UNMAPPED,UNMAPPED,UNMAPPED,UNMAPPED,UNMAPPED,UNMAPPED,NOT_EXECUTED,NOT_EXECUTED,NOT_EXECUTED,NOT_EXECUTED
LEGACY-T14-206,message_batch_items,messaging,ABSENT_AT_HEAD,DEFER,DEFERRED_UNMAPPED,NO_TARGET,UNMAPPED,PENDING_SOURCE_SCHEMA,no active target foreign key is created,"no migration action, external call, job enqueue, provider retry, or runtime activation may be produced from this candidate",0,NOT_STARTED,NOT_RUN,docs/migration-mapping.jsonl:LEGACY-T14-206,NOT_EXECUTED,"The mapping is a migration decision, not proof that data moved.",6cb989c071255437d75953dabb943318a74eb8f4,UNMAPPED,UNMAPPED,UNMAPPED,UNMAPPED,UNMAPPED,UNMAPPED,UNMAPPED,UNMAPPED,UNMAPPED,UNMAPPED,UNMAPPED,UNMAPPED,NOT_EXECUTED,NOT_EXECUTED,NOT_EXECUTED,NOT_EXECUTED
LEGACY-T14-207,message_batches,messaging,ABSENT_AT_HEAD,DEFER,DEFERRED_UNMAPPED,NO_TARGET,UNMAPPED,PENDING_SOURCE_SCHEMA,no active target foreign key is created,"no migration action, external call, job enqueue, provider retry, or runtime activation may be produced from this candidate",0,NOT_STARTED,NOT_RUN,docs/migration-mapping.jsonl:LEGACY-T14-207,NOT_EXECUTED,"The mapping is a migration decision, not proof that data moved.",6cb989c071255437d75953dabb943318a74eb8f4,UNMAPPED,UNMAPPED,UNMAPPED,UNMAPPED,UNMAPPED,UNMAPPED,UNMAPPED,UNMAPPED,UNMAPPED,UNMAPPED,UNMAPPED,UNMAPPED,NOT_EXECUTED,NOT_EXECUTED,NOT_EXECUTED,NOT_EXECUTED
LEGACY-T14-208,miniprogram_library,media_library,HEAD_PHYSICAL,MIGRATE,BACKEND_REQUIRED,FROZEN_PHYSICAL,physical:media_miniprogram_import_ledger|physical:media_miniprogram_import_preflights|physical:media_miniprograms|physical:media_images,UPDATED_AT_PLUS_KEY,thumbnail_image_id is remapped or rebuilt only to an existing Media-owned image; unresolved references quarantine fail-closed; audit lineage survives legacy physical delete,"no historical or production database connection, live import, URL fetch, provider upload, jump validation, outbound effect, automatic retry, or cross-domain direct image write; outcome_unknown never retries",13,NOT_STARTED,NOT_RUN,docs/migration-mapping.jsonl:LEGACY-T14-208,NOT_EXECUTED,"The mapping is a migration decision, not proof that data moved.",6cb989c071255437d75953dabb943318a74eb8f4,UNMAPPED,UNMAPPED,UNMAPPED,UNMAPPED,UNMAPPED,UNMAPPED,UNMAPPED,UNMAPPED,UNMAPPED,UNMAPPED,UNMAPPED,UNMAPPED,NOT_EXECUTED,NOT_EXECUTED,NOT_EXECUTED,NOT_EXECUTED
LEGACY-T14-209,operation_cycle_action_request_events,operation_cycles,HEAD_PHYSICAL,ARCHIVE_ONLY,RETIREMENT_APPROVED,NO_TARGET,UNMAPPED,CREATED_AT_PLUS_KEY,no active target foreign key is created,"no migration action, external call, job enqueue, provider retry, or runtime activation may be produced from this candidate",7,NOT_STARTED,NOT_RUN,docs/migration-mapping.jsonl:LEGACY-T14-209,NOT_EXECUTED,"The mapping is a migration decision, not proof that data moved.",6cb989c071255437d75953dabb943318a74eb8f4,UNMAPPED,UNMAPPED,UNMAPPED,UNMAPPED,UNMAPPED,UNMAPPED,UNMAPPED,UNMAPPED,UNMAPPED,UNMAPPED,UNMAPPED,UNMAPPED,NOT_EXECUTED,NOT_EXECUTED,NOT_EXECUTED,NOT_EXECUTED
LEGACY-T14-210,operation_cycle_action_requests,operation_cycles,HEAD_PHYSICAL,DEFER,DEFERRED_UNMAPPED,PENDING_TARGET_SCHEMA,UNMAPPED,UPDATED_AT_PLUS_KEY,no active target foreign key is created,"no migration action, external call, job enqueue, provider retry, or runtime activation may be produced from this candidate",26,NOT_STARTED,NOT_RUN,docs/migration-mapping.jsonl:LEGACY-T14-210,NOT_EXECUTED,"The mapping is a migration decision, not proof that data moved.",6cb989c071255437d75953dabb943318a74eb8f4,UNMAPPED,UNMAPPED,UNMAPPED,UNMAPPED,UNMAPPED,UNMAPPED,UNMAPPED,UNMAPPED,UNMAPPED,UNMAPPED,UNMAPPED,UNMAPPED,NOT_EXECUTED,NOT_EXECUTED,NOT_EXECUTED,NOT_EXECUTED
LEGACY-T14-211,operation_cycle_attempts,operation_cycles,HEAD_PHYSICAL,DEFER,DEFERRED_UNMAPPED,PENDING_TARGET_SCHEMA,UNMAPPED,UPDATED_AT_PLUS_KEY,no active target foreign key is created,"no migration action, external call, job enqueue, provider retry, or runtime activation may be produced from this candidate",12,NOT_STARTED,NOT_RUN,docs/migration-mapping.jsonl:LEGACY-T14-211,NOT_EXECUTED,"The mapping is a migration decision, not proof that data moved.",6cb989c071255437d75953dabb943318a74eb8f4,UNMAPPED,UNMAPPED,UNMAPPED,UNMAPPED,UNMAPPED,UNMAPPED,UNMAPPED,UNMAPPED,UNMAPPED,UNMAPPED,UNMAPPED,UNMAPPED,NOT_EXECUTED,NOT_EXECUTED,NOT_EXECUTED,NOT_EXECUTED
LEGACY-T14-212,operation_cycle_metrics,operation_cycles,HEAD_PHYSICAL,REBUILD,BACKEND_REQUIRED,NO_TARGET,UNMAPPED,UPDATED_AT_PLUS_KEY,no active target foreign key is created,"no migration action, external call, job enqueue, provider retry, or runtime activation may be produced from this candidate",17,NOT_STARTED,NOT_RUN,docs/migration-mapping.jsonl:LEGACY-T14-212,NOT_EXECUTED,"The mapping is a migration decision, not proof that data moved.",6cb989c071255437d75953dabb943318a74eb8f4,UNMAPPED,UNMAPPED,UNMAPPED,UNMAPPED,UNMAPPED,UNMAPPED,UNMAPPED,UNMAPPED,UNMAPPED,UNMAPPED,UNMAPPED,UNMAPPED,NOT_EXECUTED,NOT_EXECUTED,NOT_EXECUTED,NOT_EXECUTED
LEGACY-T14-213,operation_cycle_plan_links,operation_cycles,HEAD_PHYSICAL,REBUILD,BACKEND_REQUIRED,NO_TARGET,UNMAPPED,CREATED_AT_PLUS_KEY,no active target foreign key is created,"no migration action, external call, job enqueue, provider retry, or runtime activation may be produced from this candidate",14,NOT_STARTED,NOT_RUN,docs/migration-mapping.jsonl:LEGACY-T14-213,NOT_EXECUTED,"The mapping is a migration decision, not proof that data moved.",6cb989c071255437d75953dabb943318a74eb8f4,UNMAPPED,UNMAPPED,UNMAPPED,UNMAPPED,UNMAPPED,UNMAPPED,UNMAPPED,UNMAPPED,UNMAPPED,UNMAPPED,UNMAPPED,UNMAPPED,NOT_EXECUTED,NOT_EXECUTED,NOT_EXECUTED,NOT_EXECUTED
LEGACY-T14-214,operation_cycle_references,operation_cycles,HEAD_PHYSICAL,REBUILD,BACKEND_REQUIRED,NO_TARGET,UNMAPPED,UPDATED_AT_PLUS_KEY,no active target foreign key is created,"no migration action, external call, job enqueue, provider retry, or runtime activation may be produced from this candidate",13,NOT_STARTED,NOT_RUN,docs/migration-mapping.jsonl:LEGACY-T14-214,NOT_EXECUTED,"The mapping is a migration decision, not proof that data moved.",6cb989c071255437d75953dabb943318a74eb8f4,UNMAPPED,UNMAPPED,UNMAPPED,UNMAPPED,UNMAPPED,UNMAPPED,UNMAPPED,UNMAPPED,UNMAPPED,UNMAPPED,UNMAPPED,UNMAPPED,NOT_EXECUTED,NOT_EXECUTED,NOT_EXECUTED,NOT_EXECUTED
LEGACY-T14-215,operation_cycle_runners,operation_cycles,HEAD_PHYSICAL,DEFER,DEFERRED_UNMAPPED,PENDING_TARGET_SCHEMA,UNMAPPED,UPDATED_AT_PLUS_KEY,no active target foreign key is created,"no migration action, external call, job enqueue, provider retry, or runtime activation may be produced from this candidate",13,NOT_STARTED,NOT_RUN,docs/migration-mapping.jsonl:LEGACY-T14-215,NOT_EXECUTED,"The mapping is a migration decision, not proof that data moved.",6cb989c071255437d75953dabb943318a74eb8f4,UNMAPPED,UNMAPPED,UNMAPPED,UNMAPPED,UNMAPPED,UNMAPPED,UNMAPPED,UNMAPPED,UNMAPPED,UNMAPPED,UNMAPPED,UNMAPPED,NOT_EXECUTED,NOT_EXECUTED,NOT_EXECUTED,NOT_EXECUTED
LEGACY-T14-216,operation_cycle_runs,operation_cycles,HEAD_PHYSICAL,ARCHIVE_ONLY,RETIREMENT_APPROVED,NO_TARGET,UNMAPPED,UPDATED_AT_PLUS_KEY,no active target foreign key is created,"no migration action, external call, job enqueue, provider retry, or runtime activation may be produced from this candidate",30,NOT_STARTED,NOT_RUN,docs/migration-mapping.jsonl:LEGACY-T14-216,NOT_EXECUTED,"The mapping is a migration decision, not proof that data moved.",6cb989c071255437d75953dabb943318a74eb8f4,UNMAPPED,UNMAPPED,UNMAPPED,UNMAPPED,UNMAPPED,UNMAPPED,UNMAPPED,UNMAPPED,UNMAPPED,UNMAPPED,UNMAPPED,UNMAPPED,NOT_EXECUTED,NOT_EXECUTED,NOT_EXECUTED,NOT_EXECUTED
LEGACY-T14-217,operation_cycle_snapshots,operation_cycles,HEAD_PHYSICAL,DEFER,DEFERRED_UNMAPPED,PENDING_TARGET_SCHEMA,UNMAPPED,FULL_ONLY,no active target foreign key is created,"no migration action, external call, job enqueue, provider retry, or runtime activation may be produced from this candidate",14,NOT_STARTED,NOT_RUN,docs/migration-mapping.jsonl:LEGACY-T14-217,NOT_EXECUTED,"The mapping is a migration decision, not proof that data moved.",6cb989c071255437d75953dabb943318a74eb8f4,UNMAPPED,UNMAPPED,UNMAPPED,UNMAPPED,UNMAPPED,UNMAPPED,UNMAPPED,UNMAPPED,UNMAPPED,UNMAPPED,UNMAPPED,UNMAPPED,NOT_EXECUTED,NOT_EXECUTED,NOT_EXECUTED,NOT_EXECUTED
LEGACY-T14-218,operation_cycle_stages,operation_cycles,HEAD_PHYSICAL,DEFER,DEFERRED_UNMAPPED,PENDING_TARGET_SCHEMA,UNMAPPED,UPDATED_AT_PLUS_KEY,no active target foreign key is created,"no migration action, external call, job enqueue, provider retry, or runtime activation may be produced from this candidate",13,NOT_STARTED,NOT_RUN,docs/migration-mapping.jsonl:LEGACY-T14-218,NOT_EXECUTED,"The mapping is a migration decision, not proof that data moved.",6cb989c071255437d75953dabb943318a74eb8f4,UNMAPPED,UNMAPPED,UNMAPPED,UNMAPPED,UNMAPPED,UNMAPPED,UNMAPPED,UNMAPPED,UNMAPPED,UNMAPPED,UNMAPPED,UNMAPPED,NOT_EXECUTED,NOT_EXECUTED,NOT_EXECUTED,NOT_EXECUTED
LEGACY-T14-219,operation_cycle_strategies,operation_cycles,HEAD_PHYSICAL,DEFER,DEFERRED_UNMAPPED,PENDING_TARGET_SCHEMA,UNMAPPED,UPDATED_AT_PLUS_KEY,no active target foreign key is created,"no migration action, external call, job enqueue, provider retry, or runtime activation may be produced from this candidate",11,NOT_STARTED,NOT_RUN,docs/migration-mapping.jsonl:LEGACY-T14-219,NOT_EXECUTED,"The mapping is a migration decision, not proof that data moved.",6cb989c071255437d75953dabb943318a74eb8f4,UNMAPPED,UNMAPPED,UNMAPPED,UNMAPPED,UNMAPPED,UNMAPPED,UNMAPPED,UNMAPPED,UNMAPPED,UNMAPPED,UNMAPPED,UNMAPPED,NOT_EXECUTED,NOT_EXECUTED,NOT_EXECUTED,NOT_EXECUTED
LEGACY-T14-220,operation_cycle_strategy_change_proposals,operation_cycles,HEAD_PHYSICAL,DEFER,DEFERRED_UNMAPPED,PENDING_TARGET_SCHEMA,UNMAPPED,CREATED_AT_PLUS_KEY,no active target foreign key is created,"no migration action, external call, job enqueue, provider retry, or runtime activation may be produced from this candidate",16,NOT_STARTED,NOT_RUN,docs/migration-mapping.jsonl:LEGACY-T14-220,NOT_EXECUTED,"The mapping is a migration decision, not proof that data moved.",6cb989c071255437d75953dabb943318a74eb8f4,UNMAPPED,UNMAPPED,UNMAPPED,UNMAPPED,UNMAPPED,UNMAPPED,UNMAPPED,UNMAPPED,UNMAPPED,UNMAPPED,UNMAPPED,UNMAPPED,NOT_EXECUTED,NOT_EXECUTED,NOT_EXECUTED,NOT_EXECUTED
LEGACY-T14-221,operation_cycle_strategy_version_documents,operation_cycles,HEAD_PHYSICAL,DEFER,DEFERRED_UNMAPPED,PENDING_TARGET_SCHEMA,UNMAPPED,CREATED_AT_PLUS_KEY,no active target foreign key is created,"no migration action, external call, job enqueue, provider retry, or runtime activation may be produced from this candidate",18,NOT_STARTED,NOT_RUN,docs/migration-mapping.jsonl:LEGACY-T14-221,NOT_EXECUTED,"The mapping is a migration decision, not proof that data moved.",6cb989c071255437d75953dabb943318a74eb8f4,UNMAPPED,UNMAPPED,UNMAPPED,UNMAPPED,UNMAPPED,UNMAPPED,UNMAPPED,UNMAPPED,UNMAPPED,UNMAPPED,UNMAPPED,UNMAPPED,NOT_EXECUTED,NOT_EXECUTED,NOT_EXECUTED,NOT_EXECUTED
LEGACY-T14-222,operation_cycle_strategy_versions,operation_cycles,HEAD_PHYSICAL,DEFER,DEFERRED_UNMAPPED,PENDING_TARGET_SCHEMA,UNMAPPED,CREATED_AT_PLUS_KEY,no active target foreign key is created,"no migration action, external call, job enqueue, provider retry, or runtime activation may be produced from this candidate",15,NOT_STARTED,NOT_RUN,docs/migration-mapping.jsonl:LEGACY-T14-222,NOT_EXECUTED,"The mapping is a migration decision, not proof that data moved.",6cb989c071255437d75953dabb943318a74eb8f4,UNMAPPED,UNMAPPED,UNMAPPED,UNMAPPED,UNMAPPED,UNMAPPED,UNMAPPED,UNMAPPED,UNMAPPED,UNMAPPED,UNMAPPED,UNMAPPED,NOT_EXECUTED,NOT_EXECUTED,NOT_EXECUTED,NOT_EXECUTED
LEGACY-T14-223,operation_cycle_system_facts,operation_cycles,HEAD_PHYSICAL,DEFER,DEFERRED_UNMAPPED,PENDING_TARGET_SCHEMA,UNMAPPED,FULL_ONLY,no active target foreign key is created,"no migration action, external call, job enqueue, provider retry, or runtime activation may be produced from this candidate",8,NOT_STARTED,NOT_RUN,docs/migration-mapping.jsonl:LEGACY-T14-223,NOT_EXECUTED,"The mapping is a migration decision, not proof that data moved.",6cb989c071255437d75953dabb943318a74eb8f4,UNMAPPED,UNMAPPED,UNMAPPED,UNMAPPED,UNMAPPED,UNMAPPED,UNMAPPED,UNMAPPED,UNMAPPED,UNMAPPED,UNMAPPED,UNMAPPED,NOT_EXECUTED,NOT_EXECUTED,NOT_EXECUTED,NOT_EXECUTED
LEGACY-T14-224,outbound_event_outbox,outbound_webhook,HEAD_PHYSICAL,RESET_RUNTIME,BACKEND_REQUIRED,NO_TARGET,UNMAPPED,UPDATED_AT_PLUS_KEY,no active target foreign key is created,"never enqueue, retry, dispatch, approve, or resume legacy work",12,NOT_STARTED,NOT_RUN,docs/migration-mapping.jsonl:LEGACY-T14-224,NOT_EXECUTED,"The mapping is a migration decision, not proof that data moved.",6cb989c071255437d75953dabb943318a74eb8f4,UNMAPPED,UNMAPPED,UNMAPPED,UNMAPPED,UNMAPPED,UNMAPPED,UNMAPPED,UNMAPPED,UNMAPPED,UNMAPPED,UNMAPPED,UNMAPPED,NOT_EXECUTED,NOT_EXECUTED,NOT_EXECUTED,NOT_EXECUTED
LEGACY-T14-225,outbound_tasks,admin_jobs,HEAD_PHYSICAL,MIGRATE,BACKEND_REQUIRED,PENDING_TARGET_SCHEMA,planned:outbound_tasks,FULL_ONLY,rewrite through migration_import_ledger; quarantine every unresolved reference,"never reactivate legacy execution or sending; queued, claimed, dispatching, retryable, unknown_after_dispatch, or provider_accepted without delivery proof stay held or archive-only with no retry, River job, or event enqueue",8,NOT_STARTED,NOT_RUN,docs/migration-mapping.jsonl:LEGACY-T14-225,NOT_EXECUTED,"The mapping is a migration decision, not proof that data moved.",6cb989c071255437d75953dabb943318a74eb8f4,UNMAPPED,UNMAPPED,UNMAPPED,UNMAPPED,UNMAPPED,UNMAPPED,UNMAPPED,UNMAPPED,UNMAPPED,UNMAPPED,UNMAPPED,UNMAPPED,NOT_EXECUTED,NOT_EXECUTED,NOT_EXECUTED,NOT_EXECUTED
LEGACY-T14-226,outbound_webhook_deliveries,outbound_webhook,HEAD_PHYSICAL,RESET_RUNTIME,BACKEND_REQUIRED,NO_TARGET,UNMAPPED,UPDATED_AT_PLUS_KEY,no active target foreign key is created,"never enqueue, retry, dispatch, approve, or resume legacy work",18,NOT_STARTED,NOT_RUN,docs/migration-mapping.jsonl:LEGACY-T14-226,NOT_EXECUTED,"The mapping is a migration decision, not proof that data moved.",6cb989c071255437d75953dabb943318a74eb8f4,UNMAPPED,UNMAPPED,UNMAPPED,UNMAPPED,UNMAPPED,UNMAPPED,UNMAPPED,UNMAPPED,UNMAPPED,UNMAPPED,UNMAPPED,UNMAPPED,NOT_EXECUTED,NOT_EXECUTED,NOT_EXECUTED,NOT_EXECUTED
LEGACY-T14-227,owner_migration_import_sessions,owner_migration,HEAD_PHYSICAL,DROP,RETIREMENT_APPROVED,NO_TARGET,UNMAPPED,CREATED_AT_PLUS_KEY,no active target foreign key is created,"never replay provider calls, sessions, messages, welcome actions, or owner-transfer workflows",11,NOT_STARTED,NOT_RUN,docs/migration-mapping.jsonl:LEGACY-T14-227,NOT_EXECUTED,"The mapping is a migration decision, not proof that data moved.",6cb989c071255437d75953dabb943318a74eb8f4,UNMAPPED,UNMAPPED,UNMAPPED,UNMAPPED,UNMAPPED,UNMAPPED,UNMAPPED,UNMAPPED,UNMAPPED,UNMAPPED,UNMAPPED,UNMAPPED,NOT_EXECUTED,NOT_EXECUTED,NOT_EXECUTED,NOT_EXECUTED
LEGACY-T14-228,owner_migration_previews,owner_migration,HEAD_PHYSICAL,DROP,RETIREMENT_APPROVED,NO_TARGET,UNMAPPED,CREATED_AT_PLUS_KEY,no active target foreign key is created,"never replay provider calls, sessions, messages, welcome actions, or owner-transfer workflows",21,NOT_STARTED,NOT_RUN,docs/migration-mapping.jsonl:LEGACY-T14-228,NOT_EXECUTED,"The mapping is a migration decision, not proof that data moved.",6cb989c071255437d75953dabb943318a74eb8f4,UNMAPPED,UNMAPPED,UNMAPPED,UNMAPPED,UNMAPPED,UNMAPPED,UNMAPPED,UNMAPPED,UNMAPPED,UNMAPPED,UNMAPPED,UNMAPPED,NOT_EXECUTED,NOT_EXECUTED,NOT_EXECUTED,NOT_EXECUTED
LEGACY-T14-229,owner_migration_results,owner_migration,HEAD_PHYSICAL,DROP,RETIREMENT_APPROVED,NO_TARGET,UNMAPPED,CREATED_AT_PLUS_KEY,no active target foreign key is created,"never replay provider calls, sessions, messages, welcome actions, or owner-transfer workflows",23,NOT_STARTED,NOT_RUN,docs/migration-mapping.jsonl:LEGACY-T14-229,NOT_EXECUTED,"The mapping is a migration decision, not proof that data moved.",6cb989c071255437d75953dabb943318a74eb8f4,UNMAPPED,UNMAPPED,UNMAPPED,UNMAPPED,UNMAPPED,UNMAPPED,UNMAPPED,UNMAPPED,UNMAPPED,UNMAPPED,UNMAPPED,UNMAPPED,NOT_EXECUTED,NOT_EXECUTED,NOT_EXECUTED,NOT_EXECUTED
LEGACY-T14-230,owner_role_map,admin_identity,HEAD_PHYSICAL,MIGRATE,BACKEND_REQUIRED,PENDING_TARGET_SCHEMA,planned:staff,UPDATED_AT_PLUS_KEY,rewrite through migration_import_ledger; quarantine every unresolved reference,userid may map to staff.wecom_userid only through a unique corp-scoped staff manifest; never infer department or role,8,NOT_STARTED,NOT_RUN,docs/migration-mapping.jsonl:LEGACY-T14-230,NOT_EXECUTED,"The mapping is a migration decision, not proof that data moved.",6cb989c071255437d75953dabb943318a74eb8f4,UNMAPPED,UNMAPPED,UNMAPPED,UNMAPPED,UNMAPPED,UNMAPPED,UNMAPPED,UNMAPPED,UNMAPPED,UNMAPPED,UNMAPPED,UNMAPPED,NOT_EXECUTED,NOT_EXECUTED,NOT_EXECUTED,NOT_EXECUTED
LEGACY-T14-231,people,legacy_identity,HEAD_PHYSICAL,DEFER,DEFERRED_UNMAPPED,PENDING_TARGET_SCHEMA,UNMAPPED,UPDATED_AT_PLUS_KEY,no active target foreign key is created,"no migration action, external call, job enqueue, provider retry, or runtime activation may be produced from this candidate",4,NOT_STARTED,NOT_RUN,docs/migration-mapping.jsonl:LEGACY-T14-231,NOT_EXECUTED,"The mapping is a migration decision, not proof that data moved.",6cb989c071255437d75953dabb943318a74eb8f4,UNMAPPED,UNMAPPED,UNMAPPED,UNMAPPED,UNMAPPED,UNMAPPED,UNMAPPED,UNMAPPED,UNMAPPED,UNMAPPED,UNMAPPED,UNMAPPED,NOT_EXECUTED,NOT_EXECUTED,NOT_EXECUTED,NOT_EXECUTED
LEGACY-T14-232,prod_fix_backup_ai_audience_regression_20260624,legacy_schema_backup,ABSENT_AT_HEAD,DEFER,DEFERRED_UNMAPPED,PENDING_TARGET_SCHEMA,UNMAPPED,PENDING_SOURCE_SCHEMA,no active target foreign key is created,"no migration action, external call, job enqueue, provider retry, or runtime activation may be produced from this candidate",0,NOT_STARTED,NOT_RUN,docs/migration-mapping.jsonl:LEGACY-T14-232,NOT_EXECUTED,"The mapping is a migration decision, not proof that data moved.",6cb989c071255437d75953dabb943318a74eb8f4,UNMAPPED,UNMAPPED,UNMAPPED,UNMAPPED,UNMAPPED,UNMAPPED,UNMAPPED,UNMAPPED,UNMAPPED,UNMAPPED,UNMAPPED,UNMAPPED,NOT_EXECUTED,NOT_EXECUTED,NOT_EXECUTED,NOT_EXECUTED
LEGACY-T14-233,prod_test_backup_ai_audience_20260623,legacy_schema_backup,ABSENT_AT_HEAD,DEFER,DEFERRED_UNMAPPED,PENDING_TARGET_SCHEMA,UNMAPPED,PENDING_SOURCE_SCHEMA,no active target foreign key is created,"no migration action, external call, job enqueue, provider retry, or runtime activation may be produced from this candidate",0,NOT_STARTED,NOT_RUN,docs/migration-mapping.jsonl:LEGACY-T14-233,NOT_EXECUTED,"The mapping is a migration decision, not proof that data moved.",6cb989c071255437d75953dabb943318a74eb8f4,UNMAPPED,UNMAPPED,UNMAPPED,UNMAPPED,UNMAPPED,UNMAPPED,UNMAPPED,UNMAPPED,UNMAPPED,UNMAPPED,UNMAPPED,UNMAPPED,NOT_EXECUTED,NOT_EXECUTED,NOT_EXECUTED,NOT_EXECUTED
LEGACY-T14-234,prod_test_backup_ai_audience_full_20260623,legacy_schema_backup,ABSENT_AT_HEAD,DEFER,DEFERRED_UNMAPPED,PENDING_TARGET_SCHEMA,UNMAPPED,PENDING_SOURCE_SCHEMA,no active target foreign key is created,"no migration action, external call, job enqueue, provider retry, or runtime activation may be produced from this candidate",0,NOT_STARTED,NOT_RUN,docs/migration-mapping.jsonl:LEGACY-T14-234,NOT_EXECUTED,"The mapping is a migration decision, not proof that data moved.",6cb989c071255437d75953dabb943318a74eb8f4,UNMAPPED,UNMAPPED,UNMAPPED,UNMAPPED,UNMAPPED,UNMAPPED,UNMAPPED,UNMAPPED,UNMAPPED,UNMAPPED,UNMAPPED,UNMAPPED,NOT_EXECUTED,NOT_EXECUTED,NOT_EXECUTED,NOT_EXECUTED
LEGACY-T14-235,questionnaire_continuation_job,legacy_questionnaire,ABSENT_AT_HEAD,DEFER,DEFERRED_UNMAPPED,PENDING_TARGET_SCHEMA,UNMAPPED,PENDING_SOURCE_SCHEMA,no active target foreign key is created,identity resolution is scoped and fail-closed; unresolved references remain floating or quarantined and never create guessed customers,0,NOT_STARTED,NOT_RUN,docs/migration-mapping.jsonl:LEGACY-T14-235,NOT_EXECUTED,"The mapping is a migration decision, not proof that data moved.",6cb989c071255437d75953dabb943318a74eb8f4,UNMAPPED,UNMAPPED,UNMAPPED,UNMAPPED,UNMAPPED,UNMAPPED,UNMAPPED,UNMAPPED,UNMAPPED,UNMAPPED,UNMAPPED,UNMAPPED,NOT_EXECUTED,NOT_EXECUTED,NOT_EXECUTED,NOT_EXECUTED
LEGACY-T14-236,questionnaire_external_push_logs,questionnaire,HEAD_PHYSICAL,ARCHIVE_ONLY,RETIREMENT_APPROVED,NO_TARGET,UNMAPPED,UPDATED_AT_PLUS_KEY,no active target foreign key is created,identity resolution is scoped and fail-closed; unresolved references remain floating or quarantined and never create guessed customers,15,NOT_STARTED,NOT_RUN,docs/migration-mapping.jsonl:LEGACY-T14-236,NOT_EXECUTED,"The mapping is a migration decision, not proof that data moved.",6cb989c071255437d75953dabb943318a74eb8f4,UNMAPPED,UNMAPPED,UNMAPPED,UNMAPPED,UNMAPPED,UNMAPPED,UNMAPPED,UNMAPPED,UNMAPPED,UNMAPPED,UNMAPPED,UNMAPPED,NOT_EXECUTED,NOT_EXECUTED,NOT_EXECUTED,NOT_EXECUTED
LEGACY-T14-237,questionnaire_options,questionnaire,HEAD_PHYSICAL,MIGRATE,BACKEND_REQUIRED,PENDING_TARGET_SCHEMA,planned:surveys,UPDATED_AT_PLUS_KEY,rewrite through migration_import_ledger; quarantine every unresolved reference,"result tokens, push URLs, secrets, retries, locks, and external effects are never migrated or replayed",12,NOT_STARTED,NOT_RUN,docs/migration-mapping.jsonl:LEGACY-T14-237,NOT_EXECUTED,"The mapping is a migration decision, not proof that data moved.",6cb989c071255437d75953dabb943318a74eb8f4,UNMAPPED,UNMAPPED,UNMAPPED,UNMAPPED,UNMAPPED,UNMAPPED,UNMAPPED,UNMAPPED,UNMAPPED,UNMAPPED,UNMAPPED,UNMAPPED,NOT_EXECUTED,NOT_EXECUTED,NOT_EXECUTED,NOT_EXECUTED
LEGACY-T14-238,questionnaire_questions,questionnaire,HEAD_PHYSICAL,MIGRATE,BACKEND_REQUIRED,PENDING_TARGET_SCHEMA,planned:surveys,UPDATED_AT_PLUS_KEY,rewrite through migration_import_ledger; quarantine every unresolved reference,"result tokens, push URLs, secrets, retries, locks, and external effects are never migrated or replayed",11,NOT_STARTED,NOT_RUN,docs/migration-mapping.jsonl:LEGACY-T14-238,NOT_EXECUTED,"The mapping is a migration decision, not proof that data moved.",6cb989c071255437d75953dabb943318a74eb8f4,UNMAPPED,UNMAPPED,UNMAPPED,UNMAPPED,UNMAPPED,UNMAPPED,UNMAPPED,UNMAPPED,UNMAPPED,UNMAPPED,UNMAPPED,UNMAPPED,NOT_EXECUTED,NOT_EXECUTED,NOT_EXECUTED,NOT_EXECUTED
LEGACY-T14-239,questionnaire_score_rules,questionnaire,HEAD_PHYSICAL,MIGRATE,BACKEND_REQUIRED,PENDING_TARGET_SCHEMA,planned:surveys,UPDATED_AT_PLUS_KEY,rewrite through migration_import_ledger; quarantine every unresolved reference,"result tokens, push URLs, secrets, retries, locks, and external effects are never migrated or replayed",8,NOT_STARTED,NOT_RUN,docs/migration-mapping.jsonl:LEGACY-T14-239,NOT_EXECUTED,"The mapping is a migration decision, not proof that data moved.",6cb989c071255437d75953dabb943318a74eb8f4,UNMAPPED,UNMAPPED,UNMAPPED,UNMAPPED,UNMAPPED,UNMAPPED,UNMAPPED,UNMAPPED,UNMAPPED,UNMAPPED,UNMAPPED,UNMAPPED,NOT_EXECUTED,NOT_EXECUTED,NOT_EXECUTED,NOT_EXECUTED
LEGACY-T14-240,questionnaire_scrm_apply_logs,legacy_questionnaire,ABSENT_AT_HEAD,DEFER,DEFERRED_UNMAPPED,PENDING_TARGET_SCHEMA,UNMAPPED,PENDING_SOURCE_SCHEMA,no active target foreign key is created,identity resolution is scoped and fail-closed; unresolved references remain floating or quarantined and never create guessed customers,0,NOT_STARTED,NOT_RUN,docs/migration-mapping.jsonl:LEGACY-T14-240,NOT_EXECUTED,"The mapping is a migration decision, not proof that data moved.",6cb989c071255437d75953dabb943318a74eb8f4,UNMAPPED,UNMAPPED,UNMAPPED,UNMAPPED,UNMAPPED,UNMAPPED,UNMAPPED,UNMAPPED,UNMAPPED,UNMAPPED,UNMAPPED,UNMAPPED,NOT_EXECUTED,NOT_EXECUTED,NOT_EXECUTED,NOT_EXECUTED
LEGACY-T14-241,questionnaire_submission_answers,questionnaire,HEAD_PHYSICAL,MIGRATE,BACKEND_REQUIRED,PENDING_TARGET_SCHEMA,planned:survey_submissions,CREATED_AT_PLUS_KEY,rewrite through migration_import_ledger; quarantine every unresolved reference,"result tokens, push URLs, secrets, retries, locks, and external effects are never migrated or replayed",12,NOT_STARTED,NOT_RUN,docs/migration-mapping.jsonl:LEGACY-T14-241,NOT_EXECUTED,"The mapping is a migration decision, not proof that data moved.",6cb989c071255437d75953dabb943318a74eb8f4,UNMAPPED,UNMAPPED,UNMAPPED,UNMAPPED,UNMAPPED,UNMAPPED,UNMAPPED,UNMAPPED,UNMAPPED,UNMAPPED,UNMAPPED,UNMAPPED,NOT_EXECUTED,NOT_EXECUTED,NOT_EXECUTED,NOT_EXECUTED
LEGACY-T14-242,questionnaire_submissions,questionnaire,HEAD_PHYSICAL,MIGRATE,BACKEND_REQUIRED,PENDING_TARGET_SCHEMA,planned:survey_submissions,UPDATED_AT_PLUS_KEY,rewrite through migration_import_ledger; quarantine every unresolved reference,"result tokens, push URLs, secrets, retries, locks, and external effects are never migrated or replayed",14,NOT_STARTED,NOT_RUN,docs/migration-mapping.jsonl:LEGACY-T14-242,NOT_EXECUTED,"The mapping is a migration decision, not proof that data moved.",6cb989c071255437d75953dabb943318a74eb8f4,UNMAPPED,UNMAPPED,UNMAPPED,UNMAPPED,UNMAPPED,UNMAPPED,UNMAPPED,UNMAPPED,UNMAPPED,UNMAPPED,UNMAPPED,UNMAPPED,NOT_EXECUTED,NOT_EXECUTED,NOT_EXECUTED,NOT_EXECUTED
LEGACY-T14-243,questionnaires,questionnaire,HEAD_PHYSICAL,MIGRATE,BACKEND_REQUIRED,PENDING_TARGET_SCHEMA,planned:surveys,UPDATED_AT_PLUS_KEY,rewrite through migration_import_ledger; quarantine every unresolved reference,"result tokens, push URLs, secrets, retries, locks, and external effects are never migrated or replayed",24,NOT_STARTED,NOT_RUN,docs/migration-mapping.jsonl:LEGACY-T14-243,NOT_EXECUTED,"The mapping is a migration decision, not proof that data moved.",6cb989c071255437d75953dabb943318a74eb8f4,UNMAPPED,UNMAPPED,UNMAPPED,UNMAPPED,UNMAPPED,UNMAPPED,UNMAPPED,UNMAPPED,UNMAPPED,UNMAPPED,UNMAPPED,UNMAPPED,NOT_EXECUTED,NOT_EXECUTED,NOT_EXECUTED,NOT_EXECUTED
LEGACY-T14-244,queue_fairness_cursor,platform_foundation,HEAD_PHYSICAL,REBUILD,BACKEND_REQUIRED,NO_TARGET,UNMAPPED,FULL_ONLY,no active target foreign key is created,"no migration action, external call, job enqueue, provider retry, or runtime activation may be produced from this candidate",4,NOT_STARTED,NOT_RUN,docs/migration-mapping.jsonl:LEGACY-T14-244,NOT_EXECUTED,"The mapping is a migration decision, not proof that data moved.",6cb989c071255437d75953dabb943318a74eb8f4,UNMAPPED,UNMAPPED,UNMAPPED,UNMAPPED,UNMAPPED,UNMAPPED,UNMAPPED,UNMAPPED,UNMAPPED,UNMAPPED,UNMAPPED,UNMAPPED,NOT_EXECUTED,NOT_EXECUTED,NOT_EXECUTED,NOT_EXECUTED
LEGACY-T14-245,queue_history_classification,platform_foundation,HEAD_PHYSICAL,RESET_RUNTIME,BACKEND_REQUIRED,NO_TARGET,UNMAPPED,FULL_ONLY,no active target foreign key is created,"no migration action, external call, job enqueue, provider retry, or runtime activation may be produced from this candidate",9,NOT_STARTED,NOT_RUN,docs/migration-mapping.jsonl:LEGACY-T14-245,NOT_EXECUTED,"The mapping is a migration decision, not proof that data moved.",6cb989c071255437d75953dabb943318a74eb8f4,UNMAPPED,UNMAPPED,UNMAPPED,UNMAPPED,UNMAPPED,UNMAPPED,UNMAPPED,UNMAPPED,UNMAPPED,UNMAPPED,UNMAPPED,UNMAPPED,NOT_EXECUTED,NOT_EXECUTED,NOT_EXECUTED,NOT_EXECUTED
LEGACY-T14-246,queue_lane_canary_job_authorization,platform_foundation,HEAD_PHYSICAL,RESET_RUNTIME,BACKEND_REQUIRED,NO_TARGET,UNMAPPED,CREATED_AT_PLUS_KEY,no active target foreign key is created,"no migration action, external call, job enqueue, provider retry, or runtime activation may be produced from this candidate",6,NOT_STARTED,NOT_RUN,docs/migration-mapping.jsonl:LEGACY-T14-246,NOT_EXECUTED,"The mapping is a migration decision, not proof that data moved.",6cb989c071255437d75953dabb943318a74eb8f4,UNMAPPED,UNMAPPED,UNMAPPED,UNMAPPED,UNMAPPED,UNMAPPED,UNMAPPED,UNMAPPED,UNMAPPED,UNMAPPED,UNMAPPED,UNMAPPED,NOT_EXECUTED,NOT_EXECUTED,NOT_EXECUTED,NOT_EXECUTED
LEGACY-T14-247,queue_lane_policy,platform_foundation,HEAD_PHYSICAL,RESET_RUNTIME,BACKEND_REQUIRED,NO_TARGET,UNMAPPED,UPDATED_AT_PLUS_KEY,no active target foreign key is created,"no migration action, external call, job enqueue, provider retry, or runtime activation may be produced from this candidate",9,NOT_STARTED,NOT_RUN,docs/migration-mapping.jsonl:LEGACY-T14-247,NOT_EXECUTED,"The mapping is a migration decision, not proof that data moved.",6cb989c071255437d75953dabb943318a74eb8f4,UNMAPPED,UNMAPPED,UNMAPPED,UNMAPPED,UNMAPPED,UNMAPPED,UNMAPPED,UNMAPPED,UNMAPPED,UNMAPPED,UNMAPPED,UNMAPPED,NOT_EXECUTED,NOT_EXECUTED,NOT_EXECUTED,NOT_EXECUTED
LEGACY-T14-248,queue_lane_rollout_audit,platform_foundation,HEAD_PHYSICAL,RESET_RUNTIME,BACKEND_REQUIRED,NO_TARGET,UNMAPPED,CREATED_AT_PLUS_KEY,no active target foreign key is created,"no migration action, external call, job enqueue, provider retry, or runtime activation may be produced from this candidate",12,NOT_STARTED,NOT_RUN,docs/migration-mapping.jsonl:LEGACY-T14-248,NOT_EXECUTED,"The mapping is a migration decision, not proof that data moved.",6cb989c071255437d75953dabb943318a74eb8f4,UNMAPPED,UNMAPPED,UNMAPPED,UNMAPPED,UNMAPPED,UNMAPPED,UNMAPPED,UNMAPPED,UNMAPPED,UNMAPPED,UNMAPPED,UNMAPPED,NOT_EXECUTED,NOT_EXECUTED,NOT_EXECUTED,NOT_EXECUTED
LEGACY-T14-249,queue_policy_snapshot,platform_foundation,HEAD_PHYSICAL,REBUILD,BACKEND_REQUIRED,NO_TARGET,UNMAPPED,CREATED_AT_PLUS_KEY,no active target foreign key is created,"no migration action, external call, job enqueue, provider retry, or runtime activation may be produced from this candidate",5,NOT_STARTED,NOT_RUN,docs/migration-mapping.jsonl:LEGACY-T14-249,NOT_EXECUTED,"The mapping is a migration decision, not proof that data moved.",6cb989c071255437d75953dabb943318a74eb8f4,UNMAPPED,UNMAPPED,UNMAPPED,UNMAPPED,UNMAPPED,UNMAPPED,UNMAPPED,UNMAPPED,UNMAPPED,UNMAPPED,UNMAPPED,UNMAPPED,NOT_EXECUTED,NOT_EXECUTED,NOT_EXECUTED,NOT_EXECUTED
LEGACY-T14-250,queue_rate_scope_cooldown,platform_foundation,HEAD_PHYSICAL,RESET_RUNTIME,BACKEND_REQUIRED,NO_TARGET,UNMAPPED,UPDATED_AT_PLUS_KEY,no active target foreign key is created,"no migration action, external call, job enqueue, provider retry, or runtime activation may be produced from this candidate",9,NOT_STARTED,NOT_RUN,docs/migration-mapping.jsonl:LEGACY-T14-250,NOT_EXECUTED,"The mapping is a migration decision, not proof that data moved.",6cb989c071255437d75953dabb943318a74eb8f4,UNMAPPED,UNMAPPED,UNMAPPED,UNMAPPED,UNMAPPED,UNMAPPED,UNMAPPED,UNMAPPED,UNMAPPED,UNMAPPED,UNMAPPED,UNMAPPED,NOT_EXECUTED,NOT_EXECUTED,NOT_EXECUTED,NOT_EXECUTED
LEGACY-T14-251,queue_runtime_canary_config_audit,platform_foundation,HEAD_PHYSICAL,RESET_RUNTIME,BACKEND_REQUIRED,NO_TARGET,UNMAPPED,CREATED_AT_PLUS_KEY,no active target foreign key is created,"no migration action, external call, job enqueue, provider retry, or runtime activation may be produced from this candidate",10,NOT_STARTED,NOT_RUN,docs/migration-mapping.jsonl:LEGACY-T14-251,NOT_EXECUTED,"The mapping is a migration decision, not proof that data moved.",6cb989c071255437d75953dabb943318a74eb8f4,UNMAPPED,UNMAPPED,UNMAPPED,UNMAPPED,UNMAPPED,UNMAPPED,UNMAPPED,UNMAPPED,UNMAPPED,UNMAPPED,UNMAPPED,UNMAPPED,NOT_EXECUTED,NOT_EXECUTED,NOT_EXECUTED,NOT_EXECUTED
LEGACY-T14-252,queue_runtime_control,platform_foundation,HEAD_PHYSICAL,RESET_RUNTIME,BACKEND_REQUIRED,NO_TARGET,UNMAPPED,UPDATED_AT_PLUS_KEY,no active target foreign key is created,"no migration action, external call, job enqueue, provider retry, or runtime activation may be produced from this candidate",10,NOT_STARTED,NOT_RUN,docs/migration-mapping.jsonl:LEGACY-T14-252,NOT_EXECUTED,"The mapping is a migration decision, not proof that data moved.",6cb989c071255437d75953dabb943318a74eb8f4,UNMAPPED,UNMAPPED,UNMAPPED,UNMAPPED,UNMAPPED,UNMAPPED,UNMAPPED,UNMAPPED,UNMAPPED,UNMAPPED,UNMAPPED,UNMAPPED,NOT_EXECUTED,NOT_EXECUTED,NOT_EXECUTED,NOT_EXECUTED
LEGACY-T14-253,queue_runtime_lease_recovery_event,platform_foundation,HEAD_PHYSICAL,RESET_RUNTIME,BACKEND_REQUIRED,NO_TARGET,UNMAPPED,FULL_ONLY,no active target foreign key is created,"no migration action, external call, job enqueue, provider retry, or runtime activation may be produced from this candidate",7,NOT_STARTED,NOT_RUN,docs/migration-mapping.jsonl:LEGACY-T14-253,NOT_EXECUTED,"The mapping is a migration decision, not proof that data moved.",6cb989c071255437d75953dabb943318a74eb8f4,UNMAPPED,UNMAPPED,UNMAPPED,UNMAPPED,UNMAPPED,UNMAPPED,UNMAPPED,UNMAPPED,UNMAPPED,UNMAPPED,UNMAPPED,UNMAPPED,NOT_EXECUTED,NOT_EXECUTED,NOT_EXECUTED,NOT_EXECUTED
LEGACY-T14-254,queue_runtime_scope_transition_audit,platform_foundation,HEAD_PHYSICAL,RESET_RUNTIME,BACKEND_REQUIRED,NO_TARGET,UNMAPPED,CREATED_AT_PLUS_KEY,no active target foreign key is created,"no migration action, external call, job enqueue, provider retry, or runtime activation may be produced from this candidate",11,NOT_STARTED,NOT_RUN,docs/migration-mapping.jsonl:LEGACY-T14-254,NOT_EXECUTED,"The mapping is a migration decision, not proof that data moved.",6cb989c071255437d75953dabb943318a74eb8f4,UNMAPPED,UNMAPPED,UNMAPPED,UNMAPPED,UNMAPPED,UNMAPPED,UNMAPPED,UNMAPPED,UNMAPPED,UNMAPPED,UNMAPPED,UNMAPPED,NOT_EXECUTED,NOT_EXECUTED,NOT_EXECUTED,NOT_EXECUTED
LEGACY-T14-255,queue_runtime_soak_run,platform_foundation,HEAD_PHYSICAL,RESET_RUNTIME,BACKEND_REQUIRED,NO_TARGET,UNMAPPED,UPDATED_AT_PLUS_KEY,no active target foreign key is created,"no migration action, external call, job enqueue, provider retry, or runtime activation may be produced from this candidate",19,NOT_STARTED,NOT_RUN,docs/migration-mapping.jsonl:LEGACY-T14-255,NOT_EXECUTED,"The mapping is a migration decision, not proof that data moved.",6cb989c071255437d75953dabb943318a74eb8f4,UNMAPPED,UNMAPPED,UNMAPPED,UNMAPPED,UNMAPPED,UNMAPPED,UNMAPPED,UNMAPPED,UNMAPPED,UNMAPPED,UNMAPPED,UNMAPPED,NOT_EXECUTED,NOT_EXECUTED,NOT_EXECUTED,NOT_EXECUTED
LEGACY-T14-256,queue_runtime_soak_snapshot,platform_foundation,HEAD_PHYSICAL,REBUILD,BACKEND_REQUIRED,NO_TARGET,UNMAPPED,FULL_ONLY,no active target foreign key is created,"no migration action, external call, job enqueue, provider retry, or runtime activation may be produced from this candidate",8,NOT_STARTED,NOT_RUN,docs/migration-mapping.jsonl:LEGACY-T14-256,NOT_EXECUTED,"The mapping is a migration decision, not proof that data moved.",6cb989c071255437d75953dabb943318a74eb8f4,UNMAPPED,UNMAPPED,UNMAPPED,UNMAPPED,UNMAPPED,UNMAPPED,UNMAPPED,UNMAPPED,UNMAPPED,UNMAPPED,UNMAPPED,UNMAPPED,NOT_EXECUTED,NOT_EXECUTED,NOT_EXECUTED,NOT_EXECUTED
LEGACY-T14-257,queue_runtime_validation_evidence,platform_foundation,HEAD_PHYSICAL,RESET_RUNTIME,BACKEND_REQUIRED,NO_TARGET,UNMAPPED,CREATED_AT_PLUS_KEY,no active target foreign key is created,"no migration action, external call, job enqueue, provider retry, or runtime activation may be produced from this candidate",12,NOT_STARTED,NOT_RUN,docs/migration-mapping.jsonl:LEGACY-T14-257,NOT_EXECUTED,"The mapping is a migration decision, not proof that data moved.",6cb989c071255437d75953dabb943318a74eb8f4,UNMAPPED,UNMAPPED,UNMAPPED,UNMAPPED,UNMAPPED,UNMAPPED,UNMAPPED,UNMAPPED,UNMAPPED,UNMAPPED,UNMAPPED,UNMAPPED,NOT_EXECUTED,NOT_EXECUTED,NOT_EXECUTED,NOT_EXECUTED
LEGACY-T14-258,queue_terminal_acknowledgement,platform_foundation,HEAD_PHYSICAL,RESET_RUNTIME,BACKEND_REQUIRED,NO_TARGET,UNMAPPED,CREATED_AT_PLUS_KEY,no active target foreign key is created,"no migration action, external call, job enqueue, provider retry, or runtime activation may be produced from this candidate",19,NOT_STARTED,NOT_RUN,docs/migration-mapping.jsonl:LEGACY-T14-258,NOT_EXECUTED,"The mapping is a migration decision, not proof that data moved.",6cb989c071255437d75953dabb943318a74eb8f4,UNMAPPED,UNMAPPED,UNMAPPED,UNMAPPED,UNMAPPED,UNMAPPED,UNMAPPED,UNMAPPED,UNMAPPED,UNMAPPED,UNMAPPED,UNMAPPED,NOT_EXECUTED,NOT_EXECUTED,NOT_EXECUTED,NOT_EXECUTED
LEGACY-T14-259,queue_worker_heartbeat,platform_foundation,HEAD_PHYSICAL,REBUILD,BACKEND_REQUIRED,NO_TARGET,UNMAPPED,FULL_ONLY,no active target foreign key is created,"no migration action, external call, job enqueue, provider retry, or runtime activation may be produced from this candidate",12,NOT_STARTED,NOT_RUN,docs/migration-mapping.jsonl:LEGACY-T14-259,NOT_EXECUTED,"The mapping is a migration decision, not proof that data moved.",6cb989c071255437d75953dabb943318a74eb8f4,UNMAPPED,UNMAPPED,UNMAPPED,UNMAPPED,UNMAPPED,UNMAPPED,UNMAPPED,UNMAPPED,UNMAPPED,UNMAPPED,UNMAPPED,UNMAPPED,NOT_EXECUTED,NOT_EXECUTED,NOT_EXECUTED,NOT_EXECUTED
LEGACY-T14-260,radar_click_events,radar,HEAD_PHYSICAL,MIGRATE,BACKEND_REQUIRED,PENDING_TARGET_SCHEMA,planned:customer_events|planned:pending_events,CREATED_AT_PLUS_KEY,no active target foreign key is created,"never infer identity from tracking data; do not copy IP, user-agent, referer, query parameters, raw payload, or unscoped identifiers",22,NOT_STARTED,NOT_RUN,docs/migration-mapping.jsonl:LEGACY-T14-260,NOT_EXECUTED,"The mapping is a migration decision, not proof that data moved.",6cb989c071255437d75953dabb943318a74eb8f4,UNMAPPED,UNMAPPED,UNMAPPED,UNMAPPED,UNMAPPED,UNMAPPED,UNMAPPED,UNMAPPED,UNMAPPED,UNMAPPED,UNMAPPED,UNMAPPED,NOT_EXECUTED,NOT_EXECUTED,NOT_EXECUTED,NOT_EXECUTED
LEGACY-T14-261,radar_links,radar,HEAD_PHYSICAL,DEFER,DEFERRED_UNMAPPED,PENDING_TARGET_SCHEMA,UNMAPPED,UPDATED_AT_PLUS_KEY,no active target foreign key is created,"no migration action, external call, job enqueue, provider retry, or runtime activation may be produced from this candidate",23,NOT_STARTED,NOT_RUN,docs/migration-mapping.jsonl:LEGACY-T14-261,NOT_EXECUTED,"The mapping is a migration decision, not proof that data moved.",6cb989c071255437d75953dabb943318a74eb8f4,UNMAPPED,UNMAPPED,UNMAPPED,UNMAPPED,UNMAPPED,UNMAPPED,UNMAPPED,UNMAPPED,UNMAPPED,UNMAPPED,UNMAPPED,UNMAPPED,NOT_EXECUTED,NOT_EXECUTED,NOT_EXECUTED,NOT_EXECUTED
LEGACY-T14-262,radar_pdf_preview_assets,radar,HEAD_PHYSICAL,DEFER,DEFERRED_UNMAPPED,PENDING_TARGET_SCHEMA,UNMAPPED,UPDATED_AT_PLUS_KEY,no active target foreign key is created,"no migration action, external call, job enqueue, provider retry, or runtime activation may be produced from this candidate",21,NOT_STARTED,NOT_RUN,docs/migration-mapping.jsonl:LEGACY-T14-262,NOT_EXECUTED,"The mapping is a migration decision, not proof that data moved.",6cb989c071255437d75953dabb943318a74eb8f4,UNMAPPED,UNMAPPED,UNMAPPED,UNMAPPED,UNMAPPED,UNMAPPED,UNMAPPED,UNMAPPED,UNMAPPED,UNMAPPED,UNMAPPED,UNMAPPED,NOT_EXECUTED,NOT_EXECUTED,NOT_EXECUTED,NOT_EXECUTED
LEGACY-T14-263,routing_rule_config,legacy_routing,ABSENT_AT_HEAD,DEFER,DEFERRED_UNMAPPED,PENDING_TARGET_SCHEMA,UNMAPPED,PENDING_SOURCE_SCHEMA,no active target foreign key is created,"no migration action, external call, job enqueue, provider retry, or runtime activation may be produced from this candidate",0,NOT_STARTED,NOT_RUN,docs/migration-mapping.jsonl:LEGACY-T14-263,NOT_EXECUTED,"The mapping is a migration decision, not proof that data moved.",6cb989c071255437d75953dabb943318a74eb8f4,UNMAPPED,UNMAPPED,UNMAPPED,UNMAPPED,UNMAPPED,UNMAPPED,UNMAPPED,UNMAPPED,UNMAPPED,UNMAPPED,UNMAPPED,UNMAPPED,NOT_EXECUTED,NOT_EXECUTED,NOT_EXECUTED,NOT_EXECUTED
LEGACY-T14-264,schema_migrations,legacy_schema_audit,ABSENT_AT_HEAD,DEFER,DEFERRED_UNMAPPED,PENDING_TARGET_SCHEMA,UNMAPPED,PENDING_SOURCE_SCHEMA,no active target foreign key is created,"no migration action, external call, job enqueue, provider retry, or runtime activation may be produced from this candidate",0,NOT_STARTED,NOT_RUN,docs/migration-mapping.jsonl:LEGACY-T14-264,NOT_EXECUTED,"The mapping is a migration decision, not proof that data moved.",6cb989c071255437d75953dabb943318a74eb8f4,UNMAPPED,UNMAPPED,UNMAPPED,UNMAPPED,UNMAPPED,UNMAPPED,UNMAPPED,UNMAPPED,UNMAPPED,UNMAPPED,UNMAPPED,UNMAPPED,NOT_EXECUTED,NOT_EXECUTED,NOT_EXECUTED,NOT_EXECUTED
LEGACY-T14-265,schema_release_compatibility,platform_foundation,HEAD_PHYSICAL,ARCHIVE_ONLY,RETIREMENT_APPROVED,NO_TARGET,UNMAPPED,FULL_ONLY,no active target foreign key is created,"no migration action, external call, job enqueue, provider retry, or runtime activation may be produced from this candidate",9,NOT_STARTED,NOT_RUN,docs/migration-mapping.jsonl:LEGACY-T14-265,NOT_EXECUTED,"The mapping is a migration decision, not proof that data moved.",6cb989c071255437d75953dabb943318a74eb8f4,UNMAPPED,UNMAPPED,UNMAPPED,UNMAPPED,UNMAPPED,UNMAPPED,UNMAPPED,UNMAPPED,UNMAPPED,UNMAPPED,UNMAPPED,UNMAPPED,NOT_EXECUTED,NOT_EXECUTED,NOT_EXECUTED,NOT_EXECUTED
LEGACY-T14-266,segment_member_snapshots,campaign,HEAD_PHYSICAL,REBUILD,BACKEND_REQUIRED,NO_TARGET,UNMAPPED,FULL_ONLY,no active target foreign key is created,"no migration action, external call, job enqueue, provider retry, or runtime activation may be produced from this candidate",5,NOT_STARTED,NOT_RUN,docs/migration-mapping.jsonl:LEGACY-T14-266,NOT_EXECUTED,"The mapping is a migration decision, not proof that data moved.",6cb989c071255437d75953dabb943318a74eb8f4,UNMAPPED,UNMAPPED,UNMAPPED,UNMAPPED,UNMAPPED,UNMAPPED,UNMAPPED,UNMAPPED,UNMAPPED,UNMAPPED,UNMAPPED,UNMAPPED,NOT_EXECUTED,NOT_EXECUTED,NOT_EXECUTED,NOT_EXECUTED
LEGACY-T14-267,segments,campaign,HEAD_PHYSICAL,MIGRATE,BACKEND_REQUIRED,PENDING_TARGET_SCHEMA,planned:segments,UPDATED_AT_PLUS_KEY,rewrite through migration_import_ledger; quarantine every unresolved reference,"import definitions disabled; do not import schedules, subscriptions, snapshots, runs, watermarks, leases, or outbound state",20,NOT_STARTED,NOT_RUN,docs/migration-mapping.jsonl:LEGACY-T14-267,NOT_EXECUTED,"The mapping is a migration decision, not proof that data moved.",6cb989c071255437d75953dabb943318a74eb8f4,UNMAPPED,UNMAPPED,UNMAPPED,UNMAPPED,UNMAPPED,UNMAPPED,UNMAPPED,UNMAPPED,UNMAPPED,UNMAPPED,UNMAPPED,UNMAPPED,NOT_EXECUTED,NOT_EXECUTED,NOT_EXECUTED,NOT_EXECUTED
LEGACY-T14-268,service_period_entitlements,service_period,HEAD_PHYSICAL,ARCHIVE_ONLY,RETIREMENT_APPROVED,NO_TARGET,UNMAPPED,UPDATED_AT_PLUS_KEY,no active target foreign key is created,"no migration action, external call, job enqueue, provider retry, or runtime activation may be produced from this candidate",16,NOT_STARTED,NOT_RUN,docs/migration-mapping.jsonl:LEGACY-T14-268,NOT_EXECUTED,"The mapping is a migration decision, not proof that data moved.",6cb989c071255437d75953dabb943318a74eb8f4,UNMAPPED,UNMAPPED,UNMAPPED,UNMAPPED,UNMAPPED,UNMAPPED,UNMAPPED,UNMAPPED,UNMAPPED,UNMAPPED,UNMAPPED,UNMAPPED,NOT_EXECUTED,NOT_EXECUTED,NOT_EXECUTED,NOT_EXECUTED
LEGACY-T14-269,service_period_events,service_period,HEAD_PHYSICAL,ARCHIVE_ONLY,RETIREMENT_APPROVED,NO_TARGET,UNMAPPED,CREATED_AT_PLUS_KEY,no active target foreign key is created,"no migration action, external call, job enqueue, provider retry, or runtime activation may be produced from this candidate",17,NOT_STARTED,NOT_RUN,docs/migration-mapping.jsonl:LEGACY-T14-269,NOT_EXECUTED,"The mapping is a migration decision, not proof that data moved.",6cb989c071255437d75953dabb943318a74eb8f4,UNMAPPED,UNMAPPED,UNMAPPED,UNMAPPED,UNMAPPED,UNMAPPED,UNMAPPED,UNMAPPED,UNMAPPED,UNMAPPED,UNMAPPED,UNMAPPED,NOT_EXECUTED,NOT_EXECUTED,NOT_EXECUTED,NOT_EXECUTED
LEGACY-T14-270,service_period_huangyoucan_usage_snapshot,service_period,HEAD_PHYSICAL,ARCHIVE_ONLY,RETIREMENT_APPROVED,NO_TARGET,UNMAPPED,FULL_ONLY,no active target foreign key is created,"never replay payment, refund, entitlement, sync, callback, external push, or provider work",11,NOT_STARTED,NOT_RUN,docs/migration-mapping.jsonl:LEGACY-T14-270,NOT_EXECUTED,"The mapping is a migration decision, not proof that data moved.",6cb989c071255437d75953dabb943318a74eb8f4,UNMAPPED,UNMAPPED,UNMAPPED,UNMAPPED,UNMAPPED,UNMAPPED,UNMAPPED,UNMAPPED,UNMAPPED,UNMAPPED,UNMAPPED,UNMAPPED,NOT_EXECUTED,NOT_EXECUTED,NOT_EXECUTED,NOT_EXECUTED
LEGACY-T14-271,service_period_huangyoucan_usage_sync_runs,service_period,HEAD_PHYSICAL,ARCHIVE_ONLY,RETIREMENT_APPROVED,NO_TARGET,UNMAPPED,FULL_ONLY,no active target foreign key is created,"no migration action, external call, job enqueue, provider retry, or runtime activation may be produced from this candidate",8,NOT_STARTED,NOT_RUN,docs/migration-mapping.jsonl:LEGACY-T14-271,NOT_EXECUTED,"The mapping is a migration decision, not proof that data moved.",6cb989c071255437d75953dabb943318a74eb8f4,UNMAPPED,UNMAPPED,UNMAPPED,UNMAPPED,UNMAPPED,UNMAPPED,UNMAPPED,UNMAPPED,UNMAPPED,UNMAPPED,UNMAPPED,UNMAPPED,NOT_EXECUTED,NOT_EXECUTED,NOT_EXECUTED,NOT_EXECUTED
LEGACY-T14-272,service_period_member_collaborators,service_period,HEAD_PHYSICAL,ARCHIVE_ONLY,RETIREMENT_APPROVED,NO_TARGET,UNMAPPED,UPDATED_AT_PLUS_KEY,no active target foreign key is created,"no migration action, external call, job enqueue, provider retry, or runtime activation may be produced from this candidate",13,NOT_STARTED,NOT_RUN,docs/migration-mapping.jsonl:LEGACY-T14-272,NOT_EXECUTED,"The mapping is a migration decision, not proof that data moved.",6cb989c071255437d75953dabb943318a74eb8f4,UNMAPPED,UNMAPPED,UNMAPPED,UNMAPPED,UNMAPPED,UNMAPPED,UNMAPPED,UNMAPPED,UNMAPPED,UNMAPPED,UNMAPPED,UNMAPPED,NOT_EXECUTED,NOT_EXECUTED,NOT_EXECUTED,NOT_EXECUTED
LEGACY-T14-273,service_period_member_shares,service_period,HEAD_PHYSICAL,ARCHIVE_ONLY,RETIREMENT_APPROVED,NO_TARGET,UNMAPPED,UPDATED_AT_PLUS_KEY,no active target foreign key is created,"no migration action, external call, job enqueue, provider retry, or runtime activation may be produced from this candidate",11,NOT_STARTED,NOT_RUN,docs/migration-mapping.jsonl:LEGACY-T14-273,NOT_EXECUTED,"The mapping is a migration decision, not proof that data moved.",6cb989c071255437d75953dabb943318a74eb8f4,UNMAPPED,UNMAPPED,UNMAPPED,UNMAPPED,UNMAPPED,UNMAPPED,UNMAPPED,UNMAPPED,UNMAPPED,UNMAPPED,UNMAPPED,UNMAPPED,NOT_EXECUTED,NOT_EXECUTED,NOT_EXECUTED,NOT_EXECUTED
LEGACY-T14-274,service_period_member_views,service_period,HEAD_PHYSICAL,ARCHIVE_ONLY,RETIREMENT_APPROVED,NO_TARGET,UNMAPPED,UPDATED_AT_PLUS_KEY,no active target foreign key is created,"no migration action, external call, job enqueue, provider retry, or runtime activation may be produced from this candidate",13,NOT_STARTED,NOT_RUN,docs/migration-mapping.jsonl:LEGACY-T14-274,NOT_EXECUTED,"The mapping is a migration decision, not proof that data moved.",6cb989c071255437d75953dabb943318a74eb8f4,UNMAPPED,UNMAPPED,UNMAPPED,UNMAPPED,UNMAPPED,UNMAPPED,UNMAPPED,UNMAPPED,UNMAPPED,UNMAPPED,UNMAPPED,UNMAPPED,NOT_EXECUTED,NOT_EXECUTED,NOT_EXECUTED,NOT_EXECUTED
LEGACY-T14-275,service_period_products,service_period,HEAD_PHYSICAL,ARCHIVE_ONLY,RETIREMENT_APPROVED,NO_TARGET,UNMAPPED,UPDATED_AT_PLUS_KEY,no active target foreign key is created,"no migration action, external call, job enqueue, provider retry, or runtime activation may be produced from this candidate",11,NOT_STARTED,NOT_RUN,docs/migration-mapping.jsonl:LEGACY-T14-275,NOT_EXECUTED,"The mapping is a migration decision, not proof that data moved.",6cb989c071255437d75953dabb943318a74eb8f4,UNMAPPED,UNMAPPED,UNMAPPED,UNMAPPED,UNMAPPED,UNMAPPED,UNMAPPED,UNMAPPED,UNMAPPED,UNMAPPED,UNMAPPED,UNMAPPED,NOT_EXECUTED,NOT_EXECUTED,NOT_EXECUTED,NOT_EXECUTED
LEGACY-T14-276,sidebar_customer_profile_fields,customer_read_model,HEAD_PHYSICAL,MIGRATE,BACKEND_REQUIRED,PENDING_TARGET_SCHEMA,planned:customers,UPDATED_AT_PLUS_KEY,rewrite through migration_import_ledger; quarantine every unresolved reference,"no migration action, external call, job enqueue, provider retry, or runtime activation may be produced from this candidate",8,NOT_STARTED,NOT_RUN,docs/migration-mapping.jsonl:LEGACY-T14-276,NOT_EXECUTED,"The mapping is a migration decision, not proof that data moved.",6cb989c071255437d75953dabb943318a74eb8f4,UNMAPPED,UNMAPPED,UNMAPPED,UNMAPPED,UNMAPPED,UNMAPPED,UNMAPPED,UNMAPPED,UNMAPPED,UNMAPPED,UNMAPPED,UNMAPPED,NOT_EXECUTED,NOT_EXECUTED,NOT_EXECUTED,NOT_EXECUTED
LEGACY-T14-277,signup_tag_rules,legacy_customer_tags,ABSENT_AT_HEAD,DEFER,DEFERRED_UNMAPPED,PENDING_TARGET_SCHEMA,UNMAPPED,PENDING_SOURCE_SCHEMA,no active target foreign key is created,"no migration action, external call, job enqueue, provider retry, or runtime activation may be produced from this candidate",0,NOT_STARTED,NOT_RUN,docs/migration-mapping.jsonl:LEGACY-T14-277,NOT_EXECUTED,"The mapping is a migration decision, not proof that data moved.",6cb989c071255437d75953dabb943318a74eb8f4,UNMAPPED,UNMAPPED,UNMAPPED,UNMAPPED,UNMAPPED,UNMAPPED,UNMAPPED,UNMAPPED,UNMAPPED,UNMAPPED,UNMAPPED,UNMAPPED,NOT_EXECUTED,NOT_EXECUTED,NOT_EXECUTED,NOT_EXECUTED
LEGACY-T14-278,sync_runs,admin_jobs,HEAD_PHYSICAL,RESET_RUNTIME,BACKEND_REQUIRED,NO_TARGET,UNMAPPED,CREATED_AT_PLUS_KEY,no active target foreign key is created,"no migration action, external call, job enqueue, provider retry, or runtime activation may be produced from this candidate",12,NOT_STARTED,NOT_RUN,docs/migration-mapping.jsonl:LEGACY-T14-278,NOT_EXECUTED,"The mapping is a migration decision, not proof that data moved.",6cb989c071255437d75953dabb943318a74eb8f4,UNMAPPED,UNMAPPED,UNMAPPED,UNMAPPED,UNMAPPED,UNMAPPED,UNMAPPED,UNMAPPED,UNMAPPED,UNMAPPED,UNMAPPED,UNMAPPED,NOT_EXECUTED,NOT_EXECUTED,NOT_EXECUTED,NOT_EXECUTED
LEGACY-T14-279,user_ops_activation_status_source,legacy_user_ops,ABSENT_AT_HEAD,DEFER,DEFERRED_UNMAPPED,PENDING_TARGET_SCHEMA,UNMAPPED,PENDING_SOURCE_SCHEMA,no active target foreign key is created,"no migration action, external call, job enqueue, provider retry, or runtime activation may be produced from this candidate",0,NOT_STARTED,NOT_RUN,docs/migration-mapping.jsonl:LEGACY-T14-279,NOT_EXECUTED,"The mapping is a migration decision, not proof that data moved.",6cb989c071255437d75953dabb943318a74eb8f4,UNMAPPED,UNMAPPED,UNMAPPED,UNMAPPED,UNMAPPED,UNMAPPED,UNMAPPED,UNMAPPED,UNMAPPED,UNMAPPED,UNMAPPED,UNMAPPED,NOT_EXECUTED,NOT_EXECUTED,NOT_EXECUTED,NOT_EXECUTED
LEGACY-T14-280,user_ops_deferred_jobs,user_ops,ABSENT_AT_HEAD,DEFER,DEFERRED_UNMAPPED,NO_TARGET,UNMAPPED,PENDING_SOURCE_SCHEMA,no active target foreign key is created,"no migration action, external call, job enqueue, provider retry, or runtime activation may be produced from this candidate",0,NOT_STARTED,NOT_RUN,docs/migration-mapping.jsonl:LEGACY-T14-280,NOT_EXECUTED,"The mapping is a migration decision, not proof that data moved.",6cb989c071255437d75953dabb943318a74eb8f4,UNMAPPED,UNMAPPED,UNMAPPED,UNMAPPED,UNMAPPED,UNMAPPED,UNMAPPED,UNMAPPED,UNMAPPED,UNMAPPED,UNMAPPED,UNMAPPED,NOT_EXECUTED,NOT_EXECUTED,NOT_EXECUTED,NOT_EXECUTED
LEGACY-T14-281,user_ops_do_not_disturb,legacy_user_ops,ABSENT_AT_HEAD,DEFER,DEFERRED_UNMAPPED,PENDING_TARGET_SCHEMA,UNMAPPED,PENDING_SOURCE_SCHEMA,no active target foreign key is created,"no migration action, external call, job enqueue, provider retry, or runtime activation may be produced from this candidate",0,NOT_STARTED,NOT_RUN,docs/migration-mapping.jsonl:LEGACY-T14-281,NOT_EXECUTED,"The mapping is a migration decision, not proof that data moved.",6cb989c071255437d75953dabb943318a74eb8f4,UNMAPPED,UNMAPPED,UNMAPPED,UNMAPPED,UNMAPPED,UNMAPPED,UNMAPPED,UNMAPPED,UNMAPPED,UNMAPPED,UNMAPPED,UNMAPPED,NOT_EXECUTED,NOT_EXECUTED,NOT_EXECUTED,NOT_EXECUTED
LEGACY-T14-282,user_ops_do_not_disturb_next,user_ops,HEAD_PHYSICAL,DEFER,DEFERRED_UNMAPPED,PENDING_TARGET_SCHEMA,UNMAPPED,UPDATED_AT_PLUS_KEY,no active target foreign key is created,active suppression must remain effective through a signed suppress model or launch deny-list; uncovered active rows block cutover and never become sendable,9,NOT_STARTED,NOT_RUN,docs/migration-mapping.jsonl:LEGACY-T14-282,NOT_EXECUTED,"The mapping is a migration decision, not proof that data moved.",6cb989c071255437d75953dabb943318a74eb8f4,UNMAPPED,UNMAPPED,UNMAPPED,UNMAPPED,UNMAPPED,UNMAPPED,UNMAPPED,UNMAPPED,UNMAPPED,UNMAPPED,UNMAPPED,UNMAPPED,NOT_EXECUTED,NOT_EXECUTED,NOT_EXECUTED,NOT_EXECUTED
LEGACY-T14-283,user_ops_experience_leads,legacy_user_ops,ABSENT_AT_HEAD,DEFER,DEFERRED_UNMAPPED,PENDING_TARGET_SCHEMA,UNMAPPED,PENDING_SOURCE_SCHEMA,no active target foreign key is created,"no migration action, external call, job enqueue, provider retry, or runtime activation may be produced from this candidate",0,NOT_STARTED,NOT_RUN,docs/migration-mapping.jsonl:LEGACY-T14-283,NOT_EXECUTED,"The mapping is a migration decision, not proof that data moved.",6cb989c071255437d75953dabb943318a74eb8f4,UNMAPPED,UNMAPPED,UNMAPPED,UNMAPPED,UNMAPPED,UNMAPPED,UNMAPPED,UNMAPPED,UNMAPPED,UNMAPPED,UNMAPPED,UNMAPPED,NOT_EXECUTED,NOT_EXECUTED,NOT_EXECUTED,NOT_EXECUTED
LEGACY-T14-284,user_ops_huangxiaocan_activation_source,legacy_user_ops,ABSENT_AT_HEAD,DEFER,DEFERRED_UNMAPPED,PENDING_TARGET_SCHEMA,UNMAPPED,PENDING_SOURCE_SCHEMA,no active target foreign key is created,"no migration action, external call, job enqueue, provider retry, or runtime activation may be produced from this candidate",0,NOT_STARTED,NOT_RUN,docs/migration-mapping.jsonl:LEGACY-T14-284,NOT_EXECUTED,"The mapping is a migration decision, not proof that data moved.",6cb989c071255437d75953dabb943318a74eb8f4,UNMAPPED,UNMAPPED,UNMAPPED,UNMAPPED,UNMAPPED,UNMAPPED,UNMAPPED,UNMAPPED,UNMAPPED,UNMAPPED,UNMAPPED,UNMAPPED,NOT_EXECUTED,NOT_EXECUTED,NOT_EXECUTED,NOT_EXECUTED
LEGACY-T14-285,user_ops_hxc_dashboard_meta,user_ops,HEAD_PHYSICAL,REBUILD,BACKEND_REQUIRED,NO_TARGET,UNMAPPED,FULL_ONLY,no active target foreign key is created,"no migration action, external call, job enqueue, provider retry, or runtime activation may be produced from this candidate",10,NOT_STARTED,NOT_RUN,docs/migration-mapping.jsonl:LEGACY-T14-285,NOT_EXECUTED,"The mapping is a migration decision, not proof that data moved.",6cb989c071255437d75953dabb943318a74eb8f4,UNMAPPED,UNMAPPED,UNMAPPED,UNMAPPED,UNMAPPED,UNMAPPED,UNMAPPED,UNMAPPED,UNMAPPED,UNMAPPED,UNMAPPED,UNMAPPED,NOT_EXECUTED,NOT_EXECUTED,NOT_EXECUTED,NOT_EXECUTED
LEGACY-T14-286,user_ops_hxc_dashboard_snapshot,user_ops,HEAD_PHYSICAL,REBUILD,BACKEND_REQUIRED,NO_TARGET,UNMAPPED,FULL_ONLY,no active target foreign key is created,"no migration action, external call, job enqueue, provider retry, or runtime activation may be produced from this candidate",124,NOT_STARTED,NOT_RUN,docs/migration-mapping.jsonl:LEGACY-T14-286,NOT_EXECUTED,"The mapping is a migration decision, not proof that data moved.",6cb989c071255437d75953dabb943318a74eb8f4,UNMAPPED,UNMAPPED,UNMAPPED,UNMAPPED,UNMAPPED,UNMAPPED,UNMAPPED,UNMAPPED,UNMAPPED,UNMAPPED,UNMAPPED,UNMAPPED,NOT_EXECUTED,NOT_EXECUTED,NOT_EXECUTED,NOT_EXECUTED
LEGACY-T14-287,user_ops_hxc_send_config,user_ops,HEAD_PHYSICAL,MIGRATE,BACKEND_REQUIRED,FROZEN_PHYSICAL,physical:hxc_sender_configs,UPDATED_AT_PLUS_KEY,no target foreign key is created,"no historical import, external call, job enqueue, provider retry, or runtime activation may be produced from this read-only candidate",7,NOT_STARTED,NOT_RUN,docs/migration-mapping.jsonl:LEGACY-T14-287,NOT_EXECUTED,"The mapping is a migration decision, not proof that data moved.",6cb989c071255437d75953dabb943318a74eb8f4,UNMAPPED,UNMAPPED,UNMAPPED,UNMAPPED,UNMAPPED,UNMAPPED,UNMAPPED,UNMAPPED,UNMAPPED,UNMAPPED,UNMAPPED,UNMAPPED,NOT_EXECUTED,NOT_EXECUTED,NOT_EXECUTED,NOT_EXECUTED
LEGACY-T14-288,user_ops_import_batches,legacy_user_ops,ABSENT_AT_HEAD,DEFER,DEFERRED_UNMAPPED,PENDING_TARGET_SCHEMA,UNMAPPED,PENDING_SOURCE_SCHEMA,no active target foreign key is created,"no migration action, external call, job enqueue, provider retry, or runtime activation may be produced from this candidate",0,NOT_STARTED,NOT_RUN,docs/migration-mapping.jsonl:LEGACY-T14-288,NOT_EXECUTED,"The mapping is a migration decision, not proof that data moved.",6cb989c071255437d75953dabb943318a74eb8f4,UNMAPPED,UNMAPPED,UNMAPPED,UNMAPPED,UNMAPPED,UNMAPPED,UNMAPPED,UNMAPPED,UNMAPPED,UNMAPPED,UNMAPPED,UNMAPPED,NOT_EXECUTED,NOT_EXECUTED,NOT_EXECUTED,NOT_EXECUTED
LEGACY-T14-289,user_ops_lead_pool_current,user_ops,ABSENT_AT_HEAD,DEFER,DEFERRED_UNMAPPED,NO_TARGET,UNMAPPED,PENDING_SOURCE_SCHEMA,no active target foreign key is created,"no migration action, external call, job enqueue, provider retry, or runtime activation may be produced from this candidate",0,NOT_STARTED,NOT_RUN,docs/migration-mapping.jsonl:LEGACY-T14-289,NOT_EXECUTED,"The mapping is a migration decision, not proof that data moved.",6cb989c071255437d75953dabb943318a74eb8f4,UNMAPPED,UNMAPPED,UNMAPPED,UNMAPPED,UNMAPPED,UNMAPPED,UNMAPPED,UNMAPPED,UNMAPPED,UNMAPPED,UNMAPPED,UNMAPPED,NOT_EXECUTED,NOT_EXECUTED,NOT_EXECUTED,NOT_EXECUTED
LEGACY-T14-290,user_ops_lead_pool_history,user_ops,ABSENT_AT_HEAD,DEFER,DEFERRED_UNMAPPED,NO_TARGET,UNMAPPED,PENDING_SOURCE_SCHEMA,no active target foreign key is created,"no migration action, external call, job enqueue, provider retry, or runtime activation may be produced from this candidate",0,NOT_STARTED,NOT_RUN,docs/migration-mapping.jsonl:LEGACY-T14-290,NOT_EXECUTED,"The mapping is a migration decision, not proof that data moved.",6cb989c071255437d75953dabb943318a74eb8f4,UNMAPPED,UNMAPPED,UNMAPPED,UNMAPPED,UNMAPPED,UNMAPPED,UNMAPPED,UNMAPPED,UNMAPPED,UNMAPPED,UNMAPPED,UNMAPPED,NOT_EXECUTED,NOT_EXECUTED,NOT_EXECUTED,NOT_EXECUTED
LEGACY-T14-291,user_ops_pool_current,user_ops,ABSENT_AT_HEAD,DEFER,DEFERRED_UNMAPPED,NO_TARGET,UNMAPPED,PENDING_SOURCE_SCHEMA,no active target foreign key is created,"no migration action, external call, job enqueue, provider retry, or runtime activation may be produced from this candidate",0,NOT_STARTED,NOT_RUN,docs/migration-mapping.jsonl:LEGACY-T14-291,NOT_EXECUTED,"The mapping is a migration decision, not proof that data moved.",6cb989c071255437d75953dabb943318a74eb8f4,UNMAPPED,UNMAPPED,UNMAPPED,UNMAPPED,UNMAPPED,UNMAPPED,UNMAPPED,UNMAPPED,UNMAPPED,UNMAPPED,UNMAPPED,UNMAPPED,NOT_EXECUTED,NOT_EXECUTED,NOT_EXECUTED,NOT_EXECUTED
LEGACY-T14-292,user_ops_pool_current_next,user_ops,HEAD_PHYSICAL,REBUILD,BACKEND_REQUIRED,NO_TARGET,UNMAPPED,UPDATED_AT_PLUS_KEY,no active target foreign key is created,"no migration action, external call, job enqueue, provider retry, or runtime activation may be produced from this candidate",13,NOT_STARTED,NOT_RUN,docs/migration-mapping.jsonl:LEGACY-T14-292,NOT_EXECUTED,"The mapping is a migration decision, not proof that data moved.",6cb989c071255437d75953dabb943318a74eb8f4,UNMAPPED,UNMAPPED,UNMAPPED,UNMAPPED,UNMAPPED,UNMAPPED,UNMAPPED,UNMAPPED,UNMAPPED,UNMAPPED,UNMAPPED,UNMAPPED,NOT_EXECUTED,NOT_EXECUTED,NOT_EXECUTED,NOT_EXECUTED
LEGACY-T14-293,user_ops_pool_history,user_ops,ABSENT_AT_HEAD,DEFER,DEFERRED_UNMAPPED,NO_TARGET,UNMAPPED,PENDING_SOURCE_SCHEMA,no active target foreign key is created,"no migration action, external call, job enqueue, provider retry, or runtime activation may be produced from this candidate",0,NOT_STARTED,NOT_RUN,docs/migration-mapping.jsonl:LEGACY-T14-293,NOT_EXECUTED,"The mapping is a migration decision, not proof that data moved.",6cb989c071255437d75953dabb943318a74eb8f4,UNMAPPED,UNMAPPED,UNMAPPED,UNMAPPED,UNMAPPED,UNMAPPED,UNMAPPED,UNMAPPED,UNMAPPED,UNMAPPED,UNMAPPED,UNMAPPED,NOT_EXECUTED,NOT_EXECUTED,NOT_EXECUTED,NOT_EXECUTED
LEGACY-T14-294,user_ops_send_records,user_ops,ABSENT_AT_HEAD,DEFER,DEFERRED_UNMAPPED,NO_TARGET,UNMAPPED,PENDING_SOURCE_SCHEMA,no active target foreign key is created,"no migration action, external call, job enqueue, provider retry, or runtime activation may be produced from this candidate",0,NOT_STARTED,NOT_RUN,docs/migration-mapping.jsonl:LEGACY-T14-294,NOT_EXECUTED,"The mapping is a migration decision, not proof that data moved.",6cb989c071255437d75953dabb943318a74eb8f4,UNMAPPED,UNMAPPED,UNMAPPED,UNMAPPED,UNMAPPED,UNMAPPED,UNMAPPED,UNMAPPED,UNMAPPED,UNMAPPED,UNMAPPED,UNMAPPED,NOT_EXECUTED,NOT_EXECUTED,NOT_EXECUTED,NOT_EXECUTED
LEGACY-T14-295,user_ops_send_records_next,user_ops,HEAD_PHYSICAL,MIGRATE,BACKEND_REQUIRED,PENDING_TARGET_SCHEMA,planned:outbound_tasks,CREATED_AT_PLUS_KEY,rewrite through migration_import_ledger; quarantine every unresolved reference,"never reactivate legacy execution or sending; queued, claimed, dispatching, retryable, unknown_after_dispatch, or provider_accepted without delivery proof stay held or archive-only with no retry, River job, or event enqueue",35,NOT_STARTED,NOT_RUN,docs/migration-mapping.jsonl:LEGACY-T14-295,NOT_EXECUTED,"The mapping is a migration decision, not proof that data moved.",6cb989c071255437d75953dabb943318a74eb8f4,UNMAPPED,UNMAPPED,UNMAPPED,UNMAPPED,UNMAPPED,UNMAPPED,UNMAPPED,UNMAPPED,UNMAPPED,UNMAPPED,UNMAPPED,UNMAPPED,NOT_EXECUTED,NOT_EXECUTED,NOT_EXECUTED,NOT_EXECUTED
LEGACY-T14-296,webhook_inbox,webhook_ingress,HEAD_PHYSICAL,RESET_RUNTIME,BACKEND_REQUIRED,NO_TARGET,UNMAPPED,UPDATED_AT_PLUS_KEY,no active target foreign key is created,"never enqueue, retry, dispatch, approve, or resume legacy work",46,NOT_STARTED,NOT_RUN,docs/migration-mapping.jsonl:LEGACY-T14-296,NOT_EXECUTED,"The mapping is a migration decision, not proof that data moved.",6cb989c071255437d75953dabb943318a74eb8f4,UNMAPPED,UNMAPPED,UNMAPPED,UNMAPPED,UNMAPPED,UNMAPPED,UNMAPPED,UNMAPPED,UNMAPPED,UNMAPPED,UNMAPPED,UNMAPPED,NOT_EXECUTED,NOT_EXECUTED,NOT_EXECUTED,NOT_EXECUTED
LEGACY-T14-297,wechat_pay_order_events,commerce,HEAD_PHYSICAL,ARCHIVE_ONLY,RETIREMENT_APPROVED,NO_TARGET,UNMAPPED,CREATED_AT_PLUS_KEY,no active target foreign key is created,"no migration action, external call, job enqueue, provider retry, or runtime activation may be produced from this candidate",8,NOT_STARTED,NOT_RUN,docs/migration-mapping.jsonl:LEGACY-T14-297,NOT_EXECUTED,"The mapping is a migration decision, not proof that data moved.",6cb989c071255437d75953dabb943318a74eb8f4,UNMAPPED,UNMAPPED,UNMAPPED,UNMAPPED,UNMAPPED,UNMAPPED,UNMAPPED,UNMAPPED,UNMAPPED,UNMAPPED,UNMAPPED,UNMAPPED,NOT_EXECUTED,NOT_EXECUTED,NOT_EXECUTED,NOT_EXECUTED
LEGACY-T14-298,wechat_pay_order_export_jobs,legacy_commerce,ABSENT_AT_HEAD,DEFER,DEFERRED_UNMAPPED,PENDING_TARGET_SCHEMA,UNMAPPED,PENDING_SOURCE_SCHEMA,no active target foreign key is created,"no migration action, external call, job enqueue, provider retry, or runtime activation may be produced from this candidate",0,NOT_STARTED,NOT_RUN,docs/migration-mapping.jsonl:LEGACY-T14-298,NOT_EXECUTED,"The mapping is a migration decision, not proof that data moved.",6cb989c071255437d75953dabb943318a74eb8f4,UNMAPPED,UNMAPPED,UNMAPPED,UNMAPPED,UNMAPPED,UNMAPPED,UNMAPPED,UNMAPPED,UNMAPPED,UNMAPPED,UNMAPPED,UNMAPPED,NOT_EXECUTED,NOT_EXECUTED,NOT_EXECUTED,NOT_EXECUTED
LEGACY-T14-299,wechat_pay_order_identity_repair,commerce,ABSENT_AT_HEAD,DEFER,DEFERRED_UNMAPPED,NO_TARGET,UNMAPPED,PENDING_SOURCE_SCHEMA,no active target foreign key is created,identity resolution is scoped and fail-closed; unresolved references remain floating or quarantined and never create guessed customers,0,NOT_STARTED,NOT_RUN,docs/migration-mapping.jsonl:LEGACY-T14-299,NOT_EXECUTED,"The mapping is a migration decision, not proof that data moved.",6cb989c071255437d75953dabb943318a74eb8f4,UNMAPPED,UNMAPPED,UNMAPPED,UNMAPPED,UNMAPPED,UNMAPPED,UNMAPPED,UNMAPPED,UNMAPPED,UNMAPPED,UNMAPPED,UNMAPPED,NOT_EXECUTED,NOT_EXECUTED,NOT_EXECUTED,NOT_EXECUTED
LEGACY-T14-300,wechat_pay_orders,commerce,HEAD_PHYSICAL,ARCHIVE_ONLY,RETIREMENT_APPROVED,NO_TARGET,UNMAPPED,UPDATED_AT_PLUS_KEY,no active target foreign key is created,"no migration action, external call, job enqueue, provider retry, or runtime activation may be produced from this candidate",37,NOT_STARTED,NOT_RUN,docs/migration-mapping.jsonl:LEGACY-T14-300,NOT_EXECUTED,"The mapping is a migration decision, not proof that data moved.",6cb989c071255437d75953dabb943318a74eb8f4,UNMAPPED,UNMAPPED,UNMAPPED,UNMAPPED,UNMAPPED,UNMAPPED,UNMAPPED,UNMAPPED,UNMAPPED,UNMAPPED,UNMAPPED,UNMAPPED,NOT_EXECUTED,NOT_EXECUTED,NOT_EXECUTED,NOT_EXECUTED
LEGACY-T14-301,wechat_pay_product_page_slices,commerce,HEAD_PHYSICAL,ARCHIVE_ONLY,RETIREMENT_APPROVED,NO_TARGET,UNMAPPED,UPDATED_AT_PLUS_KEY,no active target foreign key is created,"never replay payment, refund, entitlement, sync, callback, external push, or provider work",7,NOT_STARTED,NOT_RUN,docs/migration-mapping.jsonl:LEGACY-T14-301,NOT_EXECUTED,"The mapping is a migration decision, not proof that data moved.",6cb989c071255437d75953dabb943318a74eb8f4,UNMAPPED,UNMAPPED,UNMAPPED,UNMAPPED,UNMAPPED,UNMAPPED,UNMAPPED,UNMAPPED,UNMAPPED,UNMAPPED,UNMAPPED,UNMAPPED,NOT_EXECUTED,NOT_EXECUTED,NOT_EXECUTED,NOT_EXECUTED
LEGACY-T14-302,wechat_pay_products,commerce,HEAD_PHYSICAL,ARCHIVE_ONLY,RETIREMENT_APPROVED,NO_TARGET,UNMAPPED,UPDATED_AT_PLUS_KEY,no active target foreign key is created,"no migration action, external call, job enqueue, provider retry, or runtime activation may be produced from this candidate",20,NOT_STARTED,NOT_RUN,docs/migration-mapping.jsonl:LEGACY-T14-302,NOT_EXECUTED,"The mapping is a migration decision, not proof that data moved.",6cb989c071255437d75953dabb943318a74eb8f4,UNMAPPED,UNMAPPED,UNMAPPED,UNMAPPED,UNMAPPED,UNMAPPED,UNMAPPED,UNMAPPED,UNMAPPED,UNMAPPED,UNMAPPED,UNMAPPED,NOT_EXECUTED,NOT_EXECUTED,NOT_EXECUTED,NOT_EXECUTED
LEGACY-T14-303,wechat_pay_refunds,commerce,HEAD_PHYSICAL,ARCHIVE_ONLY,RETIREMENT_APPROVED,NO_TARGET,UNMAPPED,UPDATED_AT_PLUS_KEY,no active target foreign key is created,"no migration action, external call, job enqueue, provider retry, or runtime activation may be produced from this candidate",17,NOT_STARTED,NOT_RUN,docs/migration-mapping.jsonl:LEGACY-T14-303,NOT_EXECUTED,"The mapping is a migration decision, not proof that data moved.",6cb989c071255437d75953dabb943318a74eb8f4,UNMAPPED,UNMAPPED,UNMAPPED,UNMAPPED,UNMAPPED,UNMAPPED,UNMAPPED,UNMAPPED,UNMAPPED,UNMAPPED,UNMAPPED,UNMAPPED,NOT_EXECUTED,NOT_EXECUTED,NOT_EXECUTED,NOT_EXECUTED
LEGACY-T14-304,wechat_shop_order_events,commerce,HEAD_PHYSICAL,ARCHIVE_ONLY,RETIREMENT_APPROVED,NO_TARGET,UNMAPPED,UPDATED_AT_PLUS_KEY,no active target foreign key is created,"no migration action, external call, job enqueue, provider retry, or runtime activation may be produced from this candidate",11,NOT_STARTED,NOT_RUN,docs/migration-mapping.jsonl:LEGACY-T14-304,NOT_EXECUTED,"The mapping is a migration decision, not proof that data moved.",6cb989c071255437d75953dabb943318a74eb8f4,UNMAPPED,UNMAPPED,UNMAPPED,UNMAPPED,UNMAPPED,UNMAPPED,UNMAPPED,UNMAPPED,UNMAPPED,UNMAPPED,UNMAPPED,UNMAPPED,NOT_EXECUTED,NOT_EXECUTED,NOT_EXECUTED,NOT_EXECUTED
LEGACY-T14-305,wechat_shop_orders,commerce,HEAD_PHYSICAL,ARCHIVE_ONLY,RETIREMENT_APPROVED,NO_TARGET,UNMAPPED,UPDATED_AT_PLUS_KEY,no active target foreign key is created,"no migration action, external call, job enqueue, provider retry, or runtime activation may be produced from this candidate",35,NOT_STARTED,NOT_RUN,docs/migration-mapping.jsonl:LEGACY-T14-305,NOT_EXECUTED,"The mapping is a migration decision, not proof that data moved.",6cb989c071255437d75953dabb943318a74eb8f4,UNMAPPED,UNMAPPED,UNMAPPED,UNMAPPED,UNMAPPED,UNMAPPED,UNMAPPED,UNMAPPED,UNMAPPED,UNMAPPED,UNMAPPED,UNMAPPED,NOT_EXECUTED,NOT_EXECUTED,NOT_EXECUTED,NOT_EXECUTED
LEGACY-T14-306,wechat_shop_refunds,commerce,HEAD_PHYSICAL,ARCHIVE_ONLY,RETIREMENT_APPROVED,NO_TARGET,UNMAPPED,UPDATED_AT_PLUS_KEY,no active target foreign key is created,"no migration action, external call, job enqueue, provider retry, or runtime activation may be produced from this candidate",17,NOT_STARTED,NOT_RUN,docs/migration-mapping.jsonl:LEGACY-T14-306,NOT_EXECUTED,"The mapping is a migration decision, not proof that data moved.",6cb989c071255437d75953dabb943318a74eb8f4,UNMAPPED,UNMAPPED,UNMAPPED,UNMAPPED,UNMAPPED,UNMAPPED,UNMAPPED,UNMAPPED,UNMAPPED,UNMAPPED,UNMAPPED,UNMAPPED,NOT_EXECUTED,NOT_EXECUTED,NOT_EXECUTED,NOT_EXECUTED
LEGACY-T14-307,wechat_shop_sync_runs,commerce,HEAD_PHYSICAL,ARCHIVE_ONLY,RETIREMENT_APPROVED,NO_TARGET,UNMAPPED,UPDATED_AT_PLUS_KEY,no active target foreign key is created,"no migration action, external call, job enqueue, provider retry, or runtime activation may be produced from this candidate",16,NOT_STARTED,NOT_RUN,docs/migration-mapping.jsonl:LEGACY-T14-307,NOT_EXECUTED,"The mapping is a migration decision, not proof that data moved.",6cb989c071255437d75953dabb943318a74eb8f4,UNMAPPED,UNMAPPED,UNMAPPED,UNMAPPED,UNMAPPED,UNMAPPED,UNMAPPED,UNMAPPED,UNMAPPED,UNMAPPED,UNMAPPED,UNMAPPED,NOT_EXECUTED,NOT_EXECUTED,NOT_EXECUTED,NOT_EXECUTED
LEGACY-T14-308,wechat_shop_tokens,legacy_commerce,ABSENT_AT_HEAD,DEFER,DEFERRED_UNMAPPED,PENDING_TARGET_SCHEMA,UNMAPPED,PENDING_SOURCE_SCHEMA,no active target foreign key is created,"no migration action, external call, job enqueue, provider retry, or runtime activation may be produced from this candidate",0,NOT_STARTED,NOT_RUN,docs/migration-mapping.jsonl:LEGACY-T14-308,NOT_EXECUTED,"The mapping is a migration decision, not proof that data moved.",6cb989c071255437d75953dabb943318a74eb8f4,UNMAPPED,UNMAPPED,UNMAPPED,UNMAPPED,UNMAPPED,UNMAPPED,UNMAPPED,UNMAPPED,UNMAPPED,UNMAPPED,UNMAPPED,UNMAPPED,NOT_EXECUTED,NOT_EXECUTED,NOT_EXECUTED,NOT_EXECUTED
LEGACY-T14-309,wecom_corp_tag_groups,customer_tags,HEAD_PHYSICAL,MIGRATE,BACKEND_REQUIRED,PENDING_TARGET_SCHEMA,planned:tag_groups,UPDATED_AT_PLUS_KEY,rewrite through migration_import_ledger; quarantine every unresolved reference,"no migration action, external call, job enqueue, provider retry, or runtime activation may be produced from this candidate",7,NOT_STARTED,NOT_RUN,docs/migration-mapping.jsonl:LEGACY-T14-309,NOT_EXECUTED,"The mapping is a migration decision, not proof that data moved.",6cb989c071255437d75953dabb943318a74eb8f4,UNMAPPED,UNMAPPED,UNMAPPED,UNMAPPED,UNMAPPED,UNMAPPED,UNMAPPED,UNMAPPED,UNMAPPED,UNMAPPED,UNMAPPED,UNMAPPED,NOT_EXECUTED,NOT_EXECUTED,NOT_EXECUTED,NOT_EXECUTED
LEGACY-T14-310,wecom_corp_tags,customer_tags,HEAD_PHYSICAL,MIGRATE,BACKEND_REQUIRED,PENDING_TARGET_SCHEMA,planned:tags,UPDATED_AT_PLUS_KEY,rewrite through migration_import_ledger; quarantine every unresolved reference,"no migration action, external call, job enqueue, provider retry, or runtime activation may be produced from this candidate",9,NOT_STARTED,NOT_RUN,docs/migration-mapping.jsonl:LEGACY-T14-310,NOT_EXECUTED,"The mapping is a migration decision, not proof that data moved.",6cb989c071255437d75953dabb943318a74eb8f4,UNMAPPED,UNMAPPED,UNMAPPED,UNMAPPED,UNMAPPED,UNMAPPED,UNMAPPED,UNMAPPED,UNMAPPED,UNMAPPED,UNMAPPED,UNMAPPED,NOT_EXECUTED,NOT_EXECUTED,NOT_EXECUTED,NOT_EXECUTED
LEGACY-T14-311,wecom_customer_acquisition_links,channel_entry,HEAD_PHYSICAL,DROP,RETIREMENT_APPROVED,NO_TARGET,UNMAPPED,UPDATED_AT_PLUS_KEY,no active target foreign key is created,"never replay provider calls, sessions, messages, welcome actions, or owner-transfer workflows",10,NOT_STARTED,NOT_RUN,docs/migration-mapping.jsonl:LEGACY-T14-311,NOT_EXECUTED,"The mapping is a migration decision, not proof that data moved.",6cb989c071255437d75953dabb943318a74eb8f4,UNMAPPED,UNMAPPED,UNMAPPED,UNMAPPED,UNMAPPED,UNMAPPED,UNMAPPED,UNMAPPED,UNMAPPED,UNMAPPED,UNMAPPED,UNMAPPED,NOT_EXECUTED,NOT_EXECUTED,NOT_EXECUTED,NOT_EXECUTED
LEGACY-T14-312,wecom_external_contact_event_logs,identity_contact,HEAD_PHYSICAL,MIGRATE,BACKEND_REQUIRED,PENDING_TARGET_SCHEMA,planned:customer_events|planned:pending_events,UPDATED_AT_PLUS_KEY,rewrite through migration_import_ledger; quarantine every unresolved reference,"identity and staff references are scoped and fail-closed; unresolved facts remain quarantined and no welcome, tag, assignment, or provider effect is replayed",19,NOT_STARTED,NOT_RUN,docs/migration-mapping.jsonl:LEGACY-T14-312,NOT_EXECUTED,"The mapping is a migration decision, not proof that data moved.",6cb989c071255437d75953dabb943318a74eb8f4,UNMAPPED,UNMAPPED,UNMAPPED,UNMAPPED,UNMAPPED,UNMAPPED,UNMAPPED,UNMAPPED,UNMAPPED,UNMAPPED,UNMAPPED,UNMAPPED,NOT_EXECUTED,NOT_EXECUTED,NOT_EXECUTED,NOT_EXECUTED
LEGACY-T14-313,wecom_external_contact_follow_users,identity_contact,HEAD_PHYSICAL,DEFER,DEFERRED_UNMAPPED,PENDING_TARGET_SCHEMA,UNMAPPED,UPDATED_AT_PLUS_KEY,no active target foreign key is created,identity resolution is scoped and fail-closed; unresolved references remain floating or quarantined and never create guessed customers,13,NOT_STARTED,NOT_RUN,docs/migration-mapping.jsonl:LEGACY-T14-313,NOT_EXECUTED,"The mapping is a migration decision, not proof that data moved.",6cb989c071255437d75953dabb943318a74eb8f4,UNMAPPED,UNMAPPED,UNMAPPED,UNMAPPED,UNMAPPED,UNMAPPED,UNMAPPED,UNMAPPED,UNMAPPED,UNMAPPED,UNMAPPED,UNMAPPED,NOT_EXECUTED,NOT_EXECUTED,NOT_EXECUTED,NOT_EXECUTED
LEGACY-T14-314,wecom_external_contact_identity_map,identity_contact,HEAD_PHYSICAL,MIGRATE,BACKEND_REQUIRED,PENDING_TARGET_SCHEMA,planned:identities|planned:customers,UPDATED_AT_PLUS_KEY,rewrite through migration_import_ledger; quarantine every unresolved reference,identity resolution is scoped and fail-closed; status is not customers.is_deleted and raw_profile is never copied wholesale,15,NOT_STARTED,NOT_RUN,docs/migration-mapping.jsonl:LEGACY-T14-314,NOT_EXECUTED,"The mapping is a migration decision, not proof that data moved.",6cb989c071255437d75953dabb943318a74eb8f4,UNMAPPED,UNMAPPED,UNMAPPED,UNMAPPED,UNMAPPED,UNMAPPED,UNMAPPED,UNMAPPED,UNMAPPED,UNMAPPED,UNMAPPED,UNMAPPED,NOT_EXECUTED,NOT_EXECUTED,NOT_EXECUTED,NOT_EXECUTED
LEGACY-T14-315,wecom_group_chat_snapshots,group_ops,HEAD_PHYSICAL,REBUILD,BACKEND_REQUIRED,NO_TARGET,UNMAPPED,FULL_ONLY,no active target foreign key is created,"no migration action, external call, job enqueue, provider retry, or runtime activation may be produced from this candidate",9,NOT_STARTED,NOT_RUN,docs/migration-mapping.jsonl:LEGACY-T14-315,NOT_EXECUTED,"The mapping is a migration decision, not proof that data moved.",6cb989c071255437d75953dabb943318a74eb8f4,UNMAPPED,UNMAPPED,UNMAPPED,UNMAPPED,UNMAPPED,UNMAPPED,UNMAPPED,UNMAPPED,UNMAPPED,UNMAPPED,UNMAPPED,UNMAPPED,NOT_EXECUTED,NOT_EXECUTED,NOT_EXECUTED,NOT_EXECUTED
LEGACY-T14-316,wecom_media_leases,media_library,HEAD_PHYSICAL,DEFER,DEFERRED_UNMAPPED,PENDING_TARGET_SCHEMA,UNMAPPED,UPDATED_AT_PLUS_KEY,no active target foreign key is created,"no migration action, external call, job enqueue, provider retry, or runtime activation may be produced from this candidate",22,NOT_STARTED,NOT_RUN,docs/migration-mapping.jsonl:LEGACY-T14-316,NOT_EXECUTED,"The mapping is a migration decision, not proof that data moved.",6cb989c071255437d75953dabb943318a74eb8f4,UNMAPPED,UNMAPPED,UNMAPPED,UNMAPPED,UNMAPPED,UNMAPPED,UNMAPPED,UNMAPPED,UNMAPPED,UNMAPPED,UNMAPPED,UNMAPPED,NOT_EXECUTED,NOT_EXECUTED,NOT_EXECUTED,NOT_EXECUTED
