mapping_id,legacy_path,manifest_methods,manifest_path,audience,auth_scheme,requires_auth,csrf,access_scope,capability_owner,candidate_v2_method,candidate_v2_path,candidate_v2_operation_id,target_mapping_id,legacy_disposition,signoff,discrepancy_flags,legacy_external_effects,protocol_status,source_evidence,external_effect_status,notes,caller,provider,direction,signature,encryption,oauth,request_contract,response_contract,error_contract,ack_contract,sla_contract,replay_contract,capability_ref,effect_ref,contract_status,adapter_status,fixture_status,sandbox_status,production_route_status
LEGACY-API-0564,/api/ai-assist/external/campaign-preparations,POST,/api/ai-assist/external/campaign-preparations,external_integration,api_client_jwt,true,false,service,ai_assist,PENDING_HUMAN_DESIGN,PENDING_HUMAN_DESIGN,PENDING_HUMAN_DESIGN,UNMAPPED,DEFERRED_POST_LAUNCH,APPROVED,NONE,none,INVENTORIED,aicrm_next/extensions/ai/ai_assist/api.py:84-99,NOT_EXECUTED,"Protocol endpoint is inventoried; method, auth, acknowledgement, and adapter contract remain unmapped unless independently evidenced.",UNMAPPED,UNMAPPED,UNMAPPED,UNMAPPED,UNMAPPED,UNMAPPED,UNMAPPED,UNMAPPED,UNMAPPED,UNMAPPED,UNMAPPED,UNMAPPED,UNMAPPED,UNMAPPED,NOT_EXECUTED,NOT_EXECUTED,NOT_EXECUTED,NOT_EXECUTED,NOT_EXECUTED
LEGACY-API-0565,/api/ai-assist/external/campaign-preparations/{preparation_id},GET,/api/ai-assist/external/campaign-preparations/{preparation_id},external_integration,api_client_jwt,true,false,service,ai_assist,PENDING_HUMAN_DESIGN,PENDING_HUMAN_DESIGN,PENDING_HUMAN_DESIGN,UNMAPPED,DEFERRED_POST_LAUNCH,APPROVED,NONE,none,INVENTORIED,aicrm_next/extensions/ai/ai_assist/api.py:102-109,NOT_EXECUTED,"Protocol endpoint is inventoried; method, auth, acknowledgement, and adapter contract remain unmapped unless independently evidenced.",UNMAPPED,UNMAPPED,UNMAPPED,UNMAPPED,UNMAPPED,UNMAPPED,UNMAPPED,UNMAPPED,UNMAPPED,UNMAPPED,UNMAPPED,UNMAPPED,UNMAPPED,UNMAPPED,NOT_EXECUTED,NOT_EXECUTED,NOT_EXECUTED,NOT_EXECUTED,NOT_EXECUTED
LEGACY-API-0566,/api/ai-assist/external/campaign-preparations/{preparation_id}/commit,POST,/api/ai-assist/external/campaign-preparations/{preparation_id}/commit,external_integration,api_client_jwt,true,false,service,ai_assist,PENDING_HUMAN_DESIGN,PENDING_HUMAN_DESIGN,PENDING_HUMAN_DESIGN,UNMAPPED,DEFERRED_POST_LAUNCH,APPROVED,NONE,none,INVENTORIED,aicrm_next/extensions/ai/ai_assist/api.py:112-125,NOT_EXECUTED,"Protocol endpoint is inventoried; method, auth, acknowledgement, and adapter contract remain unmapped unless independently evidenced.",UNMAPPED,UNMAPPED,UNMAPPED,UNMAPPED,UNMAPPED,UNMAPPED,UNMAPPED,UNMAPPED,UNMAPPED,UNMAPPED,UNMAPPED,UNMAPPED,UNMAPPED,UNMAPPED,NOT_EXECUTED,NOT_EXECUTED,NOT_EXECUTED,NOT_EXECUTED,NOT_EXECUTED
LEGACY-API-0567,/api/ai-assist/external/campaigns,POST,/api/ai-assist/external/campaigns,external_integration,api_client_jwt,true,false,service,ai_assist,PENDING_HUMAN_DESIGN,PENDING_HUMAN_DESIGN,PENDING_HUMAN_DESIGN,UNMAPPED,MIGRATE,APPROVED,NONE,none,INVENTORIED,aicrm_next/extensions/ai/ai_assist/api.py:67-76,NOT_EXECUTED,"Protocol endpoint is inventoried; method, auth, acknowledgement, and adapter contract remain unmapped unless independently evidenced.",UNMAPPED,UNMAPPED,UNMAPPED,UNMAPPED,UNMAPPED,UNMAPPED,UNMAPPED,UNMAPPED,UNMAPPED,UNMAPPED,UNMAPPED,UNMAPPED,UNMAPPED,UNMAPPED,NOT_EXECUTED,NOT_EXECUTED,NOT_EXECUTED,NOT_EXECUTED,NOT_EXECUTED
LEGACY-API-0568,/api/ai-assist/external/campaigns/{campaign_code},GET,/api/ai-assist/external/campaigns/{campaign_code},external_integration,api_client_jwt,true,false,service,ai_assist,PENDING_HUMAN_DESIGN,PENDING_HUMAN_DESIGN,PENDING_HUMAN_DESIGN,UNMAPPED,MIGRATE,APPROVED,NONE,none,INVENTORIED,aicrm_next/extensions/ai/ai_assist/api.py:79-81,NOT_EXECUTED,"Protocol endpoint is inventoried; method, auth, acknowledgement, and adapter contract remain unmapped unless independently evidenced.",UNMAPPED,UNMAPPED,UNMAPPED,UNMAPPED,UNMAPPED,UNMAPPED,UNMAPPED,UNMAPPED,UNMAPPED,UNMAPPED,UNMAPPED,UNMAPPED,UNMAPPED,UNMAPPED,NOT_EXECUTED,NOT_EXECUTED,NOT_EXECUTED,NOT_EXECUTED,NOT_EXECUTED
LEGACY-API-0569,/api/ai/agents/{agent_code}/audience-webhook,POST,/api/ai/agents/{agent_code}/audience-webhook,callback,webhook_hmac,true,false,single_resource,automation_agents,PENDING_HUMAN_DESIGN,PENDING_HUMAN_DESIGN,PENDING_HUMAN_DESIGN,UNMAPPED,MIGRATE,APPROVED,NONE,none,INVENTORIED,aicrm_next/extensions/ai/automation_agents/api.py:29-43,NOT_EXECUTED,"Protocol endpoint is inventoried; method, auth, acknowledgement, and adapter contract remain unmapped unless independently evidenced.",UNMAPPED,UNMAPPED,UNMAPPED,UNMAPPED,UNMAPPED,UNMAPPED,UNMAPPED,UNMAPPED,UNMAPPED,UNMAPPED,UNMAPPED,UNMAPPED,UNMAPPED,UNMAPPED,NOT_EXECUTED,NOT_EXECUTED,NOT_EXECUTED,NOT_EXECUTED,NOT_EXECUTED
LEGACY-API-0570,/api/ai/audience/health,GET,/api/ai/audience/health,external_integration,api_client_jwt,true,false,service,ai_audience_ops,PENDING_HUMAN_DESIGN,PENDING_HUMAN_DESIGN,PENDING_HUMAN_DESIGN,UNMAPPED,MIGRATE,APPROVED,NONE,none,INVENTORIED,aicrm_next/extensions/ai/ai_audience_ops/api.py:240-242,NOT_EXECUTED,"Protocol endpoint is inventoried; method, auth, acknowledgement, and adapter contract remain unmapped unless independently evidenced.",UNMAPPED,UNMAPPED,UNMAPPED,UNMAPPED,UNMAPPED,UNMAPPED,UNMAPPED,UNMAPPED,UNMAPPED,UNMAPPED,UNMAPPED,UNMAPPED,UNMAPPED,UNMAPPED,NOT_EXECUTED,NOT_EXECUTED,NOT_EXECUTED,NOT_EXECUTED,NOT_EXECUTED
LEGACY-API-0571,/api/ai/audience/outbound-subscriptions/{subscription_id},PATCH,/api/ai/audience/outbound-subscriptions/{subscription_id},external_integration,api_client_jwt,true,false,service,ai_audience_ops,PENDING_HUMAN_DESIGN,PENDING_HUMAN_DESIGN,PENDING_HUMAN_DESIGN,UNMAPPED,MIGRATE,APPROVED,RETIRED_OUTBOUND_SUBSCRIPTION_CONFIGURATION_NOT_ENABLED,none,INVENTORIED,aicrm_next/extensions/ai/ai_audience_ops/api.py:175-178,NOT_EXECUTED,"Protocol endpoint is inventoried; method, auth, acknowledgement, and adapter contract remain unmapped unless independently evidenced.",UNMAPPED,UNMAPPED,UNMAPPED,UNMAPPED,UNMAPPED,UNMAPPED,UNMAPPED,UNMAPPED,UNMAPPED,UNMAPPED,UNMAPPED,UNMAPPED,UNMAPPED,UNMAPPED,NOT_EXECUTED,NOT_EXECUTED,NOT_EXECUTED,NOT_EXECUTED,NOT_EXECUTED
LEGACY-API-0572,/api/ai/audience/outbound-subscriptions/{subscription_id}/pause,POST,/api/ai/audience/outbound-subscriptions/{subscription_id}/pause,external_integration,api_client_jwt,true,false,service,ai_audience_ops,PENDING_HUMAN_DESIGN,PENDING_HUMAN_DESIGN,PENDING_HUMAN_DESIGN,UNMAPPED,MIGRATE,APPROVED,RETIRED_OUTBOUND_SUBSCRIPTION_CONFIGURATION_NOT_ENABLED,none,INVENTORIED,aicrm_next/extensions/ai/ai_audience_ops/api.py:181-184,NOT_EXECUTED,"Protocol endpoint is inventoried; method, auth, acknowledgement, and adapter contract remain unmapped unless independently evidenced.",UNMAPPED,UNMAPPED,UNMAPPED,UNMAPPED,UNMAPPED,UNMAPPED,UNMAPPED,UNMAPPED,UNMAPPED,UNMAPPED,UNMAPPED,UNMAPPED,UNMAPPED,UNMAPPED,NOT_EXECUTED,NOT_EXECUTED,NOT_EXECUTED,NOT_EXECUTED,NOT_EXECUTED
LEGACY-API-0573,/api/ai/audience/packages,GET,/api/ai/audience/packages,external_integration,api_client_jwt,true,false,service,ai_audience_ops,PENDING_HUMAN_DESIGN,PENDING_HUMAN_DESIGN,PENDING_HUMAN_DESIGN,UNMAPPED,MIGRATE,APPROVED,NONE,none,INVENTORIED,aicrm_next/extensions/ai/ai_audience_ops/api.py:58-60,NOT_EXECUTED,"Protocol endpoint is inventoried; method, auth, acknowledgement, and adapter contract remain unmapped unless independently evidenced.",UNMAPPED,UNMAPPED,UNMAPPED,UNMAPPED,UNMAPPED,UNMAPPED,UNMAPPED,UNMAPPED,UNMAPPED,UNMAPPED,UNMAPPED,UNMAPPED,UNMAPPED,UNMAPPED,NOT_EXECUTED,NOT_EXECUTED,NOT_EXECUTED,NOT_EXECUTED,NOT_EXECUTED
LEGACY-API-0574,/api/ai/audience/packages,POST,/api/ai/audience/packages,external_integration,api_client_jwt,true,false,service,ai_audience_ops,PENDING_HUMAN_DESIGN,PENDING_HUMAN_DESIGN,PENDING_HUMAN_DESIGN,UNMAPPED,DEFERRED_POST_LAUNCH,APPROVED,NONE,none,INVENTORIED,aicrm_next/extensions/ai/ai_audience_ops/api.py:63-70,NOT_EXECUTED,"Protocol endpoint is inventoried; method, auth, acknowledgement, and adapter contract remain unmapped unless independently evidenced.",UNMAPPED,UNMAPPED,UNMAPPED,UNMAPPED,UNMAPPED,UNMAPPED,UNMAPPED,UNMAPPED,UNMAPPED,UNMAPPED,UNMAPPED,UNMAPPED,UNMAPPED,UNMAPPED,NOT_EXECUTED,NOT_EXECUTED,NOT_EXECUTED,NOT_EXECUTED,NOT_EXECUTED
LEGACY-API-0575,/api/ai/audience/packages/{package_id},GET,/api/ai/audience/packages/{package_id},external_integration,api_client_jwt,true,false,service,ai_audience_ops,PENDING_HUMAN_DESIGN,PENDING_HUMAN_DESIGN,PENDING_HUMAN_DESIGN,UNMAPPED,DEFERRED_POST_LAUNCH,APPROVED,NONE,none,INVENTORIED,aicrm_next/extensions/ai/ai_audience_ops/api.py:73-76,NOT_EXECUTED,"Protocol endpoint is inventoried; method, auth, acknowledgement, and adapter contract remain unmapped unless independently evidenced.",UNMAPPED,UNMAPPED,UNMAPPED,UNMAPPED,UNMAPPED,UNMAPPED,UNMAPPED,UNMAPPED,UNMAPPED,UNMAPPED,UNMAPPED,UNMAPPED,UNMAPPED,UNMAPPED,NOT_EXECUTED,NOT_EXECUTED,NOT_EXECUTED,NOT_EXECUTED,NOT_EXECUTED
LEGACY-API-0576,/api/ai/audience/packages/{package_id}/archive,POST,/api/ai/audience/packages/{package_id}/archive,external_integration,api_client_jwt,true,false,service,ai_audience_ops,PENDING_HUMAN_DESIGN,PENDING_HUMAN_DESIGN,PENDING_HUMAN_DESIGN,UNMAPPED,DEFERRED_POST_LAUNCH,APPROVED,NONE,none,INVENTORIED,aicrm_next/extensions/ai/ai_audience_ops/api.py:115-119,NOT_EXECUTED,"Protocol endpoint is inventoried; method, auth, acknowledgement, and adapter contract remain unmapped unless independently evidenced.",UNMAPPED,UNMAPPED,UNMAPPED,UNMAPPED,UNMAPPED,UNMAPPED,UNMAPPED,UNMAPPED,UNMAPPED,UNMAPPED,UNMAPPED,UNMAPPED,UNMAPPED,UNMAPPED,NOT_EXECUTED,NOT_EXECUTED,NOT_EXECUTED,NOT_EXECUTED,NOT_EXECUTED
LEGACY-API-0577,/api/ai/audience/packages/{package_id}/events,GET,/api/ai/audience/packages/{package_id}/events,external_integration,api_client_jwt,true,false,service,ai_audience_ops,PENDING_HUMAN_DESIGN,PENDING_HUMAN_DESIGN,PENDING_HUMAN_DESIGN,UNMAPPED,DEFERRED_POST_LAUNCH,APPROVED,NONE,none,INVENTORIED,aicrm_next/extensions/ai/ai_audience_ops/api.py:230-232,NOT_EXECUTED,"Protocol endpoint is inventoried; method, auth, acknowledgement, and adapter contract remain unmapped unless independently evidenced.",UNMAPPED,UNMAPPED,UNMAPPED,UNMAPPED,UNMAPPED,UNMAPPED,UNMAPPED,UNMAPPED,UNMAPPED,UNMAPPED,UNMAPPED,UNMAPPED,UNMAPPED,UNMAPPED,NOT_EXECUTED,NOT_EXECUTED,NOT_EXECUTED,NOT_EXECUTED,NOT_EXECUTED
LEGACY-API-0578,/api/ai/audience/packages/{package_id}/external-effects,GET,/api/ai/audience/packages/{package_id}/external-effects,external_integration,api_client_jwt,true,false,service,ai_audience_ops,PENDING_HUMAN_DESIGN,PENDING_HUMAN_DESIGN,PENDING_HUMAN_DESIGN,UNMAPPED,DEFERRED_POST_LAUNCH,APPROVED,MANIFEST_EXTERNAL_EFFECTS_STAGING_DISABLED|PUSH_OR_EFFECT_STATUS_NOT_DELIVERY_PROOF|S03-D07_MANIFEST_STAGING_DISABLED_VS_GATED_SOURCE_PATH,staging_disabled,INVENTORIED,aicrm_next/extensions/ai/ai_audience_ops/api.py:235-237,NOT_EXECUTED,"Protocol endpoint is inventoried; method, auth, acknowledgement, and adapter contract remain unmapped unless independently evidenced.",UNMAPPED,UNMAPPED,UNMAPPED,UNMAPPED,UNMAPPED,UNMAPPED,UNMAPPED,UNMAPPED,UNMAPPED,UNMAPPED,UNMAPPED,UNMAPPED,UNMAPPED,UNMAPPED,NOT_EXECUTED,NOT_EXECUTED,NOT_EXECUTED,NOT_EXECUTED,NOT_EXECUTED
LEGACY-API-0579,/api/ai/audience/packages/{package_id}/members,GET,/api/ai/audience/packages/{package_id}/members,external_integration,api_client_jwt,true,false,service,ai_audience_ops,PENDING_HUMAN_DESIGN,PENDING_HUMAN_DESIGN,PENDING_HUMAN_DESIGN,UNMAPPED,DEFERRED_POST_LAUNCH,APPROVED,NONE,none,INVENTORIED,aicrm_next/extensions/ai/ai_audience_ops/api.py:225-227,NOT_EXECUTED,"Protocol endpoint is inventoried; method, auth, acknowledgement, and adapter contract remain unmapped unless independently evidenced.",UNMAPPED,UNMAPPED,UNMAPPED,UNMAPPED,UNMAPPED,UNMAPPED,UNMAPPED,UNMAPPED,UNMAPPED,UNMAPPED,UNMAPPED,UNMAPPED,UNMAPPED,UNMAPPED,NOT_EXECUTED,NOT_EXECUTED,NOT_EXECUTED,NOT_EXECUTED,NOT_EXECUTED
LEGACY-API-0580,/api/ai/audience/packages/{package_id}/outbound-subscriptions,GET,/api/ai/audience/packages/{package_id}/outbound-subscriptions,external_integration,api_client_jwt,true,false,service,ai_audience_ops,PENDING_HUMAN_DESIGN,PENDING_HUMAN_DESIGN,PENDING_HUMAN_DESIGN,UNMAPPED,MIGRATE,APPROVED,RETIRED_OUTBOUND_SUBSCRIPTION_CONFIGURATION_NOT_ENABLED,none,INVENTORIED,aicrm_next/extensions/ai/ai_audience_ops/api.py:163-166,NOT_EXECUTED,"Protocol endpoint is inventoried; method, auth, acknowledgement, and adapter contract remain unmapped unless independently evidenced.",UNMAPPED,UNMAPPED,UNMAPPED,UNMAPPED,UNMAPPED,UNMAPPED,UNMAPPED,UNMAPPED,UNMAPPED,UNMAPPED,UNMAPPED,UNMAPPED,UNMAPPED,UNMAPPED,NOT_EXECUTED,NOT_EXECUTED,NOT_EXECUTED,NOT_EXECUTED,NOT_EXECUTED
LEGACY-API-0581,/api/ai/audience/packages/{package_id}/outbound-subscriptions,POST,/api/ai/audience/packages/{package_id}/outbound-subscriptions,external_integration,api_client_jwt,true,false,service,ai_audience_ops,PENDING_HUMAN_DESIGN,PENDING_HUMAN_DESIGN,PENDING_HUMAN_DESIGN,UNMAPPED,MIGRATE,APPROVED,RETIRED_OUTBOUND_SUBSCRIPTION_CONFIGURATION_NOT_ENABLED,none,INVENTORIED,aicrm_next/extensions/ai/ai_audience_ops/api.py:169-172,NOT_EXECUTED,"Protocol endpoint is inventoried; method, auth, acknowledgement, and adapter contract remain unmapped unless independently evidenced.",UNMAPPED,UNMAPPED,UNMAPPED,UNMAPPED,UNMAPPED,UNMAPPED,UNMAPPED,UNMAPPED,UNMAPPED,UNMAPPED,UNMAPPED,UNMAPPED,UNMAPPED,UNMAPPED,NOT_EXECUTED,NOT_EXECUTED,NOT_EXECUTED,NOT_EXECUTED,NOT_EXECUTED
LEGACY-API-0582,/api/ai/audience/packages/{package_id}/pause,POST,/api/ai/audience/packages/{package_id}/pause,external_integration,api_client_jwt,true,false,service,ai_audience_ops,PENDING_HUMAN_DESIGN,PENDING_HUMAN_DESIGN,PENDING_HUMAN_DESIGN,UNMAPPED,DEFERRED_POST_LAUNCH,APPROVED,NONE,none,INVENTORIED,aicrm_next/extensions/ai/ai_audience_ops/api.py:108-112,NOT_EXECUTED,"Protocol endpoint is inventoried; method, auth, acknowledgement, and adapter contract remain unmapped unless independently evidenced.",UNMAPPED,UNMAPPED,UNMAPPED,UNMAPPED,UNMAPPED,UNMAPPED,UNMAPPED,UNMAPPED,UNMAPPED,UNMAPPED,UNMAPPED,UNMAPPED,UNMAPPED,UNMAPPED,NOT_EXECUTED,NOT_EXECUTED,NOT_EXECUTED,NOT_EXECUTED,NOT_EXECUTED
LEGACY-API-0583,/api/ai/audience/packages/{package_id}/preview,POST,/api/ai/audience/packages/{package_id}/preview,external_integration,api_client_jwt,true,false,service,ai_audience_ops,PENDING_HUMAN_DESIGN,PENDING_HUMAN_DESIGN,PENDING_HUMAN_DESIGN,UNMAPPED,DEFERRED_POST_LAUNCH,APPROVED,NONE,none,INVENTORIED,aicrm_next/extensions/ai/ai_audience_ops/api.py:88-95,NOT_EXECUTED,"Protocol endpoint is inventoried; method, auth, acknowledgement, and adapter contract remain unmapped unless independently evidenced.",UNMAPPED,UNMAPPED,UNMAPPED,UNMAPPED,UNMAPPED,UNMAPPED,UNMAPPED,UNMAPPED,UNMAPPED,UNMAPPED,UNMAPPED,UNMAPPED,UNMAPPED,UNMAPPED,NOT_EXECUTED,NOT_EXECUTED,NOT_EXECUTED,NOT_EXECUTED,NOT_EXECUTED
LEGACY-API-0584,/api/ai/audience/packages/{package_id}/publish,POST,/api/ai/audience/packages/{package_id}/publish,external_integration,api_client_jwt,true,false,service,ai_audience_ops,PENDING_HUMAN_DESIGN,PENDING_HUMAN_DESIGN,PENDING_HUMAN_DESIGN,UNMAPPED,DEFERRED_POST_LAUNCH,APPROVED,AUDIENCE_INTENT_NOT_PROVIDER_SEND,none,INVENTORIED,aicrm_next/extensions/ai/ai_audience_ops/api.py:98-105,NOT_EXECUTED,"Protocol endpoint is inventoried; method, auth, acknowledgement, and adapter contract remain unmapped unless independently evidenced.",UNMAPPED,UNMAPPED,UNMAPPED,UNMAPPED,UNMAPPED,UNMAPPED,UNMAPPED,UNMAPPED,UNMAPPED,UNMAPPED,UNMAPPED,UNMAPPED,UNMAPPED,UNMAPPED,NOT_EXECUTED,NOT_EXECUTED,NOT_EXECUTED,NOT_EXECUTED,NOT_EXECUTED
LEGACY-API-0585,/api/ai/audience/packages/{package_id}/refresh,POST,/api/ai/audience/packages/{package_id}/refresh,external_integration,api_client_jwt,true,false,service,ai_audience_ops,PENDING_HUMAN_DESIGN,PENDING_HUMAN_DESIGN,PENDING_HUMAN_DESIGN,UNMAPPED,DEFERRED_POST_LAUNCH,APPROVED,AUDIENCE_INTENT_NOT_PROVIDER_SEND,none,INVENTORIED,aicrm_next/extensions/ai/ai_audience_ops/api.py:122-141,NOT_EXECUTED,"Protocol endpoint is inventoried; method, auth, acknowledgement, and adapter contract remain unmapped unless independently evidenced.",UNMAPPED,UNMAPPED,UNMAPPED,UNMAPPED,UNMAPPED,UNMAPPED,UNMAPPED,UNMAPPED,UNMAPPED,UNMAPPED,UNMAPPED,UNMAPPED,UNMAPPED,UNMAPPED,NOT_EXECUTED,NOT_EXECUTED,NOT_EXECUTED,NOT_EXECUTED,NOT_EXECUTED
LEGACY-API-0586,/api/ai/audience/packages/{package_id}/runs,GET,/api/ai/audience/packages/{package_id}/runs,external_integration,api_client_jwt,true,false,service,ai_audience_ops,PENDING_HUMAN_DESIGN,PENDING_HUMAN_DESIGN,PENDING_HUMAN_DESIGN,UNMAPPED,MIGRATE,APPROVED,NONE,none,INVENTORIED,aicrm_next/extensions/ai/ai_audience_ops/api.py:220-222,NOT_EXECUTED,"Protocol endpoint is inventoried; method, auth, acknowledgement, and adapter contract remain unmapped unless independently evidenced.",UNMAPPED,UNMAPPED,UNMAPPED,UNMAPPED,UNMAPPED,UNMAPPED,UNMAPPED,UNMAPPED,UNMAPPED,UNMAPPED,UNMAPPED,UNMAPPED,UNMAPPED,UNMAPPED,NOT_EXECUTED,NOT_EXECUTED,NOT_EXECUTED,NOT_EXECUTED,NOT_EXECUTED
LEGACY-API-0587,/api/ai/audience/packages/{package_id}/versions,POST,/api/ai/audience/packages/{package_id}/versions,external_integration,api_client_jwt,true,false,service,ai_audience_ops,PENDING_HUMAN_DESIGN,PENDING_HUMAN_DESIGN,PENDING_HUMAN_DESIGN,UNMAPPED,DEFERRED_POST_LAUNCH,APPROVED,NONE,none,INVENTORIED,aicrm_next/extensions/ai/ai_audience_ops/api.py:79-85,NOT_EXECUTED,"Protocol endpoint is inventoried; method, auth, acknowledgement, and adapter contract remain unmapped unless independently evidenced.",UNMAPPED,UNMAPPED,UNMAPPED,UNMAPPED,UNMAPPED,UNMAPPED,UNMAPPED,UNMAPPED,UNMAPPED,UNMAPPED,UNMAPPED,UNMAPPED,UNMAPPED,UNMAPPED,NOT_EXECUTED,NOT_EXECUTED,NOT_EXECUTED,NOT_EXECUTED,NOT_EXECUTED
LEGACY-API-0588,/api/ai/audience/packages/{package_key}/webhook,POST,/api/ai/audience/packages/{package_key}/webhook,callback,webhook_hmac,true,false,single_resource,ai_audience_ops,PENDING_HUMAN_DESIGN,PENDING_HUMAN_DESIGN,PENDING_HUMAN_DESIGN,UNMAPPED,MIGRATE,APPROVED,AUDIENCE_INBOUND_RECORD_ONLY_NOT_PROVIDER_SEND|MANIFEST_EXTERNAL_EFFECTS_STAGING_DISABLED|S03-D07_MANIFEST_STAGING_DISABLED_VS_GATED_SOURCE_PATH,staging_disabled,INVENTORIED,aicrm_next/extensions/ai/ai_audience_ops/api.py:187-200,NOT_EXECUTED,"Protocol endpoint is inventoried; method, auth, acknowledgement, and adapter contract remain unmapped unless independently evidenced.",UNMAPPED,UNMAPPED,UNMAPPED,UNMAPPED,UNMAPPED,UNMAPPED,UNMAPPED,UNMAPPED,UNMAPPED,UNMAPPED,UNMAPPED,UNMAPPED,UNMAPPED,UNMAPPED,NOT_EXECUTED,NOT_EXECUTED,NOT_EXECUTED,NOT_EXECUTED,NOT_EXECUTED
LEGACY-API-0589,/api/ai/audience/schema-catalog,GET,/api/ai/audience/schema-catalog,external_integration,api_client_jwt,true,false,service,ai_audience_ops,PENDING_HUMAN_DESIGN,PENDING_HUMAN_DESIGN,PENDING_HUMAN_DESIGN,UNMAPPED,DEFERRED_POST_LAUNCH,APPROVED,NONE,none,INVENTORIED,aicrm_next/extensions/ai/ai_audience_ops/api.py:53-55,NOT_EXECUTED,"Protocol endpoint is inventoried; method, auth, acknowledgement, and adapter contract remain unmapped unless independently evidenced.",UNMAPPED,UNMAPPED,UNMAPPED,UNMAPPED,UNMAPPED,UNMAPPED,UNMAPPED,UNMAPPED,UNMAPPED,UNMAPPED,UNMAPPED,UNMAPPED,UNMAPPED,UNMAPPED,NOT_EXECUTED,NOT_EXECUTED,NOT_EXECUTED,NOT_EXECUTED,NOT_EXECUTED
LEGACY-API-0590,/api/ai/audience/source-dirty,POST,/api/ai/audience/source-dirty,external_integration,api_client_jwt,true,false,service,ai_audience_ops,PENDING_HUMAN_DESIGN,PENDING_HUMAN_DESIGN,PENDING_HUMAN_DESIGN,UNMAPPED,DEFERRED_POST_LAUNCH,APPROVED,NONE,none,INVENTORIED,aicrm_next/extensions/ai/ai_audience_ops/api.py:154-160,NOT_EXECUTED,"Protocol endpoint is inventoried; method, auth, acknowledgement, and adapter contract remain unmapped unless independently evidenced.",UNMAPPED,UNMAPPED,UNMAPPED,UNMAPPED,UNMAPPED,UNMAPPED,UNMAPPED,UNMAPPED,UNMAPPED,UNMAPPED,UNMAPPED,UNMAPPED,UNMAPPED,UNMAPPED,NOT_EXECUTED,NOT_EXECUTED,NOT_EXECUTED,NOT_EXECUTED,NOT_EXECUTED
LEGACY-API-0591,/api/ai/audience/test-agent/webhook,POST,/api/ai/audience/test-agent/webhook,callback,webhook_hmac,true,false,single_resource,ai_audience_ops,PENDING_HUMAN_DESIGN,PENDING_HUMAN_DESIGN,PENDING_HUMAN_DESIGN,UNMAPPED,MIGRATE,APPROVED,MANIFEST_EXTERNAL_EFFECTS_STAGING_DISABLED|S03-D04_SIMULATED_OR_TEST_RECEIPT_NOT_REAL_PROVIDER_DELIVERY|S03-D07_MANIFEST_STAGING_DISABLED_VS_GATED_SOURCE_PATH,staging_disabled,INVENTORIED,aicrm_next/extensions/ai/ai_audience_ops/api.py:203-217,NOT_EXECUTED,"Protocol endpoint is inventoried; method, auth, acknowledgement, and adapter contract remain unmapped unless independently evidenced.",UNMAPPED,UNMAPPED,UNMAPPED,UNMAPPED,UNMAPPED,UNMAPPED,UNMAPPED,UNMAPPED,UNMAPPED,UNMAPPED,UNMAPPED,UNMAPPED,UNMAPPED,UNMAPPED,NOT_EXECUTED,NOT_EXECUTED,NOT_EXECUTED,NOT_EXECUTED,NOT_EXECUTED
LEGACY-API-0592,/api/ai/audience/ticks/daily,POST,/api/ai/audience/ticks/daily,external_integration,api_client_jwt,true,false,service,ai_audience_ops,PENDING_HUMAN_DESIGN,PENDING_HUMAN_DESIGN,PENDING_HUMAN_DESIGN,UNMAPPED,DEFERRED_POST_LAUNCH,APPROVED,NONE,none,INVENTORIED,aicrm_next/extensions/ai/ai_audience_ops/api.py:149-151,NOT_EXECUTED,"Protocol endpoint is inventoried; method, auth, acknowledgement, and adapter contract remain unmapped unless independently evidenced.",UNMAPPED,UNMAPPED,UNMAPPED,UNMAPPED,UNMAPPED,UNMAPPED,UNMAPPED,UNMAPPED,UNMAPPED,UNMAPPED,UNMAPPED,UNMAPPED,UNMAPPED,UNMAPPED,NOT_EXECUTED,NOT_EXECUTED,NOT_EXECUTED,NOT_EXECUTED,NOT_EXECUTED
LEGACY-API-0593,/api/ai/audience/ticks/incremental,POST,/api/ai/audience/ticks/incremental,external_integration,api_client_jwt,true,false,service,ai_audience_ops,PENDING_HUMAN_DESIGN,PENDING_HUMAN_DESIGN,PENDING_HUMAN_DESIGN,UNMAPPED,DEFERRED_POST_LAUNCH,APPROVED,NONE,none,INVENTORIED,aicrm_next/extensions/ai/ai_audience_ops/api.py:144-146,NOT_EXECUTED,"Protocol endpoint is inventoried; method, auth, acknowledgement, and adapter contract remain unmapped unless independently evidenced.",UNMAPPED,UNMAPPED,UNMAPPED,UNMAPPED,UNMAPPED,UNMAPPED,UNMAPPED,UNMAPPED,UNMAPPED,UNMAPPED,UNMAPPED,UNMAPPED,UNMAPPED,UNMAPPED,NOT_EXECUTED,NOT_EXECUTED,NOT_EXECUTED,NOT_EXECUTED,NOT_EXECUTED
LEGACY-API-0594,/api/alipay/notify,OPTIONS,/api/alipay/notify,callback,provider_signature,true,false,single_resource,commerce,PENDING_HUMAN_DESIGN,PENDING_HUMAN_DESIGN,PENDING_HUMAN_DESIGN,UNMAPPED,DEFERRED_POST_LAUNCH,APPROVED,NONE,none,INVENTORIED,aicrm_next/extensions/commerce/commerce/api.py:704-707,NOT_EXECUTED,"Protocol endpoint is inventoried; method, auth, acknowledgement, and adapter contract remain unmapped unless independently evidenced.",UNMAPPED,UNMAPPED,UNMAPPED,UNMAPPED,UNMAPPED,UNMAPPED,UNMAPPED,UNMAPPED,UNMAPPED,UNMAPPED,UNMAPPED,UNMAPPED,UNMAPPED,UNMAPPED,NOT_EXECUTED,NOT_EXECUTED,NOT_EXECUTED,NOT_EXECUTED,NOT_EXECUTED
LEGACY-API-0595,/api/alipay/notify,POST,/api/alipay/notify,callback,provider_signature,true,false,single_resource,commerce,PENDING_HUMAN_DESIGN,PENDING_HUMAN_DESIGN,PENDING_HUMAN_DESIGN,UNMAPPED,DEFERRED_POST_LAUNCH,APPROVED,NONE,none,INVENTORIED,aicrm_next/extensions/commerce/commerce/api.py:652-658,NOT_EXECUTED,"Protocol endpoint is inventoried; method, auth, acknowledgement, and adapter contract remain unmapped unless independently evidenced.",UNMAPPED,UNMAPPED,UNMAPPED,UNMAPPED,UNMAPPED,UNMAPPED,UNMAPPED,UNMAPPED,UNMAPPED,UNMAPPED,UNMAPPED,UNMAPPED,UNMAPPED,UNMAPPED,NOT_EXECUTED,NOT_EXECUTED,NOT_EXECUTED,NOT_EXECUTED,NOT_EXECUTED
LEGACY-API-0596,/api/alipay/return,GET,/api/alipay/return,public_h5,public,false,false,single_resource,commerce,PENDING_HUMAN_DESIGN,PENDING_HUMAN_DESIGN,PENDING_HUMAN_DESIGN,UNMAPPED,DEFERRED_POST_LAUNCH,APPROVED,NONE,none,INVENTORIED,aicrm_next/extensions/commerce/commerce/api.py:689-695,NOT_EXECUTED,"Protocol endpoint is inventoried; method, auth, acknowledgement, and adapter contract remain unmapped unless independently evidenced.",UNMAPPED,UNMAPPED,UNMAPPED,UNMAPPED,UNMAPPED,UNMAPPED,UNMAPPED,UNMAPPED,UNMAPPED,UNMAPPED,UNMAPPED,UNMAPPED,UNMAPPED,UNMAPPED,NOT_EXECUTED,NOT_EXECUTED,NOT_EXECUTED,NOT_EXECUTED,NOT_EXECUTED
LEGACY-API-0597,/api/alipay/return,OPTIONS,/api/alipay/return,public_h5,public,false,false,single_resource,commerce,PENDING_HUMAN_DESIGN,PENDING_HUMAN_DESIGN,PENDING_HUMAN_DESIGN,UNMAPPED,DEFERRED_POST_LAUNCH,APPROVED,NONE,none,INVENTORIED,aicrm_next/extensions/commerce/commerce/api.py:710-713,NOT_EXECUTED,"Protocol endpoint is inventoried; method, auth, acknowledgement, and adapter contract remain unmapped unless independently evidenced.",UNMAPPED,UNMAPPED,UNMAPPED,UNMAPPED,UNMAPPED,UNMAPPED,UNMAPPED,UNMAPPED,UNMAPPED,UNMAPPED,UNMAPPED,UNMAPPED,UNMAPPED,UNMAPPED,NOT_EXECUTED,NOT_EXECUTED,NOT_EXECUTED,NOT_EXECUTED,NOT_EXECUTED
LEGACY-API-0598,/api/alipay/{path:path},DELETE|GET|PATCH|POST|PUT,/api/alipay/{path:path},public_h5,public,false,false,single_resource,commerce,NOT_APPLICABLE,NOT_APPLICABLE,NOT_APPLICABLE,UNMAPPED,NOT_MIGRATED,APPROVED,SOURCE_METHOD_BUNDLE_DIFFERS|SOURCE_ONLY_HEAD|SOURCE_ONLY_OPTIONS,none,INVENTORIED,aicrm_next/extensions/commerce/commerce/api.py:728-737,NOT_EXECUTED,"Protocol endpoint is inventoried; method, auth, acknowledgement, and adapter contract remain unmapped unless independently evidenced.",UNMAPPED,UNMAPPED,UNMAPPED,UNMAPPED,UNMAPPED,UNMAPPED,UNMAPPED,UNMAPPED,UNMAPPED,UNMAPPED,UNMAPPED,UNMAPPED,UNMAPPED,UNMAPPED,NOT_EXECUTED,NOT_EXECUTED,NOT_EXECUTED,NOT_EXECUTED,NOT_EXECUTED
LEGACY-API-0601,/api/automation/group-ops/broadcast,POST,/api/automation/group-ops/broadcast,external_integration,api_client_jwt,true,false,service,automation_engine,PENDING_HUMAN_DESIGN,PENDING_HUMAN_DESIGN,PENDING_HUMAN_DESIGN,UNMAPPED,MIGRATE,APPROVED,MANIFEST_EXTERNAL_EFFECTS_REAL_REQUIRES_APPROVAL|S03-D05_QUEUE_ACCEPTANCE_NOT_PROVIDER_ACCEPTANCE_OR_DELIVERY,real_requires_approval,INVENTORIED,aicrm_next/automation/automation_engine/group_ops/api.py:659-699,NOT_EXECUTED,"Protocol endpoint is inventoried; method, auth, acknowledgement, and adapter contract remain unmapped unless independently evidenced.",UNMAPPED,UNMAPPED,UNMAPPED,UNMAPPED,UNMAPPED,UNMAPPED,UNMAPPED,UNMAPPED,UNMAPPED,UNMAPPED,UNMAPPED,UNMAPPED,UNMAPPED,UNMAPPED,NOT_EXECUTED,NOT_EXECUTED,NOT_EXECUTED,NOT_EXECUTED,NOT_EXECUTED
LEGACY-API-0602,/api/automation/group-ops/webhooks/{webhook_key},POST,/api/automation/group-ops/webhooks/{webhook_key},callback,webhook_hmac,true,false,single_resource,automation_engine,PENDING_HUMAN_DESIGN,PENDING_HUMAN_DESIGN,PENDING_HUMAN_DESIGN,UNMAPPED,MIGRATE,APPROVED,GROUP_WEBHOOK_IDEMPOTENCY_NOT_PROVIDER_RECEIPT,none,INVENTORIED,aicrm_next/automation/automation_engine/group_ops/api.py:638-656,NOT_EXECUTED,"Protocol endpoint is inventoried; method, auth, acknowledgement, and adapter contract remain unmapped unless independently evidenced.",UNMAPPED,UNMAPPED,UNMAPPED,UNMAPPED,UNMAPPED,UNMAPPED,UNMAPPED,UNMAPPED,UNMAPPED,UNMAPPED,UNMAPPED,UNMAPPED,UNMAPPED,UNMAPPED,NOT_EXECUTED,NOT_EXECUTED,NOT_EXECUTED,NOT_EXECUTED,NOT_EXECUTED
LEGACY-API-0603,/api/checkout/alipay,OPTIONS,/api/checkout/alipay,public_h5,public,false,false,single_resource,commerce,PENDING_HUMAN_DESIGN,PENDING_HUMAN_DESIGN,PENDING_HUMAN_DESIGN,UNMAPPED,DEFERRED_POST_LAUNCH,APPROVED,NONE,none,INVENTORIED,aicrm_next/extensions/commerce/commerce/api.py:581-584,NOT_EXECUTED,"Protocol endpoint is inventoried; method, auth, acknowledgement, and adapter contract remain unmapped unless independently evidenced.",UNMAPPED,UNMAPPED,UNMAPPED,UNMAPPED,UNMAPPED,UNMAPPED,UNMAPPED,UNMAPPED,UNMAPPED,UNMAPPED,UNMAPPED,UNMAPPED,UNMAPPED,UNMAPPED,NOT_EXECUTED,NOT_EXECUTED,NOT_EXECUTED,NOT_EXECUTED,NOT_EXECUTED
LEGACY-API-0604,/api/checkout/alipay,POST,/api/checkout/alipay,public_h5,public,false,false,single_resource,commerce,PENDING_HUMAN_DESIGN,PENDING_HUMAN_DESIGN,PENDING_HUMAN_DESIGN,UNMAPPED,DEFERRED_POST_LAUNCH,APPROVED,NONE,none,INVENTORIED,aicrm_next/extensions/commerce/commerce/api.py:566-572,NOT_EXECUTED,"Protocol endpoint is inventoried; method, auth, acknowledgement, and adapter contract remain unmapped unless independently evidenced.",UNMAPPED,UNMAPPED,UNMAPPED,UNMAPPED,UNMAPPED,UNMAPPED,UNMAPPED,UNMAPPED,UNMAPPED,UNMAPPED,UNMAPPED,UNMAPPED,UNMAPPED,UNMAPPED,NOT_EXECUTED,NOT_EXECUTED,NOT_EXECUTED,NOT_EXECUTED,NOT_EXECUTED
LEGACY-API-0605,/api/checkout/wechat,OPTIONS,/api/checkout/wechat,public_h5,public,false,false,single_resource,commerce,PENDING_HUMAN_DESIGN,PENDING_HUMAN_DESIGN,PENDING_HUMAN_DESIGN,UNMAPPED,DEFERRED_POST_LAUNCH,APPROVED,NONE,none,INVENTORIED,aicrm_next/extensions/commerce/commerce/api.py:575-578,NOT_EXECUTED,"Protocol endpoint is inventoried; method, auth, acknowledgement, and adapter contract remain unmapped unless independently evidenced.",UNMAPPED,UNMAPPED,UNMAPPED,UNMAPPED,UNMAPPED,UNMAPPED,UNMAPPED,UNMAPPED,UNMAPPED,UNMAPPED,UNMAPPED,UNMAPPED,UNMAPPED,UNMAPPED,NOT_EXECUTED,NOT_EXECUTED,NOT_EXECUTED,NOT_EXECUTED,NOT_EXECUTED
LEGACY-API-0606,/api/checkout/wechat,POST,/api/checkout/wechat,public_h5,public,false,false,single_resource,commerce,PENDING_HUMAN_DESIGN,PENDING_HUMAN_DESIGN,PENDING_HUMAN_DESIGN,UNMAPPED,DEFERRED_POST_LAUNCH,APPROVED,NONE,none,INVENTORIED,aicrm_next/extensions/commerce/commerce/api.py:557-563,NOT_EXECUTED,"Protocol endpoint is inventoried; method, auth, acknowledgement, and adapter contract remain unmapped unless independently evidenced.",UNMAPPED,UNMAPPED,UNMAPPED,UNMAPPED,UNMAPPED,UNMAPPED,UNMAPPED,UNMAPPED,UNMAPPED,UNMAPPED,UNMAPPED,UNMAPPED,UNMAPPED,UNMAPPED,NOT_EXECUTED,NOT_EXECUTED,NOT_EXECUTED,NOT_EXECUTED,NOT_EXECUTED
LEGACY-API-0607,/api/checkout/{path:path},DELETE|GET|PATCH|POST|PUT,/api/checkout/{path:path},public_h5,public,false,false,single_resource,commerce,NOT_APPLICABLE,NOT_APPLICABLE,NOT_APPLICABLE,UNMAPPED,NOT_MIGRATED,APPROVED,SOURCE_METHOD_BUNDLE_DIFFERS|SOURCE_ONLY_HEAD|SOURCE_ONLY_OPTIONS,none,INVENTORIED,aicrm_next/extensions/commerce/commerce/api.py:587-596,NOT_EXECUTED,"Protocol endpoint is inventoried; method, auth, acknowledgement, and adapter contract remain unmapped unless independently evidenced.",UNMAPPED,UNMAPPED,UNMAPPED,UNMAPPED,UNMAPPED,UNMAPPED,UNMAPPED,UNMAPPED,UNMAPPED,UNMAPPED,UNMAPPED,UNMAPPED,UNMAPPED,UNMAPPED,NOT_EXECUTED,NOT_EXECUTED,NOT_EXECUTED,NOT_EXECUTED,NOT_EXECUTED
LEGACY-API-0608,/api/customer-automation/activation-webhook,POST,/api/customer-automation/activation-webhook,callback,webhook_hmac,true,false,single_resource,automation_engine,PENDING_HUMAN_DESIGN,PENDING_HUMAN_DESIGN,PENDING_HUMAN_DESIGN,UNMAPPED,DEFERRED_POST_LAUNCH,APPROVED,NONE,none,INVENTORIED,aicrm_next/automation/automation_engine/api.py:238-240,NOT_EXECUTED,"Protocol endpoint is inventoried; method, auth, acknowledgement, and adapter contract remain unmapped unless independently evidenced.",UNMAPPED,UNMAPPED,UNMAPPED,UNMAPPED,UNMAPPED,UNMAPPED,UNMAPPED,UNMAPPED,UNMAPPED,UNMAPPED,UNMAPPED,UNMAPPED,UNMAPPED,UNMAPPED,NOT_EXECUTED,NOT_EXECUTED,NOT_EXECUTED,NOT_EXECUTED,NOT_EXECUTED
LEGACY-API-0609,/api/customers,GET,/api/customers,external_integration,human_session,true,false,global,customer_read_model,PENDING_HUMAN_DESIGN,PENDING_HUMAN_DESIGN,PENDING_HUMAN_DESIGN,UNMAPPED,MIGRATE,APPROVED,S02-D05_LEGACY_OFFSET_NON_EQUIVALENCE|S02-D06_FIXTURE_OR_DEGRADED_EMPTY_RESULT_BOUNDARY,none,INVENTORIED,aicrm_next/crm/customer_read_model/api.py:450-475,NOT_EXECUTED,"Protocol endpoint is inventoried; method, auth, acknowledgement, and adapter contract remain unmapped unless independently evidenced.",UNMAPPED,UNMAPPED,UNMAPPED,UNMAPPED,UNMAPPED,UNMAPPED,UNMAPPED,UNMAPPED,UNMAPPED,UNMAPPED,UNMAPPED,UNMAPPED,UNMAPPED,UNMAPPED,NOT_EXECUTED,NOT_EXECUTED,NOT_EXECUTED,NOT_EXECUTED,NOT_EXECUTED
LEGACY-API-0610,/api/customers/automation/activation-webhook,OPTIONS,/api/customers/automation/activation-webhook,callback,webhook_hmac,true,false,single_resource,automation_engine,PENDING_HUMAN_DESIGN,PENDING_HUMAN_DESIGN,PENDING_HUMAN_DESIGN,UNMAPPED,DEFERRED_POST_LAUNCH,APPROVED,NONE,none,INVENTORIED,aicrm_next/automation/automation_engine/api.py:74-76,NOT_EXECUTED,"Protocol endpoint is inventoried; method, auth, acknowledgement, and adapter contract remain unmapped unless independently evidenced.",UNMAPPED,UNMAPPED,UNMAPPED,UNMAPPED,UNMAPPED,UNMAPPED,UNMAPPED,UNMAPPED,UNMAPPED,UNMAPPED,UNMAPPED,UNMAPPED,UNMAPPED,UNMAPPED,NOT_EXECUTED,NOT_EXECUTED,NOT_EXECUTED,NOT_EXECUTED,NOT_EXECUTED
LEGACY-API-0611,/api/customers/automation/activation-webhook,POST,/api/customers/automation/activation-webhook,callback,webhook_hmac,true,false,single_resource,automation_engine,PENDING_HUMAN_DESIGN,PENDING_HUMAN_DESIGN,PENDING_HUMAN_DESIGN,UNMAPPED,DEFERRED_POST_LAUNCH,APPROVED,NONE,none,INVENTORIED,aicrm_next/automation/automation_engine/api.py:79-81,NOT_EXECUTED,"Protocol endpoint is inventoried; method, auth, acknowledgement, and adapter contract remain unmapped unless independently evidenced.",UNMAPPED,UNMAPPED,UNMAPPED,UNMAPPED,UNMAPPED,UNMAPPED,UNMAPPED,UNMAPPED,UNMAPPED,UNMAPPED,UNMAPPED,UNMAPPED,UNMAPPED,UNMAPPED,NOT_EXECUTED,NOT_EXECUTED,NOT_EXECUTED,NOT_EXECUTED,NOT_EXECUTED
LEGACY-API-0612,/api/customers/automation/signup-conversion/batches,GET,/api/customers/automation/signup-conversion/batches,external_integration,human_session,true,false,global,automation_engine,PENDING_HUMAN_DESIGN,PENDING_HUMAN_DESIGN,PENDING_HUMAN_DESIGN,UNMAPPED,DEFERRED_POST_LAUNCH,APPROVED,NONE,none,INVENTORIED,aicrm_next/automation/automation_engine/api.py:243-245,NOT_EXECUTED,"Protocol endpoint is inventoried; method, auth, acknowledgement, and adapter contract remain unmapped unless independently evidenced.",UNMAPPED,UNMAPPED,UNMAPPED,UNMAPPED,UNMAPPED,UNMAPPED,UNMAPPED,UNMAPPED,UNMAPPED,UNMAPPED,UNMAPPED,UNMAPPED,UNMAPPED,UNMAPPED,NOT_EXECUTED,NOT_EXECUTED,NOT_EXECUTED,NOT_EXECUTED,NOT_EXECUTED
LEGACY-API-0613,/api/customers/automation/signup-conversion/batches/{batch_id},GET,/api/customers/automation/signup-conversion/batches/{batch_id},external_integration,human_session,true,false,global,automation_engine,PENDING_HUMAN_DESIGN,PENDING_HUMAN_DESIGN,PENDING_HUMAN_DESIGN,UNMAPPED,DEFERRED_POST_LAUNCH,APPROVED,NONE,none,INVENTORIED,aicrm_next/automation/automation_engine/api.py:248-250,NOT_EXECUTED,"Protocol endpoint is inventoried; method, auth, acknowledgement, and adapter contract remain unmapped unless independently evidenced.",UNMAPPED,UNMAPPED,UNMAPPED,UNMAPPED,UNMAPPED,UNMAPPED,UNMAPPED,UNMAPPED,UNMAPPED,UNMAPPED,UNMAPPED,UNMAPPED,UNMAPPED,UNMAPPED,NOT_EXECUTED,NOT_EXECUTED,NOT_EXECUTED,NOT_EXECUTED,NOT_EXECUTED
LEGACY-API-0614,/api/customers/automation/webhook-deliveries,GET,/api/customers/automation/webhook-deliveries,external_integration,human_session,true,false,global,automation_engine,PENDING_HUMAN_DESIGN,PENDING_HUMAN_DESIGN,PENDING_HUMAN_DESIGN,UNMAPPED,DEFERRED_POST_LAUNCH,APPROVED,NONE,none,INVENTORIED,aicrm_next/automation/automation_engine/api.py:253-259,NOT_EXECUTED,"Protocol endpoint is inventoried; method, auth, acknowledgement, and adapter contract remain unmapped unless independently evidenced.",UNMAPPED,UNMAPPED,UNMAPPED,UNMAPPED,UNMAPPED,UNMAPPED,UNMAPPED,UNMAPPED,UNMAPPED,UNMAPPED,UNMAPPED,UNMAPPED,UNMAPPED,UNMAPPED,NOT_EXECUTED,NOT_EXECUTED,NOT_EXECUTED,NOT_EXECUTED,NOT_EXECUTED
LEGACY-API-0615,/api/customers/automation/webhook-deliveries/retry-due,OPTIONS,/api/customers/automation/webhook-deliveries/retry-due,external_integration,human_session,true,false,global,automation_engine,PENDING_HUMAN_DESIGN,PENDING_HUMAN_DESIGN,PENDING_HUMAN_DESIGN,UNMAPPED,DEFERRED_POST_LAUNCH,APPROVED,NONE,none,INVENTORIED,aicrm_next/automation/automation_engine/api.py:94-96,NOT_EXECUTED,"Protocol endpoint is inventoried; method, auth, acknowledgement, and adapter contract remain unmapped unless independently evidenced.",UNMAPPED,UNMAPPED,UNMAPPED,UNMAPPED,UNMAPPED,UNMAPPED,UNMAPPED,UNMAPPED,UNMAPPED,UNMAPPED,UNMAPPED,UNMAPPED,UNMAPPED,UNMAPPED,NOT_EXECUTED,NOT_EXECUTED,NOT_EXECUTED,NOT_EXECUTED,NOT_EXECUTED
LEGACY-API-0616,/api/customers/automation/webhook-deliveries/retry-due,POST,/api/customers/automation/webhook-deliveries/retry-due,external_integration,human_session,true,true,global,automation_engine,PENDING_HUMAN_DESIGN,PENDING_HUMAN_DESIGN,PENDING_HUMAN_DESIGN,UNMAPPED,DEFERRED_POST_LAUNCH,APPROVED,NONE,none,INVENTORIED,aicrm_next/automation/automation_engine/api.py:99-101,NOT_EXECUTED,"Protocol endpoint is inventoried; method, auth, acknowledgement, and adapter contract remain unmapped unless independently evidenced.",UNMAPPED,UNMAPPED,UNMAPPED,UNMAPPED,UNMAPPED,UNMAPPED,UNMAPPED,UNMAPPED,UNMAPPED,UNMAPPED,UNMAPPED,UNMAPPED,UNMAPPED,UNMAPPED,NOT_EXECUTED,NOT_EXECUTED,NOT_EXECUTED,NOT_EXECUTED,NOT_EXECUTED
LEGACY-API-0617,/api/customers/automation/webhook-deliveries/{delivery_id:int}/retry,OPTIONS,/api/customers/automation/webhook-deliveries/{delivery_id:int}/retry,external_integration,human_session,true,false,global,automation_engine,PENDING_HUMAN_DESIGN,PENDING_HUMAN_DESIGN,PENDING_HUMAN_DESIGN,UNMAPPED,DEFERRED_POST_LAUNCH,APPROVED,NONE,none,INVENTORIED,aicrm_next/automation/automation_engine/api.py:84-86,NOT_EXECUTED,"Protocol endpoint is inventoried; method, auth, acknowledgement, and adapter contract remain unmapped unless independently evidenced.",UNMAPPED,UNMAPPED,UNMAPPED,UNMAPPED,UNMAPPED,UNMAPPED,UNMAPPED,UNMAPPED,UNMAPPED,UNMAPPED,UNMAPPED,UNMAPPED,UNMAPPED,UNMAPPED,NOT_EXECUTED,NOT_EXECUTED,NOT_EXECUTED,NOT_EXECUTED,NOT_EXECUTED
LEGACY-API-0618,/api/customers/automation/webhook-deliveries/{delivery_id:int}/retry,POST,/api/customers/automation/webhook-deliveries/{delivery_id:int}/retry,external_integration,human_session,true,true,global,automation_engine,PENDING_HUMAN_DESIGN,PENDING_HUMAN_DESIGN,PENDING_HUMAN_DESIGN,UNMAPPED,DEFERRED_POST_LAUNCH,APPROVED,NONE,none,INVENTORIED,aicrm_next/automation/automation_engine/api.py:89-91,NOT_EXECUTED,"Protocol endpoint is inventoried; method, auth, acknowledgement, and adapter contract remain unmapped unless independently evidenced.",UNMAPPED,UNMAPPED,UNMAPPED,UNMAPPED,UNMAPPED,UNMAPPED,UNMAPPED,UNMAPPED,UNMAPPED,UNMAPPED,UNMAPPED,UNMAPPED,UNMAPPED,UNMAPPED,NOT_EXECUTED,NOT_EXECUTED,NOT_EXECUTED,NOT_EXECUTED,NOT_EXECUTED
LEGACY-API-0619,/api/customers/{external_userid},GET,/api/customers/{external_userid},external_integration,human_session,true,false,global,customer_read_model,PENDING_HUMAN_DESIGN,PENDING_HUMAN_DESIGN,PENDING_HUMAN_DESIGN,UNMAPPED,MIGRATE,APPROVED,S02-D06_FIXTURE_OR_DEGRADED_EMPTY_RESULT_BOUNDARY,none,INVENTORIED,aicrm_next/crm/customer_read_model/api.py:478-486,NOT_EXECUTED,"Protocol endpoint is inventoried; method, auth, acknowledgement, and adapter contract remain unmapped unless independently evidenced.",UNMAPPED,UNMAPPED,UNMAPPED,UNMAPPED,UNMAPPED,UNMAPPED,UNMAPPED,UNMAPPED,UNMAPPED,UNMAPPED,UNMAPPED,UNMAPPED,UNMAPPED,UNMAPPED,NOT_EXECUTED,NOT_EXECUTED,NOT_EXECUTED,NOT_EXECUTED,NOT_EXECUTED
LEGACY-API-0620,/api/customers/{external_userid}/timeline,GET,/api/customers/{external_userid}/timeline,external_integration,human_session,true,false,global,customer_read_model,PENDING_HUMAN_DESIGN,PENDING_HUMAN_DESIGN,PENDING_HUMAN_DESIGN,UNMAPPED,MIGRATE,APPROVED,S02-D05_LEGACY_OFFSET_NON_EQUIVALENCE|S02-D06_FIXTURE_OR_DEGRADED_EMPTY_RESULT_BOUNDARY,none,INVENTORIED,aicrm_next/crm/customer_read_model/api.py:500-520,NOT_EXECUTED,"Protocol endpoint is inventoried; method, auth, acknowledgement, and adapter contract remain unmapped unless independently evidenced.",UNMAPPED,UNMAPPED,UNMAPPED,UNMAPPED,UNMAPPED,UNMAPPED,UNMAPPED,UNMAPPED,UNMAPPED,UNMAPPED,UNMAPPED,UNMAPPED,UNMAPPED,UNMAPPED,NOT_EXECUTED,NOT_EXECUTED,NOT_EXECUTED,NOT_EXECUTED,NOT_EXECUTED
LEGACY-API-0621,/api/external-effects/test-receiver,POST,/api/external-effects/test-receiver,callback,webhook_hmac,true,false,single_resource,platform_foundation,PENDING_HUMAN_DESIGN,PENDING_HUMAN_DESIGN,PENDING_HUMAN_DESIGN,UNMAPPED,DEFERRED_POST_LAUNCH,APPROVED,MANIFEST_EXTERNAL_EFFECTS_STAGING_DISABLED|PUSH_OR_EFFECT_STATUS_NOT_DELIVERY_PROOF|S03-D04_SIMULATED_OR_TEST_RECEIPT_NOT_REAL_PROVIDER_DELIVERY|S03-D07_MANIFEST_STAGING_DISABLED_VS_GATED_SOURCE_PATH,staging_disabled,INVENTORIED,aicrm_next/platform/platform_foundation/external_effects/api.py:418-424,NOT_EXECUTED,"Protocol endpoint is inventoried; method, auth, acknowledgement, and adapter contract remain unmapped unless independently evidenced.",UNMAPPED,UNMAPPED,UNMAPPED,UNMAPPED,UNMAPPED,UNMAPPED,UNMAPPED,UNMAPPED,UNMAPPED,UNMAPPED,UNMAPPED,UNMAPPED,UNMAPPED,UNMAPPED,NOT_EXECUTED,NOT_EXECUTED,NOT_EXECUTED,NOT_EXECUTED,NOT_EXECUTED
LEGACY-API-0622,/api/external/ai-audience/e2e/run,POST,/api/external/ai-audience/e2e/run,external_integration,api_client_jwt,true,false,service,ai_audience_ops,PENDING_HUMAN_DESIGN,PENDING_HUMAN_DESIGN,PENDING_HUMAN_DESIGN,UNMAPPED,DEFERRED_POST_LAUNCH,APPROVED,MANIFEST_EXTERNAL_EFFECTS_STAGING_DISABLED|S03-D04_SIMULATED_OR_TEST_RECEIPT_NOT_REAL_PROVIDER_DELIVERY|S03-D07_MANIFEST_STAGING_DISABLED_VS_GATED_SOURCE_PATH,staging_disabled,INVENTORIED,aicrm_next/extensions/ai/ai_audience_ops/external_api.py:209-230,NOT_EXECUTED,"Protocol endpoint is inventoried; method, auth, acknowledgement, and adapter contract remain unmapped unless independently evidenced.",UNMAPPED,UNMAPPED,UNMAPPED,UNMAPPED,UNMAPPED,UNMAPPED,UNMAPPED,UNMAPPED,UNMAPPED,UNMAPPED,UNMAPPED,UNMAPPED,UNMAPPED,UNMAPPED,NOT_EXECUTED,NOT_EXECUTED,NOT_EXECUTED,NOT_EXECUTED,NOT_EXECUTED
LEGACY-API-0623,/api/external/ai-audience/packages/{package_key}/archive,POST,/api/external/ai-audience/packages/{package_key}/archive,external_integration,api_client_jwt,true,false,service,ai_audience_ops,PENDING_HUMAN_DESIGN,PENDING_HUMAN_DESIGN,PENDING_HUMAN_DESIGN,UNMAPPED,MIGRATE,APPROVED,NONE,none,INVENTORIED,aicrm_next/extensions/ai/ai_audience_ops/external_api.py:174-206,NOT_EXECUTED,"Protocol endpoint is inventoried; method, auth, acknowledgement, and adapter contract remain unmapped unless independently evidenced.",UNMAPPED,UNMAPPED,UNMAPPED,UNMAPPED,UNMAPPED,UNMAPPED,UNMAPPED,UNMAPPED,UNMAPPED,UNMAPPED,UNMAPPED,UNMAPPED,UNMAPPED,UNMAPPED,NOT_EXECUTED,NOT_EXECUTED,NOT_EXECUTED,NOT_EXECUTED,NOT_EXECUTED
LEGACY-API-0624,/api/external/ai-audience/simple/apply,POST,/api/external/ai-audience/simple/apply,external_integration,api_client_jwt,true,false,service,ai_audience_ops,PENDING_HUMAN_DESIGN,PENDING_HUMAN_DESIGN,PENDING_HUMAN_DESIGN,UNMAPPED,DEFERRED_POST_LAUNCH,APPROVED,NONE,none,INVENTORIED,aicrm_next/extensions/ai/ai_audience_ops/external_api.py:248-282,NOT_EXECUTED,"Protocol endpoint is inventoried; method, auth, acknowledgement, and adapter contract remain unmapped unless independently evidenced.",UNMAPPED,UNMAPPED,UNMAPPED,UNMAPPED,UNMAPPED,UNMAPPED,UNMAPPED,UNMAPPED,UNMAPPED,UNMAPPED,UNMAPPED,UNMAPPED,UNMAPPED,UNMAPPED,NOT_EXECUTED,NOT_EXECUTED,NOT_EXECUTED,NOT_EXECUTED,NOT_EXECUTED
LEGACY-API-0625,/api/external/ai-audience/simple/preview,POST,/api/external/ai-audience/simple/preview,external_integration,api_client_jwt,true,false,service,ai_audience_ops,PENDING_HUMAN_DESIGN,PENDING_HUMAN_DESIGN,PENDING_HUMAN_DESIGN,UNMAPPED,DEFERRED_POST_LAUNCH,APPROVED,NONE,none,INVENTORIED,aicrm_next/extensions/ai/ai_audience_ops/external_api.py:233-245,NOT_EXECUTED,"Protocol endpoint is inventoried; method, auth, acknowledgement, and adapter contract remain unmapped unless independently evidenced.",UNMAPPED,UNMAPPED,UNMAPPED,UNMAPPED,UNMAPPED,UNMAPPED,UNMAPPED,UNMAPPED,UNMAPPED,UNMAPPED,UNMAPPED,UNMAPPED,UNMAPPED,UNMAPPED,NOT_EXECUTED,NOT_EXECUTED,NOT_EXECUTED,NOT_EXECUTED,NOT_EXECUTED
LEGACY-API-0626,/api/external/ai-audience/simple/{package_key}/activate,POST,/api/external/ai-audience/simple/{package_key}/activate,external_integration,api_client_jwt,true,false,service,ai_audience_ops,PENDING_HUMAN_DESIGN,PENDING_HUMAN_DESIGN,PENDING_HUMAN_DESIGN,UNMAPPED,DEFERRED_POST_LAUNCH,APPROVED,NONE,none,INVENTORIED,aicrm_next/extensions/ai/ai_audience_ops/external_api.py:285-323,NOT_EXECUTED,"Protocol endpoint is inventoried; method, auth, acknowledgement, and adapter contract remain unmapped unless independently evidenced.",UNMAPPED,UNMAPPED,UNMAPPED,UNMAPPED,UNMAPPED,UNMAPPED,UNMAPPED,UNMAPPED,UNMAPPED,UNMAPPED,UNMAPPED,UNMAPPED,UNMAPPED,UNMAPPED,NOT_EXECUTED,NOT_EXECUTED,NOT_EXECUTED,NOT_EXECUTED,NOT_EXECUTED
LEGACY-API-0627,/api/external/ai-audience/simple/{package_key}/archive,POST,/api/external/ai-audience/simple/{package_key}/archive,external_integration,api_client_jwt,true,false,service,ai_audience_ops,PENDING_HUMAN_DESIGN,PENDING_HUMAN_DESIGN,PENDING_HUMAN_DESIGN,UNMAPPED,DEFERRED_POST_LAUNCH,APPROVED,NONE,none,INVENTORIED,aicrm_next/extensions/ai/ai_audience_ops/external_api.py:326-363,NOT_EXECUTED,"Protocol endpoint is inventoried; method, auth, acknowledgement, and adapter contract remain unmapped unless independently evidenced.",UNMAPPED,UNMAPPED,UNMAPPED,UNMAPPED,UNMAPPED,UNMAPPED,UNMAPPED,UNMAPPED,UNMAPPED,UNMAPPED,UNMAPPED,UNMAPPED,UNMAPPED,UNMAPPED,NOT_EXECUTED,NOT_EXECUTED,NOT_EXECUTED,NOT_EXECUTED,NOT_EXECUTED
LEGACY-API-0628,/api/external/ai-audience/spec/apply,POST,/api/external/ai-audience/spec/apply,external_integration,api_client_jwt,true,false,service,ai_audience_ops,PENDING_HUMAN_DESIGN,PENDING_HUMAN_DESIGN,PENDING_HUMAN_DESIGN,UNMAPPED,DEFERRED_POST_LAUNCH,APPROVED,NONE,none,INVENTORIED,aicrm_next/extensions/ai/ai_audience_ops/external_api.py:88-122,NOT_EXECUTED,"Protocol endpoint is inventoried; method, auth, acknowledgement, and adapter contract remain unmapped unless independently evidenced.",UNMAPPED,UNMAPPED,UNMAPPED,UNMAPPED,UNMAPPED,UNMAPPED,UNMAPPED,UNMAPPED,UNMAPPED,UNMAPPED,UNMAPPED,UNMAPPED,UNMAPPED,UNMAPPED,NOT_EXECUTED,NOT_EXECUTED,NOT_EXECUTED,NOT_EXECUTED,NOT_EXECUTED
LEGACY-API-0629,/api/external/ai-audience/spec/dry-run,POST,/api/external/ai-audience/spec/dry-run,external_integration,api_client_jwt,true,false,service,ai_audience_ops,PENDING_HUMAN_DESIGN,PENDING_HUMAN_DESIGN,PENDING_HUMAN_DESIGN,UNMAPPED,DEFERRED_POST_LAUNCH,APPROVED,NONE,none,INVENTORIED,aicrm_next/extensions/ai/ai_audience_ops/external_api.py:73-85,NOT_EXECUTED,"Protocol endpoint is inventoried; method, auth, acknowledgement, and adapter contract remain unmapped unless independently evidenced.",UNMAPPED,UNMAPPED,UNMAPPED,UNMAPPED,UNMAPPED,UNMAPPED,UNMAPPED,UNMAPPED,UNMAPPED,UNMAPPED,UNMAPPED,UNMAPPED,UNMAPPED,UNMAPPED,NOT_EXECUTED,NOT_EXECUTED,NOT_EXECUTED,NOT_EXECUTED,NOT_EXECUTED
LEGACY-API-0630,/api/external/ai-audience/spec/publish,POST,/api/external/ai-audience/spec/publish,external_integration,api_client_jwt,true,false,service,ai_audience_ops,PENDING_HUMAN_DESIGN,PENDING_HUMAN_DESIGN,PENDING_HUMAN_DESIGN,UNMAPPED,DEFERRED_POST_LAUNCH,APPROVED,AUDIENCE_INTENT_NOT_PROVIDER_SEND,none,INVENTORIED,aicrm_next/extensions/ai/ai_audience_ops/external_api.py:125-171,NOT_EXECUTED,"Protocol endpoint is inventoried; method, auth, acknowledgement, and adapter contract remain unmapped unless independently evidenced.",UNMAPPED,UNMAPPED,UNMAPPED,UNMAPPED,UNMAPPED,UNMAPPED,UNMAPPED,UNMAPPED,UNMAPPED,UNMAPPED,UNMAPPED,UNMAPPED,UNMAPPED,UNMAPPED,NOT_EXECUTED,NOT_EXECUTED,NOT_EXECUTED,NOT_EXECUTED,NOT_EXECUTED
LEGACY-API-0631,/api/external/ai-audience/templates/apply,POST,/api/external/ai-audience/templates/apply,external_integration,api_client_jwt,true,false,service,ai_audience_ops,PENDING_HUMAN_DESIGN,PENDING_HUMAN_DESIGN,PENDING_HUMAN_DESIGN,UNMAPPED,MIGRATE,APPROVED,NONE,none,INVENTORIED,aicrm_next/extensions/ai/ai_audience_ops/external_api.py:51-70,NOT_EXECUTED,"Protocol endpoint is inventoried; method, auth, acknowledgement, and adapter contract remain unmapped unless independently evidenced.",UNMAPPED,UNMAPPED,UNMAPPED,UNMAPPED,UNMAPPED,UNMAPPED,UNMAPPED,UNMAPPED,UNMAPPED,UNMAPPED,UNMAPPED,UNMAPPED,UNMAPPED,UNMAPPED,NOT_EXECUTED,NOT_EXECUTED,NOT_EXECUTED,NOT_EXECUTED,NOT_EXECUTED
LEGACY-API-0632,/api/external/ai-audience/templates/preview,POST,/api/external/ai-audience/templates/preview,external_integration,api_client_jwt,true,false,service,ai_audience_ops,PENDING_HUMAN_DESIGN,PENDING_HUMAN_DESIGN,PENDING_HUMAN_DESIGN,UNMAPPED,MIGRATE,APPROVED,NONE,none,INVENTORIED,aicrm_next/extensions/ai/ai_audience_ops/external_api.py:29-48,NOT_EXECUTED,"Protocol endpoint is inventoried; method, auth, acknowledgement, and adapter contract remain unmapped unless independently evidenced.",UNMAPPED,UNMAPPED,UNMAPPED,UNMAPPED,UNMAPPED,UNMAPPED,UNMAPPED,UNMAPPED,UNMAPPED,UNMAPPED,UNMAPPED,UNMAPPED,UNMAPPED,UNMAPPED,NOT_EXECUTED,NOT_EXECUTED,NOT_EXECUTED,NOT_EXECUTED,NOT_EXECUTED
LEGACY-API-0633,/api/external/chat-records,GET,/api/external/chat-records,external_integration,api_client_jwt,true,false,service,message_archive,PENDING_HUMAN_DESIGN,PENDING_HUMAN_DESIGN,PENDING_HUMAN_DESIGN,UNMAPPED,MIGRATE,APPROVED,NONE,none,INVENTORIED,aicrm_next/extensions/archive/message_archive/api.py:70-120,NOT_EXECUTED,"Protocol endpoint is inventoried; method, auth, acknowledgement, and adapter contract remain unmapped unless independently evidenced.",UNMAPPED,UNMAPPED,UNMAPPED,UNMAPPED,UNMAPPED,UNMAPPED,UNMAPPED,UNMAPPED,UNMAPPED,UNMAPPED,UNMAPPED,UNMAPPED,UNMAPPED,UNMAPPED,NOT_EXECUTED,NOT_EXECUTED,NOT_EXECUTED,NOT_EXECUTED,NOT_EXECUTED
LEGACY-API-0634,/api/external/orders,GET,/api/external/orders,external_integration,api_client_jwt,true,false,service,commerce,PENDING_HUMAN_DESIGN,PENDING_HUMAN_DESIGN,PENDING_HUMAN_DESIGN,UNMAPPED,MIGRATE,APPROVED,NONE,none,INVENTORIED,aicrm_next/extensions/commerce/commerce/external_orders.py:119-178,NOT_EXECUTED,"Protocol endpoint is inventoried; method, auth, acknowledgement, and adapter contract remain unmapped unless independently evidenced.",UNMAPPED,UNMAPPED,UNMAPPED,UNMAPPED,UNMAPPED,UNMAPPED,UNMAPPED,UNMAPPED,UNMAPPED,UNMAPPED,UNMAPPED,UNMAPPED,UNMAPPED,UNMAPPED,NOT_EXECUTED,NOT_EXECUTED,NOT_EXECUTED,NOT_EXECUTED,NOT_EXECUTED
LEGACY-API-0635,/api/external/orders/{order_no},GET,/api/external/orders/{order_no},external_integration,api_client_jwt,true,false,service,commerce,PENDING_HUMAN_DESIGN,PENDING_HUMAN_DESIGN,PENDING_HUMAN_DESIGN,UNMAPPED,MIGRATE,APPROVED,NONE,none,INVENTORIED,aicrm_next/extensions/commerce/commerce/external_orders.py:181-200,NOT_EXECUTED,"Protocol endpoint is inventoried; method, auth, acknowledgement, and adapter contract remain unmapped unless independently evidenced.",UNMAPPED,UNMAPPED,UNMAPPED,UNMAPPED,UNMAPPED,UNMAPPED,UNMAPPED,UNMAPPED,UNMAPPED,UNMAPPED,UNMAPPED,UNMAPPED,UNMAPPED,UNMAPPED,NOT_EXECUTED,NOT_EXECUTED,NOT_EXECUTED,NOT_EXECUTED,NOT_EXECUTED
LEGACY-API-0636,/api/external/questionnaire-submissions,GET,/api/external/questionnaire-submissions,external_integration,api_client_jwt,true,false,service,questionnaire,PENDING_HUMAN_DESIGN,PENDING_HUMAN_DESIGN,PENDING_HUMAN_DESIGN,UNMAPPED,MIGRATE,APPROVED,NONE,none,INVENTORIED,aicrm_next/extensions/forms/questionnaire/api.py:319-373,NOT_EXECUTED,"Protocol endpoint is inventoried; method, auth, acknowledgement, and adapter contract remain unmapped unless independently evidenced.",UNMAPPED,UNMAPPED,UNMAPPED,UNMAPPED,UNMAPPED,UNMAPPED,UNMAPPED,UNMAPPED,UNMAPPED,UNMAPPED,UNMAPPED,UNMAPPED,UNMAPPED,UNMAPPED,NOT_EXECUTED,NOT_EXECUTED,NOT_EXECUTED,NOT_EXECUTED,NOT_EXECUTED
LEGACY-API-0637,/api/external/radar-clicks,GET,/api/external/radar-clicks,external_integration,api_client_jwt,true,false,service,radar_links,PENDING_HUMAN_DESIGN,PENDING_HUMAN_DESIGN,PENDING_HUMAN_DESIGN,UNMAPPED,MIGRATE,APPROVED,NONE,none,INVENTORIED,aicrm_next/extensions/radar/radar_links/api.py:279-328,NOT_EXECUTED,"Protocol endpoint is inventoried; method, auth, acknowledgement, and adapter contract remain unmapped unless independently evidenced.",UNMAPPED,UNMAPPED,UNMAPPED,UNMAPPED,UNMAPPED,UNMAPPED,UNMAPPED,UNMAPPED,UNMAPPED,UNMAPPED,UNMAPPED,UNMAPPED,UNMAPPED,UNMAPPED,NOT_EXECUTED,NOT_EXECUTED,NOT_EXECUTED,NOT_EXECUTED,NOT_EXECUTED
LEGACY-API-0638,/api/external/radar-links,GET,/api/external/radar-links,external_integration,api_client_jwt,true,false,service,radar_links,PENDING_HUMAN_DESIGN,PENDING_HUMAN_DESIGN,PENDING_HUMAN_DESIGN,UNMAPPED,MIGRATE,APPROVED,NONE,none,INVENTORIED,aicrm_next/extensions/radar/radar_links/api.py:331-359,NOT_EXECUTED,"Protocol endpoint is inventoried; method, auth, acknowledgement, and adapter contract remain unmapped unless independently evidenced.",UNMAPPED,UNMAPPED,UNMAPPED,UNMAPPED,UNMAPPED,UNMAPPED,UNMAPPED,UNMAPPED,UNMAPPED,UNMAPPED,UNMAPPED,UNMAPPED,UNMAPPED,UNMAPPED,NOT_EXECUTED,NOT_EXECUTED,NOT_EXECUTED,NOT_EXECUTED,NOT_EXECUTED
LEGACY-API-0639,/api/external/users/resolve,GET,/api/external/users/resolve,external_integration,api_client_jwt,true,false,service,commerce,PENDING_HUMAN_DESIGN,PENDING_HUMAN_DESIGN,PENDING_HUMAN_DESIGN,UNMAPPED,MIGRATE,APPROVED,NONE,none,INVENTORIED,aicrm_next/extensions/commerce/commerce/external_orders.py:277-321,NOT_EXECUTED,"Protocol endpoint is inventoried; method, auth, acknowledgement, and adapter contract remain unmapped unless independently evidenced.",UNMAPPED,UNMAPPED,UNMAPPED,UNMAPPED,UNMAPPED,UNMAPPED,UNMAPPED,UNMAPPED,UNMAPPED,UNMAPPED,UNMAPPED,UNMAPPED,UNMAPPED,UNMAPPED,NOT_EXECUTED,NOT_EXECUTED,NOT_EXECUTED,NOT_EXECUTED,NOT_EXECUTED
LEGACY-API-0640,/api/h5/alipay/{path:path},DELETE|GET|PATCH|POST|PUT,/api/h5/alipay/{path:path},public_h5,public,false,false,single_resource,commerce,NOT_APPLICABLE,NOT_APPLICABLE,NOT_APPLICABLE,UNMAPPED,NOT_MIGRATED,APPROVED,SOURCE_METHOD_BUNDLE_DIFFERS|SOURCE_ONLY_HEAD,none,INVENTORIED,aicrm_next/extensions/commerce/commerce/api.py:1268-1277,NOT_EXECUTED,"Protocol endpoint is inventoried; method, auth, acknowledgement, and adapter contract remain unmapped unless independently evidenced.",UNMAPPED,UNMAPPED,UNMAPPED,UNMAPPED,UNMAPPED,UNMAPPED,UNMAPPED,UNMAPPED,UNMAPPED,UNMAPPED,UNMAPPED,UNMAPPED,UNMAPPED,UNMAPPED,NOT_EXECUTED,NOT_EXECUTED,NOT_EXECUTED,NOT_EXECUTED,NOT_EXECUTED
LEGACY-API-0641,/api/h5/alipay/{path:path},OPTIONS,/api/h5/alipay/{path:path},public_h5,public,false,false,single_resource,commerce,PENDING_HUMAN_DESIGN,PENDING_HUMAN_DESIGN,PENDING_HUMAN_DESIGN,UNMAPPED,DEFERRED_POST_LAUNCH,APPROVED,NONE,none,INVENTORIED,aicrm_next/extensions/commerce/commerce/api.py:1258-1265,NOT_EXECUTED,"Protocol endpoint is inventoried; method, auth, acknowledgement, and adapter contract remain unmapped unless independently evidenced.",UNMAPPED,UNMAPPED,UNMAPPED,UNMAPPED,UNMAPPED,UNMAPPED,UNMAPPED,UNMAPPED,UNMAPPED,UNMAPPED,UNMAPPED,UNMAPPED,UNMAPPED,UNMAPPED,NOT_EXECUTED,NOT_EXECUTED,NOT_EXECUTED,NOT_EXECUTED,NOT_EXECUTED
LEGACY-API-0642,/api/h5/coupons/available,GET,/api/h5/coupons/available,public_h5,payment_identity_session,true,false,self,commerce,PENDING_HUMAN_DESIGN,PENDING_HUMAN_DESIGN,PENDING_HUMAN_DESIGN,UNMAPPED,MIGRATE,APPROVED,NONE,none,INVENTORIED,aicrm_next/extensions/commerce/commerce/coupons/public_api.py:91-109,NOT_EXECUTED,"Protocol endpoint is inventoried; method, auth, acknowledgement, and adapter contract remain unmapped unless independently evidenced.",UNMAPPED,UNMAPPED,UNMAPPED,UNMAPPED,UNMAPPED,UNMAPPED,UNMAPPED,UNMAPPED,UNMAPPED,UNMAPPED,UNMAPPED,UNMAPPED,UNMAPPED,UNMAPPED,NOT_EXECUTED,NOT_EXECUTED,NOT_EXECUTED,NOT_EXECUTED,NOT_EXECUTED
LEGACY-API-0643,/api/h5/coupons/{public_slug},GET,/api/h5/coupons/{public_slug},public_h5,public,false,false,single_resource,commerce,PENDING_HUMAN_DESIGN,PENDING_HUMAN_DESIGN,PENDING_HUMAN_DESIGN,UNMAPPED,MIGRATE,APPROVED,NONE,none,INVENTORIED,aicrm_next/extensions/commerce/commerce/coupons/public_api.py:112-126,NOT_EXECUTED,"Protocol endpoint is inventoried; method, auth, acknowledgement, and adapter contract remain unmapped unless independently evidenced.",UNMAPPED,UNMAPPED,UNMAPPED,UNMAPPED,UNMAPPED,UNMAPPED,UNMAPPED,UNMAPPED,UNMAPPED,UNMAPPED,UNMAPPED,UNMAPPED,UNMAPPED,UNMAPPED,NOT_EXECUTED,NOT_EXECUTED,NOT_EXECUTED,NOT_EXECUTED,NOT_EXECUTED
LEGACY-API-0644,/api/h5/coupons/{public_slug}/claim,POST,/api/h5/coupons/{public_slug}/claim,public_h5,payment_identity_session,true,false,self,commerce,PENDING_HUMAN_DESIGN,PENDING_HUMAN_DESIGN,PENDING_HUMAN_DESIGN,UNMAPPED,MIGRATE,APPROVED,NONE,none,INVENTORIED,aicrm_next/extensions/commerce/commerce/coupons/public_api.py:129-157,NOT_EXECUTED,"Protocol endpoint is inventoried; method, auth, acknowledgement, and adapter contract remain unmapped unless independently evidenced.",UNMAPPED,UNMAPPED,UNMAPPED,UNMAPPED,UNMAPPED,UNMAPPED,UNMAPPED,UNMAPPED,UNMAPPED,UNMAPPED,UNMAPPED,UNMAPPED,UNMAPPED,UNMAPPED,NOT_EXECUTED,NOT_EXECUTED,NOT_EXECUTED,NOT_EXECUTED,NOT_EXECUTED
LEGACY-API-0645,/api/h5/navigation-target/url-link/resolve,GET,/api/h5/navigation-target/url-link/resolve,public_h5,public,false,false,single_resource,public_product,PENDING_HUMAN_DESIGN,PENDING_HUMAN_DESIGN,PENDING_HUMAN_DESIGN,UNMAPPED,MIGRATE,APPROVED,NONE,none,INVENTORIED,aicrm_next/extensions/commerce/public_product/api.py:173-179,NOT_EXECUTED,"Protocol endpoint is inventoried; method, auth, acknowledgement, and adapter contract remain unmapped unless independently evidenced.",UNMAPPED,UNMAPPED,UNMAPPED,UNMAPPED,UNMAPPED,UNMAPPED,UNMAPPED,UNMAPPED,UNMAPPED,UNMAPPED,UNMAPPED,UNMAPPED,UNMAPPED,UNMAPPED,NOT_EXECUTED,NOT_EXECUTED,NOT_EXECUTED,NOT_EXECUTED,NOT_EXECUTED
LEGACY-API-0646,/api/h5/product-context/session,POST,/api/h5/product-context/session,public_h5,public,false,false,single_resource,public_product,PENDING_HUMAN_DESIGN,PENDING_HUMAN_DESIGN,PENDING_HUMAN_DESIGN,UNMAPPED,MIGRATE,APPROVED,NONE,none,INVENTORIED,aicrm_next/extensions/commerce/public_product/api.py:92-117,NOT_EXECUTED,"Protocol endpoint is inventoried; method, auth, acknowledgement, and adapter contract remain unmapped unless independently evidenced.",UNMAPPED,UNMAPPED,UNMAPPED,UNMAPPED,UNMAPPED,UNMAPPED,UNMAPPED,UNMAPPED,UNMAPPED,UNMAPPED,UNMAPPED,UNMAPPED,UNMAPPED,UNMAPPED,NOT_EXECUTED,NOT_EXECUTED,NOT_EXECUTED,NOT_EXECUTED,NOT_EXECUTED
LEGACY-API-0647,/api/h5/product-images/{product_code}/{image_id}/variants/{variant_key},GET,/api/h5/product-images/{product_code}/{image_id}/variants/{variant_key},public_h5,public,false,false,single_resource,public_product,PENDING_HUMAN_DESIGN,PENDING_HUMAN_DESIGN,PENDING_HUMAN_DESIGN,UNMAPPED,MIGRATE,APPROVED,NONE,none,INVENTORIED,aicrm_next/extensions/commerce/public_product/api.py:182-201,NOT_EXECUTED,"Protocol endpoint is inventoried; method, auth, acknowledgement, and adapter contract remain unmapped unless independently evidenced.",UNMAPPED,UNMAPPED,UNMAPPED,UNMAPPED,UNMAPPED,UNMAPPED,UNMAPPED,UNMAPPED,UNMAPPED,UNMAPPED,UNMAPPED,UNMAPPED,UNMAPPED,UNMAPPED,NOT_EXECUTED,NOT_EXECUTED,NOT_EXECUTED,NOT_EXECUTED,NOT_EXECUTED
LEGACY-API-0648,/api/h5/questionnaires/{slug},GET,/api/h5/questionnaires/{slug},public_h5,public,false,false,single_resource,questionnaire,PENDING_HUMAN_DESIGN,PENDING_HUMAN_DESIGN,PENDING_HUMAN_DESIGN,UNMAPPED,MIGRATE,APPROVED,NONE,none,INVENTORIED,aicrm_next/extensions/forms/questionnaire/api.py:996-1027,NOT_EXECUTED,"Protocol endpoint is inventoried; method, auth, acknowledgement, and adapter contract remain unmapped unless independently evidenced.",UNMAPPED,UNMAPPED,UNMAPPED,UNMAPPED,UNMAPPED,UNMAPPED,UNMAPPED,UNMAPPED,UNMAPPED,UNMAPPED,UNMAPPED,UNMAPPED,UNMAPPED,UNMAPPED,NOT_EXECUTED,NOT_EXECUTED,NOT_EXECUTED,NOT_EXECUTED,NOT_EXECUTED
LEGACY-API-0649,/api/h5/questionnaires/{slug}/client-diagnostics,OPTIONS,/api/h5/questionnaires/{slug}/client-diagnostics,public_h5,public,false,false,single_resource,questionnaire,PENDING_HUMAN_DESIGN,PENDING_HUMAN_DESIGN,PENDING_HUMAN_DESIGN,UNMAPPED,DEFERRED_POST_LAUNCH,APPROVED,NONE,none,INVENTORIED,aicrm_next/extensions/forms/questionnaire/api.py:1045-1047,NOT_EXECUTED,"Protocol endpoint is inventoried; method, auth, acknowledgement, and adapter contract remain unmapped unless independently evidenced.",UNMAPPED,UNMAPPED,UNMAPPED,UNMAPPED,UNMAPPED,UNMAPPED,UNMAPPED,UNMAPPED,UNMAPPED,UNMAPPED,UNMAPPED,UNMAPPED,UNMAPPED,UNMAPPED,NOT_EXECUTED,NOT_EXECUTED,NOT_EXECUTED,NOT_EXECUTED,NOT_EXECUTED
LEGACY-API-0650,/api/h5/questionnaires/{slug}/client-diagnostics,POST,/api/h5/questionnaires/{slug}/client-diagnostics,public_h5,public,false,false,single_resource,questionnaire,PENDING_HUMAN_DESIGN,PENDING_HUMAN_DESIGN,PENDING_HUMAN_DESIGN,UNMAPPED,MIGRATE,APPROVED,NONE,none,INVENTORIED,aicrm_next/extensions/forms/questionnaire/api.py:1040-1042,NOT_EXECUTED,"Protocol endpoint is inventoried; method, auth, acknowledgement, and adapter contract remain unmapped unless independently evidenced.",UNMAPPED,UNMAPPED,UNMAPPED,UNMAPPED,UNMAPPED,UNMAPPED,UNMAPPED,UNMAPPED,UNMAPPED,UNMAPPED,UNMAPPED,UNMAPPED,UNMAPPED,UNMAPPED,NOT_EXECUTED,NOT_EXECUTED,NOT_EXECUTED,NOT_EXECUTED,NOT_EXECUTED
LEGACY-API-0651,/api/h5/questionnaires/{slug}/result,GET,/api/h5/questionnaires/{slug}/result,public_h5,public_result_grant,true,false,single_resource,questionnaire,PENDING_HUMAN_DESIGN,PENDING_HUMAN_DESIGN,PENDING_HUMAN_DESIGN,UNMAPPED,MIGRATE,APPROVED,NONE,none,INVENTORIED,aicrm_next/extensions/forms/questionnaire/api.py:1050-1075,NOT_EXECUTED,"Protocol endpoint is inventoried; method, auth, acknowledgement, and adapter contract remain unmapped unless independently evidenced.",UNMAPPED,UNMAPPED,UNMAPPED,UNMAPPED,UNMAPPED,UNMAPPED,UNMAPPED,UNMAPPED,UNMAPPED,UNMAPPED,UNMAPPED,UNMAPPED,UNMAPPED,UNMAPPED,NOT_EXECUTED,NOT_EXECUTED,NOT_EXECUTED,NOT_EXECUTED,NOT_EXECUTED
LEGACY-API-0652,/api/h5/questionnaires/{slug}/submit,OPTIONS,/api/h5/questionnaires/{slug}/submit,public_h5,public,false,false,single_resource,questionnaire,PENDING_HUMAN_DESIGN,PENDING_HUMAN_DESIGN,PENDING_HUMAN_DESIGN,UNMAPPED,MIGRATE,APPROVED,NONE,none,INVENTORIED,aicrm_next/extensions/forms/questionnaire/api.py:1035-1037,NOT_EXECUTED,"Protocol endpoint is inventoried; method, auth, acknowledgement, and adapter contract remain unmapped unless independently evidenced.",UNMAPPED,UNMAPPED,UNMAPPED,UNMAPPED,UNMAPPED,UNMAPPED,UNMAPPED,UNMAPPED,UNMAPPED,UNMAPPED,UNMAPPED,UNMAPPED,UNMAPPED,UNMAPPED,NOT_EXECUTED,NOT_EXECUTED,NOT_EXECUTED,NOT_EXECUTED,NOT_EXECUTED
LEGACY-API-0653,/api/h5/questionnaires/{slug}/submit,POST,/api/h5/questionnaires/{slug}/submit,public_h5,public,false,false,single_resource,questionnaire,PENDING_HUMAN_DESIGN,PENDING_HUMAN_DESIGN,PENDING_HUMAN_DESIGN,UNMAPPED,MIGRATE,APPROVED,NONE,none,INVENTORIED,aicrm_next/extensions/forms/questionnaire/api.py:1030-1032,NOT_EXECUTED,"Protocol endpoint is inventoried; method, auth, acknowledgement, and adapter contract remain unmapped unless independently evidenced.",UNMAPPED,UNMAPPED,UNMAPPED,UNMAPPED,UNMAPPED,UNMAPPED,UNMAPPED,UNMAPPED,UNMAPPED,UNMAPPED,UNMAPPED,UNMAPPED,UNMAPPED,UNMAPPED,NOT_EXECUTED,NOT_EXECUTED,NOT_EXECUTED,NOT_EXECUTED,NOT_EXECUTED
LEGACY-API-0654,/api/h5/radar-contents/{code}/events,POST,/api/h5/radar-contents/{code}/events,public_h5,public,false,false,single_resource,radar_links,PENDING_HUMAN_DESIGN,PENDING_HUMAN_DESIGN,PENDING_HUMAN_DESIGN,UNMAPPED,DEFERRED_POST_LAUNCH,APPROVED,NONE,none,INVENTORIED,aicrm_next/extensions/radar/radar_links/api.py:839-849,NOT_EXECUTED,"Protocol endpoint is inventoried; method, auth, acknowledgement, and adapter contract remain unmapped unless independently evidenced.",UNMAPPED,UNMAPPED,UNMAPPED,UNMAPPED,UNMAPPED,UNMAPPED,UNMAPPED,UNMAPPED,UNMAPPED,UNMAPPED,UNMAPPED,UNMAPPED,UNMAPPED,UNMAPPED,NOT_EXECUTED,NOT_EXECUTED,NOT_EXECUTED,NOT_EXECUTED,NOT_EXECUTED
LEGACY-API-0655,/api/h5/radar-contents/{code}/image,GET,/api/h5/radar-contents/{code}/image,public_h5,public,false,false,single_resource,radar_links,PENDING_HUMAN_DESIGN,PENDING_HUMAN_DESIGN,PENDING_HUMAN_DESIGN,UNMAPPED,DEFERRED_POST_LAUNCH,APPROVED,NONE,none,INVENTORIED,aicrm_next/extensions/radar/radar_links/api.py:723-735,NOT_EXECUTED,"Protocol endpoint is inventoried; method, auth, acknowledgement, and adapter contract remain unmapped unless independently evidenced.",UNMAPPED,UNMAPPED,UNMAPPED,UNMAPPED,UNMAPPED,UNMAPPED,UNMAPPED,UNMAPPED,UNMAPPED,UNMAPPED,UNMAPPED,UNMAPPED,UNMAPPED,UNMAPPED,NOT_EXECUTED,NOT_EXECUTED,NOT_EXECUTED,NOT_EXECUTED,NOT_EXECUTED
LEGACY-API-0656,/api/h5/radar-contents/{code}/image/manifest,GET,/api/h5/radar-contents/{code}/image/manifest,public_h5,public,false,false,single_resource,radar_links,PENDING_HUMAN_DESIGN,PENDING_HUMAN_DESIGN,PENDING_HUMAN_DESIGN,UNMAPPED,DEFERRED_POST_LAUNCH,APPROVED,NONE,none,INVENTORIED,aicrm_next/extensions/radar/radar_links/api.py:738-743,NOT_EXECUTED,"Protocol endpoint is inventoried; method, auth, acknowledgement, and adapter contract remain unmapped unless independently evidenced.",UNMAPPED,UNMAPPED,UNMAPPED,UNMAPPED,UNMAPPED,UNMAPPED,UNMAPPED,UNMAPPED,UNMAPPED,UNMAPPED,UNMAPPED,UNMAPPED,UNMAPPED,UNMAPPED,NOT_EXECUTED,NOT_EXECUTED,NOT_EXECUTED,NOT_EXECUTED,NOT_EXECUTED
LEGACY-API-0657,/api/h5/radar-contents/{code}/image/variants/{variant_key},GET,/api/h5/radar-contents/{code}/image/variants/{variant_key},public_h5,public,false,false,single_resource,radar_links,PENDING_HUMAN_DESIGN,PENDING_HUMAN_DESIGN,PENDING_HUMAN_DESIGN,UNMAPPED,DEFERRED_POST_LAUNCH,APPROVED,NONE,none,INVENTORIED,aicrm_next/extensions/radar/radar_links/api.py:746-761,NOT_EXECUTED,"Protocol endpoint is inventoried; method, auth, acknowledgement, and adapter contract remain unmapped unless independently evidenced.",UNMAPPED,UNMAPPED,UNMAPPED,UNMAPPED,UNMAPPED,UNMAPPED,UNMAPPED,UNMAPPED,UNMAPPED,UNMAPPED,UNMAPPED,UNMAPPED,UNMAPPED,UNMAPPED,NOT_EXECUTED,NOT_EXECUTED,NOT_EXECUTED,NOT_EXECUTED,NOT_EXECUTED
LEGACY-API-0658,/api/h5/radar-contents/{code}/manifest,GET,/api/h5/radar-contents/{code}/manifest,public_h5,public,false,false,single_resource,radar_links,PENDING_HUMAN_DESIGN,PENDING_HUMAN_DESIGN,PENDING_HUMAN_DESIGN,UNMAPPED,DEFERRED_POST_LAUNCH,APPROVED,NONE,none,INVENTORIED,aicrm_next/extensions/radar/radar_links/api.py:764-769,NOT_EXECUTED,"Protocol endpoint is inventoried; method, auth, acknowledgement, and adapter contract remain unmapped unless independently evidenced.",UNMAPPED,UNMAPPED,UNMAPPED,UNMAPPED,UNMAPPED,UNMAPPED,UNMAPPED,UNMAPPED,UNMAPPED,UNMAPPED,UNMAPPED,UNMAPPED,UNMAPPED,UNMAPPED,NOT_EXECUTED,NOT_EXECUTED,NOT_EXECUTED,NOT_EXECUTED,NOT_EXECUTED
LEGACY-API-0659,/api/h5/radar-contents/{code}/pdf,GET,/api/h5/radar-contents/{code}/pdf,public_h5,public,false,false,single_resource,radar_links,PENDING_HUMAN_DESIGN,PENDING_HUMAN_DESIGN,PENDING_HUMAN_DESIGN,UNMAPPED,DEFERRED_POST_LAUNCH,APPROVED,NONE,none,INVENTORIED,aicrm_next/extensions/radar/radar_links/api.py:790-797,NOT_EXECUTED,"Protocol endpoint is inventoried; method, auth, acknowledgement, and adapter contract remain unmapped unless independently evidenced.",UNMAPPED,UNMAPPED,UNMAPPED,UNMAPPED,UNMAPPED,UNMAPPED,UNMAPPED,UNMAPPED,UNMAPPED,UNMAPPED,UNMAPPED,UNMAPPED,UNMAPPED,UNMAPPED,NOT_EXECUTED,NOT_EXECUTED,NOT_EXECUTED,NOT_EXECUTED,NOT_EXECUTED
LEGACY-API-0660,/api/h5/radar-contents/{code}/pdf/pages/{page_no},GET,/api/h5/radar-contents/{code}/pdf/pages/{page_no},public_h5,public,false,false,single_resource,radar_links,PENDING_HUMAN_DESIGN,PENDING_HUMAN_DESIGN,PENDING_HUMAN_DESIGN,UNMAPPED,DEFERRED_POST_LAUNCH,APPROVED,NONE,none,INVENTORIED,aicrm_next/extensions/radar/radar_links/api.py:772-787,NOT_EXECUTED,"Protocol endpoint is inventoried; method, auth, acknowledgement, and adapter contract remain unmapped unless independently evidenced.",UNMAPPED,UNMAPPED,UNMAPPED,UNMAPPED,UNMAPPED,UNMAPPED,UNMAPPED,UNMAPPED,UNMAPPED,UNMAPPED,UNMAPPED,UNMAPPED,UNMAPPED,UNMAPPED,NOT_EXECUTED,NOT_EXECUTED,NOT_EXECUTED,NOT_EXECUTED,NOT_EXECUTED
LEGACY-API-0661,/api/h5/radar/oauth/callback,GET,/api/h5/radar/oauth/callback,callback,provider_oauth_state,true,false,single_resource,radar_links,PENDING_HUMAN_DESIGN,PENDING_HUMAN_DESIGN,PENDING_HUMAN_DESIGN,UNMAPPED,MIGRATE,APPROVED,MANIFEST_EXTERNAL_EFFECTS_STAGING_DISABLED,staging_disabled,INVENTORIED,aicrm_next/extensions/radar/radar_links/api.py:881-901,NOT_EXECUTED,"Protocol endpoint is inventoried; method, auth, acknowledgement, and adapter contract remain unmapped unless independently evidenced.",UNMAPPED,UNMAPPED,UNMAPPED,UNMAPPED,UNMAPPED,UNMAPPED,UNMAPPED,UNMAPPED,UNMAPPED,UNMAPPED,UNMAPPED,UNMAPPED,UNMAPPED,UNMAPPED,NOT_EXECUTED,NOT_EXECUTED,NOT_EXECUTED,NOT_EXECUTED,NOT_EXECUTED
LEGACY-API-0662,/api/h5/radar/oauth/start,GET,/api/h5/radar/oauth/start,public_h5,public,false,false,single_resource,radar_links,PENDING_HUMAN_DESIGN,PENDING_HUMAN_DESIGN,PENDING_HUMAN_DESIGN,UNMAPPED,MIGRATE,APPROVED,MANIFEST_EXTERNAL_EFFECTS_STAGING_DISABLED,staging_disabled,INVENTORIED,aicrm_next/extensions/radar/radar_links/api.py:547-559,NOT_EXECUTED,"Protocol endpoint is inventoried; method, auth, acknowledgement, and adapter contract remain unmapped unless independently evidenced.",UNMAPPED,UNMAPPED,UNMAPPED,UNMAPPED,UNMAPPED,UNMAPPED,UNMAPPED,UNMAPPED,UNMAPPED,UNMAPPED,UNMAPPED,UNMAPPED,UNMAPPED,UNMAPPED,NOT_EXECUTED,NOT_EXECUTED,NOT_EXECUTED,NOT_EXECUTED,NOT_EXECUTED
LEGACY-API-0663,/api/h5/service-period-products/{link_slug},GET,/api/h5/service-period-products/{link_slug},public_h5,public,false,false,single_resource,service_period,PENDING_HUMAN_DESIGN,PENDING_HUMAN_DESIGN,PENDING_HUMAN_DESIGN,UNMAPPED,MIGRATE,APPROVED,NONE,none,INVENTORIED,aicrm_next/extensions/commerce/service_period/api.py:922-939,NOT_EXECUTED,"Protocol endpoint is inventoried; method, auth, acknowledgement, and adapter contract remain unmapped unless independently evidenced.",UNMAPPED,UNMAPPED,UNMAPPED,UNMAPPED,UNMAPPED,UNMAPPED,UNMAPPED,UNMAPPED,UNMAPPED,UNMAPPED,UNMAPPED,UNMAPPED,UNMAPPED,UNMAPPED,NOT_EXECUTED,NOT_EXECUTED,NOT_EXECUTED,NOT_EXECUTED,NOT_EXECUTED
LEGACY-API-0664,/api/h5/service-period-products/{link_slug}/wechat-pay/jsapi/orders,POST,/api/h5/service-period-products/{link_slug}/wechat-pay/jsapi/orders,public_h5,payment_identity_session,true,false,self,service_period,PENDING_HUMAN_DESIGN,PENDING_HUMAN_DESIGN,PENDING_HUMAN_DESIGN,UNMAPPED,MIGRATE,APPROVED,MANIFEST_EXTERNAL_EFFECTS_REAL_REQUIRES_APPROVAL,real_requires_approval,INVENTORIED,aicrm_next/extensions/commerce/service_period/api.py:942-968,NOT_EXECUTED,"Protocol endpoint is inventoried; method, auth, acknowledgement, and adapter contract remain unmapped unless independently evidenced.",UNMAPPED,UNMAPPED,UNMAPPED,UNMAPPED,UNMAPPED,UNMAPPED,UNMAPPED,UNMAPPED,UNMAPPED,UNMAPPED,UNMAPPED,UNMAPPED,UNMAPPED,UNMAPPED,NOT_EXECUTED,NOT_EXECUTED,NOT_EXECUTED,NOT_EXECUTED,NOT_EXECUTED
LEGACY-API-0665,/api/h5/wechat-pay/jsapi/orders,POST,/api/h5/wechat-pay/jsapi/orders,public_h5,payment_identity_session,true,false,self,public_product,PENDING_HUMAN_DESIGN,PENDING_HUMAN_DESIGN,PENDING_HUMAN_DESIGN,UNMAPPED,MIGRATE,APPROVED,MANIFEST_EXTERNAL_EFFECTS_REAL_REQUIRES_APPROVAL,real_requires_approval,INVENTORIED,aicrm_next/extensions/commerce/public_product/api.py:156-165,NOT_EXECUTED,"Protocol endpoint is inventoried; method, auth, acknowledgement, and adapter contract remain unmapped unless independently evidenced.",UNMAPPED,UNMAPPED,UNMAPPED,UNMAPPED,UNMAPPED,UNMAPPED,UNMAPPED,UNMAPPED,UNMAPPED,UNMAPPED,UNMAPPED,UNMAPPED,UNMAPPED,UNMAPPED,NOT_EXECUTED,NOT_EXECUTED,NOT_EXECUTED,NOT_EXECUTED,NOT_EXECUTED
LEGACY-API-0666,/api/h5/wechat-pay/notify,POST,/api/h5/wechat-pay/notify,callback,provider_signature,true,false,single_resource,public_product,PENDING_HUMAN_DESIGN,PENDING_HUMAN_DESIGN,PENDING_HUMAN_DESIGN,UNMAPPED,MIGRATE,APPROVED,NONE,none,INVENTORIED,aicrm_next/extensions/commerce/public_product/api.py:204-207,NOT_EXECUTED,"Protocol endpoint is inventoried; method, auth, acknowledgement, and adapter contract remain unmapped unless independently evidenced.",UNMAPPED,UNMAPPED,UNMAPPED,UNMAPPED,UNMAPPED,UNMAPPED,UNMAPPED,UNMAPPED,UNMAPPED,UNMAPPED,UNMAPPED,UNMAPPED,UNMAPPED,UNMAPPED,NOT_EXECUTED,NOT_EXECUTED,NOT_EXECUTED,NOT_EXECUTED,NOT_EXECUTED
LEGACY-API-0667,/api/h5/wechat-pay/oauth/callback,GET,/api/h5/wechat-pay/oauth/callback,callback,provider_oauth_state,true,false,single_resource,public_product,PENDING_HUMAN_DESIGN,PENDING_HUMAN_DESIGN,PENDING_HUMAN_DESIGN,UNMAPPED,MIGRATE,APPROVED,MANIFEST_EXTERNAL_EFFECTS_STAGING_DISABLED,staging_disabled,INVENTORIED,aicrm_next/extensions/commerce/public_product/api.py:142-144,NOT_EXECUTED,"Protocol endpoint is inventoried; method, auth, acknowledgement, and adapter contract remain unmapped unless independently evidenced.",UNMAPPED,UNMAPPED,UNMAPPED,UNMAPPED,UNMAPPED,UNMAPPED,UNMAPPED,UNMAPPED,UNMAPPED,UNMAPPED,UNMAPPED,UNMAPPED,UNMAPPED,UNMAPPED,NOT_EXECUTED,NOT_EXECUTED,NOT_EXECUTED,NOT_EXECUTED,NOT_EXECUTED
LEGACY-API-0668,/api/h5/wechat-pay/oauth/start,GET,/api/h5/wechat-pay/oauth/start,public_h5,public,false,false,single_resource,public_product,PENDING_HUMAN_DESIGN,PENDING_HUMAN_DESIGN,PENDING_HUMAN_DESIGN,UNMAPPED,MIGRATE,APPROVED,MANIFEST_EXTERNAL_EFFECTS_STAGING_DISABLED,staging_disabled,INVENTORIED,aicrm_next/extensions/commerce/public_product/api.py:137-139,NOT_EXECUTED,"Protocol endpoint is inventoried; method, auth, acknowledgement, and adapter contract remain unmapped unless independently evidenced.",UNMAPPED,UNMAPPED,UNMAPPED,UNMAPPED,UNMAPPED,UNMAPPED,UNMAPPED,UNMAPPED,UNMAPPED,UNMAPPED,UNMAPPED,UNMAPPED,UNMAPPED,UNMAPPED,NOT_EXECUTED,NOT_EXECUTED,NOT_EXECUTED,NOT_EXECUTED,NOT_EXECUTED
LEGACY-API-0669,/api/h5/wechat-pay/orders/{out_trade_no},GET,/api/h5/wechat-pay/orders/{out_trade_no},public_h5,payment_identity_session,true,false,self,public_product,PENDING_HUMAN_DESIGN,PENDING_HUMAN_DESIGN,PENDING_HUMAN_DESIGN,UNMAPPED,MIGRATE,APPROVED,MANIFEST_EXTERNAL_EFFECTS_REAL_REQUIRES_APPROVAL,real_requires_approval,INVENTORIED,aicrm_next/extensions/commerce/public_product/api.py:168-170,NOT_EXECUTED,"Protocol endpoint is inventoried; method, auth, acknowledgement, and adapter contract remain unmapped unless independently evidenced.",UNMAPPED,UNMAPPED,UNMAPPED,UNMAPPED,UNMAPPED,UNMAPPED,UNMAPPED,UNMAPPED,UNMAPPED,UNMAPPED,UNMAPPED,UNMAPPED,UNMAPPED,UNMAPPED,NOT_EXECUTED,NOT_EXECUTED,NOT_EXECUTED,NOT_EXECUTED,NOT_EXECUTED
LEGACY-API-0670,/api/h5/wechat-pay/products/{path:path},GET,/api/h5/wechat-pay/products/{path:path},public_h5,public,false,false,single_resource,public_product,PENDING_HUMAN_DESIGN,PENDING_HUMAN_DESIGN,PENDING_HUMAN_DESIGN,UNMAPPED,MIGRATE,APPROVED,NONE,none,INVENTORIED,aicrm_next/extensions/commerce/public_product/api.py:147-153,NOT_EXECUTED,"Protocol endpoint is inventoried; method, auth, acknowledgement, and adapter contract remain unmapped unless independently evidenced.",UNMAPPED,UNMAPPED,UNMAPPED,UNMAPPED,UNMAPPED,UNMAPPED,UNMAPPED,UNMAPPED,UNMAPPED,UNMAPPED,UNMAPPED,UNMAPPED,UNMAPPED,UNMAPPED,NOT_EXECUTED,NOT_EXECUTED,NOT_EXECUTED,NOT_EXECUTED,NOT_EXECUTED
LEGACY-API-0671,/api/h5/wechat-pay/refund/notify,POST,/api/h5/wechat-pay/refund/notify,callback,provider_signature,true,false,single_resource,commerce,PENDING_HUMAN_DESIGN,PENDING_HUMAN_DESIGN,PENDING_HUMAN_DESIGN,UNMAPPED,MIGRATE,APPROVED,NONE,none,INVENTORIED,aicrm_next/extensions/commerce/commerce/api.py:391-399,NOT_EXECUTED,"Protocol endpoint is inventoried; method, auth, acknowledgement, and adapter contract remain unmapped unless independently evidenced.",UNMAPPED,UNMAPPED,UNMAPPED,UNMAPPED,UNMAPPED,UNMAPPED,UNMAPPED,UNMAPPED,UNMAPPED,UNMAPPED,UNMAPPED,UNMAPPED,UNMAPPED,UNMAPPED,NOT_EXECUTED,NOT_EXECUTED,NOT_EXECUTED,NOT_EXECUTED,NOT_EXECUTED
LEGACY-API-0672,/api/h5/wechat-pay/{path:path},DELETE|GET|PATCH|POST|PUT,/api/h5/wechat-pay/{path:path},public_h5,public,false,false,single_resource,commerce,PENDING_HUMAN_DESIGN,PENDING_HUMAN_DESIGN,PENDING_HUMAN_DESIGN,UNMAPPED,MIGRATE,APPROVED,SOURCE_METHOD_BUNDLE_DIFFERS|SOURCE_ONLY_HEAD,none,INVENTORIED,aicrm_next/extensions/commerce/commerce/api.py:1246-1255,NOT_EXECUTED,"Protocol endpoint is inventoried; method, auth, acknowledgement, and adapter contract remain unmapped unless independently evidenced.",UNMAPPED,UNMAPPED,UNMAPPED,UNMAPPED,UNMAPPED,UNMAPPED,UNMAPPED,UNMAPPED,UNMAPPED,UNMAPPED,UNMAPPED,UNMAPPED,UNMAPPED,UNMAPPED,NOT_EXECUTED,NOT_EXECUTED,NOT_EXECUTED,NOT_EXECUTED,NOT_EXECUTED
LEGACY-API-0673,/api/h5/wechat-pay/{path:path},OPTIONS,/api/h5/wechat-pay/{path:path},public_h5,public,false,false,single_resource,commerce,PENDING_HUMAN_DESIGN,PENDING_HUMAN_DESIGN,PENDING_HUMAN_DESIGN,UNMAPPED,DEFERRED_POST_LAUNCH,APPROVED,NONE,none,INVENTORIED,aicrm_next/extensions/commerce/commerce/api.py:1236-1243,NOT_EXECUTED,"Protocol endpoint is inventoried; method, auth, acknowledgement, and adapter contract remain unmapped unless independently evidenced.",UNMAPPED,UNMAPPED,UNMAPPED,UNMAPPED,UNMAPPED,UNMAPPED,UNMAPPED,UNMAPPED,UNMAPPED,UNMAPPED,UNMAPPED,UNMAPPED,UNMAPPED,UNMAPPED,NOT_EXECUTED,NOT_EXECUTED,NOT_EXECUTED,NOT_EXECUTED,NOT_EXECUTED
LEGACY-API-0674,/api/h5/wechat/oauth/callback,GET,/api/h5/wechat/oauth/callback,callback,provider_oauth_state,true,false,single_resource,questionnaire,GET,/api/h5/surveys/oauth/callback,callbackSurveyH5OAuth,UNMAPPED,MIGRATE,APPROVED,MANIFEST_EXTERNAL_EFFECTS_STAGING_DISABLED,staging_disabled,INVENTORIED,aicrm_next/extensions/forms/questionnaire/api.py:1136-1210,NOT_EXECUTED,"Protocol endpoint is inventoried; method, auth, acknowledgement, and adapter contract remain unmapped unless independently evidenced.",UNMAPPED,UNMAPPED,UNMAPPED,UNMAPPED,UNMAPPED,UNMAPPED,UNMAPPED,UNMAPPED,UNMAPPED,UNMAPPED,UNMAPPED,UNMAPPED,UNMAPPED,UNMAPPED,NOT_EXECUTED,NOT_EXECUTED,NOT_EXECUTED,NOT_EXECUTED,NOT_EXECUTED
LEGACY-API-0675,/api/h5/wechat/oauth/callback,OPTIONS,/api/h5/wechat/oauth/callback,callback,provider_oauth_state,true,false,single_resource,questionnaire,PENDING_HUMAN_DESIGN,PENDING_HUMAN_DESIGN,PENDING_HUMAN_DESIGN,UNMAPPED,DEFERRED_POST_LAUNCH,APPROVED,MANIFEST_EXTERNAL_EFFECTS_STAGING_DISABLED,staging_disabled,INVENTORIED,aicrm_next/extensions/forms/questionnaire/api.py:1213-1215,NOT_EXECUTED,"Protocol endpoint is inventoried; method, auth, acknowledgement, and adapter contract remain unmapped unless independently evidenced.",UNMAPPED,UNMAPPED,UNMAPPED,UNMAPPED,UNMAPPED,UNMAPPED,UNMAPPED,UNMAPPED,UNMAPPED,UNMAPPED,UNMAPPED,UNMAPPED,UNMAPPED,UNMAPPED,NOT_EXECUTED,NOT_EXECUTED,NOT_EXECUTED,NOT_EXECUTED,NOT_EXECUTED
LEGACY-API-0676,/api/h5/wechat/oauth/start,GET,/api/h5/wechat/oauth/start,public_h5,public,false,false,single_resource,questionnaire,GET,/api/h5/surveys/oauth/start,startSurveyH5OAuth,UNMAPPED,MIGRATE,APPROVED,MANIFEST_EXTERNAL_EFFECTS_STAGING_DISABLED,staging_disabled,INVENTORIED,aicrm_next/extensions/forms/questionnaire/api.py:1078-1128,NOT_EXECUTED,"Protocol endpoint is inventoried; method, auth, acknowledgement, and adapter contract remain unmapped unless independently evidenced.",UNMAPPED,UNMAPPED,UNMAPPED,UNMAPPED,UNMAPPED,UNMAPPED,UNMAPPED,UNMAPPED,UNMAPPED,UNMAPPED,UNMAPPED,UNMAPPED,UNMAPPED,UNMAPPED,NOT_EXECUTED,NOT_EXECUTED,NOT_EXECUTED,NOT_EXECUTED,NOT_EXECUTED
LEGACY-API-0677,/api/h5/wechat/oauth/start,OPTIONS,/api/h5/wechat/oauth/start,public_h5,public,false,false,single_resource,questionnaire,PENDING_HUMAN_DESIGN,PENDING_HUMAN_DESIGN,PENDING_HUMAN_DESIGN,UNMAPPED,DEFERRED_POST_LAUNCH,APPROVED,MANIFEST_EXTERNAL_EFFECTS_STAGING_DISABLED,staging_disabled,INVENTORIED,aicrm_next/extensions/forms/questionnaire/api.py:1131-1133,NOT_EXECUTED,"Protocol endpoint is inventoried; method, auth, acknowledgement, and adapter contract remain unmapped unless independently evidenced.",UNMAPPED,UNMAPPED,UNMAPPED,UNMAPPED,UNMAPPED,UNMAPPED,UNMAPPED,UNMAPPED,UNMAPPED,UNMAPPED,UNMAPPED,UNMAPPED,UNMAPPED,UNMAPPED,NOT_EXECUTED,NOT_EXECUTED,NOT_EXECUTED,NOT_EXECUTED,NOT_EXECUTED
LEGACY-API-0678,/api/h5/wechat/oauth/unknown,GET,/api/h5/wechat/oauth/unknown,public_h5,public,false,false,single_resource,auth_wecom,NOT_APPLICABLE,NOT_APPLICABLE,NOT_APPLICABLE,UNMAPPED,NOT_MIGRATED,APPROVED,MANIFEST_EXTERNAL_EFFECTS_STAGING_DISABLED|S03-D07_MANIFEST_STAGING_DISABLED_VS_GATED_SOURCE_PATH,staging_disabled,INVENTORIED,aicrm_next/channels/auth_wecom/api.py:162-164,NOT_EXECUTED,"Protocol endpoint is inventoried; method, auth, acknowledgement, and adapter contract remain unmapped unless independently evidenced.",UNMAPPED,UNMAPPED,UNMAPPED,UNMAPPED,UNMAPPED,UNMAPPED,UNMAPPED,UNMAPPED,UNMAPPED,UNMAPPED,UNMAPPED,UNMAPPED,UNMAPPED,UNMAPPED,NOT_EXECUTED,NOT_EXECUTED,NOT_EXECUTED,NOT_EXECUTED,NOT_EXECUTED
LEGACY-API-0679,/api/h5/wechat/oauth/unknown,OPTIONS,/api/h5/wechat/oauth/unknown,public_h5,public,false,false,single_resource,auth_wecom,PENDING_HUMAN_DESIGN,PENDING_HUMAN_DESIGN,PENDING_HUMAN_DESIGN,UNMAPPED,DEFERRED_POST_LAUNCH,APPROVED,MANIFEST_EXTERNAL_EFFECTS_STAGING_DISABLED|S03-D07_MANIFEST_STAGING_DISABLED_VS_GATED_SOURCE_PATH,staging_disabled,INVENTORIED,aicrm_next/channels/auth_wecom/api.py:157-159,NOT_EXECUTED,"Protocol endpoint is inventoried; method, auth, acknowledgement, and adapter contract remain unmapped unless independently evidenced.",UNMAPPED,UNMAPPED,UNMAPPED,UNMAPPED,UNMAPPED,UNMAPPED,UNMAPPED,UNMAPPED,UNMAPPED,UNMAPPED,UNMAPPED,UNMAPPED,UNMAPPED,UNMAPPED,NOT_EXECUTED,NOT_EXECUTED,NOT_EXECUTED,NOT_EXECUTED,NOT_EXECUTED
LEGACY-API-0680,/api/identity/resolve,GET,/api/identity/resolve,external_integration,api_client_jwt,true,false,service,identity_contact,PENDING_HUMAN_DESIGN,PENDING_HUMAN_DESIGN,PENDING_HUMAN_DESIGN,UNMAPPED,DEFERRED_POST_LAUNCH,APPROVED,NONE,none,INVENTORIED,aicrm_next/crm/identity_contact/api.py:47-69,NOT_EXECUTED,"Protocol endpoint is inventoried; method, auth, acknowledgement, and adapter contract remain unmapped unless independently evidenced.",UNMAPPED,UNMAPPED,UNMAPPED,UNMAPPED,UNMAPPED,UNMAPPED,UNMAPPED,UNMAPPED,UNMAPPED,UNMAPPED,UNMAPPED,UNMAPPED,UNMAPPED,UNMAPPED,NOT_EXECUTED,NOT_EXECUTED,NOT_EXECUTED,NOT_EXECUTED,NOT_EXECUTED
LEGACY-API-0682,/api/messages/archive,GET,/api/messages/archive,external_integration,human_session,true,false,global,message_archive,PENDING_HUMAN_DESIGN,PENDING_HUMAN_DESIGN,PENDING_HUMAN_DESIGN,UNMAPPED,DEFERRED_POST_LAUNCH,APPROVED,NONE,none,INVENTORIED,aicrm_next/extensions/archive/message_archive/api.py:222-224,NOT_EXECUTED,"Protocol endpoint is inventoried; method, auth, acknowledgement, and adapter contract remain unmapped unless independently evidenced.",UNMAPPED,UNMAPPED,UNMAPPED,UNMAPPED,UNMAPPED,UNMAPPED,UNMAPPED,UNMAPPED,UNMAPPED,UNMAPPED,UNMAPPED,UNMAPPED,UNMAPPED,UNMAPPED,NOT_EXECUTED,NOT_EXECUTED,NOT_EXECUTED,NOT_EXECUTED,NOT_EXECUTED
LEGACY-API-0683,/api/messages/archive/sync,GET|POST,/api/messages/archive/sync,external_integration,human_session,true,true,global,message_archive,NOT_APPLICABLE,NOT_APPLICABLE,NOT_APPLICABLE,UNMAPPED,NOT_MIGRATED,APPROVED,SOURCE_METHOD_BUNDLE_DIFFERS|SOURCE_ONLY_OPTIONS,none,INVENTORIED,aicrm_next/extensions/archive/message_archive/api.py:217-219,NOT_EXECUTED,"Protocol endpoint is inventoried; method, auth, acknowledgement, and adapter contract remain unmapped unless independently evidenced.",UNMAPPED,UNMAPPED,UNMAPPED,UNMAPPED,UNMAPPED,UNMAPPED,UNMAPPED,UNMAPPED,UNMAPPED,UNMAPPED,UNMAPPED,UNMAPPED,UNMAPPED,UNMAPPED,NOT_EXECUTED,NOT_EXECUTED,NOT_EXECUTED,NOT_EXECUTED,NOT_EXECUTED
LEGACY-API-0684,/api/messages/broadcast,GET|POST,/api/messages/broadcast,external_integration,human_session,true,true,global,message_archive,NOT_APPLICABLE,NOT_APPLICABLE,NOT_APPLICABLE,UNMAPPED,NOT_MIGRATED,APPROVED,SOURCE_METHOD_BUNDLE_DIFFERS|SOURCE_ONLY_OPTIONS,none,INVENTORIED,aicrm_next/extensions/archive/message_archive/api.py:212-214,NOT_EXECUTED,"Protocol endpoint is inventoried; method, auth, acknowledgement, and adapter contract remain unmapped unless independently evidenced.",UNMAPPED,UNMAPPED,UNMAPPED,UNMAPPED,UNMAPPED,UNMAPPED,UNMAPPED,UNMAPPED,UNMAPPED,UNMAPPED,UNMAPPED,UNMAPPED,UNMAPPED,UNMAPPED,NOT_EXECUTED,NOT_EXECUTED,NOT_EXECUTED,NOT_EXECUTED,NOT_EXECUTED
LEGACY-API-0685,/api/messages/search,GET,/api/messages/search,external_integration,human_session,true,false,global,message_archive,PENDING_HUMAN_DESIGN,PENDING_HUMAN_DESIGN,PENDING_HUMAN_DESIGN,UNMAPPED,MIGRATE,APPROVED,NONE,none,INVENTORIED,aicrm_next/extensions/archive/message_archive/api.py:189-204,NOT_EXECUTED,"Protocol endpoint is inventoried; method, auth, acknowledgement, and adapter contract remain unmapped unless independently evidenced.",UNMAPPED,UNMAPPED,UNMAPPED,UNMAPPED,UNMAPPED,UNMAPPED,UNMAPPED,UNMAPPED,UNMAPPED,UNMAPPED,UNMAPPED,UNMAPPED,UNMAPPED,UNMAPPED,NOT_EXECUTED,NOT_EXECUTED,NOT_EXECUTED,NOT_EXECUTED,NOT_EXECUTED
LEGACY-API-0686,/api/messages/send,GET|POST,/api/messages/send,external_integration,human_session,true,true,global,message_archive,NOT_APPLICABLE,NOT_APPLICABLE,NOT_APPLICABLE,UNMAPPED,NOT_MIGRATED,APPROVED,SOURCE_METHOD_BUNDLE_DIFFERS|SOURCE_ONLY_OPTIONS,none,INVENTORIED,aicrm_next/extensions/archive/message_archive/api.py:207-209,NOT_EXECUTED,"Protocol endpoint is inventoried; method, auth, acknowledgement, and adapter contract remain unmapped unless independently evidenced.",UNMAPPED,UNMAPPED,UNMAPPED,UNMAPPED,UNMAPPED,UNMAPPED,UNMAPPED,UNMAPPED,UNMAPPED,UNMAPPED,UNMAPPED,UNMAPPED,UNMAPPED,UNMAPPED,NOT_EXECUTED,NOT_EXECUTED,NOT_EXECUTED,NOT_EXECUTED,NOT_EXECUTED
LEGACY-API-0687,/api/messages/{external_userid},GET,/api/messages/{external_userid},external_integration,human_session,true,false,global,message_archive,PENDING_HUMAN_DESIGN,PENDING_HUMAN_DESIGN,PENDING_HUMAN_DESIGN,UNMAPPED,DEFERRED_POST_LAUNCH,APPROVED,NONE,none,INVENTORIED,aicrm_next/extensions/archive/message_archive/api.py:237-250,NOT_EXECUTED,"Protocol endpoint is inventoried; method, auth, acknowledgement, and adapter contract remain unmapped unless independently evidenced.",UNMAPPED,UNMAPPED,UNMAPPED,UNMAPPED,UNMAPPED,UNMAPPED,UNMAPPED,UNMAPPED,UNMAPPED,UNMAPPED,UNMAPPED,UNMAPPED,UNMAPPED,UNMAPPED,NOT_EXECUTED,NOT_EXECUTED,NOT_EXECUTED,NOT_EXECUTED,NOT_EXECUTED
LEGACY-API-0688,/api/messages/{external_userid}/archive,GET,/api/messages/{external_userid}/archive,external_integration,human_session,true,false,global,message_archive,PENDING_HUMAN_DESIGN,PENDING_HUMAN_DESIGN,PENDING_HUMAN_DESIGN,UNMAPPED,DEFERRED_POST_LAUNCH,APPROVED,NONE,none,INVENTORIED,aicrm_next/extensions/archive/message_archive/api.py:227-229,NOT_EXECUTED,"Protocol endpoint is inventoried; method, auth, acknowledgement, and adapter contract remain unmapped unless independently evidenced.",UNMAPPED,UNMAPPED,UNMAPPED,UNMAPPED,UNMAPPED,UNMAPPED,UNMAPPED,UNMAPPED,UNMAPPED,UNMAPPED,UNMAPPED,UNMAPPED,UNMAPPED,UNMAPPED,NOT_EXECUTED,NOT_EXECUTED,NOT_EXECUTED,NOT_EXECUTED,NOT_EXECUTED
LEGACY-API-0689,/api/messages/{external_userid}/history,GET,/api/messages/{external_userid}/history,external_integration,human_session,true,false,global,message_archive,PENDING_HUMAN_DESIGN,PENDING_HUMAN_DESIGN,PENDING_HUMAN_DESIGN,UNMAPPED,DEFERRED_POST_LAUNCH,APPROVED,NONE,none,INVENTORIED,aicrm_next/extensions/archive/message_archive/api.py:232-234,NOT_EXECUTED,"Protocol endpoint is inventoried; method, auth, acknowledgement, and adapter contract remain unmapped unless independently evidenced.",UNMAPPED,UNMAPPED,UNMAPPED,UNMAPPED,UNMAPPED,UNMAPPED,UNMAPPED,UNMAPPED,UNMAPPED,UNMAPPED,UNMAPPED,UNMAPPED,UNMAPPED,UNMAPPED,NOT_EXECUTED,NOT_EXECUTED,NOT_EXECUTED,NOT_EXECUTED,NOT_EXECUTED
LEGACY-API-0690,/api/messages/{external_userid}/recent,GET,/api/messages/{external_userid}/recent,external_integration,human_session,true,false,global,customer_read_model,PENDING_HUMAN_DESIGN,PENDING_HUMAN_DESIGN,PENDING_HUMAN_DESIGN,UNMAPPED,DEFERRED_POST_LAUNCH,APPROVED,S02-D06_FIXTURE_OR_DEGRADED_EMPTY_RESULT_BOUNDARY,none,INVENTORIED,aicrm_next/crm/customer_read_model/api.py:546-555,NOT_EXECUTED,"Protocol endpoint is inventoried; method, auth, acknowledgement, and adapter contract remain unmapped unless independently evidenced.",UNMAPPED,UNMAPPED,UNMAPPED,UNMAPPED,UNMAPPED,UNMAPPED,UNMAPPED,UNMAPPED,UNMAPPED,UNMAPPED,UNMAPPED,UNMAPPED,UNMAPPED,UNMAPPED,NOT_EXECUTED,NOT_EXECUTED,NOT_EXECUTED,NOT_EXECUTED,NOT_EXECUTED
LEGACY-API-0691,/api/operation-cycles/action-requests/claim,POST,/api/operation-cycles/action-requests/claim,external_integration,api_client_jwt,true,false,service,operation_cycles,PENDING_HUMAN_DESIGN,PENDING_HUMAN_DESIGN,PENDING_HUMAN_DESIGN,UNMAPPED,DEFERRED_POST_LAUNCH,APPROVED,NONE,none,INVENTORIED,aicrm_next/extensions/hxc/operation_cycles/api.py:352-377,NOT_EXECUTED,"Protocol endpoint is inventoried; method, auth, acknowledgement, and adapter contract remain unmapped unless independently evidenced.",UNMAPPED,UNMAPPED,UNMAPPED,UNMAPPED,UNMAPPED,UNMAPPED,UNMAPPED,UNMAPPED,UNMAPPED,UNMAPPED,UNMAPPED,UNMAPPED,UNMAPPED,UNMAPPED,NOT_EXECUTED,NOT_EXECUTED,NOT_EXECUTED,NOT_EXECUTED,NOT_EXECUTED
LEGACY-API-0692,/api/operation-cycles/action-requests/{request_id}/events,POST,/api/operation-cycles/action-requests/{request_id}/events,external_integration,api_client_jwt,true,false,service,operation_cycles,PENDING_HUMAN_DESIGN,PENDING_HUMAN_DESIGN,PENDING_HUMAN_DESIGN,UNMAPPED,DEFERRED_POST_LAUNCH,APPROVED,NONE,none,INVENTORIED,aicrm_next/extensions/hxc/operation_cycles/api.py:380-403,NOT_EXECUTED,"Protocol endpoint is inventoried; method, auth, acknowledgement, and adapter contract remain unmapped unless independently evidenced.",UNMAPPED,UNMAPPED,UNMAPPED,UNMAPPED,UNMAPPED,UNMAPPED,UNMAPPED,UNMAPPED,UNMAPPED,UNMAPPED,UNMAPPED,UNMAPPED,UNMAPPED,UNMAPPED,NOT_EXECUTED,NOT_EXECUTED,NOT_EXECUTED,NOT_EXECUTED,NOT_EXECUTED
LEGACY-API-0693,/api/operation-cycles/context-index,GET,/api/operation-cycles/context-index,external_integration,api_client_jwt,true,false,service,operation_cycles,PENDING_HUMAN_DESIGN,PENDING_HUMAN_DESIGN,PENDING_HUMAN_DESIGN,UNMAPPED,MIGRATE,APPROVED,NONE,none,INVENTORIED,aicrm_next/extensions/hxc/operation_cycles/api.py:406-410,NOT_EXECUTED,"Protocol endpoint is inventoried; method, auth, acknowledgement, and adapter contract remain unmapped unless independently evidenced.",UNMAPPED,UNMAPPED,UNMAPPED,UNMAPPED,UNMAPPED,UNMAPPED,UNMAPPED,UNMAPPED,UNMAPPED,UNMAPPED,UNMAPPED,UNMAPPED,UNMAPPED,UNMAPPED,NOT_EXECUTED,NOT_EXECUTED,NOT_EXECUTED,NOT_EXECUTED,NOT_EXECUTED
LEGACY-API-0694,/api/operation-cycles/reports,POST,/api/operation-cycles/reports,external_integration,api_client_jwt,true,false,service,operation_cycles,PENDING_HUMAN_DESIGN,PENDING_HUMAN_DESIGN,PENDING_HUMAN_DESIGN,UNMAPPED,MIGRATE,APPROVED,NONE,none,INVENTORIED,aicrm_next/extensions/hxc/operation_cycles/api.py:183-234,NOT_EXECUTED,"Protocol endpoint is inventoried; method, auth, acknowledgement, and adapter contract remain unmapped unless independently evidenced.",UNMAPPED,UNMAPPED,UNMAPPED,UNMAPPED,UNMAPPED,UNMAPPED,UNMAPPED,UNMAPPED,UNMAPPED,UNMAPPED,UNMAPPED,UNMAPPED,UNMAPPED,UNMAPPED,NOT_EXECUTED,NOT_EXECUTED,NOT_EXECUTED,NOT_EXECUTED,NOT_EXECUTED
LEGACY-API-0695,/api/operation-cycles/runner/heartbeat,POST,/api/operation-cycles/runner/heartbeat,external_integration,api_client_jwt,true,false,service,operation_cycles,PENDING_HUMAN_DESIGN,PENDING_HUMAN_DESIGN,PENDING_HUMAN_DESIGN,UNMAPPED,DEFERRED_POST_LAUNCH,APPROVED,NONE,none,INVENTORIED,aicrm_next/extensions/hxc/operation_cycles/api.py:329-349,NOT_EXECUTED,"Protocol endpoint is inventoried; method, auth, acknowledgement, and adapter contract remain unmapped unless independently evidenced.",UNMAPPED,UNMAPPED,UNMAPPED,UNMAPPED,UNMAPPED,UNMAPPED,UNMAPPED,UNMAPPED,UNMAPPED,UNMAPPED,UNMAPPED,UNMAPPED,UNMAPPED,UNMAPPED,NOT_EXECUTED,NOT_EXECUTED,NOT_EXECUTED,NOT_EXECUTED,NOT_EXECUTED
LEGACY-API-0696,/api/operation-cycles/strategies/{strategy_key}/context,GET,/api/operation-cycles/strategies/{strategy_key}/context,external_integration,api_client_jwt,true,false,service,operation_cycles,PENDING_HUMAN_DESIGN,PENDING_HUMAN_DESIGN,PENDING_HUMAN_DESIGN,UNMAPPED,MIGRATE,APPROVED,NONE,none,INVENTORIED,aicrm_next/extensions/hxc/operation_cycles/api.py:413-451,NOT_EXECUTED,"Protocol endpoint is inventoried; method, auth, acknowledgement, and adapter contract remain unmapped unless independently evidenced.",UNMAPPED,UNMAPPED,UNMAPPED,UNMAPPED,UNMAPPED,UNMAPPED,UNMAPPED,UNMAPPED,UNMAPPED,UNMAPPED,UNMAPPED,UNMAPPED,UNMAPPED,UNMAPPED,NOT_EXECUTED,NOT_EXECUTED,NOT_EXECUTED,NOT_EXECUTED,NOT_EXECUTED
LEGACY-API-0697,/api/operation-cycles/strategy-change-proposals,POST,/api/operation-cycles/strategy-change-proposals,external_integration,api_client_jwt,true,false,service,operation_cycles,PENDING_HUMAN_DESIGN,PENDING_HUMAN_DESIGN,PENDING_HUMAN_DESIGN,UNMAPPED,MIGRATE,APPROVED,NONE,none,INVENTORIED,aicrm_next/extensions/hxc/operation_cycles/api.py:454-475,NOT_EXECUTED,"Protocol endpoint is inventoried; method, auth, acknowledgement, and adapter contract remain unmapped unless independently evidenced.",UNMAPPED,UNMAPPED,UNMAPPED,UNMAPPED,UNMAPPED,UNMAPPED,UNMAPPED,UNMAPPED,UNMAPPED,UNMAPPED,UNMAPPED,UNMAPPED,UNMAPPED,UNMAPPED,NOT_EXECUTED,NOT_EXECUTED,NOT_EXECUTED,NOT_EXECUTED,NOT_EXECUTED
LEGACY-API-0698,/api/orders/{order_no},GET,/api/orders/{order_no},public_h5,public,false,false,single_resource,commerce,PENDING_HUMAN_DESIGN,PENDING_HUMAN_DESIGN,PENDING_HUMAN_DESIGN,UNMAPPED,DEFERRED_POST_LAUNCH,APPROVED,NONE,none,INVENTORIED,aicrm_next/extensions/commerce/commerce/api.py:599-614,NOT_EXECUTED,"Protocol endpoint is inventoried; method, auth, acknowledgement, and adapter contract remain unmapped unless independently evidenced.",UNMAPPED,UNMAPPED,UNMAPPED,UNMAPPED,UNMAPPED,UNMAPPED,UNMAPPED,UNMAPPED,UNMAPPED,UNMAPPED,UNMAPPED,UNMAPPED,UNMAPPED,UNMAPPED,NOT_EXECUTED,NOT_EXECUTED,NOT_EXECUTED,NOT_EXECUTED,NOT_EXECUTED
LEGACY-API-0699,/api/orders/{order_no},OPTIONS,/api/orders/{order_no},public_h5,public,false,false,single_resource,commerce,PENDING_HUMAN_DESIGN,PENDING_HUMAN_DESIGN,PENDING_HUMAN_DESIGN,UNMAPPED,DEFERRED_POST_LAUNCH,APPROVED,NONE,none,INVENTORIED,aicrm_next/extensions/commerce/commerce/api.py:617-621,NOT_EXECUTED,"Protocol endpoint is inventoried; method, auth, acknowledgement, and adapter contract remain unmapped unless independently evidenced.",UNMAPPED,UNMAPPED,UNMAPPED,UNMAPPED,UNMAPPED,UNMAPPED,UNMAPPED,UNMAPPED,UNMAPPED,UNMAPPED,UNMAPPED,UNMAPPED,UNMAPPED,UNMAPPED,NOT_EXECUTED,NOT_EXECUTED,NOT_EXECUTED,NOT_EXECUTED,NOT_EXECUTED
LEGACY-API-0700,/api/orders/{order_no}/status,GET,/api/orders/{order_no}/status,public_h5,public,false,false,single_resource,commerce,PENDING_HUMAN_DESIGN,PENDING_HUMAN_DESIGN,PENDING_HUMAN_DESIGN,UNMAPPED,DEFERRED_POST_LAUNCH,APPROVED,NONE,none,INVENTORIED,aicrm_next/extensions/commerce/commerce/api.py:600-614,NOT_EXECUTED,"Protocol endpoint is inventoried; method, auth, acknowledgement, and adapter contract remain unmapped unless independently evidenced.",UNMAPPED,UNMAPPED,UNMAPPED,UNMAPPED,UNMAPPED,UNMAPPED,UNMAPPED,UNMAPPED,UNMAPPED,UNMAPPED,UNMAPPED,UNMAPPED,UNMAPPED,UNMAPPED,NOT_EXECUTED,NOT_EXECUTED,NOT_EXECUTED,NOT_EXECUTED,NOT_EXECUTED
LEGACY-API-0701,/api/orders/{order_no}/status,OPTIONS,/api/orders/{order_no}/status,public_h5,public,false,false,single_resource,commerce,PENDING_HUMAN_DESIGN,PENDING_HUMAN_DESIGN,PENDING_HUMAN_DESIGN,UNMAPPED,DEFERRED_POST_LAUNCH,APPROVED,NONE,none,INVENTORIED,aicrm_next/extensions/commerce/commerce/api.py:624-628,NOT_EXECUTED,"Protocol endpoint is inventoried; method, auth, acknowledgement, and adapter contract remain unmapped unless independently evidenced.",UNMAPPED,UNMAPPED,UNMAPPED,UNMAPPED,UNMAPPED,UNMAPPED,UNMAPPED,UNMAPPED,UNMAPPED,UNMAPPED,UNMAPPED,UNMAPPED,UNMAPPED,UNMAPPED,NOT_EXECUTED,NOT_EXECUTED,NOT_EXECUTED,NOT_EXECUTED,NOT_EXECUTED
LEGACY-API-0702,/api/orders/{order_no}/{path:path},DELETE|GET|PATCH|POST|PUT,/api/orders/{order_no}/{path:path},public_h5,public,false,false,single_resource,commerce,NOT_APPLICABLE,NOT_APPLICABLE,NOT_APPLICABLE,UNMAPPED,NOT_MIGRATED,APPROVED,SOURCE_METHOD_BUNDLE_DIFFERS|SOURCE_ONLY_HEAD|SOURCE_ONLY_OPTIONS,none,INVENTORIED,aicrm_next/extensions/commerce/commerce/api.py:631-640,NOT_EXECUTED,"Protocol endpoint is inventoried; method, auth, acknowledgement, and adapter contract remain unmapped unless independently evidenced.",UNMAPPED,UNMAPPED,UNMAPPED,UNMAPPED,UNMAPPED,UNMAPPED,UNMAPPED,UNMAPPED,UNMAPPED,UNMAPPED,UNMAPPED,UNMAPPED,UNMAPPED,UNMAPPED,NOT_EXECUTED,NOT_EXECUTED,NOT_EXECUTED,NOT_EXECUTED,NOT_EXECUTED
LEGACY-API-0703,/api/products/{page_slug},GET,/api/products/{page_slug},public_h5,public,false,false,single_resource,commerce,PENDING_HUMAN_DESIGN,PENDING_HUMAN_DESIGN,PENDING_HUMAN_DESIGN,UNMAPPED,DEFERRED_POST_LAUNCH,APPROVED,NONE,none,INVENTORIED,aicrm_next/extensions/commerce/commerce/api.py:529-534,NOT_EXECUTED,"Protocol endpoint is inventoried; method, auth, acknowledgement, and adapter contract remain unmapped unless independently evidenced.",UNMAPPED,UNMAPPED,UNMAPPED,UNMAPPED,UNMAPPED,UNMAPPED,UNMAPPED,UNMAPPED,UNMAPPED,UNMAPPED,UNMAPPED,UNMAPPED,UNMAPPED,UNMAPPED,NOT_EXECUTED,NOT_EXECUTED,NOT_EXECUTED,NOT_EXECUTED,NOT_EXECUTED
LEGACY-API-0704,/api/products/{path:path},DELETE|PATCH|POST|PUT,/api/products/{path:path},public_h5,public,false,false,single_resource,public_product,NOT_APPLICABLE,NOT_APPLICABLE,NOT_APPLICABLE,UNMAPPED,NOT_MIGRATED,APPROVED,NONE,none,INVENTORIED,aicrm_next/extensions/commerce/public_product/api.py:228-230,NOT_EXECUTED,"Protocol endpoint is inventoried; method, auth, acknowledgement, and adapter contract remain unmapped unless independently evidenced.",UNMAPPED,UNMAPPED,UNMAPPED,UNMAPPED,UNMAPPED,UNMAPPED,UNMAPPED,UNMAPPED,UNMAPPED,UNMAPPED,UNMAPPED,UNMAPPED,UNMAPPED,UNMAPPED,NOT_EXECUTED,NOT_EXECUTED,NOT_EXECUTED,NOT_EXECUTED,NOT_EXECUTED
LEGACY-API-0705,/api/products/{path:path},GET,/api/products/{path:path},public_h5,public,false,false,single_resource,public_product,PENDING_HUMAN_DESIGN,PENDING_HUMAN_DESIGN,PENDING_HUMAN_DESIGN,UNMAPPED,DEFERRED_POST_LAUNCH,APPROVED,SOURCE_METHOD_BUNDLE_DIFFERS|SOURCE_ONLY_HEAD,none,INVENTORIED,aicrm_next/extensions/commerce/public_product/api.py:215-225,NOT_EXECUTED,"Protocol endpoint is inventoried; method, auth, acknowledgement, and adapter contract remain unmapped unless independently evidenced.",UNMAPPED,UNMAPPED,UNMAPPED,UNMAPPED,UNMAPPED,UNMAPPED,UNMAPPED,UNMAPPED,UNMAPPED,UNMAPPED,UNMAPPED,UNMAPPED,UNMAPPED,UNMAPPED,NOT_EXECUTED,NOT_EXECUTED,NOT_EXECUTED,NOT_EXECUTED,NOT_EXECUTED
LEGACY-API-0706,/api/products/{path:path},OPTIONS,/api/products/{path:path},public_h5,public,false,false,single_resource,public_product,PENDING_HUMAN_DESIGN,PENDING_HUMAN_DESIGN,PENDING_HUMAN_DESIGN,UNMAPPED,DEFERRED_POST_LAUNCH,APPROVED,NONE,none,INVENTORIED,aicrm_next/extensions/commerce/public_product/api.py:210-212,NOT_EXECUTED,"Protocol endpoint is inventoried; method, auth, acknowledgement, and adapter contract remain unmapped unless independently evidenced.",UNMAPPED,UNMAPPED,UNMAPPED,UNMAPPED,UNMAPPED,UNMAPPED,UNMAPPED,UNMAPPED,UNMAPPED,UNMAPPED,UNMAPPED,UNMAPPED,UNMAPPED,UNMAPPED,NOT_EXECUTED,NOT_EXECUTED,NOT_EXECUTED,NOT_EXECUTED,NOT_EXECUTED
LEGACY-API-0707,/api/public/service-period-member-grid/bootstrap,GET,/api/public/service-period-member-grid/bootstrap,public_h5,public,false,false,single_resource,service_period,PENDING_HUMAN_DESIGN,PENDING_HUMAN_DESIGN,PENDING_HUMAN_DESIGN,UNMAPPED,MIGRATE,APPROVED,NONE,none,INVENTORIED,aicrm_next/extensions/commerce/service_period/api.py:811-819,NOT_EXECUTED,"Protocol endpoint is inventoried; method, auth, acknowledgement, and adapter contract remain unmapped unless independently evidenced.",UNMAPPED,UNMAPPED,UNMAPPED,UNMAPPED,UNMAPPED,UNMAPPED,UNMAPPED,UNMAPPED,UNMAPPED,UNMAPPED,UNMAPPED,UNMAPPED,UNMAPPED,UNMAPPED,NOT_EXECUTED,NOT_EXECUTED,NOT_EXECUTED,NOT_EXECUTED,NOT_EXECUTED
LEGACY-API-0708,/api/public/service-period-member-grid/query,POST,/api/public/service-period-member-grid/query,public_h5,public,false,false,single_resource,service_period,PENDING_HUMAN_DESIGN,PENDING_HUMAN_DESIGN,PENDING_HUMAN_DESIGN,UNMAPPED,MIGRATE,APPROVED,NONE,none,INVENTORIED,aicrm_next/extensions/commerce/service_period/api.py:822-842,NOT_EXECUTED,"Protocol endpoint is inventoried; method, auth, acknowledgement, and adapter contract remain unmapped unless independently evidenced.",UNMAPPED,UNMAPPED,UNMAPPED,UNMAPPED,UNMAPPED,UNMAPPED,UNMAPPED,UNMAPPED,UNMAPPED,UNMAPPED,UNMAPPED,UNMAPPED,UNMAPPED,UNMAPPED,NOT_EXECUTED,NOT_EXECUTED,NOT_EXECUTED,NOT_EXECUTED,NOT_EXECUTED
LEGACY-API-0721,/api/sidebar/oauth/callback,GET,/api/sidebar/oauth/callback,sidebar,provider_oauth_state,true,false,self,identity_contact,PENDING_HUMAN_DESIGN,PENDING_HUMAN_DESIGN,PENDING_HUMAN_DESIGN,UNMAPPED,MIGRATE,APPROVED,MANIFEST_EXTERNAL_EFFECTS_STAGING_DISABLED|S02-D01_AUXILIARY_METHOD_METHOD_BUNDLE|S02-D03_OAUTH_STAGING_DISABLED_VS_GATED_LIVE_BRANCH|SOURCE_METHOD_BUNDLE_DIFFERS,staging_disabled,INVENTORIED,aicrm_next/crm/identity_contact/sidebar_jssdk.py:240-332,NOT_EXECUTED,"Protocol endpoint is inventoried; method, auth, acknowledgement, and adapter contract remain unmapped unless independently evidenced.",UNMAPPED,UNMAPPED,UNMAPPED,UNMAPPED,UNMAPPED,UNMAPPED,UNMAPPED,UNMAPPED,UNMAPPED,UNMAPPED,UNMAPPED,UNMAPPED,UNMAPPED,UNMAPPED,NOT_EXECUTED,NOT_EXECUTED,NOT_EXECUTED,NOT_EXECUTED,NOT_EXECUTED
LEGACY-API-0722,/api/sidebar/oauth/start,GET,/api/sidebar/oauth/start,sidebar,provider_oauth_state,true,false,self,identity_contact,PENDING_HUMAN_DESIGN,PENDING_HUMAN_DESIGN,PENDING_HUMAN_DESIGN,UNMAPPED,MIGRATE,APPROVED,MANIFEST_EXTERNAL_EFFECTS_STAGING_DISABLED|S02-D01_AUXILIARY_METHOD_METHOD_BUNDLE|S02-D03_OAUTH_STAGING_DISABLED_VS_GATED_LIVE_BRANCH|SOURCE_METHOD_BUNDLE_DIFFERS,staging_disabled,INVENTORIED,aicrm_next/crm/identity_contact/sidebar_jssdk.py:186-237,NOT_EXECUTED,"Protocol endpoint is inventoried; method, auth, acknowledgement, and adapter contract remain unmapped unless independently evidenced.",UNMAPPED,UNMAPPED,UNMAPPED,UNMAPPED,UNMAPPED,UNMAPPED,UNMAPPED,UNMAPPED,UNMAPPED,UNMAPPED,UNMAPPED,UNMAPPED,UNMAPPED,UNMAPPED,NOT_EXECUTED,NOT_EXECUTED,NOT_EXECUTED,NOT_EXECUTED,NOT_EXECUTED
LEGACY-API-0741,/api/system/health,GET,/api/system/health,external_integration,public,false,false,public,platform_foundation,GET,/api/system/health,getSystemHealth,P4-SYSTEM-HEALTH-0741,MIGRATE,APPROVED,NONE,none,INVENTORIED,aicrm_next/platform/platform_foundation/api.py:22-27,NOT_EXECUTED,"Protocol endpoint is inventoried; method, auth, acknowledgement, and adapter contract remain unmapped unless independently evidenced.",UNMAPPED,UNMAPPED,UNMAPPED,UNMAPPED,UNMAPPED,UNMAPPED,UNMAPPED,UNMAPPED,UNMAPPED,UNMAPPED,UNMAPPED,UNMAPPED,UNMAPPED,UNMAPPED,NOT_EXECUTED,NOT_EXECUTED,NOT_EXECUTED,NOT_EXECUTED,NOT_EXECUTED
LEGACY-API-0743,/api/users/{unionid},GET,/api/users/{unionid},external_integration,human_session,true,false,global,customer_read_model,PENDING_HUMAN_DESIGN,PENDING_HUMAN_DESIGN,PENDING_HUMAN_DESIGN,UNMAPPED,MIGRATE,APPROVED,S02-D06_FIXTURE_OR_DEGRADED_EMPTY_RESULT_BOUNDARY,none,INVENTORIED,aicrm_next/crm/customer_read_model/api.py:489-497,NOT_EXECUTED,"Protocol endpoint is inventoried; method, auth, acknowledgement, and adapter contract remain unmapped unless independently evidenced.",UNMAPPED,UNMAPPED,UNMAPPED,UNMAPPED,UNMAPPED,UNMAPPED,UNMAPPED,UNMAPPED,UNMAPPED,UNMAPPED,UNMAPPED,UNMAPPED,UNMAPPED,UNMAPPED,NOT_EXECUTED,NOT_EXECUTED,NOT_EXECUTED,NOT_EXECUTED,NOT_EXECUTED
LEGACY-API-0744,/api/users/{unionid}/messages/recent,GET,/api/users/{unionid}/messages/recent,external_integration,human_session,true,false,global,customer_read_model,PENDING_HUMAN_DESIGN,PENDING_HUMAN_DESIGN,PENDING_HUMAN_DESIGN,UNMAPPED,DEFERRED_POST_LAUNCH,APPROVED,S02-D06_FIXTURE_OR_DEGRADED_EMPTY_RESULT_BOUNDARY,none,INVENTORIED,aicrm_next/crm/customer_read_model/api.py:558-567,NOT_EXECUTED,"Protocol endpoint is inventoried; method, auth, acknowledgement, and adapter contract remain unmapped unless independently evidenced.",UNMAPPED,UNMAPPED,UNMAPPED,UNMAPPED,UNMAPPED,UNMAPPED,UNMAPPED,UNMAPPED,UNMAPPED,UNMAPPED,UNMAPPED,UNMAPPED,UNMAPPED,UNMAPPED,NOT_EXECUTED,NOT_EXECUTED,NOT_EXECUTED,NOT_EXECUTED,NOT_EXECUTED
LEGACY-API-0745,/api/users/{unionid}/timeline,GET,/api/users/{unionid}/timeline,external_integration,human_session,true,false,global,customer_read_model,PENDING_HUMAN_DESIGN,PENDING_HUMAN_DESIGN,PENDING_HUMAN_DESIGN,UNMAPPED,DEFERRED_POST_LAUNCH,APPROVED,S02-D05_LEGACY_OFFSET_NON_EQUIVALENCE|S02-D06_FIXTURE_OR_DEGRADED_EMPTY_RESULT_BOUNDARY,none,INVENTORIED,aicrm_next/crm/customer_read_model/api.py:523-543,NOT_EXECUTED,"Protocol endpoint is inventoried; method, auth, acknowledgement, and adapter contract remain unmapped unless independently evidenced.",UNMAPPED,UNMAPPED,UNMAPPED,UNMAPPED,UNMAPPED,UNMAPPED,UNMAPPED,UNMAPPED,UNMAPPED,UNMAPPED,UNMAPPED,UNMAPPED,UNMAPPED,UNMAPPED,NOT_EXECUTED,NOT_EXECUTED,NOT_EXECUTED,NOT_EXECUTED,NOT_EXECUTED
LEGACY-API-0746,/api/wechat-pay/notify,OPTIONS,/api/wechat-pay/notify,callback,provider_signature,true,false,single_resource,commerce,PENDING_HUMAN_DESIGN,PENDING_HUMAN_DESIGN,PENDING_HUMAN_DESIGN,UNMAPPED,DEFERRED_POST_LAUNCH,APPROVED,NONE,none,INVENTORIED,aicrm_next/extensions/commerce/commerce/api.py:698-701,NOT_EXECUTED,"Protocol endpoint is inventoried; method, auth, acknowledgement, and adapter contract remain unmapped unless independently evidenced.",UNMAPPED,UNMAPPED,UNMAPPED,UNMAPPED,UNMAPPED,UNMAPPED,UNMAPPED,UNMAPPED,UNMAPPED,UNMAPPED,UNMAPPED,UNMAPPED,UNMAPPED,UNMAPPED,NOT_EXECUTED,NOT_EXECUTED,NOT_EXECUTED,NOT_EXECUTED,NOT_EXECUTED
LEGACY-API-0747,/api/wechat-pay/notify,POST,/api/wechat-pay/notify,callback,provider_signature,true,false,single_resource,commerce,PENDING_HUMAN_DESIGN,PENDING_HUMAN_DESIGN,PENDING_HUMAN_DESIGN,UNMAPPED,DEFERRED_POST_LAUNCH,APPROVED,NONE,none,INVENTORIED,aicrm_next/extensions/commerce/commerce/api.py:643-649,NOT_EXECUTED,"Protocol endpoint is inventoried; method, auth, acknowledgement, and adapter contract remain unmapped unless independently evidenced.",UNMAPPED,UNMAPPED,UNMAPPED,UNMAPPED,UNMAPPED,UNMAPPED,UNMAPPED,UNMAPPED,UNMAPPED,UNMAPPED,UNMAPPED,UNMAPPED,UNMAPPED,UNMAPPED,NOT_EXECUTED,NOT_EXECUTED,NOT_EXECUTED,NOT_EXECUTED,NOT_EXECUTED
LEGACY-API-0748,/api/wechat-pay/{path:path},DELETE|GET|PATCH|POST|PUT,/api/wechat-pay/{path:path},public_h5,public,false,false,single_resource,commerce,NOT_APPLICABLE,NOT_APPLICABLE,NOT_APPLICABLE,UNMAPPED,NOT_MIGRATED,APPROVED,SOURCE_METHOD_BUNDLE_DIFFERS|SOURCE_ONLY_HEAD|SOURCE_ONLY_OPTIONS,none,INVENTORIED,aicrm_next/extensions/commerce/commerce/api.py:716-725,NOT_EXECUTED,"Protocol endpoint is inventoried; method, auth, acknowledgement, and adapter contract remain unmapped unless independently evidenced.",UNMAPPED,UNMAPPED,UNMAPPED,UNMAPPED,UNMAPPED,UNMAPPED,UNMAPPED,UNMAPPED,UNMAPPED,UNMAPPED,UNMAPPED,UNMAPPED,UNMAPPED,UNMAPPED,NOT_EXECUTED,NOT_EXECUTED,NOT_EXECUTED,NOT_EXECUTED,NOT_EXECUTED
LEGACY-API-0749,/api/wechat-shop/notify,GET,/api/wechat-shop/notify,callback,provider_signature,true,false,single_resource,commerce,PENDING_HUMAN_DESIGN,PENDING_HUMAN_DESIGN,PENDING_HUMAN_DESIGN,UNMAPPED,DEFERRED_POST_LAUNCH,APPROVED,NONE,none,INVENTORIED,aicrm_next/extensions/commerce/commerce/api.py:661-667,NOT_EXECUTED,"Protocol endpoint is inventoried; method, auth, acknowledgement, and adapter contract remain unmapped unless independently evidenced.",UNMAPPED,UNMAPPED,UNMAPPED,UNMAPPED,UNMAPPED,UNMAPPED,UNMAPPED,UNMAPPED,UNMAPPED,UNMAPPED,UNMAPPED,UNMAPPED,UNMAPPED,UNMAPPED,NOT_EXECUTED,NOT_EXECUTED,NOT_EXECUTED,NOT_EXECUTED,NOT_EXECUTED
LEGACY-API-0750,/api/wechat-shop/notify,POST,/api/wechat-shop/notify,callback,provider_signature,true,false,single_resource,commerce,PENDING_HUMAN_DESIGN,PENDING_HUMAN_DESIGN,PENDING_HUMAN_DESIGN,UNMAPPED,MIGRATE,APPROVED,NONE,none,INVENTORIED,aicrm_next/extensions/commerce/commerce/api.py:670-686,NOT_EXECUTED,"Protocol endpoint is inventoried; method, auth, acknowledgement, and adapter contract remain unmapped unless independently evidenced.",UNMAPPED,UNMAPPED,UNMAPPED,UNMAPPED,UNMAPPED,UNMAPPED,UNMAPPED,UNMAPPED,UNMAPPED,UNMAPPED,UNMAPPED,UNMAPPED,UNMAPPED,UNMAPPED,NOT_EXECUTED,NOT_EXECUTED,NOT_EXECUTED,NOT_EXECUTED,NOT_EXECUTED
LEGACY-API-0751,/api/wecom/events,GET|POST,/api/wecom/events,callback,provider_signature,true,false,single_resource,channel_entry,PENDING_HUMAN_DESIGN,PENDING_HUMAN_DESIGN,PENDING_HUMAN_DESIGN,UNMAPPED,MIGRATE,APPROVED,MANIFEST_EXTERNAL_EFFECTS_STAGING_DISABLED|S03-D01_SOURCE_ONLY_METHODS|S03-D03_CALLBACK_ACK_NOT_SYNCHRONOUS_PROVIDER_SEND|S03-D07_MANIFEST_STAGING_DISABLED_VS_GATED_SOURCE_PATH|SOURCE_METHOD_BUNDLE_DIFFERS,staging_disabled,INVENTORIED,aicrm_next/channels/channel_entry/api.py:59-64,NOT_EXECUTED,"Protocol endpoint is inventoried; method, auth, acknowledgement, and adapter contract remain unmapped unless independently evidenced.",UNMAPPED,UNMAPPED,UNMAPPED,UNMAPPED,UNMAPPED,UNMAPPED,UNMAPPED,UNMAPPED,UNMAPPED,UNMAPPED,UNMAPPED,UNMAPPED,UNMAPPED,UNMAPPED,NOT_EXECUTED,NOT_EXECUTED,NOT_EXECUTED,NOT_EXECUTED,NOT_EXECUTED
LEGACY-API-0752,/auth/wecom/callback,GET,/auth/wecom/callback,callback,provider_oauth_state,true,false,single_resource,auth_wecom,PENDING_HUMAN_DESIGN,PENDING_HUMAN_DESIGN,PENDING_HUMAN_DESIGN,UNMAPPED,MIGRATE,APPROVED,G1_OAUTH_STATE_COOKIE_TOKEN_EXCHANGE_UNVERIFIED|MANIFEST_EXTERNAL_EFFECTS_STAGING_DISABLED|S03-D01_SOURCE_ONLY_METHODS|S03-D07_MANIFEST_STAGING_DISABLED_VS_GATED_SOURCE_PATH|SOURCE_METHOD_BUNDLE_DIFFERS,staging_disabled,INVENTORIED,aicrm_next/channels/auth_wecom/api.py:120-144,NOT_EXECUTED,"Protocol endpoint is inventoried; method, auth, acknowledgement, and adapter contract remain unmapped unless independently evidenced.",UNMAPPED,UNMAPPED,UNMAPPED,UNMAPPED,UNMAPPED,UNMAPPED,UNMAPPED,UNMAPPED,UNMAPPED,UNMAPPED,UNMAPPED,UNMAPPED,UNMAPPED,UNMAPPED,NOT_EXECUTED,NOT_EXECUTED,NOT_EXECUTED,NOT_EXECUTED,NOT_EXECUTED
LEGACY-API-0753,/auth/wecom/start,GET,/auth/wecom/start,admin,provider_oauth_state,true,false,public,auth_wecom,PENDING_HUMAN_DESIGN,PENDING_HUMAN_DESIGN,PENDING_HUMAN_DESIGN,UNMAPPED,MIGRATE,APPROVED,G1_OAUTH_STATE_COOKIE_TOKEN_EXCHANGE_UNVERIFIED|MANIFEST_EXTERNAL_EFFECTS_STAGING_DISABLED|S03-D01_SOURCE_ONLY_METHODS|S03-D07_MANIFEST_STAGING_DISABLED_VS_GATED_SOURCE_PATH|SOURCE_METHOD_BUNDLE_DIFFERS,staging_disabled,INVENTORIED,aicrm_next/channels/auth_wecom/api.py:97-117,NOT_EXECUTED,"Protocol endpoint is inventoried; method, auth, acknowledgement, and adapter contract remain unmapped unless independently evidenced.",UNMAPPED,UNMAPPED,UNMAPPED,UNMAPPED,UNMAPPED,UNMAPPED,UNMAPPED,UNMAPPED,UNMAPPED,UNMAPPED,UNMAPPED,UNMAPPED,UNMAPPED,UNMAPPED,NOT_EXECUTED,NOT_EXECUTED,NOT_EXECUTED,NOT_EXECUTED,NOT_EXECUTED
LEGACY-API-0754,/auth/wecom/unknown,GET,/auth/wecom/unknown,admin,provider_oauth_state,true,false,public,auth_wecom,PENDING_HUMAN_DESIGN,PENDING_HUMAN_DESIGN,PENDING_HUMAN_DESIGN,UNMAPPED,DEFERRED_POST_LAUNCH,APPROVED,MANIFEST_EXTERNAL_EFFECTS_STAGING_DISABLED|S03-D07_MANIFEST_STAGING_DISABLED_VS_GATED_SOURCE_PATH,staging_disabled,INVENTORIED,aicrm_next/channels/auth_wecom/api.py:152-154,NOT_EXECUTED,"Protocol endpoint is inventoried; method, auth, acknowledgement, and adapter contract remain unmapped unless independently evidenced.",UNMAPPED,UNMAPPED,UNMAPPED,UNMAPPED,UNMAPPED,UNMAPPED,UNMAPPED,UNMAPPED,UNMAPPED,UNMAPPED,UNMAPPED,UNMAPPED,UNMAPPED,UNMAPPED,NOT_EXECUTED,NOT_EXECUTED,NOT_EXECUTED,NOT_EXECUTED,NOT_EXECUTED
LEGACY-API-0755,/auth/wecom/unknown,OPTIONS,/auth/wecom/unknown,admin,provider_oauth_state,true,false,public,auth_wecom,PENDING_HUMAN_DESIGN,PENDING_HUMAN_DESIGN,PENDING_HUMAN_DESIGN,UNMAPPED,DEFERRED_POST_LAUNCH,APPROVED,MANIFEST_EXTERNAL_EFFECTS_STAGING_DISABLED|S03-D07_MANIFEST_STAGING_DISABLED_VS_GATED_SOURCE_PATH,staging_disabled,INVENTORIED,aicrm_next/channels/auth_wecom/api.py:147-149,NOT_EXECUTED,"Protocol endpoint is inventoried; method, auth, acknowledgement, and adapter contract remain unmapped unless independently evidenced.",UNMAPPED,UNMAPPED,UNMAPPED,UNMAPPED,UNMAPPED,UNMAPPED,UNMAPPED,UNMAPPED,UNMAPPED,UNMAPPED,UNMAPPED,UNMAPPED,UNMAPPED,UNMAPPED,NOT_EXECUTED,NOT_EXECUTED,NOT_EXECUTED,NOT_EXECUTED,NOT_EXECUTED
LEGACY-API-0756,/c/{public_slug},GET,/c/{public_slug},public_h5,public,false,false,single_resource,commerce,PENDING_HUMAN_DESIGN,PENDING_HUMAN_DESIGN,PENDING_HUMAN_DESIGN,UNMAPPED,MIGRATE,APPROVED,NONE,none,INVENTORIED,aicrm_next/extensions/commerce/commerce/coupons/public_api.py:54-88,NOT_EXECUTED,"Protocol endpoint is inventoried; method, auth, acknowledgement, and adapter contract remain unmapped unless independently evidenced.",UNMAPPED,UNMAPPED,UNMAPPED,UNMAPPED,UNMAPPED,UNMAPPED,UNMAPPED,UNMAPPED,UNMAPPED,UNMAPPED,UNMAPPED,UNMAPPED,UNMAPPED,UNMAPPED,NOT_EXECUTED,NOT_EXECUTED,NOT_EXECUTED,NOT_EXECUTED,NOT_EXECUTED
LEGACY-API-0757,/health,GET,/health,external_integration,public,false,false,public,platform_foundation,GET,/health,getLegacyHealth,P4-S04-LEGACY-HEALTH,MIGRATE,APPROVED,NONE,none,INVENTORIED,aicrm_next/platform/platform_foundation/api.py:17-19,NOT_EXECUTED,"Protocol endpoint is inventoried; method, auth, acknowledgement, and adapter contract remain unmapped unless independently evidenced.",UNMAPPED,UNMAPPED,UNMAPPED,UNMAPPED,UNMAPPED,UNMAPPED,UNMAPPED,UNMAPPED,UNMAPPED,UNMAPPED,UNMAPPED,UNMAPPED,UNMAPPED,UNMAPPED,NOT_EXECUTED,NOT_EXECUTED,NOT_EXECUTED,NOT_EXECUTED,NOT_EXECUTED
LEGACY-API-0762,/mcp,GET,/mcp,external_integration,api_client_jwt,true,false,service,integration_gateway,PENDING_HUMAN_DESIGN,PENDING_HUMAN_DESIGN,PENDING_HUMAN_DESIGN,UNMAPPED,MIGRATE,APPROVED,MANIFEST_EXTERNAL_EFFECTS_STAGING_DISABLED,staging_disabled,INVENTORIED,aicrm_next/channels/integration_gateway/api.py:12-14,NOT_EXECUTED,"Protocol endpoint is inventoried; method, auth, acknowledgement, and adapter contract remain unmapped unless independently evidenced.",UNMAPPED,UNMAPPED,UNMAPPED,UNMAPPED,UNMAPPED,UNMAPPED,UNMAPPED,UNMAPPED,UNMAPPED,UNMAPPED,UNMAPPED,UNMAPPED,UNMAPPED,UNMAPPED,NOT_EXECUTED,NOT_EXECUTED,NOT_EXECUTED,NOT_EXECUTED,NOT_EXECUTED
LEGACY-API-0763,/mcp,POST,/mcp,external_integration,api_client_jwt,true,false,service,integration_gateway,PENDING_HUMAN_DESIGN,PENDING_HUMAN_DESIGN,PENDING_HUMAN_DESIGN,UNMAPPED,MIGRATE,APPROVED,MANIFEST_EXTERNAL_EFFECTS_STAGING_DISABLED,staging_disabled,INVENTORIED,aicrm_next/channels/integration_gateway/api.py:17-22,NOT_EXECUTED,"Protocol endpoint is inventoried; method, auth, acknowledgement, and adapter contract remain unmapped unless independently evidenced.",UNMAPPED,UNMAPPED,UNMAPPED,UNMAPPED,UNMAPPED,UNMAPPED,UNMAPPED,UNMAPPED,UNMAPPED,UNMAPPED,UNMAPPED,UNMAPPED,UNMAPPED,UNMAPPED,NOT_EXECUTED,NOT_EXECUTED,NOT_EXECUTED,NOT_EXECUTED,NOT_EXECUTED
LEGACY-API-0764,/oauth/token,POST,/oauth/token,external_integration,client_credentials,true,false,service,platform_foundation,PENDING_HUMAN_DESIGN,PENDING_HUMAN_DESIGN,PENDING_HUMAN_DESIGN,UNMAPPED,MIGRATE,APPROVED,NONE,none,INVENTORIED,aicrm_next/platform/platform_foundation/auth_platform/api.py:56-92,NOT_EXECUTED,"Protocol endpoint is inventoried; method, auth, acknowledgement, and adapter contract remain unmapped unless independently evidenced.",UNMAPPED,UNMAPPED,UNMAPPED,UNMAPPED,UNMAPPED,UNMAPPED,UNMAPPED,UNMAPPED,UNMAPPED,UNMAPPED,UNMAPPED,UNMAPPED,UNMAPPED,UNMAPPED,NOT_EXECUTED,NOT_EXECUTED,NOT_EXECUTED,NOT_EXECUTED,NOT_EXECUTED
LEGACY-API-0765,/p/{page_slug},GET,/p/{page_slug},public_h5,public,false,false,single_resource,commerce,PENDING_HUMAN_DESIGN,PENDING_HUMAN_DESIGN,PENDING_HUMAN_DESIGN,UNMAPPED,MIGRATE,APPROVED,NONE,none,INVENTORIED,aicrm_next/extensions/commerce/commerce/api.py:537-554,NOT_EXECUTED,"Protocol endpoint is inventoried; method, auth, acknowledgement, and adapter contract remain unmapped unless independently evidenced.",UNMAPPED,UNMAPPED,UNMAPPED,UNMAPPED,UNMAPPED,UNMAPPED,UNMAPPED,UNMAPPED,UNMAPPED,UNMAPPED,UNMAPPED,UNMAPPED,UNMAPPED,UNMAPPED,NOT_EXECUTED,NOT_EXECUTED,NOT_EXECUTED,NOT_EXECUTED,NOT_EXECUTED
LEGACY-API-0766,/p/{path:path},GET,/p/{path:path},public_h5,public,false,false,single_resource,public_product,PENDING_HUMAN_DESIGN,PENDING_HUMAN_DESIGN,PENDING_HUMAN_DESIGN,UNMAPPED,MIGRATE,APPROVED,SOURCE_METHOD_BUNDLE_DIFFERS|SOURCE_ONLY_HEAD,none,INVENTORIED,aicrm_next/extensions/commerce/public_product/api.py:74-89,NOT_EXECUTED,"Protocol endpoint is inventoried; method, auth, acknowledgement, and adapter contract remain unmapped unless independently evidenced.",UNMAPPED,UNMAPPED,UNMAPPED,UNMAPPED,UNMAPPED,UNMAPPED,UNMAPPED,UNMAPPED,UNMAPPED,UNMAPPED,UNMAPPED,UNMAPPED,UNMAPPED,UNMAPPED,NOT_EXECUTED,NOT_EXECUTED,NOT_EXECUTED,NOT_EXECUTED,NOT_EXECUTED
LEGACY-API-0767,/p/{path:path},OPTIONS,/p/{path:path},public_h5,public,false,false,single_resource,public_product,PENDING_HUMAN_DESIGN,PENDING_HUMAN_DESIGN,PENDING_HUMAN_DESIGN,UNMAPPED,DEFERRED_POST_LAUNCH,APPROVED,NONE,none,INVENTORIED,aicrm_next/extensions/commerce/public_product/api.py:69-71,NOT_EXECUTED,"Protocol endpoint is inventoried; method, auth, acknowledgement, and adapter contract remain unmapped unless independently evidenced.",UNMAPPED,UNMAPPED,UNMAPPED,UNMAPPED,UNMAPPED,UNMAPPED,UNMAPPED,UNMAPPED,UNMAPPED,UNMAPPED,UNMAPPED,UNMAPPED,UNMAPPED,UNMAPPED,NOT_EXECUTED,NOT_EXECUTED,NOT_EXECUTED,NOT_EXECUTED,NOT_EXECUTED
LEGACY-API-0768,/pay/{path:path},GET,/pay/{path:path},public_h5,public,false,false,single_resource,public_product,PENDING_HUMAN_DESIGN,PENDING_HUMAN_DESIGN,PENDING_HUMAN_DESIGN,UNMAPPED,MIGRATE,APPROVED,SOURCE_METHOD_BUNDLE_DIFFERS|SOURCE_ONLY_HEAD,none,INVENTORIED,aicrm_next/extensions/commerce/public_product/api.py:125-134,NOT_EXECUTED,"Protocol endpoint is inventoried; method, auth, acknowledgement, and adapter contract remain unmapped unless independently evidenced.",UNMAPPED,UNMAPPED,UNMAPPED,UNMAPPED,UNMAPPED,UNMAPPED,UNMAPPED,UNMAPPED,UNMAPPED,UNMAPPED,UNMAPPED,UNMAPPED,UNMAPPED,UNMAPPED,NOT_EXECUTED,NOT_EXECUTED,NOT_EXECUTED,NOT_EXECUTED,NOT_EXECUTED
LEGACY-API-0769,/pay/{path:path},OPTIONS,/pay/{path:path},public_h5,public,false,false,single_resource,public_product,PENDING_HUMAN_DESIGN,PENDING_HUMAN_DESIGN,PENDING_HUMAN_DESIGN,UNMAPPED,DEFERRED_POST_LAUNCH,APPROVED,NONE,none,INVENTORIED,aicrm_next/extensions/commerce/public_product/api.py:120-122,NOT_EXECUTED,"Protocol endpoint is inventoried; method, auth, acknowledgement, and adapter contract remain unmapped unless independently evidenced.",UNMAPPED,UNMAPPED,UNMAPPED,UNMAPPED,UNMAPPED,UNMAPPED,UNMAPPED,UNMAPPED,UNMAPPED,UNMAPPED,UNMAPPED,UNMAPPED,UNMAPPED,UNMAPPED,NOT_EXECUTED,NOT_EXECUTED,NOT_EXECUTED,NOT_EXECUTED,NOT_EXECUTED
LEGACY-API-0770,/r/{code},GET,/r/{code},public_h5,public,false,false,single_resource,radar_links,PENDING_HUMAN_DESIGN,PENDING_HUMAN_DESIGN,PENDING_HUMAN_DESIGN,UNMAPPED,MIGRATE,APPROVED,NONE,none,INVENTORIED,aicrm_next/extensions/radar/radar_links/api.py:526-544,NOT_EXECUTED,"Protocol endpoint is inventoried; method, auth, acknowledgement, and adapter contract remain unmapped unless independently evidenced.",UNMAPPED,UNMAPPED,UNMAPPED,UNMAPPED,UNMAPPED,UNMAPPED,UNMAPPED,UNMAPPED,UNMAPPED,UNMAPPED,UNMAPPED,UNMAPPED,UNMAPPED,UNMAPPED,NOT_EXECUTED,NOT_EXECUTED,NOT_EXECUTED,NOT_EXECUTED,NOT_EXECUTED
LEGACY-API-0771,/radar/view/{code},GET,/radar/view/{code},public_h5,public,false,false,single_resource,radar_links,PENDING_HUMAN_DESIGN,PENDING_HUMAN_DESIGN,PENDING_HUMAN_DESIGN,UNMAPPED,DEFERRED_POST_LAUNCH,APPROVED,NONE,none,INVENTORIED,aicrm_next/extensions/radar/radar_links/api.py:562-720,NOT_EXECUTED,"Protocol endpoint is inventoried; method, auth, acknowledgement, and adapter contract remain unmapped unless independently evidenced.",UNMAPPED,UNMAPPED,UNMAPPED,UNMAPPED,UNMAPPED,UNMAPPED,UNMAPPED,UNMAPPED,UNMAPPED,UNMAPPED,UNMAPPED,UNMAPPED,UNMAPPED,UNMAPPED,NOT_EXECUTED,NOT_EXECUTED,NOT_EXECUTED,NOT_EXECUTED,NOT_EXECUTED
LEGACY-API-0772,/s/{link_slug},GET,/s/{link_slug},public_h5,public,false,false,single_resource,service_period,PENDING_HUMAN_DESIGN,PENDING_HUMAN_DESIGN,PENDING_HUMAN_DESIGN,UNMAPPED,MIGRATE,APPROVED,NONE,none,INVENTORIED,aicrm_next/extensions/commerce/service_period/api.py:845-891,NOT_EXECUTED,"Protocol endpoint is inventoried; method, auth, acknowledgement, and adapter contract remain unmapped unless independently evidenced.",UNMAPPED,UNMAPPED,UNMAPPED,UNMAPPED,UNMAPPED,UNMAPPED,UNMAPPED,UNMAPPED,UNMAPPED,UNMAPPED,UNMAPPED,UNMAPPED,UNMAPPED,UNMAPPED,NOT_EXECUTED,NOT_EXECUTED,NOT_EXECUTED,NOT_EXECUTED,NOT_EXECUTED
LEGACY-API-0773,/s/{link_slug}/pay,GET,/s/{link_slug}/pay,public_h5,public,false,false,single_resource,service_period,PENDING_HUMAN_DESIGN,PENDING_HUMAN_DESIGN,PENDING_HUMAN_DESIGN,UNMAPPED,MIGRATE,APPROVED,NONE,none,INVENTORIED,aicrm_next/extensions/commerce/service_period/api.py:894-919,NOT_EXECUTED,"Protocol endpoint is inventoried; method, auth, acknowledgement, and adapter contract remain unmapped unless independently evidenced.",UNMAPPED,UNMAPPED,UNMAPPED,UNMAPPED,UNMAPPED,UNMAPPED,UNMAPPED,UNMAPPED,UNMAPPED,UNMAPPED,UNMAPPED,UNMAPPED,UNMAPPED,UNMAPPED,NOT_EXECUTED,NOT_EXECUTED,NOT_EXECUTED,NOT_EXECUTED,NOT_EXECUTED
LEGACY-API-0774,/s/{slug},GET,/s/{slug},public_h5,public,false,false,single_resource,questionnaire,PENDING_HUMAN_DESIGN,PENDING_HUMAN_DESIGN,PENDING_HUMAN_DESIGN,UNMAPPED,MIGRATE,APPROVED,NONE,none,INVENTORIED,aicrm_next/extensions/forms/questionnaire/api.py:1218-1277,NOT_EXECUTED,"Protocol endpoint is inventoried; method, auth, acknowledgement, and adapter contract remain unmapped unless independently evidenced.",UNMAPPED,UNMAPPED,UNMAPPED,UNMAPPED,UNMAPPED,UNMAPPED,UNMAPPED,UNMAPPED,UNMAPPED,UNMAPPED,UNMAPPED,UNMAPPED,UNMAPPED,UNMAPPED,NOT_EXECUTED,NOT_EXECUTED,NOT_EXECUTED,NOT_EXECUTED,NOT_EXECUTED
LEGACY-API-0775,/s/{slug}/submitted,GET,/s/{slug}/submitted,public_h5,public,false,false,single_resource,questionnaire,PENDING_HUMAN_DESIGN,PENDING_HUMAN_DESIGN,PENDING_HUMAN_DESIGN,UNMAPPED,MIGRATE,APPROVED,NONE,none,INVENTORIED,aicrm_next/extensions/forms/questionnaire/api.py:1280-1320,NOT_EXECUTED,"Protocol endpoint is inventoried; method, auth, acknowledgement, and adapter contract remain unmapped unless independently evidenced.",UNMAPPED,UNMAPPED,UNMAPPED,UNMAPPED,UNMAPPED,UNMAPPED,UNMAPPED,UNMAPPED,UNMAPPED,UNMAPPED,UNMAPPED,UNMAPPED,UNMAPPED,UNMAPPED,NOT_EXECUTED,NOT_EXECUTED,NOT_EXECUTED,NOT_EXECUTED,NOT_EXECUTED
LEGACY-API-0778,/shared/service-period-member-grid,GET,/shared/service-period-member-grid,public_h5,public,false,false,public,service_period,PENDING_HUMAN_DESIGN,PENDING_HUMAN_DESIGN,PENDING_HUMAN_DESIGN,UNMAPPED,MIGRATE,APPROVED,NONE,none,INVENTORIED,aicrm_next/extensions/commerce/service_period/api.py:796-808,NOT_EXECUTED,"Protocol endpoint is inventoried; method, auth, acknowledgement, and adapter contract remain unmapped unless independently evidenced.",UNMAPPED,UNMAPPED,UNMAPPED,UNMAPPED,UNMAPPED,UNMAPPED,UNMAPPED,UNMAPPED,UNMAPPED,UNMAPPED,UNMAPPED,UNMAPPED,UNMAPPED,UNMAPPED,NOT_EXECUTED,NOT_EXECUTED,NOT_EXECUTED,NOT_EXECUTED,NOT_EXECUTED
LEGACY-API-0780,/wecom/external-contact/callback,GET|POST,/wecom/external-contact/callback,callback,provider_signature,true,false,single_resource,channel_entry,PENDING_HUMAN_DESIGN,PENDING_HUMAN_DESIGN,PENDING_HUMAN_DESIGN,UNMAPPED,MIGRATE,APPROVED,MANIFEST_EXTERNAL_EFFECTS_STAGING_DISABLED|S03-D01_SOURCE_ONLY_METHODS|S03-D03_CALLBACK_ACK_NOT_SYNCHRONOUS_PROVIDER_SEND|S03-D07_MANIFEST_STAGING_DISABLED_VS_GATED_SOURCE_PATH|SOURCE_METHOD_BUNDLE_DIFFERS,staging_disabled,INVENTORIED,aicrm_next/channels/channel_entry/api.py:51-56,NOT_EXECUTED,"Protocol endpoint is inventoried; method, auth, acknowledgement, and adapter contract remain unmapped unless independently evidenced.",UNMAPPED,UNMAPPED,UNMAPPED,UNMAPPED,UNMAPPED,UNMAPPED,UNMAPPED,UNMAPPED,UNMAPPED,UNMAPPED,UNMAPPED,UNMAPPED,UNMAPPED,UNMAPPED,NOT_EXECUTED,NOT_EXECUTED,NOT_EXECUTED,NOT_EXECUTED,NOT_EXECUTED
LEGACY-API-0781,/{filename},GET,/{filename},external_integration,public,false,false,public,platform_foundation,PENDING_HUMAN_DESIGN,PENDING_HUMAN_DESIGN,PENDING_HUMAN_DESIGN,UNMAPPED,MIGRATE,APPROVED,NONE,none,INVENTORIED,aicrm_next/platform/platform_foundation/verification_files.py:19-30,NOT_EXECUTED,"Protocol endpoint is inventoried; method, auth, acknowledgement, and adapter contract remain unmapped unless independently evidenced.",UNMAPPED,UNMAPPED,UNMAPPED,UNMAPPED,UNMAPPED,UNMAPPED,UNMAPPED,UNMAPPED,UNMAPPED,UNMAPPED,UNMAPPED,UNMAPPED,UNMAPPED,UNMAPPED,NOT_EXECUTED,NOT_EXECUTED,NOT_EXECUTED,NOT_EXECUTED,NOT_EXECUTED
