mapping_id,partition,legacy_path,legacy_route_name,manifest_methods,manifest_method_bundle,manifest_path,audience,layer,auth_scheme,requires_auth,csrf,access_scope,capability_owner,legacy_external_effects,candidate_v2_method,candidate_v2_path,candidate_v2_operation_id,target_mapping_id,legacy_disposition,signoff,discrepancy_flags,route_disposition,classification_status,source_evidence
LEGACY-API-0001,S04,/admin,api.admin_console_dashboard,GET,GET,/admin,admin,admin_page,human_session,true,false,global,admin_shell,none,GET,/admin,getLegacyAdminShell,P4-ADMIN-SHELL-0001,MIGRATE,APPROVED,NONE,UNCLASSIFIED,UNCLASSIFIED,aicrm_next/app/admin_console/routes.py:15-39
LEGACY-API-0002,S04,/admin/alipay/transactions,api.admin_alipay_transactions_page,GET,GET,/admin/alipay/transactions,admin,admin_page,human_session,true,false,global,commerce,none,PENDING_HUMAN_DESIGN,PENDING_HUMAN_DESIGN,PENDING_HUMAN_DESIGN,UNMAPPED,MIGRATE,APPROVED,NONE,UNCLASSIFIED,UNCLASSIFIED,aicrm_next/extensions/commerce/commerce/api.py:270-276
LEGACY-API-0003,S02,/admin/api-docs,api.admin_api_docs,GET,GET,/admin/api-docs,admin,admin_page,human_session,true,false,global,admin_config,none,GET,/admin/api-docs,getLegacyApiDocsPage,P4-API-DOCS-0003-0033-R2,MIGRATE,APPROVED,NONE,UNCLASSIFIED,UNCLASSIFIED,aicrm_next/platform/admin_config/api.py:499-516
LEGACY-API-0004,S04,/admin/attachment-library,api.admin_attachment_library_workspace,GET,GET,/admin/attachment-library,admin,admin_page,human_session,true,false,global,media_library,none,PENDING_HUMAN_DESIGN,PENDING_HUMAN_DESIGN,PENDING_HUMAN_DESIGN,UNMAPPED,MIGRATE,APPROVED,NONE,UNCLASSIFIED,UNCLASSIFIED,aicrm_next/engagement/media_library/admin_pages.py:37-45
LEGACY-API-0005,S04,/admin/automation-agents,api.admin_automation_agents_page,GET,GET,/admin/automation-agents,admin,admin_page,human_session,true,false,global,automation_agents,none,PENDING_HUMAN_DESIGN,PENDING_HUMAN_DESIGN,PENDING_HUMAN_DESIGN,UNMAPPED,MIGRATE,APPROVED,NONE,UNCLASSIFIED,UNCLASSIFIED,aicrm_next/extensions/ai/automation_agents/admin_pages.py:24-45
LEGACY-API-0006,S04,/admin/automation-agents/{agent_id}/edit,api.admin_automation_agent_edit_page,GET,GET,/admin/automation-agents/{agent_id}/edit,admin,admin_page,human_session,true,false,global,automation_agents,none,PENDING_HUMAN_DESIGN,PENDING_HUMAN_DESIGN,PENDING_HUMAN_DESIGN,UNMAPPED,MIGRATE,APPROVED,NONE,UNCLASSIFIED,UNCLASSIFIED,aicrm_next/extensions/ai/automation_agents/admin_pages.py:48-71
LEGACY-API-0007,S03,/admin/automation-conversion,api.admin_automation_conversion,GET,GET,/admin/automation-conversion,admin,admin_page,human_session,true,false,global,ai_audience_ops,none,PENDING_HUMAN_DESIGN,PENDING_HUMAN_DESIGN,PENDING_HUMAN_DESIGN,UNMAPPED,MIGRATE,APPROVED,NONE,UNCLASSIFIED,UNCLASSIFIED,aicrm_next/extensions/ai/ai_audience_ops/admin_pages.py:24-45
LEGACY-API-0008,S03,/admin/automation-conversion/group-ops/groups/ui,api.admin_group_ops_groups_ui,GET,GET,/admin/automation-conversion/group-ops/groups/ui,admin,admin_page,human_session,true,false,global,automation_engine,none,PENDING_HUMAN_DESIGN,PENDING_HUMAN_DESIGN,PENDING_HUMAN_DESIGN,UNMAPPED,MIGRATE,APPROVED,NONE,UNCLASSIFIED,UNCLASSIFIED,aicrm_next/automation/automation_engine/group_ops/admin_pages.py:69-77
LEGACY-API-0009,S03,/admin/automation-conversion/group-ops/plans/{plan_id:int},api.admin_group_ops_plan_detail,GET,GET,/admin/automation-conversion/group-ops/plans/{plan_id:int},admin,admin_page,human_session,true,false,global,automation_engine,none,PENDING_HUMAN_DESIGN,PENDING_HUMAN_DESIGN,PENDING_HUMAN_DESIGN,UNMAPPED,MIGRATE,APPROVED,NONE,UNCLASSIFIED,UNCLASSIFIED,aicrm_next/automation/automation_engine/group_ops/admin_pages.py:57-66
LEGACY-API-0010,S03,/admin/automation-conversion/group-ops/ui,api.admin_group_ops_ui,GET,GET,/admin/automation-conversion/group-ops/ui,admin,admin_page,human_session,true,false,global,automation_engine,none,PENDING_HUMAN_DESIGN,PENDING_HUMAN_DESIGN,PENDING_HUMAN_DESIGN,UNMAPPED,MIGRATE,APPROVED,NONE,UNCLASSIFIED,UNCLASSIFIED,aicrm_next/automation/automation_engine/group_ops/admin_pages.py:46-54
LEGACY-API-0011,S03,/admin/automation-conversion/packages/{package_id},api.admin_automation_conversion_package_detail_page,GET,GET,/admin/automation-conversion/packages/{package_id},admin,admin_page,human_session,true,false,global,ai_audience_ops,none,PENDING_HUMAN_DESIGN,PENDING_HUMAN_DESIGN,PENDING_HUMAN_DESIGN,UNMAPPED,MIGRATE,APPROVED,NONE,UNCLASSIFIED,UNCLASSIFIED,aicrm_next/extensions/ai/ai_audience_ops/admin_pages.py:48-78
LEGACY-API-0012,S03,/admin/automation-conversion/programs/{retired_path:path},retired_automation_program_page,GET,GET,/admin/automation-conversion/programs/{retired_path:path},admin,admin_page,human_session,true,false,global,ai_audience_ops,none,NOT_APPLICABLE,NOT_APPLICABLE,NOT_APPLICABLE,UNMAPPED,NOT_MIGRATED,APPROVED,NONE,UNCLASSIFIED,UNCLASSIFIED,aicrm_next/extensions/ai/ai_audience_ops/admin_pages.py:81-90
LEGACY-API-0013,S03,/admin/channels,api.admin_channels_page,GET,GET,/admin/channels,admin,admin_page,human_session,true,false,global,automation_engine,none,GET,/admin/channels,getLegacyChannelListPage,P4-S06-001-LOCAL-READ,MIGRATE,APPROVED,NONE,UNCLASSIFIED,UNCLASSIFIED,aicrm_next/automation/automation_engine/channel_admin_pages.py:35-68
LEGACY-API-0014,S03,/admin/channels/new,api.admin_channel_new_page,GET,GET,/admin/channels/new,admin,admin_page,human_session,true,false,global,automation_engine,none,PENDING_HUMAN_DESIGN,PENDING_HUMAN_DESIGN,PENDING_HUMAN_DESIGN,UNMAPPED,MIGRATE,APPROVED,NONE,UNCLASSIFIED,UNCLASSIFIED,aicrm_next/automation/automation_engine/channel_admin_pages.py:71-91
LEGACY-API-0015,S03,/admin/channels/{channel_id:int}/edit,api.admin_channel_edit_page,GET,GET,/admin/channels/{channel_id:int}/edit,admin,admin_page,human_session,true,false,global,automation_engine,none,PENDING_HUMAN_DESIGN,PENDING_HUMAN_DESIGN,PENDING_HUMAN_DESIGN,UNMAPPED,MIGRATE,APPROVED,NONE,UNCLASSIFIED,UNCLASSIFIED,aicrm_next/automation/automation_engine/channel_admin_pages.py:94-142
LEGACY-API-0016,S04,/admin/cloud-orchestrator,api.admin_cloud_orchestrator_workspace,GET,GET,/admin/cloud-orchestrator,admin,admin_page,human_session,true,false,global,cloud_orchestrator,none,PENDING_HUMAN_DESIGN,PENDING_HUMAN_DESIGN,PENDING_HUMAN_DESIGN,UNMAPPED,MIGRATE,APPROVED,NONE,UNCLASSIFIED,UNCLASSIFIED,aicrm_next/extensions/growth/cloud_orchestrator/api.py:332-340
LEGACY-API-0017,S04,/admin/cloud-orchestrator/campaigns,api.admin_cloud_orchestrator_campaigns_workspace,GET,GET,/admin/cloud-orchestrator/campaigns,admin,admin_page,human_session,true,false,global,cloud_orchestrator,none,PENDING_HUMAN_DESIGN,PENDING_HUMAN_DESIGN,PENDING_HUMAN_DESIGN,UNMAPPED,MIGRATE,APPROVED,NONE,UNCLASSIFIED,UNCLASSIFIED,aicrm_next/extensions/growth/cloud_orchestrator/api.py:370-398
LEGACY-API-0018,S04,/admin/cloud-orchestrator/observability,api.admin_cloud_orchestrator_observability,GET,GET,/admin/cloud-orchestrator/observability,admin,admin_page,human_session,true,false,global,cloud_orchestrator,none,PENDING_HUMAN_DESIGN,PENDING_HUMAN_DESIGN,PENDING_HUMAN_DESIGN,UNMAPPED,MIGRATE,APPROVED,NONE,UNCLASSIFIED,UNCLASSIFIED,aicrm_next/extensions/growth/cloud_orchestrator/api.py:401-425
LEGACY-API-0019,S04,/admin/cloud-orchestrator/plans,api.admin_cloud_orchestrator_plans_workspace,GET,GET,/admin/cloud-orchestrator/plans,admin,admin_page,human_session,true,false,global,cloud_orchestrator,none,PENDING_HUMAN_DESIGN,PENDING_HUMAN_DESIGN,PENDING_HUMAN_DESIGN,UNMAPPED,MIGRATE,APPROVED,NONE,UNCLASSIFIED,UNCLASSIFIED,aicrm_next/extensions/growth/cloud_orchestrator/api.py:343-367
LEGACY-API-0020,S04,/admin/cloud-orchestrator/plans/{plan_id},api.admin_cloud_orchestrator_plan_detail,GET,GET,/admin/cloud-orchestrator/plans/{plan_id},admin,admin_page,human_session,true,false,global,cloud_orchestrator,none,PENDING_HUMAN_DESIGN,PENDING_HUMAN_DESIGN,PENDING_HUMAN_DESIGN,UNMAPPED,MIGRATE,APPROVED,NONE,UNCLASSIFIED,UNCLASSIFIED,aicrm_next/extensions/growth/cloud_orchestrator/api.py:772-797
LEGACY-API-0021,S02,/admin/config,api.admin_config,GET,GET,/admin/config,admin,admin_page,human_session,true,false,global,admin_config,none,PENDING_HUMAN_DESIGN,PENDING_HUMAN_DESIGN,PENDING_HUMAN_DESIGN,UNMAPPED,MIGRATE,APPROVED,NONE,UNCLASSIFIED,UNCLASSIFIED,aicrm_next/platform/admin_config/api.py:322-339
LEGACY-API-0022,S02,/admin/config/api-clients,api.admin_config_api_clients,GET,GET,/admin/config/api-clients,admin,admin_page,human_session,true,false,global,admin_config,none,PENDING_HUMAN_DESIGN,PENDING_HUMAN_DESIGN,PENDING_HUMAN_DESIGN,UNMAPPED,MIGRATE,APPROVED,NONE,UNCLASSIFIED,UNCLASSIFIED,aicrm_next/platform/admin_config/api.py:359-384
LEGACY-API-0023,S02,/admin/config/api-clients/new,api.admin_config_api_client_new,GET,GET,/admin/config/api-clients/new,admin,admin_page,human_session,true,false,global,admin_config,none,PENDING_HUMAN_DESIGN,PENDING_HUMAN_DESIGN,PENDING_HUMAN_DESIGN,UNMAPPED,MIGRATE,APPROVED,NONE,UNCLASSIFIED,UNCLASSIFIED,aicrm_next/platform/admin_config/api.py:387-417
LEGACY-API-0024,S02,/admin/config/api-clients/{client_id},api.admin_config_api_client_detail,GET,GET,/admin/config/api-clients/{client_id},admin,admin_page,human_session,true,false,global,admin_config,none,PENDING_HUMAN_DESIGN,PENDING_HUMAN_DESIGN,PENDING_HUMAN_DESIGN,UNMAPPED,MIGRATE,APPROVED,NONE,UNCLASSIFIED,UNCLASSIFIED,aicrm_next/platform/admin_config/api.py:420-439
LEGACY-API-0025,S02,/admin/config/api-key,api.admin_config_api_key,GET,GET,/admin/config/api-key,admin,admin_page,human_session,true,false,global,admin_config,none,PENDING_HUMAN_DESIGN,PENDING_HUMAN_DESIGN,PENDING_HUMAN_DESIGN,UNMAPPED,MIGRATE,APPROVED,NONE,UNCLASSIFIED,UNCLASSIFIED,aicrm_next/platform/admin_config/api.py:342-356
LEGACY-API-0026,S02,/admin/config/app-settings,api.admin_config_app_settings,GET,GET,/admin/config/app-settings,admin,admin_page,human_session,true,false,global,admin_config,none,PENDING_HUMAN_DESIGN,PENDING_HUMAN_DESIGN,PENDING_HUMAN_DESIGN,UNMAPPED,MIGRATE,APPROVED,NONE,UNCLASSIFIED,UNCLASSIFIED,aicrm_next/platform/admin_config/api.py:524-547
LEGACY-API-0027,S02,/admin/config/app-settings/save,api.admin_config_save_app_settings,POST,POST,/admin/config/app-settings/save,admin,admin_page,human_session,true,true,global,admin_config,none,PENDING_HUMAN_DESIGN,PENDING_HUMAN_DESIGN,PENDING_HUMAN_DESIGN,UNMAPPED,MIGRATE,APPROVED,NONE,UNCLASSIFIED,UNCLASSIFIED,aicrm_next/platform/admin_config/api.py:550-562
LEGACY-API-0028,S02,/admin/config/checklist,api.admin_config_checklist,GET,GET,/admin/config/checklist,admin,admin_page,human_session,true,false,global,admin_config,none,PENDING_HUMAN_DESIGN,PENDING_HUMAN_DESIGN,PENDING_HUMAN_DESIGN,UNMAPPED,MIGRATE,APPROVED,NONE,UNCLASSIFIED,UNCLASSIFIED,aicrm_next/platform/admin_config/api.py:1452-1464
LEGACY-API-0029,S02,/admin/config/detail/{category_key},api.admin_config_category_detail,GET,GET,/admin/config/detail/{category_key},admin,admin_page,human_session,true,false,global,admin_config,none,PENDING_HUMAN_DESIGN,PENDING_HUMAN_DESIGN,PENDING_HUMAN_DESIGN,UNMAPPED,MIGRATE,APPROVED,NONE,UNCLASSIFIED,UNCLASSIFIED,aicrm_next/platform/admin_config/api.py:442-479
LEGACY-API-0030,S02,/admin/config/login-access,api.admin_config_login_access,GET,GET,/admin/config/login-access,admin,admin_page,human_session,true,false,global,admin_config,none,PENDING_HUMAN_DESIGN,PENDING_HUMAN_DESIGN,PENDING_HUMAN_DESIGN,UNMAPPED,MIGRATE,APPROVED,NONE,UNCLASSIFIED,UNCLASSIFIED,aicrm_next/platform/admin_config/api.py:1427-1429
LEGACY-API-0031,S02,/admin/config/login-access/directory/refresh,api.admin_config_refresh_login_access_directory,POST,POST,/admin/config/login-access/directory/refresh,admin,admin_page,human_session,true,true,global,admin_config,none,PENDING_HUMAN_DESIGN,PENDING_HUMAN_DESIGN,PENDING_HUMAN_DESIGN,UNMAPPED,DEFERRED_POST_LAUNCH,APPROVED,NONE,UNCLASSIFIED,UNCLASSIFIED,aicrm_next/platform/admin_config/api.py:1432-1437
LEGACY-API-0032,S02,/admin/config/login-access/save,api.admin_config_save_login_access,POST,POST,/admin/config/login-access/save,admin,admin_page,human_session,true,true,global,admin_config,none,PENDING_HUMAN_DESIGN,PENDING_HUMAN_DESIGN,PENDING_HUMAN_DESIGN,UNMAPPED,MIGRATE,APPROVED,NONE,UNCLASSIFIED,UNCLASSIFIED,aicrm_next/platform/admin_config/api.py:1440-1449
LEGACY-API-0033,S02,/admin/config/mcp-tools,api.admin_config_mcp_tools,GET,GET,/admin/config/mcp-tools,admin,admin_page,human_session,true,false,global,admin_config,staging_disabled,GET,/admin/config/mcp-tools,getLegacyMcpToolsRedirect,P4-API-DOCS-0003-0033-R2,MIGRATE,APPROVED,MANIFEST_EXTERNAL_EFFECTS_STAGING_DISABLED,UNCLASSIFIED,UNCLASSIFIED,aicrm_next/platform/admin_config/api.py:1294-1296
LEGACY-API-0034,S02,/admin/config/mcp-tools/save,api.admin_config_save_mcp_tool,POST,POST,/admin/config/mcp-tools/save,admin,admin_page,human_session,true,true,global,admin_config,staging_disabled,PENDING_HUMAN_DESIGN,PENDING_HUMAN_DESIGN,PENDING_HUMAN_DESIGN,UNMAPPED,DEFERRED_POST_LAUNCH,APPROVED,MANIFEST_EXTERNAL_EFFECTS_STAGING_DISABLED,UNCLASSIFIED,UNCLASSIFIED,aicrm_next/platform/admin_config/api.py:1299-1301
LEGACY-API-0035,S02,/admin/config/releases,api.admin_config_releases,GET,GET,/admin/config/releases,admin,admin_page,human_session,true,false,global,admin_config,none,PENDING_HUMAN_DESIGN,PENDING_HUMAN_DESIGN,PENDING_HUMAN_DESIGN,UNMAPPED,MIGRATE,APPROVED,NONE,UNCLASSIFIED,UNCLASSIFIED,aicrm_next/platform/admin_config/api.py:565-607
LEGACY-API-0036,S02,/admin/config/releases,api.admin_config_release_create,POST,POST,/admin/config/releases,admin,admin_page,human_session,true,true,global,admin_config,none,PENDING_HUMAN_DESIGN,PENDING_HUMAN_DESIGN,PENDING_HUMAN_DESIGN,UNMAPPED,MIGRATE,APPROVED,NONE,UNCLASSIFIED,UNCLASSIFIED,aicrm_next/platform/admin_config/api.py:629-643
LEGACY-API-0037,S02,/admin/config/releases/new,api.admin_config_release_new,GET,GET,/admin/config/releases/new,admin,admin_page,human_session,true,false,global,admin_config,none,PENDING_HUMAN_DESIGN,PENDING_HUMAN_DESIGN,PENDING_HUMAN_DESIGN,UNMAPPED,MIGRATE,APPROVED,NONE,UNCLASSIFIED,UNCLASSIFIED,aicrm_next/platform/admin_config/api.py:610-626
LEGACY-API-0038,S02,/admin/config/releases/{release_id},api.admin_config_release_detail,GET,GET,/admin/config/releases/{release_id},admin,admin_page,human_session,true,false,global,admin_config,none,PENDING_HUMAN_DESIGN,PENDING_HUMAN_DESIGN,PENDING_HUMAN_DESIGN,UNMAPPED,MIGRATE,APPROVED,NONE,UNCLASSIFIED,UNCLASSIFIED,aicrm_next/platform/admin_config/api.py:646-671
LEGACY-API-0039,S02,/admin/config/releases/{release_id}/publish,api.admin_config_release_publish,POST,POST,/admin/config/releases/{release_id}/publish,admin,admin_page,human_session,true,true,global,admin_config,none,PENDING_HUMAN_DESIGN,PENDING_HUMAN_DESIGN,PENDING_HUMAN_DESIGN,UNMAPPED,MIGRATE,APPROVED,NONE,UNCLASSIFIED,UNCLASSIFIED,aicrm_next/platform/admin_config/api.py:686-701
LEGACY-API-0040,S02,/admin/config/releases/{release_id}/rollback,api.admin_config_release_rollback,POST,POST,/admin/config/releases/{release_id}/rollback,admin,admin_page,human_session,true,true,global,admin_config,none,PENDING_HUMAN_DESIGN,PENDING_HUMAN_DESIGN,PENDING_HUMAN_DESIGN,UNMAPPED,MIGRATE,APPROVED,NONE,UNCLASSIFIED,UNCLASSIFIED,aicrm_next/platform/admin_config/api.py:704-718
LEGACY-API-0041,S02,/admin/config/releases/{release_id}/validate,api.admin_config_release_validate,POST,POST,/admin/config/releases/{release_id}/validate,admin,admin_page,human_session,true,true,global,admin_config,none,PENDING_HUMAN_DESIGN,PENDING_HUMAN_DESIGN,PENDING_HUMAN_DESIGN,UNMAPPED,MIGRATE,APPROVED,NONE,UNCLASSIFIED,UNCLASSIFIED,aicrm_next/platform/admin_config/api.py:674-683
LEGACY-API-0042,S02,/admin/config/wecom-tags,api.admin_config_wecom_tags,GET,GET,/admin/config/wecom-tags,admin,admin_page,human_session,true,false,global,admin_config,staging_disabled,PENDING_HUMAN_DESIGN,PENDING_HUMAN_DESIGN,PENDING_HUMAN_DESIGN,UNMAPPED,MIGRATE,APPROVED,MANIFEST_EXTERNAL_EFFECTS_STAGING_DISABLED,UNCLASSIFIED,UNCLASSIFIED,aicrm_next/platform/admin_config/api.py:519-521
LEGACY-API-0043,S04,/admin/coupons,api.admin_coupons_page,GET,GET,/admin/coupons,admin,admin_page,human_session,true,false,global,commerce,none,GET,/admin/coupons,getLegacyCouponListPage,P4-COUPON-AB,MIGRATE,APPROVED,NONE,UNCLASSIFIED,UNCLASSIFIED,aicrm_next/extensions/commerce/commerce/coupons/admin_pages.py:55-88
LEGACY-API-0044,S04,/admin/coupons/new,api.admin_coupon_new_page,GET,GET,/admin/coupons/new,admin,admin_page,human_session,true,false,global,commerce,none,PENDING_HUMAN_DESIGN,PENDING_HUMAN_DESIGN,PENDING_HUMAN_DESIGN,UNMAPPED,MIGRATE,APPROVED,NONE,UNCLASSIFIED,UNCLASSIFIED,aicrm_next/extensions/commerce/commerce/coupons/admin_pages.py:91-113
LEGACY-API-0045,S04,/admin/coupons/{coupon_id}/data,api.admin_coupon_data_page,GET,GET,/admin/coupons/{coupon_id}/data,admin,admin_page,human_session,true,false,global,commerce,none,GET,/admin/coupons/{coupon_id}/data,getLegacyCouponDataPage,P4-COUPON-AB,MIGRATE,APPROVED,NONE,UNCLASSIFIED,UNCLASSIFIED,aicrm_next/extensions/commerce/commerce/coupons/admin_pages.py:152-187
LEGACY-API-0046,S04,/admin/coupons/{coupon_id}/edit,api.admin_coupon_edit_page,GET,GET,/admin/coupons/{coupon_id}/edit,admin,admin_page,human_session,true,false,global,commerce,none,PENDING_HUMAN_DESIGN,PENDING_HUMAN_DESIGN,PENDING_HUMAN_DESIGN,UNMAPPED,MIGRATE,APPROVED,NONE,UNCLASSIFIED,UNCLASSIFIED,aicrm_next/extensions/commerce/commerce/coupons/admin_pages.py:116-149
LEGACY-API-0047,S02,/admin/customer-360/{unionid},api.admin_customer_360_page,GET,GET,/admin/customer-360/{unionid},admin,admin_page,human_session,true,false,global,customer_read_model,none,PENDING_HUMAN_DESIGN,PENDING_HUMAN_DESIGN,PENDING_HUMAN_DESIGN,UNMAPPED,MIGRATE,APPROVED,S02-D06_FIXTURE_OR_DEGRADED_EMPTY_RESULT_BOUNDARY,UNCLASSIFIED,UNCLASSIFIED,aicrm_next/crm/customer_read_model/admin_pages.py:187-233
LEGACY-API-0048,S02,/admin/customers,api.admin_console_customers,GET,GET,/admin/customers,admin,admin_page,human_session,true,false,global,customer_read_model,none,PENDING_HUMAN_DESIGN,PENDING_HUMAN_DESIGN,PENDING_HUMAN_DESIGN,UNMAPPED,MIGRATE,APPROVED,S02-D05_LEGACY_OFFSET_NON_EQUIVALENCE|S02-D06_FIXTURE_OR_DEGRADED_EMPTY_RESULT_BOUNDARY,UNCLASSIFIED,UNCLASSIFIED,aicrm_next/crm/customer_read_model/admin_pages.py:94-124
LEGACY-API-0049,S02,/admin/customers/{unionid},api.admin_console_customer_detail,GET,GET,/admin/customers/{unionid},admin,admin_page,human_session,true,false,global,customer_read_model,none,PENDING_HUMAN_DESIGN,PENDING_HUMAN_DESIGN,PENDING_HUMAN_DESIGN,UNMAPPED,MIGRATE,APPROVED,S02-D06_FIXTURE_OR_DEGRADED_EMPTY_RESULT_BOUNDARY,UNCLASSIFIED,UNCLASSIFIED,aicrm_next/crm/customer_read_model/admin_pages.py:127-184
LEGACY-API-0050,S04,/admin/hxc-dashboard,api.admin_hxc_dashboard_workspace,GET,GET,/admin/hxc-dashboard,admin,admin_page,human_session,true,false,global,hxc_dashboard,none,PENDING_HUMAN_DESIGN,PENDING_HUMAN_DESIGN,PENDING_HUMAN_DESIGN,UNMAPPED,MIGRATE,APPROVED,NONE,UNCLASSIFIED,UNCLASSIFIED,aicrm_next/extensions/hxc/hxc_dashboard/api.py:122-145
LEGACY-API-0051,S04,/admin/hxc-send-config,api.admin_hxc_send_config_page,GET,GET,/admin/hxc-send-config,admin,admin_page,human_session,true,false,global,hxc_dashboard,none,GET,/admin/hxc-send-config,getLegacyHXCSendConfigPage,P4-HXC-SENDER-0051-0348,MIGRATE,APPROVED,NONE,UNCLASSIFIED,UNCLASSIFIED,aicrm_next/extensions/hxc/hxc_dashboard/api.py:148-172
LEGACY-API-0052,S04,/admin/image-library,api.admin_image_library_workspace,GET,GET,/admin/image-library,admin,admin_page,human_session,true,false,global,media_library,none,PENDING_HUMAN_DESIGN,PENDING_HUMAN_DESIGN,PENDING_HUMAN_DESIGN,UNMAPPED,MIGRATE,APPROVED,NONE,UNCLASSIFIED,UNCLASSIFIED,aicrm_next/engagement/media_library/admin_pages.py:15-23
LEGACY-API-0053,S04,/admin/logout,api.admin_logout_compat,GET,GET,/admin/logout,admin,admin_page,human_session,true,false,global,admin_shell,none,GET,/admin/logout,getLegacyAdminLogoutCompat,P4-ADMIN-SHELL-0053,MIGRATE,APPROVED,NONE,UNCLASSIFIED_SOURCE_DRIFT,UNCLASSIFIED,aicrm_next/app/admin_console/routes.py:42-44
LEGACY-API-0054,S04,/admin/miniprogram-library,api.admin_miniprogram_library_workspace,GET,GET,/admin/miniprogram-library,admin,admin_page,human_session,true,false,global,media_library,none,GET,/admin/miniprogram-library,getLegacyMiniProgramLibraryPage,P4-MINIPROGRAM-LIBRARY-0054,MIGRATE,APPROVED,NONE,UNCLASSIFIED,UNCLASSIFIED,aicrm_next/engagement/media_library/admin_pages.py:26-34
LEGACY-API-0055,S04,/admin/operation-cycles,api.admin_operation_cycles_page,GET,GET,/admin/operation-cycles,admin,admin_page,human_session,true,false,global,operation_cycles,none,PENDING_HUMAN_DESIGN,PENDING_HUMAN_DESIGN,PENDING_HUMAN_DESIGN,UNMAPPED,MIGRATE,APPROVED,NONE,UNCLASSIFIED,UNCLASSIFIED,aicrm_next/extensions/hxc/operation_cycles/admin_pages.py:250-297
LEGACY-API-0056,S04,/admin/operation-cycles/{strategy_key},api.admin_operation_cycle_strategy_page,GET,GET,/admin/operation-cycles/{strategy_key},admin,admin_page,human_session,true,false,global,operation_cycles,none,PENDING_HUMAN_DESIGN,PENDING_HUMAN_DESIGN,PENDING_HUMAN_DESIGN,UNMAPPED,MIGRATE,APPROVED,NONE,UNCLASSIFIED,UNCLASSIFIED,aicrm_next/extensions/hxc/operation_cycles/admin_pages.py:344-438
LEGACY-API-0057,S04,/admin/operation-cycles/{strategy_key}/runs/{run_key},api.admin_operation_cycle_run_page,GET,GET,/admin/operation-cycles/{strategy_key}/runs/{run_key},admin,admin_page,human_session,true,false,global,operation_cycles,none,PENDING_HUMAN_DESIGN,PENDING_HUMAN_DESIGN,PENDING_HUMAN_DESIGN,UNMAPPED,MIGRATE,APPROVED,NONE,UNCLASSIFIED,UNCLASSIFIED,aicrm_next/extensions/hxc/operation_cycles/admin_pages.py:300-341
LEGACY-API-0058,S04,/admin/orders,api.admin_orders_page,GET,GET,/admin/orders,admin,admin_page,human_session,true,false,global,commerce,none,GET,/admin/orders,getLegacyOrderListPage,LEGACY-S07-022,MIGRATE,APPROVED,NONE,UNCLASSIFIED,UNCLASSIFIED,aicrm_next/extensions/commerce/commerce/api.py:222-224
LEGACY-API-0059,S04,/admin/owner-migration,api.admin_owner_migration_page,GET,GET,/admin/owner-migration,admin,admin_page,human_session,true,false,global,owner_migration,none,PENDING_HUMAN_DESIGN,PENDING_HUMAN_DESIGN,PENDING_HUMAN_DESIGN,UNMAPPED,MIGRATE,APPROVED,NONE,UNCLASSIFIED,UNCLASSIFIED,aicrm_next/crm/owner_migration/api.py:112-124
LEGACY-API-0060,S04,/admin/owner-migration,api.admin_owner_migration_action,POST,POST,/admin/owner-migration,admin,admin_page,human_session,true,true,global,owner_migration,none,PENDING_HUMAN_DESIGN,PENDING_HUMAN_DESIGN,PENDING_HUMAN_DESIGN,UNMAPPED,MIGRATE,APPROVED,NONE,UNCLASSIFIED,UNCLASSIFIED,aicrm_next/crm/owner_migration/api.py:127-143
LEGACY-API-0061,S04,/admin/questionnaires,api.admin_questionnaires,GET,GET,/admin/questionnaires,admin,admin_page,human_session,true,false,global,questionnaire,none,GET,/admin/questionnaires,getLegacyQuestionnaireListPage,P4-QUESTIONNAIRE-LIST-0061,MIGRATE,APPROVED,NONE,UNCLASSIFIED,UNCLASSIFIED,aicrm_next/extensions/forms/questionnaire/admin_pages.py:153-187
LEGACY-API-0062,S04,/admin/questionnaires/external-push-logs,api.admin_console_global_questionnaire_external_push_logs,GET,GET,/admin/questionnaires/external-push-logs,admin,admin_page,human_session,true,false,global,questionnaire,none,PENDING_HUMAN_DESIGN,PENDING_HUMAN_DESIGN,PENDING_HUMAN_DESIGN,UNMAPPED,MIGRATE,APPROVED,NONE,UNCLASSIFIED,UNCLASSIFIED,aicrm_next/extensions/forms/questionnaire/admin_pages.py:297-306
LEGACY-API-0063,S04,/admin/questionnaires/new,api.admin_console_questionnaire_new,GET,GET,/admin/questionnaires/new,admin,admin_page,human_session,true,false,global,questionnaire,none,PENDING_HUMAN_DESIGN,PENDING_HUMAN_DESIGN,PENDING_HUMAN_DESIGN,UNMAPPED,MIGRATE,APPROVED,NONE,UNCLASSIFIED,UNCLASSIFIED,aicrm_next/extensions/forms/questionnaire/admin_pages.py:195-197
LEGACY-API-0064,S04,/admin/questionnaires/ui,api.admin_console_questionnaires,GET,GET,/admin/questionnaires/ui,admin,admin_page,human_session,true,false,global,questionnaire,none,GET,/admin/questionnaires/ui,getLegacyQuestionnaireListUIAlias,P4-QUESTIONNAIRE-LIST-0064,MIGRATE,APPROVED,NONE,UNCLASSIFIED,UNCLASSIFIED,aicrm_next/extensions/forms/questionnaire/admin_pages.py:190-192
LEGACY-API-0065,S04,/admin/questionnaires/{questionnaire_id:int},api.admin_console_questionnaire_detail,GET,GET,/admin/questionnaires/{questionnaire_id:int},admin,admin_page,human_session,true,false,global,questionnaire,none,PENDING_HUMAN_DESIGN,PENDING_HUMAN_DESIGN,PENDING_HUMAN_DESIGN,UNMAPPED,MIGRATE,APPROVED,NONE,UNCLASSIFIED,UNCLASSIFIED,aicrm_next/extensions/forms/questionnaire/admin_pages.py:257-259
LEGACY-API-0066,S04,/admin/questionnaires/{questionnaire_id:int}/external-push-logs,api.admin_console_questionnaire_external_push_logs,GET,GET,/admin/questionnaires/{questionnaire_id:int}/external-push-logs,admin,admin_page,human_session,true,false,global,questionnaire,none,PENDING_HUMAN_DESIGN,PENDING_HUMAN_DESIGN,PENDING_HUMAN_DESIGN,UNMAPPED,MIGRATE,APPROVED,NONE,UNCLASSIFIED,UNCLASSIFIED,aicrm_next/extensions/forms/questionnaire/admin_pages.py:301-306
LEGACY-API-0067,S04,/admin/questionnaires/{questionnaire_id:int}/operations,api.admin_console_questionnaire_operations,GET,GET,/admin/questionnaires/{questionnaire_id:int}/operations,admin,admin_page,human_session,true,false,global,questionnaire,none,PENDING_HUMAN_DESIGN,PENDING_HUMAN_DESIGN,PENDING_HUMAN_DESIGN,UNMAPPED,MIGRATE,APPROVED,NONE,UNCLASSIFIED,UNCLASSIFIED,aicrm_next/extensions/forms/questionnaire/admin_pages.py:200-254
LEGACY-API-0068,S04,/admin/radar-links,api.admin_radar_links,GET,GET,/admin/radar-links,admin,admin_page,human_session,true,false,global,radar_links,none,PENDING_HUMAN_DESIGN,PENDING_HUMAN_DESIGN,PENDING_HUMAN_DESIGN,UNMAPPED,MIGRATE,APPROVED,NONE,UNCLASSIFIED,UNCLASSIFIED,aicrm_next/extensions/radar/radar_links/admin_pages.py:16-29
LEGACY-API-0069,S04,/admin/radar-links/new,api.admin_radar_link_new,GET,GET,/admin/radar-links/new,admin,admin_page,human_session,true,false,global,radar_links,none,PENDING_HUMAN_DESIGN,PENDING_HUMAN_DESIGN,PENDING_HUMAN_DESIGN,UNMAPPED,MIGRATE,APPROVED,NONE,UNCLASSIFIED,UNCLASSIFIED,aicrm_next/extensions/radar/radar_links/admin_pages.py:32-47
LEGACY-API-0070,S04,/admin/radar-links/{link_id:int}/detail,api.admin_radar_link_detail,GET,GET,/admin/radar-links/{link_id:int}/detail,admin,admin_page,human_session,true,false,global,radar_links,none,PENDING_HUMAN_DESIGN,PENDING_HUMAN_DESIGN,PENDING_HUMAN_DESIGN,UNMAPPED,MIGRATE,APPROVED,NONE,UNCLASSIFIED,UNCLASSIFIED,aicrm_next/extensions/radar/radar_links/admin_pages.py:68-82
LEGACY-API-0071,S04,/admin/radar-links/{link_id:int}/edit,api.admin_radar_link_edit,GET,GET,/admin/radar-links/{link_id:int}/edit,admin,admin_page,human_session,true,false,global,radar_links,none,PENDING_HUMAN_DESIGN,PENDING_HUMAN_DESIGN,PENDING_HUMAN_DESIGN,UNMAPPED,MIGRATE,APPROVED,NONE,UNCLASSIFIED,UNCLASSIFIED,aicrm_next/extensions/radar/radar_links/admin_pages.py:50-65
LEGACY-API-0072,S02,/admin/runtime-config,api.admin_runtime_config,GET,GET,/admin/runtime-config,admin,admin_page,human_session,true,false,global,admin_config,none,PENDING_HUMAN_DESIGN,PENDING_HUMAN_DESIGN,PENDING_HUMAN_DESIGN,UNMAPPED,MIGRATE,APPROVED,NONE,UNCLASSIFIED,UNCLASSIFIED,aicrm_next/platform/admin_config/api.py:482-496
LEGACY-API-0073,S04,/admin/service-period-products,api.admin_service_period_products_page,GET,GET,/admin/service-period-products,admin,admin_page,human_session,true,false,global,service_period,none,PENDING_HUMAN_DESIGN,PENDING_HUMAN_DESIGN,PENDING_HUMAN_DESIGN,UNMAPPED,MIGRATE,APPROVED,NONE,UNCLASSIFIED,UNCLASSIFIED,aicrm_next/extensions/commerce/service_period/api.py:298-317
LEGACY-API-0074,S04,/admin/service-period-products/new,api.admin_service_period_product_new_page,GET,GET,/admin/service-period-products/new,admin,admin_page,human_session,true,false,global,service_period,none,PENDING_HUMAN_DESIGN,PENDING_HUMAN_DESIGN,PENDING_HUMAN_DESIGN,UNMAPPED,MIGRATE,APPROVED,NONE,UNCLASSIFIED,UNCLASSIFIED,aicrm_next/extensions/commerce/service_period/api.py:320-331
LEGACY-API-0075,S04,/admin/service-period-products/{service_product_id}/data,api.admin_service_period_product_data_page,GET,GET,/admin/service-period-products/{service_product_id}/data,admin,admin_page,human_session,true,false,single_resource,service_period,none,PENDING_HUMAN_DESIGN,PENDING_HUMAN_DESIGN,PENDING_HUMAN_DESIGN,UNMAPPED,MIGRATE,APPROVED,NONE,UNCLASSIFIED,UNCLASSIFIED,aicrm_next/extensions/commerce/service_period/api.py:356-384
LEGACY-API-0076,S04,/admin/service-period-products/{service_product_id}/edit,api.admin_service_period_product_edit_page,GET,GET,/admin/service-period-products/{service_product_id}/edit,admin,admin_page,human_session,true,false,global,service_period,none,PENDING_HUMAN_DESIGN,PENDING_HUMAN_DESIGN,PENDING_HUMAN_DESIGN,UNMAPPED,MIGRATE,APPROVED,NONE,UNCLASSIFIED,UNCLASSIFIED,aicrm_next/extensions/commerce/service_period/api.py:334-353
LEGACY-API-0077,S03,/admin/user-ops,api.admin_user_ops,GET,GET,/admin/user-ops,admin,admin_page,human_session,true,false,global,ops_enrollment,none,PENDING_HUMAN_DESIGN,PENDING_HUMAN_DESIGN,PENDING_HUMAN_DESIGN,UNMAPPED,MIGRATE,APPROVED,NONE,UNCLASSIFIED,UNCLASSIFIED,aicrm_next/automation/ops_enrollment/admin_pages.py:21-30
LEGACY-API-0078,S03,/admin/user-ops/ui,api.admin_user_ops_ui,GET,GET,/admin/user-ops/ui,admin,admin_page,human_session,true,false,global,ops_enrollment,none,PENDING_HUMAN_DESIGN,PENDING_HUMAN_DESIGN,PENDING_HUMAN_DESIGN,UNMAPPED,MIGRATE,APPROVED,NONE,UNCLASSIFIED,UNCLASSIFIED,aicrm_next/automation/ops_enrollment/admin_pages.py:16-18
LEGACY-API-0079,S04,/admin/wechat-pay/products,api.admin_wechat_pay_products_page,GET,GET,/admin/wechat-pay/products,admin,admin_page,human_session,true,false,global,commerce,none,GET,/admin/wechat-pay/products,getLegacyProductListPage,P4-PRODUCT-LIST-0079,MIGRATE,APPROVED,NONE,UNCLASSIFIED,UNCLASSIFIED,aicrm_next/extensions/commerce/commerce/api.py:155-176
LEGACY-API-0080,S04,/admin/wechat-pay/products/new,api.admin_wechat_pay_product_new_page,GET,GET,/admin/wechat-pay/products/new,admin,admin_page,human_session,true,false,global,commerce,none,PENDING_HUMAN_DESIGN,PENDING_HUMAN_DESIGN,PENDING_HUMAN_DESIGN,UNMAPPED,MIGRATE,APPROVED,NONE,UNCLASSIFIED,UNCLASSIFIED,aicrm_next/extensions/commerce/commerce/api.py:179-187
LEGACY-API-0081,S04,/admin/wechat-pay/products/{product_id}/edit,api.admin_wechat_pay_product_edit_page,GET,GET,/admin/wechat-pay/products/{product_id}/edit,admin,admin_page,human_session,true,false,global,commerce,none,PENDING_HUMAN_DESIGN,PENDING_HUMAN_DESIGN,PENDING_HUMAN_DESIGN,UNMAPPED,MIGRATE,APPROVED,NONE,UNCLASSIFIED,UNCLASSIFIED,aicrm_next/extensions/commerce/commerce/api.py:190-210
LEGACY-API-0082,S04,/admin/wechat-pay/transactions,api.admin_wechat_pay_transactions_page,GET,GET,/admin/wechat-pay/transactions,admin,admin_page,human_session,true,false,global,commerce,none,PENDING_HUMAN_DESIGN,PENDING_HUMAN_DESIGN,PENDING_HUMAN_DESIGN,UNMAPPED,MIGRATE,APPROVED,NONE,UNCLASSIFIED,UNCLASSIFIED,aicrm_next/extensions/commerce/commerce/api.py:213-219
LEGACY-API-0083,S04,/admin/wechat-pay/transactions/{order_id},api.admin_wechat_pay_transaction_detail_page,GET,GET,/admin/wechat-pay/transactions/{order_id},admin,admin_page,human_session,true,false,global,commerce,none,PENDING_HUMAN_DESIGN,PENDING_HUMAN_DESIGN,PENDING_HUMAN_DESIGN,UNMAPPED,MIGRATE,APPROVED,NONE,UNCLASSIFIED,UNCLASSIFIED,aicrm_next/extensions/commerce/commerce/api.py:227-241
LEGACY-API-0084,S04,/admin/wechat-shop/transactions,api.admin_wechat_shop_transactions_page,GET,GET,/admin/wechat-shop/transactions,admin,admin_page,human_session,true,false,global,commerce,none,PENDING_HUMAN_DESIGN,PENDING_HUMAN_DESIGN,PENDING_HUMAN_DESIGN,UNMAPPED,MIGRATE,APPROVED,NONE,UNCLASSIFIED,UNCLASSIFIED,aicrm_next/extensions/commerce/commerce/api.py:244-250
LEGACY-API-0085,S04,/admin/wechat-shop/transactions/{order_id},api.admin_wechat_shop_transaction_detail_page,GET,GET,/admin/wechat-shop/transactions/{order_id},admin,admin_page,human_session,true,false,global,commerce,none,PENDING_HUMAN_DESIGN,PENDING_HUMAN_DESIGN,PENDING_HUMAN_DESIGN,UNMAPPED,MIGRATE,APPROVED,NONE,UNCLASSIFIED,UNCLASSIFIED,aicrm_next/extensions/commerce/commerce/api.py:253-267
LEGACY-API-0086,S02,/admin/wecom-tags,api.admin_wecom_tags_page,GET,GET,/admin/wecom-tags,admin,admin_page,human_session,true,false,global,customer_tags,staging_disabled,PENDING_HUMAN_DESIGN,PENDING_HUMAN_DESIGN,PENDING_HUMAN_DESIGN,UNMAPPED,MIGRATE,APPROVED,MANIFEST_EXTERNAL_EFFECTS_STAGING_DISABLED|S02-D03_TAGS_STAGING_DISABLED_VS_GATED_LIVE_BRANCH,UNCLASSIFIED,UNCLASSIFIED,aicrm_next/crm/customer_tags/admin_pages.py:16-28
LEGACY-API-0087,S04,/api/admin/ai-assist/contract,ai_assist_contract,GET,GET,/api/admin/ai-assist/contract,admin,api,human_session,true,false,global,ai_assist,none,PENDING_HUMAN_DESIGN,PENDING_HUMAN_DESIGN,PENDING_HUMAN_DESIGN,UNMAPPED,DEFERRED_POST_LAUNCH,APPROVED,NONE,UNCLASSIFIED,UNCLASSIFIED,aicrm_next/extensions/ai/ai_assist/api.py:62-64
LEGACY-API-0088,S04,/api/admin/ai-assist/review-plans,create_admin_ai_assist_review_plan,POST,POST,/api/admin/ai-assist/review-plans,admin,api,human_session,true,true,global,ai_assist,none,PENDING_HUMAN_DESIGN,PENDING_HUMAN_DESIGN,PENDING_HUMAN_DESIGN,UNMAPPED,MIGRATE,APPROVED,S04_D03_LOGICAL_OWNER_SOURCE_CONTAINER_DIFFERENCE,UNCLASSIFIED,UNCLASSIFIED,aicrm_next/extensions/growth/cloud_orchestrator/api.py:843-854
LEGACY-API-0089,S03,/api/admin/ai-audience/package-groups,api.admin_ai_audience_package_groups,GET,GET,/api/admin/ai-audience/package-groups,admin,api,human_session,true,false,global,ai_audience_ops,none,PENDING_HUMAN_DESIGN,PENDING_HUMAN_DESIGN,PENDING_HUMAN_DESIGN,UNMAPPED,MIGRATE,APPROVED,NONE,UNCLASSIFIED,UNCLASSIFIED,aicrm_next/extensions/ai/ai_audience_ops/admin_api.py:170-174
LEGACY-API-0090,S03,/api/admin/ai-audience/package-groups,api.admin_ai_audience_package_group_create,POST,POST,/api/admin/ai-audience/package-groups,admin,api,human_session,true,true,global,ai_audience_ops,none,PENDING_HUMAN_DESIGN,PENDING_HUMAN_DESIGN,PENDING_HUMAN_DESIGN,UNMAPPED,MIGRATE,APPROVED,NONE,UNCLASSIFIED,UNCLASSIFIED,aicrm_next/extensions/ai/ai_audience_ops/admin_api.py:177-181
LEGACY-API-0091,S03,/api/admin/ai-audience/package-groups/{group_id},api.admin_ai_audience_package_group_delete,DELETE,DELETE,/api/admin/ai-audience/package-groups/{group_id},admin,api,human_session,true,true,global,ai_audience_ops,none,PENDING_HUMAN_DESIGN,PENDING_HUMAN_DESIGN,PENDING_HUMAN_DESIGN,UNMAPPED,MIGRATE,APPROVED,NONE,UNCLASSIFIED,UNCLASSIFIED,aicrm_next/extensions/ai/ai_audience_ops/admin_api.py:191-195
LEGACY-API-0092,S03,/api/admin/ai-audience/package-groups/{group_id},api.admin_ai_audience_package_group_update,PATCH,PATCH,/api/admin/ai-audience/package-groups/{group_id},admin,api,human_session,true,true,global,ai_audience_ops,none,PENDING_HUMAN_DESIGN,PENDING_HUMAN_DESIGN,PENDING_HUMAN_DESIGN,UNMAPPED,MIGRATE,APPROVED,NONE,UNCLASSIFIED,UNCLASSIFIED,aicrm_next/extensions/ai/ai_audience_ops/admin_api.py:184-188
LEGACY-API-0093,S03,/api/admin/ai-audience/packages,api.admin_ai_audience_packages,GET,GET,/api/admin/ai-audience/packages,admin,api,human_session,true,false,global,ai_audience_ops,none,PENDING_HUMAN_DESIGN,PENDING_HUMAN_DESIGN,PENDING_HUMAN_DESIGN,UNMAPPED,MIGRATE,APPROVED,NONE,UNCLASSIFIED,UNCLASSIFIED,aicrm_next/extensions/ai/ai_audience_ops/admin_api.py:96-129
LEGACY-API-0094,S03,/api/admin/ai-audience/packages,api.admin_ai_audience_package_create,POST,POST,/api/admin/ai-audience/packages,admin,api,human_session,true,true,global,ai_audience_ops,none,PENDING_HUMAN_DESIGN,PENDING_HUMAN_DESIGN,PENDING_HUMAN_DESIGN,UNMAPPED,MIGRATE,APPROVED,NONE,UNCLASSIFIED,UNCLASSIFIED,aicrm_next/extensions/ai/ai_audience_ops/admin_api.py:132-136
LEGACY-API-0095,S03,/api/admin/ai-audience/packages/{package_id},api.admin_ai_audience_package_delete,DELETE,DELETE,/api/admin/ai-audience/packages/{package_id},admin,api,human_session,true,true,global,ai_audience_ops,none,PENDING_HUMAN_DESIGN,PENDING_HUMAN_DESIGN,PENDING_HUMAN_DESIGN,UNMAPPED,MIGRATE,APPROVED,NONE,UNCLASSIFIED,UNCLASSIFIED,aicrm_next/extensions/ai/ai_audience_ops/admin_api.py:254-258
LEGACY-API-0096,S03,/api/admin/ai-audience/packages/{package_id},api.admin_ai_audience_package_detail,GET,GET,/api/admin/ai-audience/packages/{package_id},admin,api,human_session,true,false,global,ai_audience_ops,none,PENDING_HUMAN_DESIGN,PENDING_HUMAN_DESIGN,PENDING_HUMAN_DESIGN,UNMAPPED,MIGRATE,APPROVED,NONE,UNCLASSIFIED,UNCLASSIFIED,aicrm_next/extensions/ai/ai_audience_ops/admin_api.py:198-202
LEGACY-API-0097,S03,/api/admin/ai-audience/packages/{package_id},api.admin_ai_audience_package_update,PATCH,PATCH,/api/admin/ai-audience/packages/{package_id},admin,api,human_session,true,true,global,ai_audience_ops,none,PENDING_HUMAN_DESIGN,PENDING_HUMAN_DESIGN,PENDING_HUMAN_DESIGN,UNMAPPED,MIGRATE,APPROVED,NONE,UNCLASSIFIED,UNCLASSIFIED,aicrm_next/extensions/ai/ai_audience_ops/admin_api.py:205-209
LEGACY-API-0098,S03,/api/admin/ai-audience/packages/{package_id}/activate,api.admin_ai_audience_package_activate,POST,POST,/api/admin/ai-audience/packages/{package_id}/activate,admin,api,human_session,true,true,global,ai_audience_ops,none,PENDING_HUMAN_DESIGN,PENDING_HUMAN_DESIGN,PENDING_HUMAN_DESIGN,UNMAPPED,MIGRATE,APPROVED,AUDIENCE_INTENT_NOT_PROVIDER_SEND,UNCLASSIFIED,UNCLASSIFIED,aicrm_next/extensions/ai/ai_audience_ops/admin_api.py:247-251
LEGACY-API-0099,S03,/api/admin/ai-audience/packages/{package_id}/automation-binding,api.admin_ai_audience_package_automation_binding_delete,DELETE,DELETE,/api/admin/ai-audience/packages/{package_id}/automation-binding,admin,api,human_session,true,true,global,ai_audience_ops,none,PENDING_HUMAN_DESIGN,PENDING_HUMAN_DESIGN,PENDING_HUMAN_DESIGN,UNMAPPED,MIGRATE,APPROVED,NONE,UNCLASSIFIED,UNCLASSIFIED,aicrm_next/extensions/ai/ai_audience_ops/admin_api.py:361-368
LEGACY-API-0100,S03,/api/admin/ai-audience/packages/{package_id}/automation-binding,api.admin_ai_audience_package_automation_binding,GET,GET,/api/admin/ai-audience/packages/{package_id}/automation-binding,admin,api,human_session,true,false,global,ai_audience_ops,none,PENDING_HUMAN_DESIGN,PENDING_HUMAN_DESIGN,PENDING_HUMAN_DESIGN,UNMAPPED,MIGRATE,APPROVED,NONE,UNCLASSIFIED,UNCLASSIFIED,aicrm_next/extensions/ai/ai_audience_ops/admin_api.py:327-334
LEGACY-API-0101,S03,/api/admin/ai-audience/packages/{package_id}/automation-binding,api.admin_ai_audience_package_automation_binding_put,PUT,PUT,/api/admin/ai-audience/packages/{package_id}/automation-binding,admin,api,human_session,true,true,global,ai_audience_ops,none,PENDING_HUMAN_DESIGN,PENDING_HUMAN_DESIGN,PENDING_HUMAN_DESIGN,UNMAPPED,MIGRATE,APPROVED,NONE,UNCLASSIFIED,UNCLASSIFIED,aicrm_next/extensions/ai/ai_audience_ops/admin_api.py:337-358
LEGACY-API-0102,S03,/api/admin/ai-audience/packages/{package_id}/copy,api.admin_ai_audience_package_copy,POST,POST,/api/admin/ai-audience/packages/{package_id}/copy,admin,api,human_session,true,true,global,ai_audience_ops,none,PENDING_HUMAN_DESIGN,PENDING_HUMAN_DESIGN,PENDING_HUMAN_DESIGN,UNMAPPED,MIGRATE,APPROVED,NONE,UNCLASSIFIED,UNCLASSIFIED,aicrm_next/extensions/ai/ai_audience_ops/admin_api.py:233-237
LEGACY-API-0103,S03,/api/admin/ai-audience/packages/{package_id}/members,api.admin_ai_audience_package_members,GET,GET,/api/admin/ai-audience/packages/{package_id}/members,admin,api,human_session,true,false,global,ai_audience_ops,none,PENDING_HUMAN_DESIGN,PENDING_HUMAN_DESIGN,PENDING_HUMAN_DESIGN,UNMAPPED,MIGRATE,APPROVED,NONE,UNCLASSIFIED,UNCLASSIFIED,aicrm_next/extensions/ai/ai_audience_ops/admin_api.py:261-265
LEGACY-API-0104,S03,/api/admin/ai-audience/packages/{package_id}/pause,api.admin_ai_audience_package_pause,POST,POST,/api/admin/ai-audience/packages/{package_id}/pause,admin,api,human_session,true,true,global,ai_audience_ops,none,PENDING_HUMAN_DESIGN,PENDING_HUMAN_DESIGN,PENDING_HUMAN_DESIGN,UNMAPPED,MIGRATE,APPROVED,NONE,UNCLASSIFIED,UNCLASSIFIED,aicrm_next/extensions/ai/ai_audience_ops/admin_api.py:240-244
LEGACY-API-0105,S03,/api/admin/ai-audience/packages/{package_id}/preview,api.admin_ai_audience_package_preview,POST,POST,/api/admin/ai-audience/packages/{package_id}/preview,admin,api,human_session,true,true,global,ai_audience_ops,none,PENDING_HUMAN_DESIGN,PENDING_HUMAN_DESIGN,PENDING_HUMAN_DESIGN,UNMAPPED,DEFERRED_POST_LAUNCH,APPROVED,NONE,UNCLASSIFIED,UNCLASSIFIED,aicrm_next/extensions/ai/ai_audience_ops/admin_api.py:219-223
LEGACY-API-0106,S03,/api/admin/ai-audience/packages/{package_id}/publish,api.admin_ai_audience_package_publish,POST,POST,/api/admin/ai-audience/packages/{package_id}/publish,admin,api,human_session,true,true,global,ai_audience_ops,none,PENDING_HUMAN_DESIGN,PENDING_HUMAN_DESIGN,PENDING_HUMAN_DESIGN,UNMAPPED,DEFERRED_POST_LAUNCH,APPROVED,AUDIENCE_INTENT_NOT_PROVIDER_SEND,UNCLASSIFIED,UNCLASSIFIED,aicrm_next/extensions/ai/ai_audience_ops/admin_api.py:226-230
LEGACY-API-0107,S03,/api/admin/ai-audience/packages/{package_id}/send-records,api.admin_ai_audience_package_send_records,GET,GET,/api/admin/ai-audience/packages/{package_id}/send-records,admin,api,human_session,true,false,global,ai_audience_ops,none,PENDING_HUMAN_DESIGN,PENDING_HUMAN_DESIGN,PENDING_HUMAN_DESIGN,UNMAPPED,MIGRATE,APPROVED,SEND_RECORD_CANNOT_MEAN_SENT_WITHOUT_EFFECT_AND_PROVIDER_RESULT,UNCLASSIFIED,UNCLASSIFIED,aicrm_next/extensions/ai/ai_audience_ops/admin_api.py:268-287
LEGACY-API-0108,S03,/api/admin/ai-audience/packages/{package_id}/send-records/{record_id},api.admin_ai_audience_package_send_record_detail,GET,GET,/api/admin/ai-audience/packages/{package_id}/send-records/{record_id},admin,api,human_session,true,false,global,ai_audience_ops,none,PENDING_HUMAN_DESIGN,PENDING_HUMAN_DESIGN,PENDING_HUMAN_DESIGN,UNMAPPED,MIGRATE,APPROVED,SEND_RECORD_CANNOT_MEAN_SENT_WITHOUT_EFFECT_AND_PROVIDER_RESULT,UNCLASSIFIED,UNCLASSIFIED,aicrm_next/extensions/ai/ai_audience_ops/admin_api.py:290-308
LEGACY-API-0109,S03,/api/admin/ai-audience/packages/{package_id}/senders,api.admin_ai_audience_package_senders,GET,GET,/api/admin/ai-audience/packages/{package_id}/senders,admin,api,human_session,true,false,global,ai_audience_ops,none,PENDING_HUMAN_DESIGN,PENDING_HUMAN_DESIGN,PENDING_HUMAN_DESIGN,UNMAPPED,MIGRATE,APPROVED,NONE,UNCLASSIFIED,UNCLASSIFIED,aicrm_next/extensions/ai/ai_audience_ops/admin_api.py:371-375
LEGACY-API-0110,S03,/api/admin/ai-audience/packages/{package_id}/senders,api.admin_ai_audience_package_senders_replace,PUT,PUT,/api/admin/ai-audience/packages/{package_id}/senders,admin,api,human_session,true,true,global,ai_audience_ops,none,PENDING_HUMAN_DESIGN,PENDING_HUMAN_DESIGN,PENDING_HUMAN_DESIGN,UNMAPPED,MIGRATE,APPROVED,NONE,UNCLASSIFIED,UNCLASSIFIED,aicrm_next/extensions/ai/ai_audience_ops/admin_api.py:378-382
LEGACY-API-0111,S03,/api/admin/ai-audience/packages/{package_id}/template-config,api.admin_ai_audience_package_template_config,PUT,PUT,/api/admin/ai-audience/packages/{package_id}/template-config,admin,api,human_session,true,true,global,ai_audience_ops,none,PENDING_HUMAN_DESIGN,PENDING_HUMAN_DESIGN,PENDING_HUMAN_DESIGN,UNMAPPED,MIGRATE,APPROVED,NONE,UNCLASSIFIED,UNCLASSIFIED,aicrm_next/extensions/ai/ai_audience_ops/admin_api.py:76-93
LEGACY-API-0112,S03,/api/admin/ai-audience/packages/{package_id}/template-preview,api.admin_ai_audience_package_template_preview,POST,POST,/api/admin/ai-audience/packages/{package_id}/template-preview,admin,api,human_session,true,true,global,ai_audience_ops,none,PENDING_HUMAN_DESIGN,PENDING_HUMAN_DESIGN,PENDING_HUMAN_DESIGN,UNMAPPED,MIGRATE,APPROVED,NONE,UNCLASSIFIED,UNCLASSIFIED,aicrm_next/extensions/ai/ai_audience_ops/admin_api.py:59-73
LEGACY-API-0113,S03,/api/admin/ai-audience/packages/{package_id}/versions,api.admin_ai_audience_package_version_create,POST,POST,/api/admin/ai-audience/packages/{package_id}/versions,admin,api,human_session,true,true,global,ai_audience_ops,none,PENDING_HUMAN_DESIGN,PENDING_HUMAN_DESIGN,PENDING_HUMAN_DESIGN,UNMAPPED,DEFERRED_POST_LAUNCH,APPROVED,NONE,UNCLASSIFIED,UNCLASSIFIED,aicrm_next/extensions/ai/ai_audience_ops/admin_api.py:212-216
LEGACY-API-0114,S03,/api/admin/ai-audience/packages/{package_id}/webhooks,api.admin_ai_audience_package_webhooks,GET,GET,/api/admin/ai-audience/packages/{package_id}/webhooks,admin,api,human_session,true,false,global,ai_audience_ops,none,PENDING_HUMAN_DESIGN,PENDING_HUMAN_DESIGN,PENDING_HUMAN_DESIGN,UNMAPPED,MIGRATE,APPROVED,NONE,UNCLASSIFIED,UNCLASSIFIED,aicrm_next/extensions/ai/ai_audience_ops/admin_api.py:311-316
LEGACY-API-0115,S03,/api/admin/ai-audience/packages/{package_id}/webhooks,api.admin_ai_audience_package_webhooks_update,PATCH,PATCH,/api/admin/ai-audience/packages/{package_id}/webhooks,admin,api,human_session,true,true,global,ai_audience_ops,none,PENDING_HUMAN_DESIGN,PENDING_HUMAN_DESIGN,PENDING_HUMAN_DESIGN,UNMAPPED,DEFERRED_POST_LAUNCH,APPROVED,NONE,UNCLASSIFIED,UNCLASSIFIED,aicrm_next/extensions/ai/ai_audience_ops/admin_api.py:319-324
LEGACY-API-0116,S03,/api/admin/ai-audience/templates,api.admin_ai_audience_templates,GET,GET,/api/admin/ai-audience/templates,admin,api,human_session,true,false,global,ai_audience_ops,none,PENDING_HUMAN_DESIGN,PENDING_HUMAN_DESIGN,PENDING_HUMAN_DESIGN,UNMAPPED,MIGRATE,APPROVED,NONE,UNCLASSIFIED,UNCLASSIFIED,aicrm_next/extensions/ai/ai_audience_ops/admin_api.py:32-36
LEGACY-API-0117,S04,/api/admin/alipay/order-export.csv,deprecated_admin_alipay_paths,GET,GET,/api/admin/alipay/order-export.csv,admin,api,human_session,true,false,global,commerce,none,PENDING_HUMAN_DESIGN,PENDING_HUMAN_DESIGN,PENDING_HUMAN_DESIGN,UNMAPPED,DEFERRED_POST_LAUNCH,APPROVED,NONE,UNCLASSIFIED,UNCLASSIFIED,aicrm_next/extensions/commerce/commerce/api.py:1203-1212
LEGACY-API-0118,S04,/api/admin/alipay/orders,deprecated_admin_alipay_paths,GET,GET,/api/admin/alipay/orders,admin,api,human_session,true,false,global,commerce,none,PENDING_HUMAN_DESIGN,PENDING_HUMAN_DESIGN,PENDING_HUMAN_DESIGN,UNMAPPED,DEFERRED_POST_LAUNCH,APPROVED,NONE,UNCLASSIFIED,UNCLASSIFIED,aicrm_next/extensions/commerce/commerce/api.py:1202-1212
LEGACY-API-0119,S04,/api/admin/alipay/transactions,list_alipay_transactions,GET,GET,/api/admin/alipay/transactions,admin,api,human_session,true,false,global,commerce,none,PENDING_HUMAN_DESIGN,PENDING_HUMAN_DESIGN,PENDING_HUMAN_DESIGN,UNMAPPED,MIGRATE,APPROVED,NONE,UNCLASSIFIED,UNCLASSIFIED,aicrm_next/extensions/commerce/commerce/api.py:1174-1191
LEGACY-API-0120,S04,/api/admin/alipay/transactions/{order_no},get_alipay_transaction,GET,GET,/api/admin/alipay/transactions/{order_no},admin,api,human_session,true,false,global,commerce,none,PENDING_HUMAN_DESIGN,PENDING_HUMAN_DESIGN,PENDING_HUMAN_DESIGN,UNMAPPED,DEFERRED_POST_LAUNCH,APPROVED,NONE,UNCLASSIFIED,UNCLASSIFIED,aicrm_next/extensions/commerce/commerce/api.py:1194-1199
LEGACY-API-0121,S04,/api/admin/alipay/{path:path},admin_alipay_unknown,DELETE|GET|PATCH|POST|PUT,DELETE|GET|PATCH|POST|PUT,/api/admin/alipay/{path:path},admin,api,human_session,true,true,global,commerce,none,PENDING_HUMAN_DESIGN,PENDING_HUMAN_DESIGN,PENDING_HUMAN_DESIGN,UNMAPPED,DEFERRED_POST_LAUNCH,APPROVED,SOURCE_METHOD_BUNDLE_DIFFERS|SOURCE_ONLY_HEAD,UNCLASSIFIED,UNCLASSIFIED,aicrm_next/extensions/commerce/commerce/api.py:1225-1233
LEGACY-API-0122,S04,/api/admin/alipay/{path:path},admin_alipay_options,OPTIONS,OPTIONS,/api/admin/alipay/{path:path},admin,api,human_session,true,false,global,commerce,none,PENDING_HUMAN_DESIGN,PENDING_HUMAN_DESIGN,PENDING_HUMAN_DESIGN,UNMAPPED,DEFERRED_POST_LAUNCH,APPROVED,NONE,UNCLASSIFIED,UNCLASSIFIED,aicrm_next/extensions/commerce/commerce/api.py:1215-1222
LEGACY-API-0123,S04,/api/admin/attachment-library,list_attachments,GET,GET,/api/admin/attachment-library,admin,api,human_session,true,false,global,media_library,none,PENDING_HUMAN_DESIGN,PENDING_HUMAN_DESIGN,PENDING_HUMAN_DESIGN,UNMAPPED,MIGRATE,APPROVED,NONE,UNCLASSIFIED,UNCLASSIFIED,aicrm_next/engagement/media_library/api.py:336-338
LEGACY-API-0124,S04,/api/admin/attachment-library,create_attachment,POST,POST,/api/admin/attachment-library,admin,api,human_session,true,true,global,media_library,none,PENDING_HUMAN_DESIGN,PENDING_HUMAN_DESIGN,PENDING_HUMAN_DESIGN,UNMAPPED,MIGRATE,APPROVED,NONE,UNCLASSIFIED,UNCLASSIFIED,aicrm_next/engagement/media_library/api.py:341-343
LEGACY-API-0125,S04,/api/admin/attachment-library/upload,upload_attachment,POST,POST,/api/admin/attachment-library/upload,admin,api,human_session,true,true,global,media_library,none,PENDING_HUMAN_DESIGN,PENDING_HUMAN_DESIGN,PENDING_HUMAN_DESIGN,UNMAPPED,MIGRATE,APPROVED,NONE,UNCLASSIFIED,UNCLASSIFIED,aicrm_next/engagement/media_library/api.py:346-364
LEGACY-API-0126,S04,/api/admin/attachment-library/{attachment_id},delete_attachment,DELETE,DELETE,/api/admin/attachment-library/{attachment_id},admin,api,human_session,true,true,global,media_library,none,PENDING_HUMAN_DESIGN,PENDING_HUMAN_DESIGN,PENDING_HUMAN_DESIGN,UNMAPPED,MIGRATE,APPROVED,NONE,UNCLASSIFIED,UNCLASSIFIED,aicrm_next/engagement/media_library/api.py:383-388
LEGACY-API-0127,S04,/api/admin/attachment-library/{attachment_id},get_attachment,GET,GET,/api/admin/attachment-library/{attachment_id},admin,api,human_session,true,false,global,media_library,none,PENDING_HUMAN_DESIGN,PENDING_HUMAN_DESIGN,PENDING_HUMAN_DESIGN,UNMAPPED,MIGRATE,APPROVED,NONE,UNCLASSIFIED,UNCLASSIFIED,aicrm_next/engagement/media_library/api.py:367-372
LEGACY-API-0128,S04,/api/admin/attachment-library/{attachment_id},update_attachment,PUT,PUT,/api/admin/attachment-library/{attachment_id},admin,api,human_session,true,true,global,media_library,none,PENDING_HUMAN_DESIGN,PENDING_HUMAN_DESIGN,PENDING_HUMAN_DESIGN,UNMAPPED,MIGRATE,APPROVED,NONE,UNCLASSIFIED,UNCLASSIFIED,aicrm_next/engagement/media_library/api.py:375-380
LEGACY-API-0129,S04,/api/admin/automation-agents,api.admin_automation_agents,GET,GET,/api/admin/automation-agents,admin,api,human_session,true,false,global,automation_agents,none,GET,/api/admin/automation-agents,listLegacyAutomationAgents,P4-AUTOMATION-AGENT-061,MIGRATE,APPROVED,NONE,UNCLASSIFIED,UNCLASSIFIED,aicrm_next/extensions/ai/automation_agents/admin_api.py:45-59
LEGACY-API-0130,S04,/api/admin/automation-agents,api.admin_automation_agent_create,POST,POST,/api/admin/automation-agents,admin,api,human_session,true,true,global,automation_agents,none,PENDING_HUMAN_DESIGN,PENDING_HUMAN_DESIGN,PENDING_HUMAN_DESIGN,UNMAPPED,MIGRATE,APPROVED,NONE,UNCLASSIFIED,UNCLASSIFIED,aicrm_next/extensions/ai/automation_agents/admin_api.py:62-66
LEGACY-API-0131,S04,/api/admin/automation-agents/{agent_id},api.admin_automation_agent_delete,DELETE,DELETE,/api/admin/automation-agents/{agent_id},admin,api,human_session,true,true,global,automation_agents,none,PENDING_HUMAN_DESIGN,PENDING_HUMAN_DESIGN,PENDING_HUMAN_DESIGN,UNMAPPED,MIGRATE,APPROVED,NONE,UNCLASSIFIED,UNCLASSIFIED,aicrm_next/extensions/ai/automation_agents/admin_api.py:111-115
LEGACY-API-0132,S04,/api/admin/automation-agents/{agent_id},api.admin_automation_agent_detail,GET,GET,/api/admin/automation-agents/{agent_id},admin,api,human_session,true,false,global,automation_agents,none,PENDING_HUMAN_DESIGN,PENDING_HUMAN_DESIGN,PENDING_HUMAN_DESIGN,UNMAPPED,MIGRATE,APPROVED,NONE,UNCLASSIFIED,UNCLASSIFIED,aicrm_next/extensions/ai/automation_agents/admin_api.py:69-73
LEGACY-API-0133,S04,/api/admin/automation-agents/{agent_id},api.admin_automation_agent_update,PATCH,PATCH,/api/admin/automation-agents/{agent_id},admin,api,human_session,true,true,global,automation_agents,none,PENDING_HUMAN_DESIGN,PENDING_HUMAN_DESIGN,PENDING_HUMAN_DESIGN,UNMAPPED,MIGRATE,APPROVED,NONE,UNCLASSIFIED,UNCLASSIFIED,aicrm_next/extensions/ai/automation_agents/admin_api.py:76-80
LEGACY-API-0134,S04,/api/admin/automation-agents/{agent_id}/activate,api.admin_automation_agent_activate,POST,POST,/api/admin/automation-agents/{agent_id}/activate,admin,api,human_session,true,true,global,automation_agents,none,PENDING_HUMAN_DESIGN,PENDING_HUMAN_DESIGN,PENDING_HUMAN_DESIGN,UNMAPPED,MIGRATE,APPROVED,NONE,UNCLASSIFIED,UNCLASSIFIED,aicrm_next/extensions/ai/automation_agents/admin_api.py:104-108
LEGACY-API-0135,S04,/api/admin/automation-agents/{agent_id}/copy,api.admin_automation_agent_copy,POST,POST,/api/admin/automation-agents/{agent_id}/copy,admin,api,human_session,true,true,global,automation_agents,none,PENDING_HUMAN_DESIGN,PENDING_HUMAN_DESIGN,PENDING_HUMAN_DESIGN,UNMAPPED,MIGRATE,APPROVED,NONE,UNCLASSIFIED,UNCLASSIFIED,aicrm_next/extensions/ai/automation_agents/admin_api.py:83-87
LEGACY-API-0136,S04,/api/admin/automation-agents/{agent_id}/fixed-content,api.admin_automation_agent_fixed_content,PUT,PUT,/api/admin/automation-agents/{agent_id}/fixed-content,admin,api,human_session,true,true,global,automation_agents,none,PENDING_HUMAN_DESIGN,PENDING_HUMAN_DESIGN,PENDING_HUMAN_DESIGN,UNMAPPED,MIGRATE,APPROVED,NONE,UNCLASSIFIED,UNCLASSIFIED,aicrm_next/extensions/ai/automation_agents/admin_api.py:118-129
LEGACY-API-0137,S04,/api/admin/automation-agents/{agent_id}/pause,api.admin_automation_agent_pause,POST,POST,/api/admin/automation-agents/{agent_id}/pause,admin,api,human_session,true,true,global,automation_agents,none,PENDING_HUMAN_DESIGN,PENDING_HUMAN_DESIGN,PENDING_HUMAN_DESIGN,UNMAPPED,MIGRATE,APPROVED,NONE,UNCLASSIFIED,UNCLASSIFIED,aicrm_next/extensions/ai/automation_agents/admin_api.py:97-101
LEGACY-API-0138,S04,/api/admin/automation-agents/{agent_id}/publish,api.admin_automation_agent_publish,POST,POST,/api/admin/automation-agents/{agent_id}/publish,admin,api,human_session,true,true,global,automation_agents,none,PENDING_HUMAN_DESIGN,PENDING_HUMAN_DESIGN,PENDING_HUMAN_DESIGN,UNMAPPED,MIGRATE,APPROVED,NONE,UNCLASSIFIED,UNCLASSIFIED,aicrm_next/extensions/ai/automation_agents/admin_api.py:90-94
LEGACY-API-0139,S04,/api/admin/automation-conversion/agent-outputs,list_agent_outputs,GET,GET,/api/admin/automation-conversion/agent-outputs,admin,api,human_session,true,false,global,automation_engine,none,PENDING_HUMAN_DESIGN,PENDING_HUMAN_DESIGN,PENDING_HUMAN_DESIGN,UNMAPPED,DEFERRED_POST_LAUNCH,APPROVED,NONE,UNCLASSIFIED,UNCLASSIFIED,aicrm_next/automation/automation_engine/api.py:148-180
LEGACY-API-0140,S04,/api/admin/automation-conversion/agent-outputs/{output_id},get_agent_output_detail,GET,GET,/api/admin/automation-conversion/agent-outputs/{output_id},admin,api,human_session,true,false,global,automation_engine,none,PENDING_HUMAN_DESIGN,PENDING_HUMAN_DESIGN,PENDING_HUMAN_DESIGN,UNMAPPED,DEFERRED_POST_LAUNCH,APPROVED,NONE,UNCLASSIFIED,UNCLASSIFIED,aicrm_next/automation/automation_engine/api.py:183-189
LEGACY-API-0141,S04,/api/admin/automation-conversion/agent-runs,list_agent_runs,GET,GET,/api/admin/automation-conversion/agent-runs,admin,api,human_session,true,false,global,automation_engine,none,PENDING_HUMAN_DESIGN,PENDING_HUMAN_DESIGN,PENDING_HUMAN_DESIGN,UNMAPPED,DEFERRED_POST_LAUNCH,APPROVED,NONE,UNCLASSIFIED,UNCLASSIFIED,aicrm_next/automation/automation_engine/api.py:192-226
LEGACY-API-0142,S04,/api/admin/automation-conversion/agent-runs/{run_id},get_agent_run_detail,GET,GET,/api/admin/automation-conversion/agent-runs/{run_id},admin,api,human_session,true,false,global,automation_engine,none,PENDING_HUMAN_DESIGN,PENDING_HUMAN_DESIGN,PENDING_HUMAN_DESIGN,UNMAPPED,DEFERRED_POST_LAUNCH,APPROVED,NONE,UNCLASSIFIED,UNCLASSIFIED,aicrm_next/automation/automation_engine/api.py:229-235
LEGACY-API-0143,S04,/api/admin/automation-conversion/agents,list_agents,GET,GET,/api/admin/automation-conversion/agents,admin,api,human_session,true,false,global,automation_engine,none,PENDING_HUMAN_DESIGN,PENDING_HUMAN_DESIGN,PENDING_HUMAN_DESIGN,UNMAPPED,DEFERRED_POST_LAUNCH,APPROVED,NONE,UNCLASSIFIED,UNCLASSIFIED,aicrm_next/automation/automation_engine/api.py:104-119
LEGACY-API-0144,S04,/api/admin/automation-conversion/agents,create_agent,POST,POST,/api/admin/automation-conversion/agents,admin,api,human_session,true,true,global,automation_engine,none,PENDING_HUMAN_DESIGN,PENDING_HUMAN_DESIGN,PENDING_HUMAN_DESIGN,UNMAPPED,DEFERRED_POST_LAUNCH,APPROVED,NONE,UNCLASSIFIED,UNCLASSIFIED,aicrm_next/automation/automation_engine/api.py:140-145
LEGACY-API-0145,S04,/api/admin/automation-conversion/agents/options,agent_options,GET,GET,/api/admin/automation-conversion/agents/options,admin,api,human_session,true,false,global,automation_engine,none,PENDING_HUMAN_DESIGN,PENDING_HUMAN_DESIGN,PENDING_HUMAN_DESIGN,UNMAPPED,DEFERRED_POST_LAUNCH,APPROVED,NONE,UNCLASSIFIED,UNCLASSIFIED,aicrm_next/automation/automation_engine/api.py:122-137
LEGACY-API-0146,S03,/api/admin/automation-conversion/group-ops/audience-rules,list_audience_rules,GET,GET,/api/admin/automation-conversion/group-ops/audience-rules,admin,api,human_session,true,false,global,automation_engine,none,PENDING_HUMAN_DESIGN,PENDING_HUMAN_DESIGN,PENDING_HUMAN_DESIGN,UNMAPPED,DEFERRED_POST_LAUNCH,APPROVED,NONE,UNCLASSIFIED,UNCLASSIFIED,aicrm_next/automation/automation_engine/group_ops/api.py:530-535
LEGACY-API-0147,S03,/api/admin/automation-conversion/group-ops/audience-rules,create_audience_rule,POST,POST,/api/admin/automation-conversion/group-ops/audience-rules,admin,api,human_session,true,true,global,automation_engine,none,PENDING_HUMAN_DESIGN,PENDING_HUMAN_DESIGN,PENDING_HUMAN_DESIGN,UNMAPPED,DEFERRED_POST_LAUNCH,APPROVED,NONE,UNCLASSIFIED,UNCLASSIFIED,aicrm_next/automation/automation_engine/group_ops/api.py:538-543
LEGACY-API-0148,S03,/api/admin/automation-conversion/group-ops/audience-rules/{rule_key}/preview,preview_audience_rule,POST,POST,/api/admin/automation-conversion/group-ops/audience-rules/{rule_key}/preview,admin,api,human_session,true,true,global,automation_engine,none,PENDING_HUMAN_DESIGN,PENDING_HUMAN_DESIGN,PENDING_HUMAN_DESIGN,UNMAPPED,DEFERRED_POST_LAUNCH,APPROVED,NONE,UNCLASSIFIED,UNCLASSIFIED,aicrm_next/automation/automation_engine/group_ops/api.py:554-559
LEGACY-API-0149,S03,/api/admin/automation-conversion/group-ops/audience-rules/{rule_key}/refresh,refresh_audience_rule,POST,POST,/api/admin/automation-conversion/group-ops/audience-rules/{rule_key}/refresh,admin,api,human_session,true,true,global,automation_engine,none,PENDING_HUMAN_DESIGN,PENDING_HUMAN_DESIGN,PENDING_HUMAN_DESIGN,UNMAPPED,DEFERRED_POST_LAUNCH,APPROVED,NONE,UNCLASSIFIED,UNCLASSIFIED,aicrm_next/automation/automation_engine/group_ops/api.py:562-567
LEGACY-API-0150,S03,/api/admin/automation-conversion/group-ops/audience-rules/{rule_key}/results,get_audience_rule_results,GET,GET,/api/admin/automation-conversion/group-ops/audience-rules/{rule_key}/results,admin,api,human_session,true,false,global,automation_engine,none,PENDING_HUMAN_DESIGN,PENDING_HUMAN_DESIGN,PENDING_HUMAN_DESIGN,UNMAPPED,DEFERRED_POST_LAUNCH,APPROVED,NONE,UNCLASSIFIED,UNCLASSIFIED,aicrm_next/automation/automation_engine/group_ops/api.py:570-575
LEGACY-API-0151,S03,/api/admin/automation-conversion/group-ops/audience-rules/{rule_key}/versions,create_audience_rule_version,POST,POST,/api/admin/automation-conversion/group-ops/audience-rules/{rule_key}/versions,admin,api,human_session,true,true,global,automation_engine,none,PENDING_HUMAN_DESIGN,PENDING_HUMAN_DESIGN,PENDING_HUMAN_DESIGN,UNMAPPED,DEFERRED_POST_LAUNCH,APPROVED,NONE,UNCLASSIFIED,UNCLASSIFIED,aicrm_next/automation/automation_engine/group_ops/api.py:546-551
LEGACY-API-0152,S03,/api/admin/automation-conversion/group-ops/group-picker,list_group_chat_picker,GET,GET,/api/admin/automation-conversion/group-ops/group-picker,admin,api,human_session,true,false,global,automation_engine,none,PENDING_HUMAN_DESIGN,PENDING_HUMAN_DESIGN,PENDING_HUMAN_DESIGN,UNMAPPED,MIGRATE,APPROVED,NONE,UNCLASSIFIED,UNCLASSIFIED,aicrm_next/automation/automation_engine/group_ops/api.py:431-436
LEGACY-API-0153,S03,/api/admin/automation-conversion/group-ops/group-picker/sync,sync_group_chat_picker,POST,POST,/api/admin/automation-conversion/group-ops/group-picker/sync,admin,api,human_session,true,true,global,automation_engine,none,PENDING_HUMAN_DESIGN,PENDING_HUMAN_DESIGN,PENDING_HUMAN_DESIGN,UNMAPPED,MIGRATE,APPROVED,STATIC_LOCAL_ASSET_NOT_PROVIDER_FACT,UNCLASSIFIED,UNCLASSIFIED,aicrm_next/automation/automation_engine/group_ops/api.py:439-444
LEGACY-API-0154,S03,/api/admin/automation-conversion/group-ops/groups,list_group_ops_groups,GET,GET,/api/admin/automation-conversion/group-ops/groups,admin,api,human_session,true,false,global,automation_engine,none,PENDING_HUMAN_DESIGN,PENDING_HUMAN_DESIGN,PENDING_HUMAN_DESIGN,UNMAPPED,MIGRATE,APPROVED,NONE,UNCLASSIFIED,UNCLASSIFIED,aicrm_next/automation/automation_engine/group_ops/api.py:400-420
LEGACY-API-0155,S03,/api/admin/automation-conversion/group-ops/groups/sync,sync_group_ops_groups,POST,POST,/api/admin/automation-conversion/group-ops/groups/sync,admin,api,human_session,true,true,global,automation_engine,none,PENDING_HUMAN_DESIGN,PENDING_HUMAN_DESIGN,PENDING_HUMAN_DESIGN,UNMAPPED,MIGRATE,APPROVED,STATIC_LOCAL_ASSET_NOT_PROVIDER_FACT,UNCLASSIFIED,UNCLASSIFIED,aicrm_next/automation/automation_engine/group_ops/api.py:447-452
LEGACY-API-0156,S03,/api/admin/automation-conversion/group-ops/groups/sync/preview,preview_group_ops_groups_sync,POST,POST,/api/admin/automation-conversion/group-ops/groups/sync/preview,admin,api,human_session,true,true,global,automation_engine,none,PENDING_HUMAN_DESIGN,PENDING_HUMAN_DESIGN,PENDING_HUMAN_DESIGN,UNMAPPED,DEFERRED_POST_LAUNCH,APPROVED,NONE,UNCLASSIFIED,UNCLASSIFIED,aicrm_next/automation/automation_engine/group_ops/api.py:423-428
LEGACY-API-0157,S03,/api/admin/automation-conversion/group-ops/owners,list_group_ops_owners,GET,GET,/api/admin/automation-conversion/group-ops/owners,admin,api,human_session,true,false,global,automation_engine,none,PENDING_HUMAN_DESIGN,PENDING_HUMAN_DESIGN,PENDING_HUMAN_DESIGN,UNMAPPED,DEFERRED_POST_LAUNCH,APPROVED,NONE,UNCLASSIFIED,UNCLASSIFIED,aicrm_next/automation/automation_engine/group_ops/api.py:264-293
LEGACY-API-0158,S03,/api/admin/automation-conversion/group-ops/plans,list_group_ops_plans,GET,GET,/api/admin/automation-conversion/group-ops/plans,admin,api,human_session,true,false,global,automation_engine,none,PENDING_HUMAN_DESIGN,PENDING_HUMAN_DESIGN,PENDING_HUMAN_DESIGN,UNMAPPED,MIGRATE,APPROVED,NONE,UNCLASSIFIED,UNCLASSIFIED,aicrm_next/automation/automation_engine/group_ops/api.py:234-261
LEGACY-API-0159,S03,/api/admin/automation-conversion/group-ops/plans,create_group_ops_plan,POST,POST,/api/admin/automation-conversion/group-ops/plans,admin,api,human_session,true,true,global,automation_engine,none,PENDING_HUMAN_DESIGN,PENDING_HUMAN_DESIGN,PENDING_HUMAN_DESIGN,UNMAPPED,MIGRATE,APPROVED,NONE,UNCLASSIFIED,UNCLASSIFIED,aicrm_next/automation/automation_engine/group_ops/api.py:296-301
LEGACY-API-0160,S03,/api/admin/automation-conversion/group-ops/plans/{plan_id},archive_group_ops_plan,DELETE,DELETE,/api/admin/automation-conversion/group-ops/plans/{plan_id},admin,api,human_session,true,true,global,automation_engine,none,PENDING_HUMAN_DESIGN,PENDING_HUMAN_DESIGN,PENDING_HUMAN_DESIGN,UNMAPPED,MIGRATE,APPROVED,NONE,UNCLASSIFIED,UNCLASSIFIED,aicrm_next/automation/automation_engine/group_ops/api.py:336-341
LEGACY-API-0161,S03,/api/admin/automation-conversion/group-ops/plans/{plan_id},get_group_ops_plan,GET,GET,/api/admin/automation-conversion/group-ops/plans/{plan_id},admin,api,human_session,true,false,global,automation_engine,none,PENDING_HUMAN_DESIGN,PENDING_HUMAN_DESIGN,PENDING_HUMAN_DESIGN,UNMAPPED,MIGRATE,APPROVED,NONE,UNCLASSIFIED,UNCLASSIFIED,aicrm_next/automation/automation_engine/group_ops/api.py:304-309
LEGACY-API-0162,S03,/api/admin/automation-conversion/group-ops/plans/{plan_id},update_group_ops_plan,PUT,PUT,/api/admin/automation-conversion/group-ops/plans/{plan_id},admin,api,human_session,true,true,global,automation_engine,none,PENDING_HUMAN_DESIGN,PENDING_HUMAN_DESIGN,PENDING_HUMAN_DESIGN,UNMAPPED,MIGRATE,APPROVED,NONE,UNCLASSIFIED,UNCLASSIFIED,aicrm_next/automation/automation_engine/group_ops/api.py:312-317
LEGACY-API-0163,S03,/api/admin/automation-conversion/group-ops/plans/{plan_id}/disable,disable_group_ops_plan,POST,POST,/api/admin/automation-conversion/group-ops/plans/{plan_id}/disable,admin,api,human_session,true,true,global,automation_engine,none,PENDING_HUMAN_DESIGN,PENDING_HUMAN_DESIGN,PENDING_HUMAN_DESIGN,UNMAPPED,MIGRATE,APPROVED,NONE,UNCLASSIFIED,UNCLASSIFIED,aicrm_next/automation/automation_engine/group_ops/api.py:328-333
LEGACY-API-0164,S03,/api/admin/automation-conversion/group-ops/plans/{plan_id}/enable,enable_group_ops_plan,POST,POST,/api/admin/automation-conversion/group-ops/plans/{plan_id}/enable,admin,api,human_session,true,true,global,automation_engine,none,PENDING_HUMAN_DESIGN,PENDING_HUMAN_DESIGN,PENDING_HUMAN_DESIGN,UNMAPPED,MIGRATE,APPROVED,NONE,UNCLASSIFIED,UNCLASSIFIED,aicrm_next/automation/automation_engine/group_ops/api.py:320-325
LEGACY-API-0165,S03,/api/admin/automation-conversion/group-ops/plans/{plan_id}/executions,list_group_ops_executions,GET,GET,/api/admin/automation-conversion/group-ops/plans/{plan_id}/executions,admin,api,human_session,true,false,global,automation_engine,none,PENDING_HUMAN_DESIGN,PENDING_HUMAN_DESIGN,PENDING_HUMAN_DESIGN,UNMAPPED,DEFERRED_POST_LAUNCH,APPROVED,NONE,UNCLASSIFIED,UNCLASSIFIED,aicrm_next/automation/automation_engine/group_ops/api.py:594-635
LEGACY-API-0166,S03,/api/admin/automation-conversion/group-ops/plans/{plan_id}/groups,list_group_ops_plan_groups,GET,GET,/api/admin/automation-conversion/group-ops/plans/{plan_id}/groups,admin,api,human_session,true,false,global,automation_engine,none,PENDING_HUMAN_DESIGN,PENDING_HUMAN_DESIGN,PENDING_HUMAN_DESIGN,UNMAPPED,MIGRATE,APPROVED,NONE,UNCLASSIFIED,UNCLASSIFIED,aicrm_next/automation/automation_engine/group_ops/api.py:344-349
LEGACY-API-0167,S03,/api/admin/automation-conversion/group-ops/plans/{plan_id}/groups,add_group_ops_plan_group,POST,POST,/api/admin/automation-conversion/group-ops/plans/{plan_id}/groups,admin,api,human_session,true,true,global,automation_engine,none,PENDING_HUMAN_DESIGN,PENDING_HUMAN_DESIGN,PENDING_HUMAN_DESIGN,UNMAPPED,MIGRATE,APPROVED,NONE,UNCLASSIFIED,UNCLASSIFIED,aicrm_next/automation/automation_engine/group_ops/api.py:352-357
LEGACY-API-0168,S03,/api/admin/automation-conversion/group-ops/plans/{plan_id}/groups/{chat_id},remove_group_ops_plan_group,DELETE,DELETE,/api/admin/automation-conversion/group-ops/plans/{plan_id}/groups/{chat_id},admin,api,human_session,true,true,global,automation_engine,none,PENDING_HUMAN_DESIGN,PENDING_HUMAN_DESIGN,PENDING_HUMAN_DESIGN,UNMAPPED,MIGRATE,APPROVED,NONE,UNCLASSIFIED,UNCLASSIFIED,aicrm_next/automation/automation_engine/group_ops/api.py:360-365
LEGACY-API-0169,S03,/api/admin/automation-conversion/group-ops/plans/{plan_id}/members,list_group_ops_members,GET,GET,/api/admin/automation-conversion/group-ops/plans/{plan_id}/members,admin,api,human_session,true,false,global,automation_engine,none,PENDING_HUMAN_DESIGN,PENDING_HUMAN_DESIGN,PENDING_HUMAN_DESIGN,UNMAPPED,DEFERRED_POST_LAUNCH,APPROVED,NONE,UNCLASSIFIED,UNCLASSIFIED,aicrm_next/automation/automation_engine/group_ops/api.py:481-511
LEGACY-API-0170,S03,/api/admin/automation-conversion/group-ops/plans/{plan_id}/members/import,import_group_ops_members,POST,POST,/api/admin/automation-conversion/group-ops/plans/{plan_id}/members/import,admin,api,human_session,true,true,global,automation_engine,none,PENDING_HUMAN_DESIGN,PENDING_HUMAN_DESIGN,PENDING_HUMAN_DESIGN,UNMAPPED,DEFERRED_POST_LAUNCH,APPROVED,NONE,UNCLASSIFIED,UNCLASSIFIED,aicrm_next/automation/automation_engine/group_ops/api.py:514-519
LEGACY-API-0171,S03,/api/admin/automation-conversion/group-ops/plans/{plan_id}/members/refresh-from-groups,refresh_group_ops_members_from_groups,POST,POST,/api/admin/automation-conversion/group-ops/plans/{plan_id}/members/refresh-from-groups,admin,api,human_session,true,true,global,automation_engine,none,PENDING_HUMAN_DESIGN,PENDING_HUMAN_DESIGN,PENDING_HUMAN_DESIGN,UNMAPPED,DEFERRED_POST_LAUNCH,APPROVED,NONE,UNCLASSIFIED,UNCLASSIFIED,aicrm_next/automation/automation_engine/group_ops/api.py:522-527
LEGACY-API-0172,S03,/api/admin/automation-conversion/group-ops/plans/{plan_id}/nodes,list_group_ops_nodes,GET,GET,/api/admin/automation-conversion/group-ops/plans/{plan_id}/nodes,admin,api,human_session,true,false,global,automation_engine,none,PENDING_HUMAN_DESIGN,PENDING_HUMAN_DESIGN,PENDING_HUMAN_DESIGN,UNMAPPED,MIGRATE,APPROVED,NONE,UNCLASSIFIED,UNCLASSIFIED,aicrm_next/automation/automation_engine/group_ops/api.py:368-373
LEGACY-API-0173,S03,/api/admin/automation-conversion/group-ops/plans/{plan_id}/nodes,create_group_ops_node,POST,POST,/api/admin/automation-conversion/group-ops/plans/{plan_id}/nodes,admin,api,human_session,true,true,global,automation_engine,none,PENDING_HUMAN_DESIGN,PENDING_HUMAN_DESIGN,PENDING_HUMAN_DESIGN,UNMAPPED,MIGRATE,APPROVED,NONE,UNCLASSIFIED,UNCLASSIFIED,aicrm_next/automation/automation_engine/group_ops/api.py:376-381
LEGACY-API-0174,S03,/api/admin/automation-conversion/group-ops/plans/{plan_id}/nodes/{node_id},delete_group_ops_node,DELETE,DELETE,/api/admin/automation-conversion/group-ops/plans/{plan_id}/nodes/{node_id},admin,api,human_session,true,true,global,automation_engine,none,PENDING_HUMAN_DESIGN,PENDING_HUMAN_DESIGN,PENDING_HUMAN_DESIGN,UNMAPPED,MIGRATE,APPROVED,NONE,UNCLASSIFIED,UNCLASSIFIED,aicrm_next/automation/automation_engine/group_ops/api.py:392-397
LEGACY-API-0175,S03,/api/admin/automation-conversion/group-ops/plans/{plan_id}/nodes/{node_id},update_group_ops_node,PUT,PUT,/api/admin/automation-conversion/group-ops/plans/{plan_id}/nodes/{node_id},admin,api,human_session,true,true,global,automation_engine,none,PENDING_HUMAN_DESIGN,PENDING_HUMAN_DESIGN,PENDING_HUMAN_DESIGN,UNMAPPED,MIGRATE,APPROVED,NONE,UNCLASSIFIED,UNCLASSIFIED,aicrm_next/automation/automation_engine/group_ops/api.py:384-389
LEGACY-API-0176,S03,/api/admin/automation-conversion/group-ops/plans/{plan_id}/run-due,run_group_ops_plan_due,POST,POST,/api/admin/automation-conversion/group-ops/plans/{plan_id}/run-due,admin,api,human_session,true,true,global,automation_engine,none,PENDING_HUMAN_DESIGN,PENDING_HUMAN_DESIGN,PENDING_HUMAN_DESIGN,UNMAPPED,MIGRATE,APPROVED,S03-D05_QUEUE_ACCEPTANCE_NOT_PROVIDER_ACCEPTANCE_OR_DELIVERY|S03-D07_MANIFEST_NONE_VS_QUEUED_EFFECT_GRAPH,UNCLASSIFIED,UNCLASSIFIED,aicrm_next/automation/automation_engine/group_ops/api.py:463-470
LEGACY-API-0177,S03,/api/admin/automation-conversion/group-ops/plans/{plan_id}/run-due/preview,preview_group_ops_plan_run_due,POST,POST,/api/admin/automation-conversion/group-ops/plans/{plan_id}/run-due/preview,admin,api,human_session,true,true,global,automation_engine,none,PENDING_HUMAN_DESIGN,PENDING_HUMAN_DESIGN,PENDING_HUMAN_DESIGN,UNMAPPED,MIGRATE,APPROVED,NONE,UNCLASSIFIED,UNCLASSIFIED,aicrm_next/automation/automation_engine/group_ops/api.py:455-460
LEGACY-API-0178,S03,/api/admin/automation-conversion/group-ops/plans/{plan_id}/segmentation,save_group_ops_segmentation,PUT,PUT,/api/admin/automation-conversion/group-ops/plans/{plan_id}/segmentation,admin,api,human_session,true,true,global,automation_engine,none,PENDING_HUMAN_DESIGN,PENDING_HUMAN_DESIGN,PENDING_HUMAN_DESIGN,UNMAPPED,DEFERRED_POST_LAUNCH,APPROVED,NONE,UNCLASSIFIED,UNCLASSIFIED,aicrm_next/automation/automation_engine/group_ops/api.py:578-583
LEGACY-API-0179,S03,/api/admin/automation-conversion/group-ops/plans/{plan_id}/segmentation/preview,preview_group_ops_segmentation,POST,POST,/api/admin/automation-conversion/group-ops/plans/{plan_id}/segmentation/preview,admin,api,human_session,true,true,global,automation_engine,none,PENDING_HUMAN_DESIGN,PENDING_HUMAN_DESIGN,PENDING_HUMAN_DESIGN,UNMAPPED,DEFERRED_POST_LAUNCH,APPROVED,NONE,UNCLASSIFIED,UNCLASSIFIED,aicrm_next/automation/automation_engine/group_ops/api.py:586-591
LEGACY-API-0180,S03,/api/admin/automation-conversion/group-ops/plans/{plan_id}/webhook,get_group_ops_webhook_config,GET,GET,/api/admin/automation-conversion/group-ops/plans/{plan_id}/webhook,admin,webhook,human_session,true,false,global,automation_engine,none,PENDING_HUMAN_DESIGN,PENDING_HUMAN_DESIGN,PENDING_HUMAN_DESIGN,UNMAPPED,MIGRATE,APPROVED,NONE,UNCLASSIFIED,UNCLASSIFIED,aicrm_next/automation/automation_engine/group_ops/api.py:473-478
LEGACY-API-0181,S02,/api/admin/broadcast-jobs,api_admin_broadcast_jobs,GET,GET,/api/admin/broadcast-jobs,admin,api,human_session,true,false,global,admin_jobs,none,PENDING_HUMAN_DESIGN,PENDING_HUMAN_DESIGN,PENDING_HUMAN_DESIGN,UNMAPPED,MIGRATE,APPROVED,NONE,UNCLASSIFIED,UNCLASSIFIED,aicrm_next/platform/admin_jobs/routes.py:154-167
LEGACY-API-0182,S02,/api/admin/broadcast-jobs/feishu-hourly-report/run,api_admin_broadcast_jobs_feishu_hourly_report_run,POST,POST,/api/admin/broadcast-jobs/feishu-hourly-report/run,admin,api,human_or_service,true,true,global,admin_jobs,none,PENDING_HUMAN_DESIGN,PENDING_HUMAN_DESIGN,PENDING_HUMAN_DESIGN,UNMAPPED,MIGRATE,APPROVED,S02-D02_FEISHU_EXTERNAL_EFFECT_DISCREPANCY,UNCLASSIFIED,UNCLASSIFIED,aicrm_next/platform/admin_jobs/routes.py:216-223
LEGACY-API-0183,S02,/api/admin/broadcast-jobs/notification-settings/feishu,api_admin_broadcast_jobs_feishu_notification_settings,GET,GET,/api/admin/broadcast-jobs/notification-settings/feishu,admin,api,human_or_service,true,false,global,admin_jobs,none,PENDING_HUMAN_DESIGN,PENDING_HUMAN_DESIGN,PENDING_HUMAN_DESIGN,UNMAPPED,MIGRATE,APPROVED,NONE,UNCLASSIFIED,UNCLASSIFIED,aicrm_next/platform/admin_jobs/routes.py:174-177
LEGACY-API-0184,S02,/api/admin/broadcast-jobs/notification-settings/feishu,api_admin_broadcast_jobs_save_feishu_notification_settings,PUT,PUT,/api/admin/broadcast-jobs/notification-settings/feishu,admin,api,human_or_service,true,true,global,admin_jobs,none,PENDING_HUMAN_DESIGN,PENDING_HUMAN_DESIGN,PENDING_HUMAN_DESIGN,UNMAPPED,DEFERRED_POST_LAUNCH,APPROVED,NONE,UNCLASSIFIED,UNCLASSIFIED,aicrm_next/platform/admin_jobs/routes.py:180-196
LEGACY-API-0185,S02,/api/admin/broadcast-jobs/notification-settings/feishu/validate,api_admin_broadcast_jobs_validate_feishu_notification_settings,POST,POST,/api/admin/broadcast-jobs/notification-settings/feishu/validate,admin,api,human_or_service,true,true,global,admin_jobs,none,PENDING_HUMAN_DESIGN,PENDING_HUMAN_DESIGN,PENDING_HUMAN_DESIGN,UNMAPPED,MIGRATE,APPROVED,NONE,UNCLASSIFIED,UNCLASSIFIED,aicrm_next/platform/admin_jobs/routes.py:199-213
LEGACY-API-0186,S02,/api/admin/broadcast-jobs/{job_id},api_admin_broadcast_job_detail,GET,GET,/api/admin/broadcast-jobs/{job_id},admin,api,human_session,true,false,global,admin_jobs,none,PENDING_HUMAN_DESIGN,PENDING_HUMAN_DESIGN,PENDING_HUMAN_DESIGN,UNMAPPED,DEFERRED_POST_LAUNCH,APPROVED,NONE,UNCLASSIFIED,UNCLASSIFIED,aicrm_next/platform/admin_jobs/routes.py:226-239
LEGACY-API-0187,S02,/api/admin/broadcast-jobs/{job_id}/approve,api_admin_broadcast_jobs_approve,POST,POST,/api/admin/broadcast-jobs/{job_id}/approve,admin,api,human_or_service,true,true,global,admin_jobs,none,PENDING_HUMAN_DESIGN,PENDING_HUMAN_DESIGN,PENDING_HUMAN_DESIGN,UNMAPPED,DEFERRED_POST_LAUNCH,APPROVED,NONE,UNCLASSIFIED,UNCLASSIFIED,aicrm_next/platform/admin_jobs/routes.py:262-280
LEGACY-API-0188,S02,/api/admin/broadcast-jobs/{job_id}/cancel,api_admin_broadcast_jobs_cancel,POST,POST,/api/admin/broadcast-jobs/{job_id}/cancel,admin,api,human_or_service,true,true,global,admin_jobs,none,PENDING_HUMAN_DESIGN,PENDING_HUMAN_DESIGN,PENDING_HUMAN_DESIGN,UNMAPPED,DEFERRED_POST_LAUNCH,APPROVED,NONE,UNCLASSIFIED,UNCLASSIFIED,aicrm_next/platform/admin_jobs/routes.py:283-301
LEGACY-API-0189,S03,/api/admin/channel-welcome-materials,list_channel_welcome_materials,GET,GET,/api/admin/channel-welcome-materials,admin,api,human_session,true,false,global,automation_engine,none,PENDING_HUMAN_DESIGN,PENDING_HUMAN_DESIGN,PENDING_HUMAN_DESIGN,UNMAPPED,DEFERRED_POST_LAUNCH,APPROVED,NONE,UNCLASSIFIED,UNCLASSIFIED,aicrm_next/automation/automation_engine/channels_api.py:1240-1247
LEGACY-API-0190,S03,/api/admin/channels,list_channels,GET,GET,/api/admin/channels,admin,api,human_session,true,false,global,automation_engine,none,PENDING_HUMAN_DESIGN,PENDING_HUMAN_DESIGN,PENDING_HUMAN_DESIGN,UNMAPPED,MIGRATE,APPROVED,NONE,UNCLASSIFIED,UNCLASSIFIED,aicrm_next/automation/automation_engine/channels_api.py:1024-1039
LEGACY-API-0191,S03,/api/admin/channels,create_channel,POST,POST,/api/admin/channels,admin,api,human_session,true,true,global,automation_engine,none,PENDING_HUMAN_DESIGN,PENDING_HUMAN_DESIGN,PENDING_HUMAN_DESIGN,UNMAPPED,MIGRATE,APPROVED,NONE,UNCLASSIFIED,UNCLASSIFIED,aicrm_next/automation/automation_engine/channels_api.py:1042-1048
LEGACY-API-0192,S03,/api/admin/channels/repair-entry,repair_entry,POST,POST,/api/admin/channels/repair-entry,admin,api,human_session,true,true,global,channel_entry,none,PENDING_HUMAN_DESIGN,PENDING_HUMAN_DESIGN,PENDING_HUMAN_DESIGN,UNMAPPED,DEFERRED_POST_LAUNCH,APPROVED,NONE,UNCLASSIFIED,UNCLASSIFIED,aicrm_next/channels/channel_entry/api.py:118-128
LEGACY-API-0193,S03,/api/admin/channels/runtime-diagnosis,runtime_diagnosis,GET,GET,/api/admin/channels/runtime-diagnosis,admin,api,human_session,true,false,global,channel_entry,none,PENDING_HUMAN_DESIGN,PENDING_HUMAN_DESIGN,PENDING_HUMAN_DESIGN,UNMAPPED,DEFERRED_POST_LAUNCH,APPROVED,NONE,UNCLASSIFIED,UNCLASSIFIED,aicrm_next/channels/channel_entry/api.py:70-72
LEGACY-API-0194,S03,/api/admin/channels/runtime-diagnosis/dry-run,runtime_diagnosis_dry_run,POST,POST,/api/admin/channels/runtime-diagnosis/dry-run,admin,api,human_session,true,true,global,channel_entry,none,PENDING_HUMAN_DESIGN,PENDING_HUMAN_DESIGN,PENDING_HUMAN_DESIGN,UNMAPPED,DEFERRED_POST_LAUNCH,APPROVED,NONE,UNCLASSIFIED,UNCLASSIFIED,aicrm_next/channels/channel_entry/api.py:102-115
LEGACY-API-0195,S03,/api/admin/channels/{channel_id:int},get_channel,GET,GET,/api/admin/channels/{channel_id:int},admin,api,human_session,true,false,global,automation_engine,none,PENDING_HUMAN_DESIGN,PENDING_HUMAN_DESIGN,PENDING_HUMAN_DESIGN,UNMAPPED,MIGRATE,APPROVED,NONE,UNCLASSIFIED,UNCLASSIFIED,aicrm_next/automation/automation_engine/channels_api.py:1051-1056
LEGACY-API-0196,S03,/api/admin/channels/{channel_id:int},update_channel,PATCH,PATCH,/api/admin/channels/{channel_id:int},admin,api,human_session,true,true,global,automation_engine,none,PENDING_HUMAN_DESIGN,PENDING_HUMAN_DESIGN,PENDING_HUMAN_DESIGN,UNMAPPED,MIGRATE,APPROVED,NONE,UNCLASSIFIED,UNCLASSIFIED,aicrm_next/automation/automation_engine/channels_api.py:1062-1072
LEGACY-API-0197,S03,/api/admin/channels/{channel_id:int}/assignees,get_channel_assignees,GET,GET,/api/admin/channels/{channel_id:int}/assignees,admin,api,human_session,true,false,global,automation_engine,none,PENDING_HUMAN_DESIGN,PENDING_HUMAN_DESIGN,PENDING_HUMAN_DESIGN,UNMAPPED,DEFERRED_POST_LAUNCH,APPROVED,NONE,UNCLASSIFIED,UNCLASSIFIED,aicrm_next/automation/automation_engine/channels_api.py:1075-1090
LEGACY-API-0198,S03,/api/admin/channels/{channel_id:int}/assignees,put_channel_assignees,PUT,PUT,/api/admin/channels/{channel_id:int}/assignees,admin,api,human_session,true,true,global,automation_engine,none,PENDING_HUMAN_DESIGN,PENDING_HUMAN_DESIGN,PENDING_HUMAN_DESIGN,UNMAPPED,DEFERRED_POST_LAUNCH,APPROVED,NONE,UNCLASSIFIED,UNCLASSIFIED,aicrm_next/automation/automation_engine/channels_api.py:1093-1121
LEGACY-API-0199,S03,/api/admin/channels/{channel_id:int}/assignment-events,get_channel_assignment_events,GET,GET,/api/admin/channels/{channel_id:int}/assignment-events,admin,api,human_session,true,false,global,automation_engine,none,PENDING_HUMAN_DESIGN,PENDING_HUMAN_DESIGN,PENDING_HUMAN_DESIGN,UNMAPPED,DEFERRED_POST_LAUNCH,APPROVED,NONE,UNCLASSIFIED,UNCLASSIFIED,aicrm_next/automation/automation_engine/channels_api.py:1124-1134
LEGACY-API-0200,S03,/api/admin/channels/{channel_id:int}/assignment/preview,preview_channel_assignment,POST,POST,/api/admin/channels/{channel_id:int}/assignment/preview,admin,api,human_session,true,true,global,automation_engine,none,PENDING_HUMAN_DESIGN,PENDING_HUMAN_DESIGN,PENDING_HUMAN_DESIGN,UNMAPPED,DEFERRED_POST_LAUNCH,APPROVED,NONE,UNCLASSIFIED,UNCLASSIFIED,aicrm_next/automation/automation_engine/channels_api.py:1137-1156
LEGACY-API-0201,S03,/api/admin/channels/{channel_id:int}/contacts,list_channel_contacts,GET,GET,/api/admin/channels/{channel_id:int}/contacts,admin,api,human_session,true,false,global,automation_engine,none,PENDING_HUMAN_DESIGN,PENDING_HUMAN_DESIGN,PENDING_HUMAN_DESIGN,UNMAPPED,MIGRATE,APPROVED,NONE,UNCLASSIFIED,UNCLASSIFIED,aicrm_next/automation/automation_engine/channels_api.py:1159-1167
LEGACY-API-0202,S03,/api/admin/channels/{channel_id:int}/qrcode/download,download_channel_qrcode,GET,GET,/api/admin/channels/{channel_id:int}/qrcode/download,admin,api,human_session,true,false,global,automation_engine,none,PENDING_HUMAN_DESIGN,PENDING_HUMAN_DESIGN,PENDING_HUMAN_DESIGN,UNMAPPED,MIGRATE,APPROVED,G1_QR_OR_EXTERNAL_URL_TRUST_UNVERIFIED,UNCLASSIFIED,UNCLASSIFIED,aicrm_next/automation/automation_engine/channels_api.py:1181-1229
LEGACY-API-0203,S03,/api/admin/channels/{channel_id:int}/qrcode/generate,generate_qrcode,POST,POST,/api/admin/channels/{channel_id:int}/qrcode/generate,admin,api,human_session,true,true,global,channel_entry,none,PENDING_HUMAN_DESIGN,PENDING_HUMAN_DESIGN,PENDING_HUMAN_DESIGN,UNMAPPED,MIGRATE,APPROVED,G1_QR_OR_EXTERNAL_URL_TRUST_UNVERIFIED,UNCLASSIFIED,UNCLASSIFIED,aicrm_next/channels/channel_entry/api.py:80-99
LEGACY-API-0204,S03,/api/admin/channels/{channel_id:int}/qrcode/status,get_channel_qrcode_status,GET,GET,/api/admin/channels/{channel_id:int}/qrcode/status,admin,api,human_session,true,false,global,automation_engine,none,PENDING_HUMAN_DESIGN,PENDING_HUMAN_DESIGN,PENDING_HUMAN_DESIGN,UNMAPPED,DEFERRED_POST_LAUNCH,APPROVED,NONE,UNCLASSIFIED,UNCLASSIFIED,aicrm_next/automation/automation_engine/channels_api.py:1232-1237
LEGACY-API-0205,S03,/api/admin/channels/{channel_id:int}/runtime-diagnosis,runtime_diagnosis_by_channel,GET,GET,/api/admin/channels/{channel_id:int}/runtime-diagnosis,admin,api,human_session,true,false,global,channel_entry,none,PENDING_HUMAN_DESIGN,PENDING_HUMAN_DESIGN,PENDING_HUMAN_DESIGN,UNMAPPED,DEFERRED_POST_LAUNCH,APPROVED,NONE,UNCLASSIFIED,UNCLASSIFIED,aicrm_next/channels/channel_entry/api.py:75-77
LEGACY-API-0206,S03,/api/admin/channels/{channel_id:int}/share-link,get_channel_share_link,GET,GET,/api/admin/channels/{channel_id:int}/share-link,admin,api,human_session,true,false,global,automation_engine,none,PENDING_HUMAN_DESIGN,PENDING_HUMAN_DESIGN,PENDING_HUMAN_DESIGN,UNMAPPED,DEFERRED_POST_LAUNCH,APPROVED,NONE,UNCLASSIFIED,UNCLASSIFIED,aicrm_next/automation/automation_engine/channels_api.py:1170-1178
LEGACY-API-0207,S04,/api/admin/class-user-management/export,class_user_management_export,GET|POST,GET|POST,/api/admin/class-user-management/export,admin,api,human_session,true,true,global,class_user_management,none,PENDING_HUMAN_DESIGN,PENDING_HUMAN_DESIGN,PENDING_HUMAN_DESIGN,UNMAPPED,DEFERRED_POST_LAUNCH,APPROVED,SOURCE_METHOD_BUNDLE_DIFFERS|SOURCE_ONLY_OPTIONS,UNCLASSIFIED,UNCLASSIFIED,aicrm_next/extensions/hxc/class_user_management/api.py:59-108
LEGACY-API-0208,S04,/api/admin/cloud-orchestrator/audit,api_cloud_orchestrator_audit,GET,GET,/api/admin/cloud-orchestrator/audit,admin,api,human_session,true,false,global,cloud_orchestrator,none,PENDING_HUMAN_DESIGN,PENDING_HUMAN_DESIGN,PENDING_HUMAN_DESIGN,UNMAPPED,MIGRATE,APPROVED,SOURCE_METHOD_BUNDLE_DIFFERS|SOURCE_ONLY_OPTIONS,UNCLASSIFIED,UNCLASSIFIED,aicrm_next/extensions/growth/cloud_orchestrator/api.py:428-448
LEGACY-API-0209,S04,/api/admin/cloud-orchestrator/campaigns,api_list_cloud_campaigns,GET,GET,/api/admin/cloud-orchestrator/campaigns,admin,api,human_session,true,false,global,cloud_orchestrator,none,GET,/api/admin/cloud-orchestrator/campaigns,listCloudCampaigns,P4-CLOUD-CAMPAIGN-LOCAL-LIFECYCLE-2026-08-22,MIGRATE,APPROVED,NONE,UNCLASSIFIED,UNCLASSIFIED,aicrm_next/extensions/growth/cloud_orchestrator/api.py:509-524
LEGACY-API-0210,S04,/api/admin/cloud-orchestrator/campaigns,api_create_cloud_campaign,POST,POST,/api/admin/cloud-orchestrator/campaigns,admin,api,human_session,true,true,global,cloud_orchestrator,none,PENDING_HUMAN_DESIGN,PENDING_HUMAN_DESIGN,PENDING_HUMAN_DESIGN,UNMAPPED,MIGRATE,APPROVED,NONE,UNCLASSIFIED,UNCLASSIFIED,aicrm_next/extensions/growth/cloud_orchestrator/api.py:527-539
LEGACY-API-0211,S04,/api/admin/cloud-orchestrator/campaigns/batch-start,api_batch_start_cloud_campaigns,POST,POST,/api/admin/cloud-orchestrator/campaigns/batch-start,admin,api,human_session,true,true,global,cloud_orchestrator,none,POST,/api/admin/cloud-orchestrator/campaigns/batch-start,batchStartCloudCampaigns,P4-CLOUD-CAMPAIGN-LOCAL-LIFECYCLE-2026-08-22,MIGRATE,APPROVED,NONE,UNCLASSIFIED,UNCLASSIFIED,aicrm_next/extensions/growth/cloud_orchestrator/api.py:638-654
LEGACY-API-0212,S04,/api/admin/cloud-orchestrator/campaigns/run-due,api_cloud_campaign_run_due_options,OPTIONS,OPTIONS,/api/admin/cloud-orchestrator/campaigns/run-due,admin,api,human_or_service,true,false,global,cloud_orchestrator,none,PENDING_HUMAN_DESIGN,PENDING_HUMAN_DESIGN,PENDING_HUMAN_DESIGN,UNMAPPED,DEFERRED_POST_LAUNCH,APPROVED,NONE,UNCLASSIFIED,UNCLASSIFIED,aicrm_next/extensions/growth/cloud_orchestrator/api.py:575-579
LEGACY-API-0213,S04,/api/admin/cloud-orchestrator/campaigns/run-due,api_plan_cloud_campaign_run_due,POST,POST,/api/admin/cloud-orchestrator/campaigns/run-due,admin,api,human_or_service,true,true,global,cloud_orchestrator,none,PENDING_HUMAN_DESIGN,PENDING_HUMAN_DESIGN,PENDING_HUMAN_DESIGN,UNMAPPED,MIGRATE,APPROVED,NONE,UNCLASSIFIED,UNCLASSIFIED,aicrm_next/extensions/growth/cloud_orchestrator/api.py:613-635
LEGACY-API-0214,S04,/api/admin/cloud-orchestrator/campaigns/run-due/preview,api_cloud_campaign_run_due_preview_options,OPTIONS,OPTIONS,/api/admin/cloud-orchestrator/campaigns/run-due/preview,admin,api,human_or_service,true,false,global,cloud_orchestrator,none,PENDING_HUMAN_DESIGN,PENDING_HUMAN_DESIGN,PENDING_HUMAN_DESIGN,UNMAPPED,DEFERRED_POST_LAUNCH,APPROVED,NONE,UNCLASSIFIED,UNCLASSIFIED,aicrm_next/extensions/growth/cloud_orchestrator/api.py:582-586
LEGACY-API-0215,S04,/api/admin/cloud-orchestrator/campaigns/run-due/preview,api_preview_cloud_campaign_run_due,POST,POST,/api/admin/cloud-orchestrator/campaigns/run-due/preview,admin,api,human_or_service,true,true,global,cloud_orchestrator,none,PENDING_HUMAN_DESIGN,PENDING_HUMAN_DESIGN,PENDING_HUMAN_DESIGN,UNMAPPED,MIGRATE,APPROVED,NONE,UNCLASSIFIED,UNCLASSIFIED,aicrm_next/extensions/growth/cloud_orchestrator/api.py:589-610
LEGACY-API-0216,S04,/api/admin/cloud-orchestrator/campaigns/{campaign_code},api_delete_cloud_campaign,DELETE,DELETE,/api/admin/cloud-orchestrator/campaigns/{campaign_code},admin,api,human_session,true,true,global,cloud_orchestrator,none,DELETE,/api/admin/cloud-orchestrator/campaigns/{campaign_code},deleteCloudCampaign,P4-CLOUD-CAMPAIGN-LOCAL-LIFECYCLE-2026-08-22,MIGRATE,APPROVED,NONE,UNCLASSIFIED,UNCLASSIFIED,aicrm_next/extensions/growth/cloud_orchestrator/api.py:713-724
LEGACY-API-0217,S04,/api/admin/cloud-orchestrator/campaigns/{campaign_code},api_get_cloud_campaign,GET,GET,/api/admin/cloud-orchestrator/campaigns/{campaign_code},admin,api,human_session,true,false,global,cloud_orchestrator,none,GET,/api/admin/cloud-orchestrator/campaigns/{campaign_code},getCloudCampaign,P4-CLOUD-CAMPAIGN-LOCAL-LIFECYCLE-2026-08-22,MIGRATE,APPROVED,NONE,UNCLASSIFIED,UNCLASSIFIED,aicrm_next/extensions/growth/cloud_orchestrator/api.py:542-550
LEGACY-API-0218,S04,/api/admin/cloud-orchestrator/campaigns/{campaign_code}/approve,api_approve_cloud_campaign,POST,POST,/api/admin/cloud-orchestrator/campaigns/{campaign_code}/approve,admin,api,human_session,true,true,global,cloud_orchestrator,none,POST,/api/admin/cloud-orchestrator/campaigns/{campaign_code}/approve,approveCloudCampaign,P4-CLOUD-CAMPAIGN-LOCAL-LIFECYCLE-2026-08-22,MIGRATE,APPROVED,NONE,UNCLASSIFIED,UNCLASSIFIED,aicrm_next/extensions/growth/cloud_orchestrator/api.py:657-668
LEGACY-API-0219,S04,/api/admin/cloud-orchestrator/campaigns/{campaign_code}/members,api_list_cloud_campaign_members,GET,GET,/api/admin/cloud-orchestrator/campaigns/{campaign_code}/members,admin,api,human_session,true,false,global,cloud_orchestrator,none,PENDING_HUMAN_DESIGN,PENDING_HUMAN_DESIGN,PENDING_HUMAN_DESIGN,UNMAPPED,MIGRATE,APPROVED,NONE,UNCLASSIFIED,UNCLASSIFIED,aicrm_next/extensions/growth/cloud_orchestrator/api.py:553-561
LEGACY-API-0220,S04,/api/admin/cloud-orchestrator/campaigns/{campaign_code}/pause,api_pause_cloud_campaign,POST,POST,/api/admin/cloud-orchestrator/campaigns/{campaign_code}/pause,admin,api,human_session,true,true,global,cloud_orchestrator,none,POST,/api/admin/cloud-orchestrator/campaigns/{campaign_code}/pause,pauseCloudCampaign,P4-CLOUD-CAMPAIGN-LOCAL-LIFECYCLE-2026-08-22,MIGRATE,APPROVED,NONE,UNCLASSIFIED,UNCLASSIFIED,aicrm_next/extensions/growth/cloud_orchestrator/api.py:699-710
LEGACY-API-0221,S04,/api/admin/cloud-orchestrator/campaigns/{campaign_code}/reject,api_reject_cloud_campaign,POST,POST,/api/admin/cloud-orchestrator/campaigns/{campaign_code}/reject,admin,api,human_session,true,true,global,cloud_orchestrator,none,POST,/api/admin/cloud-orchestrator/campaigns/{campaign_code}/reject,rejectCloudCampaign,P4-CLOUD-CAMPAIGN-LOCAL-LIFECYCLE-2026-08-22,MIGRATE,APPROVED,NONE,UNCLASSIFIED,UNCLASSIFIED,aicrm_next/extensions/growth/cloud_orchestrator/api.py:671-682
LEGACY-API-0222,S04,/api/admin/cloud-orchestrator/campaigns/{campaign_code}/start,api_start_cloud_campaign,POST,POST,/api/admin/cloud-orchestrator/campaigns/{campaign_code}/start,admin,api,human_session,true,true,global,cloud_orchestrator,none,POST,/api/admin/cloud-orchestrator/campaigns/{campaign_code}/start,startCloudCampaign,P4-CLOUD-CAMPAIGN-LOCAL-LIFECYCLE-2026-08-22,MIGRATE,APPROVED,NONE,UNCLASSIFIED,UNCLASSIFIED,aicrm_next/extensions/growth/cloud_orchestrator/api.py:685-696
LEGACY-API-0223,S04,/api/admin/cloud-orchestrator/campaigns/{campaign_code}/steps,api_list_cloud_campaign_steps,GET,GET,/api/admin/cloud-orchestrator/campaigns/{campaign_code}/steps,admin,api,human_session,true,false,global,cloud_orchestrator,none,PENDING_HUMAN_DESIGN,PENDING_HUMAN_DESIGN,PENDING_HUMAN_DESIGN,UNMAPPED,MIGRATE,APPROVED,NONE,UNCLASSIFIED,UNCLASSIFIED,aicrm_next/extensions/growth/cloud_orchestrator/api.py:564-572
LEGACY-API-0224,S04,/api/admin/cloud-orchestrator/campaigns/{campaign_code}/steps,api_add_cloud_campaign_step,POST,POST,/api/admin/cloud-orchestrator/campaigns/{campaign_code}/steps,admin,api,human_session,true,true,global,cloud_orchestrator,none,POST,/api/admin/cloud-orchestrator/campaigns/{campaign_code}/steps,addCloudCampaignStep,P4-CLOUD-CAMPAIGN-LOCAL-LIFECYCLE-2026-08-22,MIGRATE,APPROVED,NONE,UNCLASSIFIED,UNCLASSIFIED,aicrm_next/extensions/growth/cloud_orchestrator/api.py:727-738
LEGACY-API-0225,S04,/api/admin/cloud-orchestrator/campaigns/{campaign_code}/steps/{step_index},api_delete_cloud_campaign_step,DELETE,DELETE,/api/admin/cloud-orchestrator/campaigns/{campaign_code}/steps/{step_index},admin,api,human_session,true,true,global,cloud_orchestrator,none,DELETE,/api/admin/cloud-orchestrator/campaigns/{campaign_code}/steps/{step_index},deleteCloudCampaignStep,P4-CLOUD-CAMPAIGN-LOCAL-LIFECYCLE-2026-08-22,MIGRATE,APPROVED,NONE,UNCLASSIFIED,UNCLASSIFIED,aicrm_next/extensions/growth/cloud_orchestrator/api.py:757-769
LEGACY-API-0226,S04,/api/admin/cloud-orchestrator/campaigns/{campaign_code}/steps/{step_index},api_update_cloud_campaign_step,PATCH,PATCH|POST,/api/admin/cloud-orchestrator/campaigns/{campaign_code}/steps/{step_index},admin,api,human_session,true,true,global,cloud_orchestrator,none,PATCH,/api/admin/cloud-orchestrator/campaigns/{campaign_code}/steps/{step_index},updateCloudCampaignStep,P4-CLOUD-CAMPAIGN-LOCAL-LIFECYCLE-2026-08-22,MIGRATE,APPROVED,NONE,UNCLASSIFIED,UNCLASSIFIED,aicrm_next/extensions/growth/cloud_orchestrator/api.py:742-754
LEGACY-API-0227,S04,/api/admin/cloud-orchestrator/campaigns/{campaign_code}/steps/{step_index},api_update_cloud_campaign_step,POST,PATCH|POST,/api/admin/cloud-orchestrator/campaigns/{campaign_code}/steps/{step_index},admin,api,human_session,true,true,global,cloud_orchestrator,none,PENDING_HUMAN_DESIGN,PENDING_HUMAN_DESIGN,PENDING_HUMAN_DESIGN,UNMAPPED,MIGRATE,APPROVED,NONE,UNCLASSIFIED,UNCLASSIFIED,aicrm_next/extensions/growth/cloud_orchestrator/api.py:741-754
LEGACY-API-0228,S04,/api/admin/cloud-orchestrator/media/upload,api_cloud_orchestrator_media_upload_options,OPTIONS,OPTIONS,/api/admin/cloud-orchestrator/media/upload,admin,api,human_session,true,false,global,cloud_orchestrator,none,PENDING_HUMAN_DESIGN,PENDING_HUMAN_DESIGN,PENDING_HUMAN_DESIGN,UNMAPPED,DEFERRED_POST_LAUNCH,APPROVED,NONE,UNCLASSIFIED,UNCLASSIFIED,aicrm_next/extensions/growth/cloud_orchestrator/api.py:473-477
LEGACY-API-0229,S04,/api/admin/cloud-orchestrator/media/upload,api_cloud_orchestrator_media_upload,POST,POST,/api/admin/cloud-orchestrator/media/upload,admin,api,human_session,true,true,global,cloud_orchestrator,none,PENDING_HUMAN_DESIGN,PENDING_HUMAN_DESIGN,PENDING_HUMAN_DESIGN,UNMAPPED,DEFERRED_POST_LAUNCH,APPROVED,NONE,UNCLASSIFIED,UNCLASSIFIED,aicrm_next/extensions/growth/cloud_orchestrator/api.py:480-506
LEGACY-API-0230,S04,/api/admin/cloud-orchestrator/observability,api_cloud_orchestrator_observability,GET,GET,/api/admin/cloud-orchestrator/observability,admin,api,human_session,true,false,global,cloud_orchestrator,none,PENDING_HUMAN_DESIGN,PENDING_HUMAN_DESIGN,PENDING_HUMAN_DESIGN,UNMAPPED,MIGRATE,APPROVED,SOURCE_METHOD_BUNDLE_DIFFERS|SOURCE_ONLY_OPTIONS,UNCLASSIFIED,UNCLASSIFIED,aicrm_next/extensions/growth/cloud_orchestrator/api.py:451-470
LEGACY-API-0231,S04,/api/admin/cloud-orchestrator/plans,api_list_cloud_plans,GET,GET,/api/admin/cloud-orchestrator/plans,admin,api,human_session,true,false,global,cloud_orchestrator,none,PENDING_HUMAN_DESIGN,PENDING_HUMAN_DESIGN,PENDING_HUMAN_DESIGN,UNMAPPED,MIGRATE,APPROVED,NONE,UNCLASSIFIED,UNCLASSIFIED,aicrm_next/extensions/growth/cloud_orchestrator/api.py:800-805
LEGACY-API-0232,S04,/api/admin/cloud-orchestrator/plans/{plan_id},api_get_cloud_plan,GET,GET,/api/admin/cloud-orchestrator/plans/{plan_id},admin,api,human_session,true,false,global,cloud_orchestrator,none,PENDING_HUMAN_DESIGN,PENDING_HUMAN_DESIGN,PENDING_HUMAN_DESIGN,UNMAPPED,MIGRATE,APPROVED,NONE,UNCLASSIFIED,UNCLASSIFIED,aicrm_next/extensions/growth/cloud_orchestrator/api.py:808-813
LEGACY-API-0233,S04,/api/admin/cloud-orchestrator/plans/{plan_id}/approve,api_approve_cloud_plan,POST,POST,/api/admin/cloud-orchestrator/plans/{plan_id}/approve,admin,api,human_session,true,true,global,cloud_orchestrator,none,PENDING_HUMAN_DESIGN,PENDING_HUMAN_DESIGN,PENDING_HUMAN_DESIGN,UNMAPPED,MIGRATE,APPROVED,NONE,UNCLASSIFIED,UNCLASSIFIED,aicrm_next/extensions/growth/cloud_orchestrator/api.py:832-840
LEGACY-API-0234,S04,/api/admin/cloud-orchestrator/plans/{plan_id}/recipients,api_list_cloud_plan_recipients,GET,GET,/api/admin/cloud-orchestrator/plans/{plan_id}/recipients,admin,api,human_session,true,false,global,cloud_orchestrator,none,PENDING_HUMAN_DESIGN,PENDING_HUMAN_DESIGN,PENDING_HUMAN_DESIGN,UNMAPPED,MIGRATE,APPROVED,NONE,UNCLASSIFIED,UNCLASSIFIED,aicrm_next/extensions/growth/cloud_orchestrator/api.py:816-821
LEGACY-API-0235,S04,/api/admin/cloud-orchestrator/plans/{plan_id}/recipients/{recipient_id},api_get_cloud_plan_recipient,GET,GET,/api/admin/cloud-orchestrator/plans/{plan_id}/recipients/{recipient_id},admin,api,human_session,true,false,global,cloud_orchestrator,none,PENDING_HUMAN_DESIGN,PENDING_HUMAN_DESIGN,PENDING_HUMAN_DESIGN,UNMAPPED,MIGRATE,APPROVED,NONE,UNCLASSIFIED,UNCLASSIFIED,aicrm_next/extensions/growth/cloud_orchestrator/api.py:824-829
LEGACY-API-0236,S04,/api/admin/cloud-orchestrator/plans/{plan_id}/recipients/{recipient_id}/approve,api_approve_cloud_plan_recipient,POST,POST,/api/admin/cloud-orchestrator/plans/{plan_id}/recipients/{recipient_id}/approve,admin,api,human_session,true,true,global,cloud_orchestrator,none,PENDING_HUMAN_DESIGN,PENDING_HUMAN_DESIGN,PENDING_HUMAN_DESIGN,UNMAPPED,MIGRATE,APPROVED,NONE,UNCLASSIFIED,UNCLASSIFIED,aicrm_next/extensions/growth/cloud_orchestrator/api.py:872-884
LEGACY-API-0237,S04,/api/admin/cloud-orchestrator/plans/{plan_id}/recipients/{recipient_id}/messages/{message_id},api_update_cloud_plan_recipient_message,PATCH,PATCH,/api/admin/cloud-orchestrator/plans/{plan_id}/recipients/{recipient_id}/messages/{message_id},admin,api,human_session,true,true,global,cloud_orchestrator,none,PENDING_HUMAN_DESIGN,PENDING_HUMAN_DESIGN,PENDING_HUMAN_DESIGN,UNMAPPED,MIGRATE,APPROVED,NONE,UNCLASSIFIED,UNCLASSIFIED,aicrm_next/extensions/growth/cloud_orchestrator/api.py:903-917
LEGACY-API-0238,S04,/api/admin/cloud-orchestrator/plans/{plan_id}/recipients/{recipient_id}/reject,api_reject_cloud_plan_recipient,POST,POST,/api/admin/cloud-orchestrator/plans/{plan_id}/recipients/{recipient_id}/reject,admin,api,human_session,true,true,global,cloud_orchestrator,none,PENDING_HUMAN_DESIGN,PENDING_HUMAN_DESIGN,PENDING_HUMAN_DESIGN,UNMAPPED,MIGRATE,APPROVED,NONE,UNCLASSIFIED,UNCLASSIFIED,aicrm_next/extensions/growth/cloud_orchestrator/api.py:887-900
LEGACY-API-0239,S04,/api/admin/cloud-orchestrator/plans/{plan_id}/reject,api_reject_cloud_plan,POST,POST,/api/admin/cloud-orchestrator/plans/{plan_id}/reject,admin,api,human_session,true,true,global,cloud_orchestrator,none,PENDING_HUMAN_DESIGN,PENDING_HUMAN_DESIGN,PENDING_HUMAN_DESIGN,UNMAPPED,MIGRATE,APPROVED,NONE,UNCLASSIFIED,UNCLASSIFIED,aicrm_next/extensions/growth/cloud_orchestrator/api.py:857-869
LEGACY-API-0240,S04,/api/admin/common/operation-members,api_operation_members,GET,GET,/api/admin/common/operation-members,admin,api,human_session,true,false,global,common_operation_members,none,PENDING_HUMAN_DESIGN,PENDING_HUMAN_DESIGN,PENDING_HUMAN_DESIGN,UNMAPPED,MIGRATE,APPROVED,S04_D03_REGISTRY_CONTAINER_MANIFEST_OWNER_DIFFERENCE,UNCLASSIFIED,UNCLASSIFIED,aicrm_next/common_operation_members.py:165-179
LEGACY-API-0241,S04,/api/admin/common/operation-members/sync,api_operation_members_sync,POST,POST,/api/admin/common/operation-members/sync,admin,api,human_session,true,true,global,common_operation_members,real_requires_approval,PENDING_HUMAN_DESIGN,PENDING_HUMAN_DESIGN,PENDING_HUMAN_DESIGN,UNMAPPED,MIGRATE,APPROVED,MANIFEST_EXTERNAL_EFFECTS_REAL_REQUIRES_APPROVAL|S04_D03_REGISTRY_CONTAINER_MANIFEST_OWNER_DIFFERENCE,UNCLASSIFIED,UNCLASSIFIED,aicrm_next/common_operation_members.py:182-207
LEGACY-API-0242,S02,/api/admin/config/api-clients,api.admin_config_api_clients_resource,GET,GET,/api/admin/config/api-clients,admin,api,human_session,true,false,global,admin_config,none,PENDING_HUMAN_DESIGN,PENDING_HUMAN_DESIGN,PENDING_HUMAN_DESIGN,UNMAPPED,MIGRATE,APPROVED,NONE,UNCLASSIFIED,UNCLASSIFIED,aicrm_next/platform/admin_config/api.py:731-746
LEGACY-API-0243,S02,/api/admin/config/api-clients,api.admin_config_api_client_create_resource,POST,POST,/api/admin/config/api-clients,admin,api,human_session,true,true,global,admin_config,none,PENDING_HUMAN_DESIGN,PENDING_HUMAN_DESIGN,PENDING_HUMAN_DESIGN,UNMAPPED,MIGRATE,APPROVED,NONE,UNCLASSIFIED,UNCLASSIFIED,aicrm_next/platform/admin_config/api.py:763-811
LEGACY-API-0244,S02,/api/admin/config/api-clients/{client_id},api.admin_config_api_client_resource,GET,GET,/api/admin/config/api-clients/{client_id},admin,api,human_session,true,false,global,admin_config,none,PENDING_HUMAN_DESIGN,PENDING_HUMAN_DESIGN,PENDING_HUMAN_DESIGN,UNMAPPED,MIGRATE,APPROVED,NONE,UNCLASSIFIED,UNCLASSIFIED,aicrm_next/platform/admin_config/api.py:749-760
LEGACY-API-0245,S02,/api/admin/config/api-clients/{client_id},api.admin_config_api_client_update_resource,PUT,PUT,/api/admin/config/api-clients/{client_id},admin,api,human_session,true,true,global,admin_config,none,PENDING_HUMAN_DESIGN,PENDING_HUMAN_DESIGN,PENDING_HUMAN_DESIGN,UNMAPPED,MIGRATE,APPROVED,NONE,UNCLASSIFIED,UNCLASSIFIED,aicrm_next/platform/admin_config/api.py:814-848
LEGACY-API-0246,S02,/api/admin/config/api-clients/{client_id}/activate,api.admin_config_api_client_activate_resource,POST,POST,/api/admin/config/api-clients/{client_id}/activate,admin,api,human_session,true,true,global,admin_config,none,PENDING_HUMAN_DESIGN,PENDING_HUMAN_DESIGN,PENDING_HUMAN_DESIGN,UNMAPPED,MIGRATE,APPROVED,NONE,UNCLASSIFIED,UNCLASSIFIED,aicrm_next/platform/admin_config/api.py:851-887
LEGACY-API-0247,S02,/api/admin/config/api-clients/{client_id}/enabled,api.admin_config_api_client_enabled_resource,PUT,PUT,/api/admin/config/api-clients/{client_id}/enabled,admin,api,human_session,true,true,global,admin_config,none,PENDING_HUMAN_DESIGN,PENDING_HUMAN_DESIGN,PENDING_HUMAN_DESIGN,UNMAPPED,MIGRATE,APPROVED,NONE,UNCLASSIFIED,UNCLASSIFIED,aicrm_next/platform/admin_config/api.py:927-954
LEGACY-API-0248,S02,/api/admin/config/api-clients/{client_id}/rotate-secret,api.admin_config_api_client_rotate_resource,POST,POST,/api/admin/config/api-clients/{client_id}/rotate-secret,admin,api,human_session,true,true,global,admin_config,none,PENDING_HUMAN_DESIGN,PENDING_HUMAN_DESIGN,PENDING_HUMAN_DESIGN,UNMAPPED,MIGRATE,APPROVED,NONE,UNCLASSIFIED,UNCLASSIFIED,aicrm_next/platform/admin_config/api.py:890-924
LEGACY-API-0249,S02,/api/admin/config/api-key,api.admin_config_api_key_resource,GET,GET,/api/admin/config/api-key,admin,api,human_session,true,false,global,admin_config,none,PENDING_HUMAN_DESIGN,PENDING_HUMAN_DESIGN,PENDING_HUMAN_DESIGN,UNMAPPED,MIGRATE,APPROVED,NONE,UNCLASSIFIED,UNCLASSIFIED,aicrm_next/platform/admin_config/direct_api_key_api.py:98-109
LEGACY-API-0250,S02,/api/admin/config/api-key/enabled,api.admin_config_api_key_enabled_resource,PUT,PUT,/api/admin/config/api-key/enabled,admin,api,human_session,true,true,global,admin_config,none,PENDING_HUMAN_DESIGN,PENDING_HUMAN_DESIGN,PENDING_HUMAN_DESIGN,UNMAPPED,MIGRATE,APPROVED,NONE,UNCLASSIFIED,UNCLASSIFIED,aicrm_next/platform/admin_config/direct_api_key_api.py:151-164
LEGACY-API-0251,S02,/api/admin/config/api-key/generate,api.admin_config_api_key_generate_resource,POST,POST,/api/admin/config/api-key/generate,admin,api,human_session,true,true,global,admin_config,none,PENDING_HUMAN_DESIGN,PENDING_HUMAN_DESIGN,PENDING_HUMAN_DESIGN,UNMAPPED,MIGRATE,APPROVED,NONE,UNCLASSIFIED,UNCLASSIFIED,aicrm_next/platform/admin_config/direct_api_key_api.py:112-129
LEGACY-API-0252,S02,/api/admin/config/api-key/rotate,api.admin_config_api_key_rotate_resource,POST,POST,/api/admin/config/api-key/rotate,admin,api,human_session,true,true,global,admin_config,none,PENDING_HUMAN_DESIGN,PENDING_HUMAN_DESIGN,PENDING_HUMAN_DESIGN,UNMAPPED,MIGRATE,APPROVED,NONE,UNCLASSIFIED,UNCLASSIFIED,aicrm_next/platform/admin_config/direct_api_key_api.py:132-148
LEGACY-API-0253,S02,/api/admin/config/app-settings,api.admin_config_app_settings_resource,GET,GET,/api/admin/config/app-settings,admin,api,human_session,true,false,global,admin_config,none,PENDING_HUMAN_DESIGN,PENDING_HUMAN_DESIGN,PENDING_HUMAN_DESIGN,UNMAPPED,MIGRATE,APPROVED,NONE,UNCLASSIFIED,UNCLASSIFIED,aicrm_next/platform/admin_config/api.py:1057-1067
LEGACY-API-0254,S02,/api/admin/config/app-settings,api.admin_config_save_app_settings_resource,PUT,PUT,/api/admin/config/app-settings,admin,api,human_session,true,true,global,admin_config,none,PENDING_HUMAN_DESIGN,PENDING_HUMAN_DESIGN,PENDING_HUMAN_DESIGN,UNMAPPED,DEFERRED_POST_LAUNCH,APPROVED,NONE,UNCLASSIFIED,UNCLASSIFIED,aicrm_next/platform/admin_config/api.py:1398-1424
LEGACY-API-0255,S02,/api/admin/config/capabilities,api.admin_config_capabilities,GET,GET,/api/admin/config/capabilities,admin,api,human_session,true,false,global,admin_config,none,PENDING_HUMAN_DESIGN,PENDING_HUMAN_DESIGN,PENDING_HUMAN_DESIGN,UNMAPPED,DEFERRED_POST_LAUNCH,APPROVED,NONE,UNCLASSIFIED,UNCLASSIFIED,aicrm_next/platform/admin_config/api.py:1070-1077
LEGACY-API-0256,S02,/api/admin/config/categories,api.admin_config_categories,GET,GET,/api/admin/config/categories,admin,api,human_session,true,false,global,admin_config,none,PENDING_HUMAN_DESIGN,PENDING_HUMAN_DESIGN,PENDING_HUMAN_DESIGN,UNMAPPED,DEFERRED_POST_LAUNCH,APPROVED,NONE,UNCLASSIFIED,UNCLASSIFIED,aicrm_next/platform/admin_config/api.py:957-964
LEGACY-API-0257,S02,/api/admin/config/categories/{category_key},api.admin_config_category,GET,GET,/api/admin/config/categories/{category_key},admin,api,human_session,true,false,global,admin_config,none,PENDING_HUMAN_DESIGN,PENDING_HUMAN_DESIGN,PENDING_HUMAN_DESIGN,UNMAPPED,DEFERRED_POST_LAUNCH,APPROVED,NONE,UNCLASSIFIED,UNCLASSIFIED,aicrm_next/platform/admin_config/api.py:967-978
LEGACY-API-0258,S02,/api/admin/config/categories/{category_key}/check,api.admin_config_category_check,POST,POST,/api/admin/config/categories/{category_key}/check,admin,api,human_session,true,true,global,admin_config,none,PENDING_HUMAN_DESIGN,PENDING_HUMAN_DESIGN,PENDING_HUMAN_DESIGN,UNMAPPED,MIGRATE,APPROVED,NONE,UNCLASSIFIED,UNCLASSIFIED,aicrm_next/platform/admin_config/api.py:1038-1054
LEGACY-API-0259,S02,/api/admin/config/categories/{category_key}/enabled,api.admin_config_category_enabled,PUT,PUT,/api/admin/config/categories/{category_key}/enabled,admin,api,human_session,true,true,global,admin_config,none,PENDING_HUMAN_DESIGN,PENDING_HUMAN_DESIGN,PENDING_HUMAN_DESIGN,UNMAPPED,MIGRATE,APPROVED,NONE,UNCLASSIFIED,UNCLASSIFIED,aicrm_next/platform/admin_config/api.py:981-1004
LEGACY-API-0260,S02,/api/admin/config/categories/{category_key}/settings,api.admin_config_category_settings,PUT,PUT,/api/admin/config/categories/{category_key}/settings,admin,api,human_session,true,true,global,admin_config,none,PENDING_HUMAN_DESIGN,PENDING_HUMAN_DESIGN,PENDING_HUMAN_DESIGN,UNMAPPED,MIGRATE,APPROVED,NONE,UNCLASSIFIED,UNCLASSIFIED,aicrm_next/platform/admin_config/api.py:1007-1035
LEGACY-API-0261,S02,/api/admin/config/class-term-tags,api.admin_config_class_term_tags,GET,GET,/api/admin/config/class-term-tags,admin,api,human_session,true,false,global,admin_config,none,PENDING_HUMAN_DESIGN,PENDING_HUMAN_DESIGN,PENDING_HUMAN_DESIGN,UNMAPPED,MIGRATE,APPROVED,NONE,UNCLASSIFIED,UNCLASSIFIED,aicrm_next/platform/admin_config/api.py:1388-1390
LEGACY-API-0262,S02,/api/admin/config/class-term-tags,api.admin_config_save_class_term_tag,POST,POST,/api/admin/config/class-term-tags,admin,api,human_session,true,true,global,admin_config,none,PENDING_HUMAN_DESIGN,PENDING_HUMAN_DESIGN,PENDING_HUMAN_DESIGN,UNMAPPED,MIGRATE,APPROVED,NONE,UNCLASSIFIED,UNCLASSIFIED,aicrm_next/platform/admin_config/api.py:1393-1395
LEGACY-API-0263,S02,/api/admin/config/definitions,api.admin_config_definitions,GET,GET,/api/admin/config/definitions,admin,api,human_session,true,false,global,admin_config,none,PENDING_HUMAN_DESIGN,PENDING_HUMAN_DESIGN,PENDING_HUMAN_DESIGN,UNMAPPED,DEFERRED_POST_LAUNCH,APPROVED,NONE,UNCLASSIFIED,UNCLASSIFIED,aicrm_next/platform/admin_config/api.py:1080-1089
LEGACY-API-0264,S02,/api/admin/config/deployment-profile,api.admin_config_deployment_profile,GET,GET,/api/admin/config/deployment-profile,admin,api,human_session,true,false,global,admin_config,none,PENDING_HUMAN_DESIGN,PENDING_HUMAN_DESIGN,PENDING_HUMAN_DESIGN,UNMAPPED,DEFERRED_POST_LAUNCH,APPROVED,NONE,UNCLASSIFIED,UNCLASSIFIED,aicrm_next/platform/admin_config/api.py:1092-1099
LEGACY-API-0265,S02,/api/admin/config/marketing-automation/signup-conversion,api.admin_config_signup_conversion,GET,GET,/api/admin/config/marketing-automation/signup-conversion,admin,api,human_session,true,false,global,admin_config,none,PENDING_HUMAN_DESIGN,PENDING_HUMAN_DESIGN,PENDING_HUMAN_DESIGN,UNMAPPED,DEFERRED_POST_LAUNCH,APPROVED,NONE,UNCLASSIFIED,UNCLASSIFIED,aicrm_next/platform/admin_config/api.py:1335-1342
LEGACY-API-0266,S02,/api/admin/config/marketing-automation/signup-conversion,api.admin_config_save_signup_conversion,PUT,PUT,/api/admin/config/marketing-automation/signup-conversion,admin,api,human_session,true,true,global,admin_config,none,PENDING_HUMAN_DESIGN,PENDING_HUMAN_DESIGN,PENDING_HUMAN_DESIGN,UNMAPPED,DEFERRED_POST_LAUNCH,APPROVED,NONE,UNCLASSIFIED,UNCLASSIFIED,aicrm_next/platform/admin_config/api.py:1345-1360
LEGACY-API-0267,S02,/api/admin/config/mcp-tools,api.admin_config_mcp_tools_resource,GET,GET,/api/admin/config/mcp-tools,admin,api,human_session,true,false,global,admin_config,staging_disabled,PENDING_HUMAN_DESIGN,PENDING_HUMAN_DESIGN,PENDING_HUMAN_DESIGN,UNMAPPED,DEFERRED_POST_LAUNCH,APPROVED,MANIFEST_EXTERNAL_EFFECTS_STAGING_DISABLED,UNCLASSIFIED,UNCLASSIFIED,aicrm_next/platform/admin_config/api.py:1304-1314
LEGACY-API-0268,S02,/api/admin/config/mcp-tools,api.admin_config_save_mcp_tool_resource,POST,POST,/api/admin/config/mcp-tools,admin,api,human_session,true,true,global,admin_config,staging_disabled,PENDING_HUMAN_DESIGN,PENDING_HUMAN_DESIGN,PENDING_HUMAN_DESIGN,UNMAPPED,DEFERRED_POST_LAUNCH,APPROVED,MANIFEST_EXTERNAL_EFFECTS_STAGING_DISABLED,UNCLASSIFIED,UNCLASSIFIED,aicrm_next/platform/admin_config/api.py:1317-1332
LEGACY-API-0269,S02,/api/admin/config/overview,api.admin_config_overview,GET,GET,/api/admin/config/overview,admin,api,human_session,true,false,global,admin_config,none,PENDING_HUMAN_DESIGN,PENDING_HUMAN_DESIGN,PENDING_HUMAN_DESIGN,UNMAPPED,DEFERRED_POST_LAUNCH,APPROVED,NONE,UNCLASSIFIED,UNCLASSIFIED,aicrm_next/platform/admin_config/api.py:721-728
LEGACY-API-0270,S02,/api/admin/config/push-capabilities,api.admin_config_push_capabilities,GET,GET,/api/admin/config/push-capabilities,admin,api,human_session,true,false,global,admin_config,none,PENDING_HUMAN_DESIGN,PENDING_HUMAN_DESIGN,PENDING_HUMAN_DESIGN,UNMAPPED,MIGRATE,APPROVED,NONE,UNCLASSIFIED,UNCLASSIFIED,aicrm_next/platform/admin_config/api.py:1240-1242
LEGACY-API-0271,S02,/api/admin/config/push-capabilities/scheduler,api.admin_config_patch_push_scheduler,PATCH,PATCH,/api/admin/config/push-capabilities/scheduler,admin,api,human_session,true,true,global,admin_config,none,PENDING_HUMAN_DESIGN,PENDING_HUMAN_DESIGN,PENDING_HUMAN_DESIGN,UNMAPPED,MIGRATE,APPROVED,NONE,UNCLASSIFIED,UNCLASSIFIED,aicrm_next/platform/admin_config/api.py:1245-1264
LEGACY-API-0272,S02,/api/admin/config/push-capabilities/{capability_key},api.admin_config_patch_push_capability,PATCH,PATCH,/api/admin/config/push-capabilities/{capability_key},admin,api,human_session,true,true,global,admin_config,none,PENDING_HUMAN_DESIGN,PENDING_HUMAN_DESIGN,PENDING_HUMAN_DESIGN,UNMAPPED,MIGRATE,APPROVED,NONE,UNCLASSIFIED,UNCLASSIFIED,aicrm_next/platform/admin_config/api.py:1267-1291
LEGACY-API-0273,S02,/api/admin/config/releases,api.admin_config_releases_resource,GET,GET,/api/admin/config/releases,admin,api,human_session,true,false,global,admin_config,none,PENDING_HUMAN_DESIGN,PENDING_HUMAN_DESIGN,PENDING_HUMAN_DESIGN,UNMAPPED,MIGRATE,APPROVED,NONE,UNCLASSIFIED,UNCLASSIFIED,aicrm_next/platform/admin_config/api.py:1102-1109
LEGACY-API-0274,S02,/api/admin/config/releases,api.admin_config_release_create_resource,POST,POST,/api/admin/config/releases,admin,api,human_session,true,true,global,admin_config,none,PENDING_HUMAN_DESIGN,PENDING_HUMAN_DESIGN,PENDING_HUMAN_DESIGN,UNMAPPED,DEFERRED_POST_LAUNCH,APPROVED,NONE,UNCLASSIFIED,UNCLASSIFIED,aicrm_next/platform/admin_config/api.py:1112-1136
LEGACY-API-0275,S02,/api/admin/config/releases/{release_id},api.admin_config_release_resource,GET,GET,/api/admin/config/releases/{release_id},admin,api,human_session,true,false,global,admin_config,none,PENDING_HUMAN_DESIGN,PENDING_HUMAN_DESIGN,PENDING_HUMAN_DESIGN,UNMAPPED,DEFERRED_POST_LAUNCH,APPROVED,NONE,UNCLASSIFIED,UNCLASSIFIED,aicrm_next/platform/admin_config/api.py:1139-1149
LEGACY-API-0276,S02,/api/admin/config/releases/{release_id}/publish,api.admin_config_release_publish_resource,POST,POST,/api/admin/config/releases/{release_id}/publish,admin,api,human_session,true,true,global,admin_config,none,PENDING_HUMAN_DESIGN,PENDING_HUMAN_DESIGN,PENDING_HUMAN_DESIGN,UNMAPPED,DEFERRED_POST_LAUNCH,APPROVED,NONE,UNCLASSIFIED,UNCLASSIFIED,aicrm_next/platform/admin_config/api.py:1187-1211
LEGACY-API-0277,S02,/api/admin/config/releases/{release_id}/rollback,api.admin_config_release_rollback_resource,POST,POST,/api/admin/config/releases/{release_id}/rollback,admin,api,human_session,true,true,global,admin_config,none,PENDING_HUMAN_DESIGN,PENDING_HUMAN_DESIGN,PENDING_HUMAN_DESIGN,UNMAPPED,DEFERRED_POST_LAUNCH,APPROVED,NONE,UNCLASSIFIED,UNCLASSIFIED,aicrm_next/platform/admin_config/api.py:1214-1237
LEGACY-API-0278,S02,/api/admin/config/releases/{release_id}/shadow-compare,api.admin_config_release_shadow_compare,GET,GET,/api/admin/config/releases/{release_id}/shadow-compare,admin,api,human_session,true,false,global,admin_config,none,PENDING_HUMAN_DESIGN,PENDING_HUMAN_DESIGN,PENDING_HUMAN_DESIGN,UNMAPPED,DEFERRED_POST_LAUNCH,APPROVED,NONE,UNCLASSIFIED,UNCLASSIFIED,aicrm_next/platform/admin_config/api.py:1152-1163
LEGACY-API-0279,S02,/api/admin/config/releases/{release_id}/validate,api.admin_config_release_validate_resource,POST,POST,/api/admin/config/releases/{release_id}/validate,admin,api,human_session,true,true,global,admin_config,none,PENDING_HUMAN_DESIGN,PENDING_HUMAN_DESIGN,PENDING_HUMAN_DESIGN,UNMAPPED,DEFERRED_POST_LAUNCH,APPROVED,NONE,UNCLASSIFIED,UNCLASSIFIED,aicrm_next/platform/admin_config/api.py:1166-1184
LEGACY-API-0280,S02,/api/admin/config/routing,api.admin_config_routing,GET,GET,/api/admin/config/routing,admin,api,human_session,true,false,global,admin_config,none,PENDING_HUMAN_DESIGN,PENDING_HUMAN_DESIGN,PENDING_HUMAN_DESIGN,UNMAPPED,DEFERRED_POST_LAUNCH,APPROVED,NONE,UNCLASSIFIED,UNCLASSIFIED,aicrm_next/platform/admin_config/api.py:1363-1365
LEGACY-API-0281,S02,/api/admin/config/routing/owner-role,api.admin_config_save_owner_role,POST,POST,/api/admin/config/routing/owner-role,admin,api,human_session,true,true,global,admin_config,none,PENDING_HUMAN_DESIGN,PENDING_HUMAN_DESIGN,PENDING_HUMAN_DESIGN,UNMAPPED,DEFERRED_POST_LAUNCH,APPROVED,NONE,UNCLASSIFIED,UNCLASSIFIED,aicrm_next/platform/admin_config/api.py:1368-1370
LEGACY-API-0282,S02,/api/admin/config/routing/rule,api.admin_config_save_routing_rule,POST,POST,/api/admin/config/routing/rule,admin,api,human_session,true,true,global,admin_config,none,PENDING_HUMAN_DESIGN,PENDING_HUMAN_DESIGN,PENDING_HUMAN_DESIGN,UNMAPPED,DEFERRED_POST_LAUNCH,APPROVED,NONE,UNCLASSIFIED,UNCLASSIFIED,aicrm_next/platform/admin_config/api.py:1373-1375
LEGACY-API-0283,S02,/api/admin/config/signup-tags,api.admin_config_signup_tags,GET,GET,/api/admin/config/signup-tags,admin,api,human_session,true,false,global,admin_config,none,PENDING_HUMAN_DESIGN,PENDING_HUMAN_DESIGN,PENDING_HUMAN_DESIGN,UNMAPPED,MIGRATE,APPROVED,NONE,UNCLASSIFIED,UNCLASSIFIED,aicrm_next/platform/admin_config/api.py:1378-1380
LEGACY-API-0284,S02,/api/admin/config/signup-tags,api.admin_config_save_signup_tag,POST,POST,/api/admin/config/signup-tags,admin,api,human_session,true,true,global,admin_config,none,PENDING_HUMAN_DESIGN,PENDING_HUMAN_DESIGN,PENDING_HUMAN_DESIGN,UNMAPPED,MIGRATE,APPROVED,NONE,UNCLASSIFIED,UNCLASSIFIED,aicrm_next/platform/admin_config/api.py:1383-1385
LEGACY-API-0285,S04,/api/admin/coupons,api.admin_coupons,GET,GET,/api/admin/coupons,admin,api,human_session,true,false,global,commerce,none,PENDING_HUMAN_DESIGN,PENDING_HUMAN_DESIGN,PENDING_HUMAN_DESIGN,UNMAPPED,MIGRATE,APPROVED,NONE,UNCLASSIFIED,UNCLASSIFIED,aicrm_next/extensions/commerce/commerce/coupons/admin_api.py:78-89
LEGACY-API-0286,S04,/api/admin/coupons,api.admin_coupon_create,POST,POST,/api/admin/coupons,admin,api,human_session,true,true,global,commerce,none,PENDING_HUMAN_DESIGN,PENDING_HUMAN_DESIGN,PENDING_HUMAN_DESIGN,UNMAPPED,MIGRATE,APPROVED,NONE,UNCLASSIFIED,UNCLASSIFIED,aicrm_next/extensions/commerce/commerce/coupons/admin_api.py:92-96
LEGACY-API-0287,S04,/api/admin/coupons/product-options,api.admin_coupon_product_options,GET,GET,/api/admin/coupons/product-options,admin,api,human_session,true,false,global,commerce,none,PENDING_HUMAN_DESIGN,PENDING_HUMAN_DESIGN,PENDING_HUMAN_DESIGN,UNMAPPED,MIGRATE,APPROVED,NONE,UNCLASSIFIED,UNCLASSIFIED,aicrm_next/extensions/commerce/commerce/coupons/admin_api.py:99-114
LEGACY-API-0288,S04,/api/admin/coupons/{coupon_id},api.admin_coupon_delete,DELETE,DELETE,/api/admin/coupons/{coupon_id},admin,api,human_session,true,true,global,commerce,none,PENDING_HUMAN_DESIGN,PENDING_HUMAN_DESIGN,PENDING_HUMAN_DESIGN,UNMAPPED,MIGRATE,APPROVED,NONE,UNCLASSIFIED,UNCLASSIFIED,aicrm_next/extensions/commerce/commerce/coupons/admin_api.py:129-133
LEGACY-API-0289,S04,/api/admin/coupons/{coupon_id},api.admin_coupon_detail,GET,GET,/api/admin/coupons/{coupon_id},admin,api,human_session,true,false,global,commerce,none,PENDING_HUMAN_DESIGN,PENDING_HUMAN_DESIGN,PENDING_HUMAN_DESIGN,UNMAPPED,MIGRATE,APPROVED,NONE,UNCLASSIFIED,UNCLASSIFIED,aicrm_next/extensions/commerce/commerce/coupons/admin_api.py:117-119
LEGACY-API-0290,S04,/api/admin/coupons/{coupon_id},api.admin_coupon_update,PUT,PUT,/api/admin/coupons/{coupon_id},admin,api,human_session,true,true,global,commerce,none,PENDING_HUMAN_DESIGN,PENDING_HUMAN_DESIGN,PENDING_HUMAN_DESIGN,UNMAPPED,MIGRATE,APPROVED,NONE,UNCLASSIFIED,UNCLASSIFIED,aicrm_next/extensions/commerce/commerce/coupons/admin_api.py:122-126
LEGACY-API-0291,S04,/api/admin/coupons/{coupon_id}/archive,api.admin_coupon_archive,POST,POST,/api/admin/coupons/{coupon_id}/archive,admin,api,human_session,true,true,global,commerce,none,PENDING_HUMAN_DESIGN,PENDING_HUMAN_DESIGN,PENDING_HUMAN_DESIGN,UNMAPPED,MIGRATE,APPROVED,NONE,UNCLASSIFIED,UNCLASSIFIED,aicrm_next/extensions/commerce/commerce/coupons/admin_api.py:150-154
LEGACY-API-0292,S04,/api/admin/coupons/{coupon_id}/claims,api.admin_coupon_claims,GET,GET,/api/admin/coupons/{coupon_id}/claims,admin,api,human_session,true,false,global,commerce,none,PENDING_HUMAN_DESIGN,PENDING_HUMAN_DESIGN,PENDING_HUMAN_DESIGN,UNMAPPED,MIGRATE,APPROVED,NONE,UNCLASSIFIED,UNCLASSIFIED,aicrm_next/extensions/commerce/commerce/coupons/admin_api.py:177-186
LEGACY-API-0293,S04,/api/admin/coupons/{coupon_id}/copy,api.admin_coupon_copy,POST,POST,/api/admin/coupons/{coupon_id}/copy,admin,api,human_session,true,true,global,commerce,none,PENDING_HUMAN_DESIGN,PENDING_HUMAN_DESIGN,PENDING_HUMAN_DESIGN,UNMAPPED,MIGRATE,APPROVED,NONE,UNCLASSIFIED,UNCLASSIFIED,aicrm_next/extensions/commerce/commerce/coupons/admin_api.py:157-164
LEGACY-API-0294,S04,/api/admin/coupons/{coupon_id}/publish,api.admin_coupon_publish,POST,POST,/api/admin/coupons/{coupon_id}/publish,admin,api,human_session,true,true,global,commerce,none,PENDING_HUMAN_DESIGN,PENDING_HUMAN_DESIGN,PENDING_HUMAN_DESIGN,UNMAPPED,MIGRATE,APPROVED,NONE,UNCLASSIFIED,UNCLASSIFIED,aicrm_next/extensions/commerce/commerce/coupons/admin_api.py:136-140
LEGACY-API-0295,S04,/api/admin/coupons/{coupon_id}/share,api.admin_coupon_share,GET,GET,/api/admin/coupons/{coupon_id}/share,admin,api,human_session,true,false,global,commerce,none,PENDING_HUMAN_DESIGN,PENDING_HUMAN_DESIGN,PENDING_HUMAN_DESIGN,UNMAPPED,MIGRATE,APPROVED,NONE,UNCLASSIFIED,UNCLASSIFIED,aicrm_next/extensions/commerce/commerce/coupons/admin_api.py:167-174
LEGACY-API-0296,S04,/api/admin/coupons/{coupon_id}/stop,api.admin_coupon_stop,POST,POST,/api/admin/coupons/{coupon_id}/stop,admin,api,human_session,true,true,global,commerce,none,PENDING_HUMAN_DESIGN,PENDING_HUMAN_DESIGN,PENDING_HUMAN_DESIGN,UNMAPPED,MIGRATE,APPROVED,NONE,UNCLASSIFIED,UNCLASSIFIED,aicrm_next/extensions/commerce/commerce/coupons/admin_api.py:143-147
LEGACY-API-0297,S02,/api/admin/customer-360/{unionid},get_admin_customer_360_profile,GET,GET,/api/admin/customer-360/{unionid},admin,api,human_session,true,false,global,customer_read_model,none,PENDING_HUMAN_DESIGN,PENDING_HUMAN_DESIGN,PENDING_HUMAN_DESIGN,UNMAPPED,DEFERRED_POST_LAUNCH,APPROVED,S02-D06_FIXTURE_OR_DEGRADED_EMPTY_RESULT_BOUNDARY,UNCLASSIFIED,UNCLASSIFIED,aicrm_next/crm/customer_read_model/api.py:1258-1263
LEGACY-API-0298,S02,/api/admin/customers/profile,get_admin_customer_profile,GET,GET,/api/admin/customers/profile,admin,api,human_session,true,false,global,customer_read_model,none,PENDING_HUMAN_DESIGN,PENDING_HUMAN_DESIGN,PENDING_HUMAN_DESIGN,UNMAPPED,DEFERRED_POST_LAUNCH,APPROVED,S02-D06_FIXTURE_OR_DEGRADED_EMPTY_RESULT_BOUNDARY,UNCLASSIFIED,UNCLASSIFIED,aicrm_next/crm/customer_read_model/api.py:1239-1255
LEGACY-API-0299,S02,/api/admin/customers/profile/messages,get_admin_customer_profile_messages,GET,GET,/api/admin/customers/profile/messages,admin,api,human_session,true,false,global,customer_read_model,none,PENDING_HUMAN_DESIGN,PENDING_HUMAN_DESIGN,PENDING_HUMAN_DESIGN,UNMAPPED,MIGRATE,APPROVED,S02-D06_FIXTURE_OR_DEGRADED_EMPTY_RESULT_BOUNDARY,UNCLASSIFIED,UNCLASSIFIED,aicrm_next/crm/customer_read_model/api.py:1346-1397
LEGACY-API-0300,S02,/api/admin/customers/profile/questionnaire-answers,get_admin_customer_profile_questionnaire_answers,GET,GET,/api/admin/customers/profile/questionnaire-answers,admin,api,human_session,true,false,global,customer_read_model,none,PENDING_HUMAN_DESIGN,PENDING_HUMAN_DESIGN,PENDING_HUMAN_DESIGN,UNMAPPED,MIGRATE,APPROVED,S02-D06_FIXTURE_OR_DEGRADED_EMPTY_RESULT_BOUNDARY,UNCLASSIFIED,UNCLASSIFIED,aicrm_next/crm/customer_read_model/api.py:1304-1343
LEGACY-API-0301,S02,/api/admin/customers/profile/tags,get_admin_customer_profile_tags,GET,GET,/api/admin/customers/profile/tags,admin,api,human_session,true,false,global,customer_read_model,none,GET,/api/admin/customers/profile/tags,getLegacyCustomerProfileTags,P4-CUSTOMER-PROFILE-TAGS-0301,MIGRATE,APPROVED,S02-D06_FIXTURE_OR_DEGRADED_EMPTY_RESULT_BOUNDARY,UNCLASSIFIED,UNCLASSIFIED,aicrm_next/crm/customer_read_model/api.py:1287-1301
LEGACY-API-0302,S04,/api/admin/customers/{external_userid}/commerce-summary,get_admin_customer_commerce_summary,GET,GET,/api/admin/customers/{external_userid}/commerce-summary,admin,api,human_session,true,false,global,commerce,none,PENDING_HUMAN_DESIGN,PENDING_HUMAN_DESIGN,PENDING_HUMAN_DESIGN,UNMAPPED,DEFERRED_POST_LAUNCH,APPROVED,NONE,UNCLASSIFIED,UNCLASSIFIED,aicrm_next/extensions/commerce/commerce/api.py:989-998
LEGACY-API-0303,S04,/api/admin/customers/{external_userid}/orders,get_admin_customer_orders,GET,GET,/api/admin/customers/{external_userid}/orders,admin,api,human_session,true,false,global,commerce,none,PENDING_HUMAN_DESIGN,PENDING_HUMAN_DESIGN,PENDING_HUMAN_DESIGN,UNMAPPED,DEFERRED_POST_LAUNCH,APPROVED,NONE,UNCLASSIFIED,UNCLASSIFIED,aicrm_next/extensions/commerce/commerce/api.py:961-986
LEGACY-API-0304,S02,/api/admin/customers/{unionid}/business-profile,get_admin_customer_business_profile,GET,GET,/api/admin/customers/{unionid}/business-profile,admin,api,human_session,true,false,global,customer_read_model,none,PENDING_HUMAN_DESIGN,PENDING_HUMAN_DESIGN,PENDING_HUMAN_DESIGN,UNMAPPED,DEFERRED_POST_LAUNCH,APPROVED,S02-D06_FIXTURE_OR_DEGRADED_EMPTY_RESULT_BOUNDARY,UNCLASSIFIED,UNCLASSIFIED,aicrm_next/crm/customer_read_model/api.py:1266-1284
LEGACY-API-0305,S04,/api/admin/data-health/checks,api_data_health_checks,GET,GET,/api/admin/data-health/checks,admin,api,human_session,true,false,global,data_health,none,GET,/api/admin/data-health/checks,listLegacyDataHealthChecks,P4-DATA-HEALTH-0305-0307,MIGRATE,APPROVED,NONE,UNCLASSIFIED,UNCLASSIFIED,aicrm_next/insights/data_health/api.py:21-23
LEGACY-API-0306,S04,/api/admin/data-health/checks/{check_id},api_data_health_check_detail,GET,GET,/api/admin/data-health/checks/{check_id},admin,api,human_session,true,false,global,data_health,none,GET,/api/admin/data-health/checks/{check_id},getLegacyDataHealthCheck,P4-DATA-HEALTH-0305-0307,MIGRATE,APPROVED,NONE,UNCLASSIFIED,UNCLASSIFIED,aicrm_next/insights/data_health/api.py:26-28
LEGACY-API-0307,S04,/api/admin/data-health/summary,api_data_health_summary,GET,GET,/api/admin/data-health/summary,admin,api,human_session,true,false,global,data_health,none,GET,/api/admin/data-health/summary,getLegacyDataHealthSummary,P4-DATA-HEALTH-0305-0307,MIGRATE,APPROVED,NONE,UNCLASSIFIED,UNCLASSIFIED,aicrm_next/insights/data_health/api.py:16-18
LEGACY-API-0308,S04,/api/admin/delivery-lineage,api_delivery_lineage_list,GET,GET,/api/admin/delivery-lineage,admin,api,human_session,true,false,global,delivery_lineage,none,GET,/api/admin/delivery-lineage,getLegacyDeliveryLineage,P4-DELIVERY-LINEAGE-0308,MIGRATE,APPROVED,NONE,UNCLASSIFIED,UNCLASSIFIED,aicrm_next/insights/delivery_lineage/api.py:18-20
LEGACY-API-0309,S04,/api/admin/delivery-lineage/by-trace/{trace_id},api_delivery_lineage_by_trace,GET,GET,/api/admin/delivery-lineage/by-trace/{trace_id},admin,api,human_session,true,false,global,delivery_lineage,none,PENDING_HUMAN_DESIGN,PENDING_HUMAN_DESIGN,PENDING_HUMAN_DESIGN,UNMAPPED,DEFERRED_POST_LAUNCH,APPROVED,NONE,UNCLASSIFIED,UNCLASSIFIED,aicrm_next/insights/delivery_lineage/api.py:33-35
LEGACY-API-0310,S04,/api/admin/delivery-lineage/by-unionid/{unionid},api_delivery_lineage_by_unionid,GET,GET,/api/admin/delivery-lineage/by-unionid/{unionid},admin,api,human_session,true,false,global,delivery_lineage,none,PENDING_HUMAN_DESIGN,PENDING_HUMAN_DESIGN,PENDING_HUMAN_DESIGN,UNMAPPED,DEFERRED_POST_LAUNCH,APPROVED,NONE,UNCLASSIFIED,UNCLASSIFIED,aicrm_next/insights/delivery_lineage/api.py:28-30
LEGACY-API-0311,S04,/api/admin/delivery-lineage/metrics/daily,api_delivery_lineage_daily_metrics,GET,GET,/api/admin/delivery-lineage/metrics/daily,admin,api,human_session,true,false,global,delivery_lineage,none,PENDING_HUMAN_DESIGN,PENDING_HUMAN_DESIGN,PENDING_HUMAN_DESIGN,UNMAPPED,DEFERRED_POST_LAUNCH,APPROVED,NONE,UNCLASSIFIED,UNCLASSIFIED,aicrm_next/insights/delivery_lineage/api.py:23-25
LEGACY-API-0312,S04,/api/admin/delivery-lineage/{lineage_id},api_delivery_lineage_detail,GET,GET,/api/admin/delivery-lineage/{lineage_id},admin,api,human_session,true,false,global,delivery_lineage,none,PENDING_HUMAN_DESIGN,PENDING_HUMAN_DESIGN,PENDING_HUMAN_DESIGN,UNMAPPED,DEFERRED_POST_LAUNCH,APPROVED,NONE,UNCLASSIFIED,UNCLASSIFIED,aicrm_next/insights/delivery_lineage/api.py:38-40
LEGACY-API-0313,S04,/api/admin/direct-send/wecom-private,create_admin_direct_wecom_private_send,POST,POST,/api/admin/direct-send/wecom-private,admin,api,human_session,true,true,global,ai_assist,none,PENDING_HUMAN_DESIGN,PENDING_HUMAN_DESIGN,PENDING_HUMAN_DESIGN,UNMAPPED,MIGRATE,APPROVED,NONE,UNCLASSIFIED,UNCLASSIFIED,aicrm_next/extensions/ai/ai_assist/api.py:143-155
LEGACY-API-0314,S04,/api/admin/execution-runtime,get_execution_runtime,GET,GET,/api/admin/execution-runtime,admin,api,human_session,true,false,global,platform_foundation,none,GET,/api/admin/execution-runtime,getLegacyExecutionRuntime,P4-EXECUTION-RUNTIME-0314,MIGRATE,APPROVED,NONE,UNCLASSIFIED,UNCLASSIFIED,aicrm_next/platform/platform_foundation/execution_runtime/api.py:22-37
LEGACY-API-0315,S04,/api/admin/executions/{execution_id},get_execution_timeline,GET,GET,/api/admin/executions/{execution_id},admin,api,human_session,true,false,global,platform_foundation,none,GET,/api/admin/executions/{execution_id},getLegacyExecutionTimeline,P4-EXECUTION-RUNTIME-0315,MIGRATE,APPROVED,NONE,UNCLASSIFIED,UNCLASSIFIED,aicrm_next/platform/platform_foundation/execution_runtime/api.py:40-61
LEGACY-API-0316,S04,/api/admin/exports,create_admin_export,POST,POST,/api/admin/exports,admin,api,human_session,true,true,global,commerce,none,PENDING_HUMAN_DESIGN,PENDING_HUMAN_DESIGN,PENDING_HUMAN_DESIGN,UNMAPPED,MIGRATE,APPROVED,NONE,UNCLASSIFIED,UNCLASSIFIED,aicrm_next/extensions/commerce/commerce/api.py:1089-1103
LEGACY-API-0317,S04,/api/admin/exports/{job_id},get_admin_export,GET,GET,/api/admin/exports/{job_id},admin,api,human_session,true,false,global,commerce,none,PENDING_HUMAN_DESIGN,PENDING_HUMAN_DESIGN,PENDING_HUMAN_DESIGN,UNMAPPED,MIGRATE,APPROVED,NONE,UNCLASSIFIED,UNCLASSIFIED,aicrm_next/extensions/commerce/commerce/api.py:1106-1122
LEGACY-API-0318,S03,/api/admin/external-effects/diagnostics,external_effect_diagnostics,GET,GET,/api/admin/external-effects/diagnostics,admin,api,human_session,true,false,global,platform_foundation,staging_disabled,PENDING_HUMAN_DESIGN,PENDING_HUMAN_DESIGN,PENDING_HUMAN_DESIGN,UNMAPPED,MIGRATE,APPROVED,MANIFEST_EXTERNAL_EFFECTS_STAGING_DISABLED|PUSH_OR_EFFECT_STATUS_NOT_DELIVERY_PROOF|S03-D07_MANIFEST_STAGING_DISABLED_VS_GATED_SOURCE_PATH,UNCLASSIFIED,UNCLASSIFIED,aicrm_next/platform/platform_foundation/external_effects/api.py:215-240
LEGACY-API-0319,S03,/api/admin/external-effects/jobs,list_external_effect_jobs,GET,GET,/api/admin/external-effects/jobs,admin,api,human_session,true,false,global,platform_foundation,staging_disabled,PENDING_HUMAN_DESIGN,PENDING_HUMAN_DESIGN,PENDING_HUMAN_DESIGN,UNMAPPED,MIGRATE,APPROVED,MANIFEST_EXTERNAL_EFFECTS_STAGING_DISABLED|PUSH_OR_EFFECT_STATUS_NOT_DELIVERY_PROOF|S03-D07_MANIFEST_STAGING_DISABLED_VS_GATED_SOURCE_PATH,UNCLASSIFIED,UNCLASSIFIED,aicrm_next/platform/platform_foundation/external_effects/api.py:185-212
LEGACY-API-0320,S03,/api/admin/external-effects/jobs/{job_id},get_external_effect_job,GET,GET,/api/admin/external-effects/jobs/{job_id},admin,api,human_session,true,false,global,platform_foundation,staging_disabled,PENDING_HUMAN_DESIGN,PENDING_HUMAN_DESIGN,PENDING_HUMAN_DESIGN,UNMAPPED,DEFERRED_POST_LAUNCH,APPROVED,MANIFEST_EXTERNAL_EFFECTS_STAGING_DISABLED|PUSH_OR_EFFECT_STATUS_NOT_DELIVERY_PROOF|S03-D07_MANIFEST_STAGING_DISABLED_VS_GATED_SOURCE_PATH,UNCLASSIFIED,UNCLASSIFIED,aicrm_next/platform/platform_foundation/external_effects/api.py:315-328
LEGACY-API-0321,S03,/api/admin/external-effects/jobs/{job_id}/cancel,cancel_external_effect_job,POST,POST,/api/admin/external-effects/jobs/{job_id}/cancel,admin,api,human_or_service,true,true,global,platform_foundation,staging_disabled,PENDING_HUMAN_DESIGN,PENDING_HUMAN_DESIGN,PENDING_HUMAN_DESIGN,UNMAPPED,MIGRATE,APPROVED,MANIFEST_EXTERNAL_EFFECTS_STAGING_DISABLED|PUSH_OR_EFFECT_STATUS_NOT_DELIVERY_PROOF|S03-D06_CANCEL_ONLY_SAFE_BEFORE_PROVIDER|S03-D07_MANIFEST_STAGING_DISABLED_VS_GATED_SOURCE_PATH,UNCLASSIFIED,UNCLASSIFIED,aicrm_next/platform/platform_foundation/external_effects/api.py:517-546
LEGACY-API-0322,S03,/api/admin/external-effects/jobs/{job_id}/retry,retry_external_effect_job,POST,POST,/api/admin/external-effects/jobs/{job_id}/retry,admin,api,human_or_service,true,true,global,platform_foundation,staging_disabled,PENDING_HUMAN_DESIGN,PENDING_HUMAN_DESIGN,PENDING_HUMAN_DESIGN,UNMAPPED,MIGRATE,APPROVED,MANIFEST_EXTERNAL_EFFECTS_STAGING_DISABLED|PUSH_OR_EFFECT_STATUS_NOT_DELIVERY_PROOF|S03-D06_UNKNOWN_RETRY_REQUIRES_DUPLICATE_RISK_CONFIRMATION|S03-D07_MANIFEST_STAGING_DISABLED_VS_GATED_SOURCE_PATH,UNCLASSIFIED,UNCLASSIFIED,aicrm_next/platform/platform_foundation/external_effects/api.py:485-514
LEGACY-API-0323,S03,/api/admin/external-effects/run-due,run_external_effect_due,POST,POST,/api/admin/external-effects/run-due,admin,api,human_or_service,true,true,global,platform_foundation,staging_disabled,PENDING_HUMAN_DESIGN,PENDING_HUMAN_DESIGN,PENDING_HUMAN_DESIGN,UNMAPPED,MIGRATE,APPROVED,MANIFEST_EXTERNAL_EFFECTS_STAGING_DISABLED|PUSH_OR_EFFECT_STATUS_NOT_DELIVERY_PROOF|S03-D05_202_QUEUE_COMMAND_NOT_PROVIDER_DELIVERY|S03-D07_MANIFEST_STAGING_DISABLED_VS_GATED_SOURCE_PATH,UNCLASSIFIED,UNCLASSIFIED,aicrm_next/platform/platform_foundation/external_effects/api.py:340-415
LEGACY-API-0324,S03,/api/admin/external-effects/run-due/preview,preview_external_effect_run_due,POST,POST,/api/admin/external-effects/run-due/preview,admin,api,human_or_service,true,true,global,platform_foundation,staging_disabled,PENDING_HUMAN_DESIGN,PENDING_HUMAN_DESIGN,PENDING_HUMAN_DESIGN,UNMAPPED,DEFERRED_POST_LAUNCH,APPROVED,MANIFEST_EXTERNAL_EFFECTS_STAGING_DISABLED|PUSH_OR_EFFECT_STATUS_NOT_DELIVERY_PROOF|S03-D07_MANIFEST_STAGING_DISABLED_VS_GATED_SOURCE_PATH,UNCLASSIFIED,UNCLASSIFIED,aicrm_next/platform/platform_foundation/external_effects/api.py:331-337
LEGACY-API-0325,S03,/api/admin/external-effects/test-loopback/jobs,create_external_effect_test_loopback_job,POST,POST,/api/admin/external-effects/test-loopback/jobs,admin,api,human_or_service,true,true,global,platform_foundation,staging_disabled,PENDING_HUMAN_DESIGN,PENDING_HUMAN_DESIGN,PENDING_HUMAN_DESIGN,UNMAPPED,DEFERRED_POST_LAUNCH,APPROVED,MANIFEST_EXTERNAL_EFFECTS_STAGING_DISABLED|PUSH_OR_EFFECT_STATUS_NOT_DELIVERY_PROOF|S03-D04_SIMULATED_OR_TEST_RECEIPT_NOT_REAL_PROVIDER_DELIVERY|S03-D07_MANIFEST_STAGING_DISABLED_VS_GATED_SOURCE_PATH,UNCLASSIFIED,UNCLASSIFIED,aicrm_next/platform/platform_foundation/external_effects/api.py:427-445
LEGACY-API-0326,S03,/api/admin/external-effects/test-receipts,list_external_effect_test_receipts,GET,GET,/api/admin/external-effects/test-receipts,admin,api,human_session,true,false,global,platform_foundation,staging_disabled,PENDING_HUMAN_DESIGN,PENDING_HUMAN_DESIGN,PENDING_HUMAN_DESIGN,UNMAPPED,DEFERRED_POST_LAUNCH,APPROVED,MANIFEST_EXTERNAL_EFFECTS_STAGING_DISABLED|PUSH_OR_EFFECT_STATUS_NOT_DELIVERY_PROOF|S03-D04_SIMULATED_OR_TEST_RECEIPT_NOT_REAL_PROVIDER_DELIVERY|S03-D07_MANIFEST_STAGING_DISABLED_VS_GATED_SOURCE_PATH,UNCLASSIFIED,UNCLASSIFIED,aicrm_next/platform/platform_foundation/external_effects/api.py:448-474
LEGACY-API-0327,S03,/api/admin/external-effects/test-receipts/{receipt_id},get_external_effect_test_receipt,GET,GET,/api/admin/external-effects/test-receipts/{receipt_id},admin,api,human_session,true,false,global,platform_foundation,staging_disabled,PENDING_HUMAN_DESIGN,PENDING_HUMAN_DESIGN,PENDING_HUMAN_DESIGN,UNMAPPED,DEFERRED_POST_LAUNCH,APPROVED,MANIFEST_EXTERNAL_EFFECTS_STAGING_DISABLED|PUSH_OR_EFFECT_STATUS_NOT_DELIVERY_PROOF|S03-D04_SIMULATED_OR_TEST_RECEIPT_NOT_REAL_PROVIDER_DELIVERY|S03-D07_MANIFEST_STAGING_DISABLED_VS_GATED_SOURCE_PATH,UNCLASSIFIED,UNCLASSIFIED,aicrm_next/platform/platform_foundation/external_effects/api.py:477-482
LEGACY-API-0328,S03,/api/admin/external-effects/troubleshooting/jobs,list_external_effect_troubleshooting_jobs,GET,GET,/api/admin/external-effects/troubleshooting/jobs,admin,api,human_session,true,false,global,platform_foundation,staging_disabled,PENDING_HUMAN_DESIGN,PENDING_HUMAN_DESIGN,PENDING_HUMAN_DESIGN,UNMAPPED,MIGRATE,APPROVED,MANIFEST_EXTERNAL_EFFECTS_STAGING_DISABLED|PUSH_OR_EFFECT_STATUS_NOT_DELIVERY_PROOF|S03-D07_MANIFEST_STAGING_DISABLED_VS_GATED_SOURCE_PATH,UNCLASSIFIED,UNCLASSIFIED,aicrm_next/platform/platform_foundation/external_effects/api.py:281-300
LEGACY-API-0329,S03,/api/admin/external-effects/troubleshooting/jobs/{job_id},get_external_effect_troubleshooting_job,GET,GET,/api/admin/external-effects/troubleshooting/jobs/{job_id},admin,api,human_session,true,false,global,platform_foundation,staging_disabled,PENDING_HUMAN_DESIGN,PENDING_HUMAN_DESIGN,PENDING_HUMAN_DESIGN,UNMAPPED,MIGRATE,APPROVED,MANIFEST_EXTERNAL_EFFECTS_STAGING_DISABLED|PUSH_OR_EFFECT_STATUS_NOT_DELIVERY_PROOF|S03-D07_MANIFEST_STAGING_DISABLED_VS_GATED_SOURCE_PATH,UNCLASSIFIED,UNCLASSIFIED,aicrm_next/platform/platform_foundation/external_effects/api.py:303-312
LEGACY-API-0330,S03,/api/admin/external-effects/troubleshooting/summary,external_effect_troubleshooting_summary,GET,GET,/api/admin/external-effects/troubleshooting/summary,admin,api,human_session,true,false,global,platform_foundation,staging_disabled,PENDING_HUMAN_DESIGN,PENDING_HUMAN_DESIGN,PENDING_HUMAN_DESIGN,UNMAPPED,DEFERRED_POST_LAUNCH,APPROVED,MANIFEST_EXTERNAL_EFFECTS_STAGING_DISABLED|PUSH_OR_EFFECT_STATUS_NOT_DELIVERY_PROOF|S03-D07_MANIFEST_STAGING_DISABLED_VS_GATED_SOURCE_PATH,UNCLASSIFIED,UNCLASSIFIED,aicrm_next/platform/platform_foundation/external_effects/api.py:261-278
LEGACY-API-0331,S04,/api/admin/group-invite-bindings,list_group_invite_bindings,GET,GET,/api/admin/group-invite-bindings,admin,api,human_session,true,false,global,media_library,none,PENDING_HUMAN_DESIGN,PENDING_HUMAN_DESIGN,PENDING_HUMAN_DESIGN,UNMAPPED,MIGRATE,APPROVED,NONE,UNCLASSIFIED,UNCLASSIFIED,aicrm_next/engagement/media_library/api.py:467-469
LEGACY-API-0332,S04,/api/admin/group-invite-bindings/ensure,ensure_group_invite_binding,POST,POST,/api/admin/group-invite-bindings/ensure,admin,api,human_session,true,true,global,media_library,none,PENDING_HUMAN_DESIGN,PENDING_HUMAN_DESIGN,PENDING_HUMAN_DESIGN,UNMAPPED,MIGRATE,APPROVED,NONE,UNCLASSIFIED,UNCLASSIFIED,aicrm_next/engagement/media_library/api.py:472-480
LEGACY-API-0333,S04,/api/admin/group-invite-bindings/{item_id},get_group_invite_binding,GET,GET,/api/admin/group-invite-bindings/{item_id},admin,api,human_session,true,false,global,media_library,none,PENDING_HUMAN_DESIGN,PENDING_HUMAN_DESIGN,PENDING_HUMAN_DESIGN,UNMAPPED,DEFERRED_POST_LAUNCH,APPROVED,NONE,UNCLASSIFIED,UNCLASSIFIED,aicrm_next/engagement/media_library/api.py:483-485
LEGACY-API-0334,S04,/api/admin/group-invite-bindings/{item_id},update_group_invite_binding,PUT,PUT,/api/admin/group-invite-bindings/{item_id},admin,api,human_session,true,true,global,media_library,none,PENDING_HUMAN_DESIGN,PENDING_HUMAN_DESIGN,PENDING_HUMAN_DESIGN,UNMAPPED,DEFERRED_POST_LAUNCH,APPROVED,NONE,UNCLASSIFIED,UNCLASSIFIED,aicrm_next/engagement/media_library/api.py:488-496
LEGACY-API-0335,S04,/api/admin/group-invite-library,list_group_invites,GET,GET,/api/admin/group-invite-library,admin,api,human_session,true,false,global,media_library,none,PENDING_HUMAN_DESIGN,PENDING_HUMAN_DESIGN,PENDING_HUMAN_DESIGN,UNMAPPED,MIGRATE,APPROVED,NONE,UNCLASSIFIED,UNCLASSIFIED,aicrm_next/engagement/media_library/api.py:445-453
LEGACY-API-0336,S04,/api/admin/group-invite-library,create_group_invite,POST,POST,/api/admin/group-invite-library,admin,api,human_session,true,true,global,media_library,none,PENDING_HUMAN_DESIGN,PENDING_HUMAN_DESIGN,PENDING_HUMAN_DESIGN,UNMAPPED,DEFERRED_POST_LAUNCH,APPROVED,NONE,UNCLASSIFIED,UNCLASSIFIED,aicrm_next/engagement/media_library/api.py:456-464
LEGACY-API-0337,S04,/api/admin/group-invite-library/{item_id},delete_group_invite,DELETE,DELETE,/api/admin/group-invite-library/{item_id},admin,api,human_session,true,true,global,media_library,none,PENDING_HUMAN_DESIGN,PENDING_HUMAN_DESIGN,PENDING_HUMAN_DESIGN,UNMAPPED,DEFERRED_POST_LAUNCH,APPROVED,NONE,UNCLASSIFIED,UNCLASSIFIED,aicrm_next/engagement/media_library/api.py:518-526
LEGACY-API-0338,S04,/api/admin/group-invite-library/{item_id},get_group_invite,GET,GET,/api/admin/group-invite-library/{item_id},admin,api,human_session,true,false,global,media_library,none,PENDING_HUMAN_DESIGN,PENDING_HUMAN_DESIGN,PENDING_HUMAN_DESIGN,UNMAPPED,DEFERRED_POST_LAUNCH,APPROVED,NONE,UNCLASSIFIED,UNCLASSIFIED,aicrm_next/engagement/media_library/api.py:499-504
LEGACY-API-0339,S04,/api/admin/group-invite-library/{item_id},update_group_invite,PUT,PUT,/api/admin/group-invite-library/{item_id},admin,api,human_session,true,true,global,media_library,none,PENDING_HUMAN_DESIGN,PENDING_HUMAN_DESIGN,PENDING_HUMAN_DESIGN,UNMAPPED,DEFERRED_POST_LAUNCH,APPROVED,NONE,UNCLASSIFIED,UNCLASSIFIED,aicrm_next/engagement/media_library/api.py:507-515
LEGACY-API-0340,S04,/api/admin/hxc-dashboard,get_hxc_dashboard,GET,GET,/api/admin/hxc-dashboard,admin,api,human_session,true,false,global,hxc_dashboard,none,PENDING_HUMAN_DESIGN,PENDING_HUMAN_DESIGN,PENDING_HUMAN_DESIGN,UNMAPPED,DEFERRED_POST_LAUNCH,APPROVED,NONE,UNCLASSIFIED,UNCLASSIFIED,aicrm_next/extensions/hxc/hxc_dashboard/api.py:175-177
LEGACY-API-0341,S04,/api/admin/hxc-dashboard/broadcast,hxc_dashboard_broadcast_options,OPTIONS,OPTIONS,/api/admin/hxc-dashboard/broadcast,admin,api,human_session,true,false,global,hxc_dashboard,none,PENDING_HUMAN_DESIGN,PENDING_HUMAN_DESIGN,PENDING_HUMAN_DESIGN,UNMAPPED,DEFERRED_POST_LAUNCH,APPROVED,NONE,UNCLASSIFIED,UNCLASSIFIED,aicrm_next/extensions/hxc/hxc_dashboard/api.py:263-265
LEGACY-API-0342,S04,/api/admin/hxc-dashboard/broadcast,plan_hxc_dashboard_broadcast,POST,POST,/api/admin/hxc-dashboard/broadcast,admin,api,human_session,true,true,global,hxc_dashboard,none,PENDING_HUMAN_DESIGN,PENDING_HUMAN_DESIGN,PENDING_HUMAN_DESIGN,UNMAPPED,DEFERRED_POST_LAUNCH,APPROVED,NONE,UNCLASSIFIED,UNCLASSIFIED,aicrm_next/extensions/hxc/hxc_dashboard/api.py:268-282
LEGACY-API-0343,S04,/api/admin/hxc-dashboard/broadcast-tasks,create_hxc_broadcast_task,POST,POST,/api/admin/hxc-dashboard/broadcast-tasks,admin,api,human_session,true,true,global,hxc_dashboard,none,PENDING_HUMAN_DESIGN,PENDING_HUMAN_DESIGN,PENDING_HUMAN_DESIGN,UNMAPPED,MIGRATE,APPROVED,NONE,UNCLASSIFIED,UNCLASSIFIED,aicrm_next/extensions/hxc/hxc_dashboard/api.py:285-296
LEGACY-API-0344,S04,/api/admin/hxc-dashboard/refresh,hxc_dashboard_refresh_options,OPTIONS,OPTIONS,/api/admin/hxc-dashboard/refresh,admin,api,human_session,true,false,global,hxc_dashboard,none,PENDING_HUMAN_DESIGN,PENDING_HUMAN_DESIGN,PENDING_HUMAN_DESIGN,UNMAPPED,MIGRATE,APPROVED,NONE,UNCLASSIFIED,UNCLASSIFIED,aicrm_next/extensions/hxc/hxc_dashboard/api.py:180-182
LEGACY-API-0345,S04,/api/admin/hxc-dashboard/refresh,plan_hxc_dashboard_refresh,POST,POST,/api/admin/hxc-dashboard/refresh,admin,api,human_session,true,true,global,hxc_dashboard,none,PENDING_HUMAN_DESIGN,PENDING_HUMAN_DESIGN,PENDING_HUMAN_DESIGN,UNMAPPED,MIGRATE,APPROVED,NONE,UNCLASSIFIED,UNCLASSIFIED,aicrm_next/extensions/hxc/hxc_dashboard/api.py:185-196
LEGACY-API-0346,S04,/api/admin/hxc-dashboard/refresh-directory,hxc_dashboard_refresh_directory_options,OPTIONS,OPTIONS,/api/admin/hxc-dashboard/refresh-directory,admin,api,human_session,true,false,global,hxc_dashboard,none,PENDING_HUMAN_DESIGN,PENDING_HUMAN_DESIGN,PENDING_HUMAN_DESIGN,UNMAPPED,MIGRATE,APPROVED,NONE,UNCLASSIFIED,UNCLASSIFIED,aicrm_next/extensions/hxc/hxc_dashboard/api.py:199-201
LEGACY-API-0347,S04,/api/admin/hxc-dashboard/refresh-directory,plan_hxc_dashboard_refresh_directory,POST,POST,/api/admin/hxc-dashboard/refresh-directory,admin,api,human_session,true,true,global,hxc_dashboard,none,PENDING_HUMAN_DESIGN,PENDING_HUMAN_DESIGN,PENDING_HUMAN_DESIGN,UNMAPPED,MIGRATE,APPROVED,NONE,UNCLASSIFIED,UNCLASSIFIED,aicrm_next/extensions/hxc/hxc_dashboard/api.py:204-212
LEGACY-API-0348,S04,/api/admin/hxc-dashboard/send-config,get_hxc_send_config,GET,GET,/api/admin/hxc-dashboard/send-config,admin,api,human_session,true,false,global,hxc_dashboard,none,GET,/api/admin/hxc-dashboard/send-config,getLegacyHXCSendConfig,P4-HXC-SENDER-0051-0348,MIGRATE,APPROVED,NONE,UNCLASSIFIED,UNCLASSIFIED,aicrm_next/extensions/hxc/hxc_dashboard/api.py:215-217
LEGACY-API-0349,S04,/api/admin/hxc-dashboard/send-config,hxc_send_config_options,OPTIONS,OPTIONS,/api/admin/hxc-dashboard/send-config,admin,api,human_session,true,false,global,hxc_dashboard,none,PENDING_HUMAN_DESIGN,PENDING_HUMAN_DESIGN,PENDING_HUMAN_DESIGN,UNMAPPED,MIGRATE,APPROVED,NONE,UNCLASSIFIED,UNCLASSIFIED,aicrm_next/extensions/hxc/hxc_dashboard/api.py:220-222
LEGACY-API-0350,S04,/api/admin/hxc-dashboard/send-config,upsert_hxc_send_config,POST,POST,/api/admin/hxc-dashboard/send-config,admin,api,human_session,true,true,global,hxc_dashboard,none,PENDING_HUMAN_DESIGN,PENDING_HUMAN_DESIGN,PENDING_HUMAN_DESIGN,UNMAPPED,MIGRATE,APPROVED,NONE,UNCLASSIFIED,UNCLASSIFIED,aicrm_next/extensions/hxc/hxc_dashboard/api.py:225-239
LEGACY-API-0351,S04,/api/admin/hxc-dashboard/send-config/{sender_userid},delete_hxc_send_config,DELETE,DELETE,/api/admin/hxc-dashboard/send-config/{sender_userid},admin,api,human_session,true,true,global,hxc_dashboard,none,PENDING_HUMAN_DESIGN,PENDING_HUMAN_DESIGN,PENDING_HUMAN_DESIGN,UNMAPPED,MIGRATE,APPROVED,NONE,UNCLASSIFIED,UNCLASSIFIED,aicrm_next/extensions/hxc/hxc_dashboard/api.py:249-260
LEGACY-API-0352,S04,/api/admin/hxc-dashboard/send-config/{sender_userid},hxc_send_config_delete_options,OPTIONS,OPTIONS,/api/admin/hxc-dashboard/send-config/{sender_userid},admin,api,human_session,true,false,global,hxc_dashboard,none,PENDING_HUMAN_DESIGN,PENDING_HUMAN_DESIGN,PENDING_HUMAN_DESIGN,UNMAPPED,MIGRATE,APPROVED,NONE,UNCLASSIFIED,UNCLASSIFIED,aicrm_next/extensions/hxc/hxc_dashboard/api.py:242-246
LEGACY-API-0353,S04,/api/admin/hxc-dashboard/{unknown_path:path},hxc_dashboard_unknown_path,GET|POST,GET|POST,/api/admin/hxc-dashboard/{unknown_path:path},admin,api,human_session,true,true,global,hxc_dashboard,none,PENDING_HUMAN_DESIGN,PENDING_HUMAN_DESIGN,PENDING_HUMAN_DESIGN,UNMAPPED,DEFERRED_POST_LAUNCH,APPROVED,SOURCE_METHOD_BUNDLE_DIFFERS|SOURCE_ONLY_OPTIONS,UNCLASSIFIED,UNCLASSIFIED,aicrm_next/extensions/hxc/hxc_dashboard/api.py:303-305
LEGACY-API-0354,S02,/api/admin/identity/links/{identity_key},admin_identity_links,GET,GET,/api/admin/identity/links/{identity_key},admin,api,human_session,true,false,global,identity_contact,none,PENDING_HUMAN_DESIGN,PENDING_HUMAN_DESIGN,PENDING_HUMAN_DESIGN,UNMAPPED,DEFERRED_POST_LAUNCH,APPROVED,NONE,UNCLASSIFIED,UNCLASSIFIED,aicrm_next/crm/identity_contact/api.py:126-185
LEGACY-API-0355,S02,/api/admin/identity/resolve,admin_resolve_identity,GET,GET,/api/admin/identity/resolve,admin,api,human_session,true,false,global,identity_contact,none,PENDING_HUMAN_DESIGN,PENDING_HUMAN_DESIGN,PENDING_HUMAN_DESIGN,UNMAPPED,MIGRATE,APPROVED,NONE,UNCLASSIFIED,UNCLASSIFIED,aicrm_next/crm/identity_contact/api.py:72-123
LEGACY-API-0356,S04,/api/admin/image-library,list_images,GET,GET,/api/admin/image-library,admin,api,human_session,true,false,global,media_library,none,GET,/api/admin/image-library,getLegacyImageList,P4-IMAGE-LIST-0356,MIGRATE,APPROVED,NONE,UNCLASSIFIED,UNCLASSIFIED,aicrm_next/engagement/media_library/api.py:152-174
LEGACY-API-0357,S04,/api/admin/image-library,create_image,POST,POST,/api/admin/image-library,admin,api,human_session,true,true,global,media_library,none,POST,/api/admin/image-library,createLegacyImage,P4-IMAGE-CREATE-0357,MIGRATE,APPROVED,NONE,UNCLASSIFIED,UNCLASSIFIED,aicrm_next/engagement/media_library/api.py:182-184
LEGACY-API-0358,S04,/api/admin/image-library/facets,list_image_facets,GET,GET,/api/admin/image-library/facets,admin,api,human_session,true,false,global,media_library,none,GET,/api/admin/image-library/facets,getLegacyImageFacets,P4-IMAGE-FACETS-0358,MIGRATE,APPROVED,NONE,UNCLASSIFIED,UNCLASSIFIED,aicrm_next/engagement/media_library/api.py:177-179
LEGACY-API-0359,S04,/api/admin/image-library/from-base64,image_from_base64,POST,POST,/api/admin/image-library/from-base64,admin,api,human_session,true,true,global,media_library,none,PENDING_HUMAN_DESIGN,PENDING_HUMAN_DESIGN,PENDING_HUMAN_DESIGN,UNMAPPED,DEFERRED_POST_LAUNCH,APPROVED,NONE,UNCLASSIFIED,UNCLASSIFIED,aicrm_next/engagement/media_library/api.py:192-194
LEGACY-API-0360,S04,/api/admin/image-library/from-url,image_from_url,POST,POST,/api/admin/image-library/from-url,admin,api,human_session,true,true,global,media_library,none,PENDING_HUMAN_DESIGN,PENDING_HUMAN_DESIGN,PENDING_HUMAN_DESIGN,UNMAPPED,DEFERRED_POST_LAUNCH,APPROVED,NONE,UNCLASSIFIED,UNCLASSIFIED,aicrm_next/engagement/media_library/api.py:187-189
LEGACY-API-0361,S04,/api/admin/image-library/upload,upload_image,POST,POST,/api/admin/image-library/upload,admin,api,human_session,true,true,global,media_library,none,POST,/api/admin/image-library/upload,uploadLegacyImage,P4-IMAGE-UPLOAD-0361,MIGRATE,APPROVED,NONE,UNCLASSIFIED,UNCLASSIFIED,aicrm_next/engagement/media_library/api.py:197-219
LEGACY-API-0362,S04,/api/admin/image-library/{image_id},delete_image,DELETE,DELETE,/api/admin/image-library/{image_id},admin,api,human_session,true,true,global,media_library,none,DELETE,/api/admin/image-library/{image_id},deleteLegacyImage,P4-IMAGE-DELETE-0362,MIGRATE,APPROVED,NONE,UNCLASSIFIED,UNCLASSIFIED,aicrm_next/engagement/media_library/api.py:325-333
LEGACY-API-0363,S04,/api/admin/image-library/{image_id},get_image,GET,GET,/api/admin/image-library/{image_id},admin,api,human_session,true,false,global,media_library,none,GET,/api/admin/image-library/{image_id},getLegacyImage,P4-IMAGE-DETAIL-0363,MIGRATE,APPROVED,NONE,UNCLASSIFIED,UNCLASSIFIED,aicrm_next/engagement/media_library/api.py:222-230
LEGACY-API-0364,S04,/api/admin/image-library/{image_id},update_image,PUT,PUT,/api/admin/image-library/{image_id},admin,api,human_session,true,true,global,media_library,none,PUT,/api/admin/image-library/{image_id},updateLegacyImage,P4-IMAGE-UPDATE-0364,MIGRATE,APPROVED,NONE,UNCLASSIFIED,UNCLASSIFIED,aicrm_next/engagement/media_library/api.py:317-322
LEGACY-API-0365,S04,/api/admin/image-library/{image_id}/thumbnail,get_image_thumbnail,GET,GET,/api/admin/image-library/{image_id}/thumbnail,admin,api,human_session,true,false,global,media_library,none,PENDING_HUMAN_DESIGN,PENDING_HUMAN_DESIGN,PENDING_HUMAN_DESIGN,UNMAPPED,DEFERRED_POST_LAUNCH,APPROVED,NONE,UNCLASSIFIED,UNCLASSIFIED,aicrm_next/engagement/media_library/api.py:233-276
LEGACY-API-0366,S04,/api/admin/image-library/{image_id}/variants/{variant_key},get_image_variant,GET,GET,/api/admin/image-library/{image_id}/variants/{variant_key},admin,api,human_session,true,false,global,media_library,none,GET,/api/admin/image-library/{image_id}/variants/{variant_key},getLegacyImageVariant,P4-IMAGE-VARIANT-0366,MIGRATE,APPROVED,NONE,UNCLASSIFIED,UNCLASSIFIED,aicrm_next/engagement/media_library/api.py:279-314
LEGACY-API-0367,S04,/api/admin/internal-events,list_internal_events,GET,GET,/api/admin/internal-events,admin,api,human_session,true,false,global,platform_foundation,none,GET,/api/admin/internal-events,listLegacyInternalEvents,P4-INTERNAL-EVENTS-0367-0368,MIGRATE,APPROVED,NONE,UNCLASSIFIED,UNCLASSIFIED,aicrm_next/platform/platform_foundation/internal_events/api.py:235-279
LEGACY-API-0368,S04,/api/admin/internal-events/diagnostics,internal_events_diagnostics,GET,GET,/api/admin/internal-events/diagnostics,admin,api,human_session,true,false,global,platform_foundation,none,GET,/api/admin/internal-events/diagnostics,getLegacyInternalEventDiagnostics,P4-INTERNAL-EVENTS-0367-0368,MIGRATE,APPROVED,NONE,UNCLASSIFIED,UNCLASSIFIED,aicrm_next/platform/platform_foundation/internal_events/api.py:282-294
LEGACY-API-0369,S04,/api/admin/internal-events/run-due,run_internal_event_due,POST,POST,/api/admin/internal-events/run-due,admin,api,human_or_service,true,true,global,platform_foundation,none,PENDING_HUMAN_DESIGN,PENDING_HUMAN_DESIGN,PENDING_HUMAN_DESIGN,UNMAPPED,DEFERRED_POST_LAUNCH,APPROVED,NONE,UNCLASSIFIED,UNCLASSIFIED,aicrm_next/platform/platform_foundation/internal_events/api.py:307-353
LEGACY-API-0370,S04,/api/admin/internal-events/run-due/preview,preview_internal_event_run_due,POST,POST,/api/admin/internal-events/run-due/preview,admin,api,human_or_service,true,true,global,platform_foundation,none,PENDING_HUMAN_DESIGN,PENDING_HUMAN_DESIGN,PENDING_HUMAN_DESIGN,UNMAPPED,DEFERRED_POST_LAUNCH,APPROVED,NONE,UNCLASSIFIED,UNCLASSIFIED,aicrm_next/platform/platform_foundation/internal_events/api.py:297-304
LEGACY-API-0371,S04,/api/admin/internal-events/{event_id},get_internal_event,GET,GET,/api/admin/internal-events/{event_id},admin,api,human_session,true,false,global,platform_foundation,none,GET,/api/admin/internal-events/{event_id},getLegacyInternalEvent,P4-INTERNAL-EVENT-DETAIL-0371,MIGRATE,APPROVED,NONE,UNCLASSIFIED,UNCLASSIFIED,aicrm_next/platform/platform_foundation/internal_events/api.py:356-361
LEGACY-API-0372,S04,/api/admin/internal-events/{event_id}/consumers/{consumer_name}/retry,retry_internal_event_consumer,POST,POST,/api/admin/internal-events/{event_id}/consumers/{consumer_name}/retry,admin,api,human_or_service,true,true,global,platform_foundation,none,PENDING_HUMAN_DESIGN,PENDING_HUMAN_DESIGN,PENDING_HUMAN_DESIGN,UNMAPPED,DEFERRED_POST_LAUNCH,APPROVED,NONE,UNCLASSIFIED,UNCLASSIFIED,aicrm_next/platform/platform_foundation/internal_events/api.py:415-442
LEGACY-API-0373,S04,/api/admin/internal-events/{event_id}/consumers/{consumer_name}/run,run_internal_event_consumer,POST,POST,/api/admin/internal-events/{event_id}/consumers/{consumer_name}/run,admin,api,human_or_service,true,true,global,platform_foundation,none,PENDING_HUMAN_DESIGN,PENDING_HUMAN_DESIGN,PENDING_HUMAN_DESIGN,UNMAPPED,DEFERRED_POST_LAUNCH,APPROVED,NONE,UNCLASSIFIED,UNCLASSIFIED,aicrm_next/platform/platform_foundation/internal_events/api.py:379-412
LEGACY-API-0374,S04,/api/admin/internal-events/{event_id}/consumers/{consumer_name}/skip,skip_internal_event_consumer,POST,POST,/api/admin/internal-events/{event_id}/consumers/{consumer_name}/skip,admin,api,human_or_service,true,true,global,platform_foundation,none,PENDING_HUMAN_DESIGN,PENDING_HUMAN_DESIGN,PENDING_HUMAN_DESIGN,UNMAPPED,DEFERRED_POST_LAUNCH,APPROVED,NONE,UNCLASSIFIED,UNCLASSIFIED,aicrm_next/platform/platform_foundation/internal_events/api.py:445-472
LEGACY-API-0375,S04,/api/admin/internal-events/{event_id}/reconciliation,get_internal_event_reconciliation,GET,GET,/api/admin/internal-events/{event_id}/reconciliation,admin,api,human_session,true,false,global,platform_foundation,none,PENDING_HUMAN_DESIGN,PENDING_HUMAN_DESIGN,PENDING_HUMAN_DESIGN,UNMAPPED,DEFERRED_POST_LAUNCH,APPROVED,NONE,UNCLASSIFIED,UNCLASSIFIED,aicrm_next/platform/platform_foundation/internal_events/api.py:364-376
LEGACY-API-0376,S02,/api/admin/jobs/archive-sync,api_admin_jobs_archive_sync,GET,GET,/api/admin/jobs/archive-sync,admin,api,human_session,true,false,global,admin_jobs,none,PENDING_HUMAN_DESIGN,PENDING_HUMAN_DESIGN,PENDING_HUMAN_DESIGN,UNMAPPED,DEFERRED_POST_LAUNCH,APPROVED,NONE,UNCLASSIFIED,UNCLASSIFIED,aicrm_next/platform/admin_jobs/routes.py:87-89
LEGACY-API-0377,S02,/api/admin/jobs/archive-sync/run,api_admin_jobs_archive_sync_run,POST,POST,/api/admin/jobs/archive-sync/run,admin,api,human_or_service,true,true,global,admin_jobs,none,PENDING_HUMAN_DESIGN,PENDING_HUMAN_DESIGN,PENDING_HUMAN_DESIGN,UNMAPPED,MIGRATE,APPROVED,NONE,UNCLASSIFIED,UNCLASSIFIED,aicrm_next/platform/admin_jobs/routes.py:92-110
LEGACY-API-0378,S02,/api/admin/jobs/callbacks,api_admin_jobs_callbacks,GET,GET,/api/admin/jobs/callbacks,admin,webhook,human_session,true,false,global,admin_jobs,none,PENDING_HUMAN_DESIGN,PENDING_HUMAN_DESIGN,PENDING_HUMAN_DESIGN,UNMAPPED,DEFERRED_POST_LAUNCH,APPROVED,NONE,UNCLASSIFIED,UNCLASSIFIED,aicrm_next/platform/admin_jobs/routes.py:113-115
LEGACY-API-0379,S02,/api/admin/jobs/deferred-jobs,api_admin_jobs_deferred_jobs,GET,GET,/api/admin/jobs/deferred-jobs,admin,api,human_session,true,false,global,admin_jobs,none,PENDING_HUMAN_DESIGN,PENDING_HUMAN_DESIGN,PENDING_HUMAN_DESIGN,UNMAPPED,DEFERRED_POST_LAUNCH,APPROVED,NONE,UNCLASSIFIED,UNCLASSIFIED,aicrm_next/platform/admin_jobs/routes.py:144-146
LEGACY-API-0380,S02,/api/admin/jobs/message-batches,api_admin_jobs_message_batches,GET,GET,/api/admin/jobs/message-batches,admin,api,human_session,true,false,global,admin_jobs,none,PENDING_HUMAN_DESIGN,PENDING_HUMAN_DESIGN,PENDING_HUMAN_DESIGN,UNMAPPED,DEFERRED_POST_LAUNCH,APPROVED,NONE,UNCLASSIFIED,UNCLASSIFIED,aicrm_next/platform/admin_jobs/routes.py:118-120
LEGACY-API-0381,S02,/api/admin/jobs/message-batches/{batch_id},api_admin_jobs_message_batch_detail,GET,GET,/api/admin/jobs/message-batches/{batch_id},admin,api,human_session,true,false,global,admin_jobs,none,PENDING_HUMAN_DESIGN,PENDING_HUMAN_DESIGN,PENDING_HUMAN_DESIGN,UNMAPPED,DEFERRED_POST_LAUNCH,APPROVED,NONE,UNCLASSIFIED,UNCLASSIFIED,aicrm_next/platform/admin_jobs/routes.py:123-128
LEGACY-API-0382,S02,/api/admin/jobs/message-batches/{batch_id}/ack,api_admin_jobs_message_batch_ack,POST,POST,/api/admin/jobs/message-batches/{batch_id}/ack,admin,api,human_or_service,true,true,global,admin_jobs,none,PENDING_HUMAN_DESIGN,PENDING_HUMAN_DESIGN,PENDING_HUMAN_DESIGN,UNMAPPED,MIGRATE,APPROVED,NONE,UNCLASSIFIED,UNCLASSIFIED,aicrm_next/platform/admin_jobs/routes.py:131-141
LEGACY-API-0383,S02,/api/admin/jobs/order-identity-repair/run,api_admin_jobs_order_identity_repair_run,POST,POST,/api/admin/jobs/order-identity-repair/run,admin,api,human_or_service,true,true,global,admin_jobs,none,NOT_APPLICABLE,NOT_APPLICABLE,NOT_APPLICABLE,UNMAPPED,NOT_MIGRATED,APPROVED,RUNTIME_OWNER_RETIRED|S02-D04_REGISTERED_RETIRED_410,UNCLASSIFIED,UNCLASSIFIED,aicrm_next/platform/admin_jobs/routes.py:242-259
LEGACY-API-0384,S02,/api/admin/jobs/summary,api_admin_jobs_summary,GET,GET,/api/admin/jobs/summary,admin,api,human_session,true,false,global,admin_jobs,none,PENDING_HUMAN_DESIGN,PENDING_HUMAN_DESIGN,PENDING_HUMAN_DESIGN,UNMAPPED,MIGRATE,APPROVED,NONE,UNCLASSIFIED,UNCLASSIFIED,aicrm_next/platform/admin_jobs/routes.py:82-84
LEGACY-API-0385,S02,/api/admin/jobs/webhook-deliveries,api_admin_jobs_webhook_deliveries,GET,GET,/api/admin/jobs/webhook-deliveries,admin,webhook,human_session,true,false,global,admin_jobs,none,PENDING_HUMAN_DESIGN,PENDING_HUMAN_DESIGN,PENDING_HUMAN_DESIGN,UNMAPPED,DEFERRED_POST_LAUNCH,APPROVED,NONE,UNCLASSIFIED,UNCLASSIFIED,aicrm_next/platform/admin_jobs/routes.py:149-151
LEGACY-API-0386,S03,/api/admin/material-assets,list_material_assets,GET,GET,/api/admin/material-assets,admin,api,human_session,true,false,global,send_content,none,PENDING_HUMAN_DESIGN,PENDING_HUMAN_DESIGN,PENDING_HUMAN_DESIGN,UNMAPPED,DEFERRED_POST_LAUNCH,APPROVED,SEND_CONTENT_NOT_PROVIDER_DELIVERY,UNCLASSIFIED,UNCLASSIFIED,aicrm_next/engagement/send_content/api.py:85-110
LEGACY-API-0387,S03,/api/admin/material-assets/validate,validate_material_assets,POST,POST,/api/admin/material-assets/validate,admin,api,human_session,true,true,global,send_content,none,PENDING_HUMAN_DESIGN,PENDING_HUMAN_DESIGN,PENDING_HUMAN_DESIGN,UNMAPPED,DEFERRED_POST_LAUNCH,APPROVED,SEND_CONTENT_NOT_PROVIDER_DELIVERY,UNCLASSIFIED,UNCLASSIFIED,aicrm_next/engagement/send_content/api.py:135-154
LEGACY-API-0388,S03,/api/admin/material-assets/{material_asset_id}/usage,get_material_asset_usage,GET,GET,/api/admin/material-assets/{material_asset_id}/usage,admin,api,human_session,true,false,global,send_content,none,PENDING_HUMAN_DESIGN,PENDING_HUMAN_DESIGN,PENDING_HUMAN_DESIGN,UNMAPPED,DEFERRED_POST_LAUNCH,APPROVED,SEND_CONTENT_NOT_PROVIDER_DELIVERY,UNCLASSIFIED,UNCLASSIFIED,aicrm_next/engagement/send_content/api.py:113-132
LEGACY-API-0389,S03,/api/admin/material-picker/items,list_material_picker_items,GET,GET,/api/admin/material-picker/items,admin,api,human_session,true,false,global,send_content,none,PENDING_HUMAN_DESIGN,PENDING_HUMAN_DESIGN,PENDING_HUMAN_DESIGN,UNMAPPED,MIGRATE,APPROVED,SEND_CONTENT_NOT_PROVIDER_DELIVERY,UNCLASSIFIED,UNCLASSIFIED,aicrm_next/engagement/send_content/api.py:58-82
LEGACY-API-0390,S04,/api/admin/miniprogram-library,list_miniprograms,GET,GET,/api/admin/miniprogram-library,admin,api,human_session,true,false,global,media_library,none,GET,/api/admin/miniprogram-library,listLegacyMiniPrograms,P4-MINIPROGRAM-LIBRARY-0390,MIGRATE,APPROVED,NONE,UNCLASSIFIED,UNCLASSIFIED,aicrm_next/engagement/media_library/api.py:391-393
LEGACY-API-0391,S04,/api/admin/miniprogram-library,create_miniprogram,POST,POST,/api/admin/miniprogram-library,admin,api,human_session,true,true,global,media_library,none,POST,/api/admin/miniprogram-library,createLegacyMiniProgram,P4-MINIPROGRAM-LIBRARY-0391,MIGRATE,APPROVED,NONE,UNCLASSIFIED,UNCLASSIFIED,aicrm_next/engagement/media_library/api.py:396-410
LEGACY-API-0392,S04,/api/admin/miniprogram-library/{item_id},delete_miniprogram,DELETE,DELETE,/api/admin/miniprogram-library/{item_id},admin,api,human_session,true,true,global,media_library,none,DELETE,/api/admin/miniprogram-library/{item_id},deleteLegacyMiniProgram,P4-MINIPROGRAM-LIBRARY-0392,MIGRATE,APPROVED,NONE,UNCLASSIFIED,UNCLASSIFIED,aicrm_next/engagement/media_library/api.py:429-434
LEGACY-API-0393,S04,/api/admin/miniprogram-library/{item_id},get_miniprogram,GET,GET,/api/admin/miniprogram-library/{item_id},admin,api,human_session,true,false,global,media_library,none,GET,/api/admin/miniprogram-library/{item_id},getLegacyMiniProgram,P4-MINIPROGRAM-LIBRARY-0393,MIGRATE,APPROVED,NONE,UNCLASSIFIED,UNCLASSIFIED,aicrm_next/engagement/media_library/api.py:413-418
LEGACY-API-0394,S04,/api/admin/miniprogram-library/{item_id},update_miniprogram,PUT,PUT,/api/admin/miniprogram-library/{item_id},admin,api,human_session,true,true,global,media_library,none,PUT,/api/admin/miniprogram-library/{item_id},updateLegacyMiniProgram,P4-MINIPROGRAM-LIBRARY-0394,MIGRATE,APPROVED,NONE,UNCLASSIFIED,UNCLASSIFIED,aicrm_next/engagement/media_library/api.py:421-426
LEGACY-API-0395,S04,/api/admin/miniprogram-library/{item_id}/test-resolve,test_resolve_miniprogram,POST,POST,/api/admin/miniprogram-library/{item_id}/test-resolve,admin,api,human_session,true,true,global,media_library,none,POST,/api/admin/miniprogram-library/{item_id}/test-resolve,testResolveLegacyMiniProgram,P4-MINIPROGRAM-LIBRARY-0395,MIGRATE,APPROVED,NONE,UNCLASSIFIED,UNCLASSIFIED,aicrm_next/engagement/media_library/api.py:437-442
LEGACY-API-0396,S04,/api/admin/operation-cycles/action-requests/{request_id}/result,get_operation_cycle_action_request_result,GET,GET,/api/admin/operation-cycles/action-requests/{request_id}/result,admin,api,human_session,true,false,global,operation_cycles,none,PENDING_HUMAN_DESIGN,PENDING_HUMAN_DESIGN,PENDING_HUMAN_DESIGN,UNMAPPED,DEFERRED_POST_LAUNCH,APPROVED,NONE,UNCLASSIFIED,UNCLASSIFIED,aicrm_next/extensions/hxc/operation_cycles/api.py:313-326
LEGACY-API-0397,S04,/api/admin/operation-cycles/runs/{run_key},get_operation_cycle_run,GET,GET,/api/admin/operation-cycles/runs/{run_key},admin,api,human_session,true,false,global,operation_cycles,none,PENDING_HUMAN_DESIGN,PENDING_HUMAN_DESIGN,PENDING_HUMAN_DESIGN,UNMAPPED,MIGRATE,APPROVED,NONE,UNCLASSIFIED,UNCLASSIFIED,aicrm_next/extensions/hxc/operation_cycles/api.py:261-266
LEGACY-API-0398,S04,/api/admin/operation-cycles/strategies,list_operation_cycle_strategies,GET,GET,/api/admin/operation-cycles/strategies,admin,api,human_session,true,false,global,operation_cycles,none,PENDING_HUMAN_DESIGN,PENDING_HUMAN_DESIGN,PENDING_HUMAN_DESIGN,UNMAPPED,MIGRATE,APPROVED,NONE,UNCLASSIFIED,UNCLASSIFIED,aicrm_next/extensions/hxc/operation_cycles/api.py:237-239
LEGACY-API-0399,S04,/api/admin/operation-cycles/strategies/{strategy_key},get_operation_cycle_strategy,GET,GET,/api/admin/operation-cycles/strategies/{strategy_key},admin,api,human_session,true,false,global,operation_cycles,none,PENDING_HUMAN_DESIGN,PENDING_HUMAN_DESIGN,PENDING_HUMAN_DESIGN,UNMAPPED,MIGRATE,APPROVED,NONE,UNCLASSIFIED,UNCLASSIFIED,aicrm_next/extensions/hxc/operation_cycles/api.py:242-250
LEGACY-API-0400,S04,/api/admin/operation-cycles/strategies/{strategy_key}/actions/{action_key}/start,start_operation_cycle_action,POST,POST,/api/admin/operation-cycles/strategies/{strategy_key}/actions/{action_key}/start,admin,api,human_session,true,true,global,operation_cycles,none,PENDING_HUMAN_DESIGN,PENDING_HUMAN_DESIGN,PENDING_HUMAN_DESIGN,UNMAPPED,MIGRATE,APPROVED,NONE,UNCLASSIFIED,UNCLASSIFIED,aicrm_next/extensions/hxc/operation_cycles/api.py:282-310
LEGACY-API-0401,S04,/api/admin/operation-cycles/strategies/{strategy_key}/current-action,get_operation_cycle_current_action,GET,GET,/api/admin/operation-cycles/strategies/{strategy_key}/current-action,admin,api,human_session,true,false,global,operation_cycles,none,PENDING_HUMAN_DESIGN,PENDING_HUMAN_DESIGN,PENDING_HUMAN_DESIGN,UNMAPPED,DEFERRED_POST_LAUNCH,APPROVED,NONE,UNCLASSIFIED,UNCLASSIFIED,aicrm_next/extensions/hxc/operation_cycles/api.py:269-279
LEGACY-API-0402,S04,/api/admin/operation-cycles/strategies/{strategy_key}/runs,list_operation_cycle_strategy_runs,GET,GET,/api/admin/operation-cycles/strategies/{strategy_key}/runs,admin,api,human_session,true,false,global,operation_cycles,none,PENDING_HUMAN_DESIGN,PENDING_HUMAN_DESIGN,PENDING_HUMAN_DESIGN,UNMAPPED,DEFERRED_POST_LAUNCH,APPROVED,NONE,UNCLASSIFIED,UNCLASSIFIED,aicrm_next/extensions/hxc/operation_cycles/api.py:253-258
LEGACY-API-0403,S04,/api/admin/operation-cycles/strategies/{strategy_key}/strategy-change-proposals,list_operation_cycle_strategy_change_proposals,GET,GET,/api/admin/operation-cycles/strategies/{strategy_key}/strategy-change-proposals,admin,api,human_session,true,false,global,operation_cycles,none,PENDING_HUMAN_DESIGN,PENDING_HUMAN_DESIGN,PENDING_HUMAN_DESIGN,UNMAPPED,DEFERRED_POST_LAUNCH,APPROVED,NONE,UNCLASSIFIED,UNCLASSIFIED,aicrm_next/extensions/hxc/operation_cycles/api.py:478-500
LEGACY-API-0404,S04,/api/admin/operation-cycles/strategy-change-proposals/{proposal_id}/decision,decide_operation_cycle_strategy_change_proposal,POST,POST,/api/admin/operation-cycles/strategy-change-proposals/{proposal_id}/decision,admin,api,human_session,true,true,global,operation_cycles,none,PENDING_HUMAN_DESIGN,PENDING_HUMAN_DESIGN,PENDING_HUMAN_DESIGN,UNMAPPED,MIGRATE,APPROVED,NONE,UNCLASSIFIED,UNCLASSIFIED,aicrm_next/extensions/hxc/operation_cycles/api.py:503-523
LEGACY-API-0405,S04,/api/admin/orders,list_admin_orders,GET,GET,/api/admin/orders,admin,api,human_session,true,false,global,commerce,none,PENDING_HUMAN_DESIGN,PENDING_HUMAN_DESIGN,PENDING_HUMAN_DESIGN,UNMAPPED,MIGRATE,APPROVED,NONE,UNCLASSIFIED,UNCLASSIFIED,aicrm_next/extensions/commerce/commerce/api.py:762-814
LEGACY-API-0406,S04,/api/admin/orders/{order_no},get_admin_order,GET,GET,/api/admin/orders/{order_no},admin,api,human_session,true,false,global,commerce,none,PENDING_HUMAN_DESIGN,PENDING_HUMAN_DESIGN,PENDING_HUMAN_DESIGN,UNMAPPED,DEFERRED_POST_LAUNCH,APPROVED,NONE,UNCLASSIFIED,UNCLASSIFIED,aicrm_next/extensions/commerce/commerce/api.py:817-829
LEGACY-API-0407,S04,/api/admin/orders/{order_no}/items,get_admin_order_items,GET,GET,/api/admin/orders/{order_no}/items,admin,api,human_session,true,false,global,commerce,none,PENDING_HUMAN_DESIGN,PENDING_HUMAN_DESIGN,PENDING_HUMAN_DESIGN,UNMAPPED,DEFERRED_POST_LAUNCH,APPROVED,NONE,UNCLASSIFIED,UNCLASSIFIED,aicrm_next/extensions/commerce/commerce/api.py:832-844
LEGACY-API-0408,S04,/api/admin/owner-migration/execute,execute_owner_migration,POST,POST,/api/admin/owner-migration/execute,admin,api,human_session,true,true,global,owner_migration,none,PENDING_HUMAN_DESIGN,PENDING_HUMAN_DESIGN,PENDING_HUMAN_DESIGN,UNMAPPED,MIGRATE,APPROVED,NONE,UNCLASSIFIED,UNCLASSIFIED,aicrm_next/crm/owner_migration/api.py:154-159
LEGACY-API-0409,S04,/api/admin/owner-migration/import,import_owner_migration,POST,POST,/api/admin/owner-migration/import,admin,api,human_session,true,true,global,owner_migration,none,PENDING_HUMAN_DESIGN,PENDING_HUMAN_DESIGN,PENDING_HUMAN_DESIGN,UNMAPPED,MIGRATE,APPROVED,NONE,UNCLASSIFIED,UNCLASSIFIED,aicrm_next/crm/owner_migration/api.py:167-186
LEGACY-API-0410,S04,/api/admin/owner-migration/preview,preview_owner_migration,POST,POST,/api/admin/owner-migration/preview,admin,api,human_session,true,true,global,owner_migration,none,PENDING_HUMAN_DESIGN,PENDING_HUMAN_DESIGN,PENDING_HUMAN_DESIGN,UNMAPPED,MIGRATE,APPROVED,NONE,UNCLASSIFIED,UNCLASSIFIED,aicrm_next/crm/owner_migration/api.py:146-151
LEGACY-API-0411,S04,/api/admin/owner-migration/results/{result_id}.xlsx,owner_migration_result_file,GET,GET,/api/admin/owner-migration/results/{result_id}.xlsx,admin,api,human_session,true,false,global,owner_migration,none,PENDING_HUMAN_DESIGN,PENDING_HUMAN_DESIGN,PENDING_HUMAN_DESIGN,UNMAPPED,MIGRATE,APPROVED,NONE,UNCLASSIFIED,UNCLASSIFIED,aicrm_next/crm/owner_migration/api.py:197-202
LEGACY-API-0412,S04,/api/admin/owner-migration/sessions/{session_id}/errors.xlsx,owner_migration_session_errors,GET,GET,/api/admin/owner-migration/sessions/{session_id}/errors.xlsx,admin,api,human_session,true,false,global,owner_migration,none,PENDING_HUMAN_DESIGN,PENDING_HUMAN_DESIGN,PENDING_HUMAN_DESIGN,UNMAPPED,MIGRATE,APPROVED,NONE,UNCLASSIFIED,UNCLASSIFIED,aicrm_next/crm/owner_migration/api.py:189-194
LEGACY-API-0413,S04,/api/admin/owner-migration/template.xlsx,owner_migration_template,GET,GET,/api/admin/owner-migration/template.xlsx,admin,api,human_session,true,false,global,owner_migration,none,PENDING_HUMAN_DESIGN,PENDING_HUMAN_DESIGN,PENDING_HUMAN_DESIGN,UNMAPPED,MIGRATE,APPROVED,NONE,UNCLASSIFIED,UNCLASSIFIED,aicrm_next/crm/owner_migration/api.py:162-164
LEGACY-API-0414,S04,/api/admin/owner-migration/transfer-result,owner_migration_transfer_result,POST,POST,/api/admin/owner-migration/transfer-result,admin,api,human_session,true,true,global,owner_migration,none,PENDING_HUMAN_DESIGN,PENDING_HUMAN_DESIGN,PENDING_HUMAN_DESIGN,UNMAPPED,DEFERRED_POST_LAUNCH,APPROVED,NONE,UNCLASSIFIED,UNCLASSIFIED,aicrm_next/crm/owner_migration/api.py:205-213
LEGACY-API-0415,S04,/api/admin/payments,list_admin_payments,GET,GET,/api/admin/payments,admin,api,human_session,true,false,global,commerce,staging_disabled,PENDING_HUMAN_DESIGN,PENDING_HUMAN_DESIGN,PENDING_HUMAN_DESIGN,UNMAPPED,DEFERRED_POST_LAUNCH,APPROVED,MANIFEST_EXTERNAL_EFFECTS_STAGING_DISABLED,UNCLASSIFIED,UNCLASSIFIED,aicrm_next/extensions/commerce/commerce/api.py:847-899
LEGACY-API-0416,S03,/api/admin/push-center/jobs,push_center_jobs,GET,GET,/api/admin/push-center/jobs,admin,api,human_session,true,false,global,platform_foundation,none,GET,/api/admin/push-center/jobs,listLegacyOutboundJobs,P4-OUTBOUND-OPERATIONS-0416,MIGRATE,APPROVED,PUSH_OR_EFFECT_STATUS_NOT_DELIVERY_PROOF,UNCLASSIFIED,UNCLASSIFIED,aicrm_next/platform/platform_foundation/push_center/api.py:148-173
LEGACY-API-0417,S03,/api/admin/push-center/jobs/{job_id},push_center_job_detail,GET,GET,/api/admin/push-center/jobs/{job_id},admin,api,human_session,true,false,global,platform_foundation,none,PENDING_HUMAN_DESIGN,PENDING_HUMAN_DESIGN,PENDING_HUMAN_DESIGN,UNMAPPED,DEFERRED_POST_LAUNCH,APPROVED,PUSH_OR_EFFECT_STATUS_NOT_DELIVERY_PROOF,UNCLASSIFIED,UNCLASSIFIED,aicrm_next/platform/platform_foundation/push_center/api.py:176-181
LEGACY-API-0418,S03,/api/admin/push-center/jobs/{job_id}/cancel,push_center_cancel_job,POST,POST,/api/admin/push-center/jobs/{job_id}/cancel,admin,api,human_or_service,true,true,global,platform_foundation,none,PENDING_HUMAN_DESIGN,PENDING_HUMAN_DESIGN,PENDING_HUMAN_DESIGN,UNMAPPED,DEFERRED_POST_LAUNCH,APPROVED,PUSH_OR_EFFECT_STATUS_NOT_DELIVERY_PROOF|S03-D06_CANCEL_ONLY_SAFE_BEFORE_PROVIDER,UNCLASSIFIED,UNCLASSIFIED,aicrm_next/platform/platform_foundation/push_center/api.py:245-271
LEGACY-API-0419,S03,/api/admin/push-center/jobs/{job_id}/reconciliation,push_center_job_reconciliation,GET,GET,/api/admin/push-center/jobs/{job_id}/reconciliation,admin,api,human_session,true,false,global,platform_foundation,none,GET,/api/admin/push-center/jobs/{job_id}/reconciliation,getLegacyOutboundJobReconciliation,P4-OUTBOUND-OPERATIONS-0419,MIGRATE,APPROVED,PUSH_OR_EFFECT_STATUS_NOT_DELIVERY_PROOF,UNCLASSIFIED,UNCLASSIFIED,aicrm_next/platform/platform_foundation/push_center/api.py:184-189
LEGACY-API-0420,S03,/api/admin/push-center/jobs/{job_id}/retry,push_center_retry_job,POST,POST,/api/admin/push-center/jobs/{job_id}/retry,admin,api,human_or_service,true,true,global,platform_foundation,none,PENDING_HUMAN_DESIGN,PENDING_HUMAN_DESIGN,PENDING_HUMAN_DESIGN,UNMAPPED,DEFERRED_POST_LAUNCH,APPROVED,PUSH_OR_EFFECT_STATUS_NOT_DELIVERY_PROOF|S03-D06_UNKNOWN_RETRY_REQUIRES_DUPLICATE_RISK_CONFIRMATION,UNCLASSIFIED,UNCLASSIFIED,aicrm_next/platform/platform_foundation/push_center/api.py:216-242
LEGACY-API-0421,S03,/api/admin/push-center/sections,push_center_sections,GET,GET,/api/admin/push-center/sections,admin,api,human_session,true,false,global,platform_foundation,none,GET,/api/admin/push-center/sections,getLegacyPushCenterSections,P4-PUSH-CENTER-0421,MIGRATE,APPROVED,PUSH_OR_EFFECT_STATUS_NOT_DELIVERY_PROOF,UNCLASSIFIED,UNCLASSIFIED,aicrm_next/platform/platform_foundation/push_center/api.py:127-145
LEGACY-API-0422,S03,/api/admin/push-center/stats,push_center_stats,GET,GET,/api/admin/push-center/stats,admin,api,human_session,true,false,global,platform_foundation,none,GET,/api/admin/push-center/stats,getLegacyPushCenterStats,P4-PUSH-CENTER-0422,MIGRATE,APPROVED,PUSH_OR_EFFECT_STATUS_NOT_DELIVERY_PROOF,UNCLASSIFIED,UNCLASSIFIED,aicrm_next/platform/platform_foundation/push_center/api.py:192-213
LEGACY-API-0423,S04,/api/admin/questionnaires,list_questionnaires,GET,GET,/api/admin/questionnaires,admin,api,human_session,true,false,global,questionnaire,none,PENDING_HUMAN_DESIGN,PENDING_HUMAN_DESIGN,PENDING_HUMAN_DESIGN,UNMAPPED,MIGRATE,APPROVED,NONE,UNCLASSIFIED,UNCLASSIFIED,aicrm_next/extensions/forms/questionnaire/api.py:808-810
LEGACY-API-0424,S04,/api/admin/questionnaires,create_questionnaire,POST,POST,/api/admin/questionnaires,admin,api,human_session,true,true,global,questionnaire,none,PENDING_HUMAN_DESIGN,PENDING_HUMAN_DESIGN,PENDING_HUMAN_DESIGN,UNMAPPED,MIGRATE,APPROVED,NONE,UNCLASSIFIED,UNCLASSIFIED,aicrm_next/extensions/forms/questionnaire/api.py:818-820
LEGACY-API-0425,S04,/api/admin/questionnaires/preflight,questionnaire_preflight,GET,GET,/api/admin/questionnaires/preflight,admin,api,human_session,true,false,global,questionnaire,none,GET,/api/admin/questionnaires/preflight,getLegacyQuestionnairePreflight,P4-QUESTIONNAIRE-PREFLIGHT-0425,MIGRATE,APPROVED,NONE,UNCLASSIFIED,UNCLASSIFIED,aicrm_next/extensions/forms/questionnaire/api.py:813-815
LEGACY-API-0426,S04,/api/admin/questionnaires/{questionnaire_id},delete_questionnaire,DELETE,DELETE,/api/admin/questionnaires/{questionnaire_id},admin,api,human_session,true,true,global,questionnaire,none,PENDING_HUMAN_DESIGN,PENDING_HUMAN_DESIGN,PENDING_HUMAN_DESIGN,UNMAPPED,MIGRATE,APPROVED,NONE,UNCLASSIFIED,UNCLASSIFIED,aicrm_next/extensions/forms/questionnaire/api.py:949-951
LEGACY-API-0427,S04,/api/admin/questionnaires/{questionnaire_id},get_questionnaire,GET,GET,/api/admin/questionnaires/{questionnaire_id},admin,api,human_session,true,false,global,questionnaire,none,PENDING_HUMAN_DESIGN,PENDING_HUMAN_DESIGN,PENDING_HUMAN_DESIGN,UNMAPPED,MIGRATE,APPROVED,NONE,UNCLASSIFIED,UNCLASSIFIED,aicrm_next/extensions/forms/questionnaire/api.py:875-880
LEGACY-API-0428,S04,/api/admin/questionnaires/{questionnaire_id},update_questionnaire,PATCH,PATCH|PUT,/api/admin/questionnaires/{questionnaire_id},admin,api,human_session,true,true,global,questionnaire,none,PENDING_HUMAN_DESIGN,PENDING_HUMAN_DESIGN,PENDING_HUMAN_DESIGN,UNMAPPED,MIGRATE,APPROVED,NONE,UNCLASSIFIED,UNCLASSIFIED,aicrm_next/extensions/forms/questionnaire/api.py:921-923
LEGACY-API-0429,S04,/api/admin/questionnaires/{questionnaire_id},update_questionnaire,PUT,PATCH|PUT,/api/admin/questionnaires/{questionnaire_id},admin,api,human_session,true,true,global,questionnaire,none,PENDING_HUMAN_DESIGN,PENDING_HUMAN_DESIGN,PENDING_HUMAN_DESIGN,UNMAPPED,MIGRATE,APPROVED,NONE,UNCLASSIFIED,UNCLASSIFIED,aicrm_next/extensions/forms/questionnaire/api.py:920-923
LEGACY-API-0430,S04,/api/admin/questionnaires/{questionnaire_id}/disable,disable_questionnaire,POST,POST,/api/admin/questionnaires/{questionnaire_id}/disable,admin,api,human_session,true,true,global,questionnaire,none,PENDING_HUMAN_DESIGN,PENDING_HUMAN_DESIGN,PENDING_HUMAN_DESIGN,UNMAPPED,MIGRATE,APPROVED,NONE,UNCLASSIFIED,UNCLASSIFIED,aicrm_next/extensions/forms/questionnaire/api.py:936-941
LEGACY-API-0431,S04,/api/admin/questionnaires/{questionnaire_id}/duplicate,duplicate_questionnaire,POST,POST,/api/admin/questionnaires/{questionnaire_id}/duplicate,admin,api,human_session,true,true,global,questionnaire,none,PENDING_HUMAN_DESIGN,PENDING_HUMAN_DESIGN,PENDING_HUMAN_DESIGN,UNMAPPED,MIGRATE,APPROVED,NONE,UNCLASSIFIED,UNCLASSIFIED,aicrm_next/extensions/forms/questionnaire/api.py:926-928
LEGACY-API-0432,S04,/api/admin/questionnaires/{questionnaire_id}/enable,enable_questionnaire,POST,POST,/api/admin/questionnaires/{questionnaire_id}/enable,admin,api,human_session,true,true,global,questionnaire,none,PENDING_HUMAN_DESIGN,PENDING_HUMAN_DESIGN,PENDING_HUMAN_DESIGN,UNMAPPED,DEFERRED_POST_LAUNCH,APPROVED,NONE,UNCLASSIFIED,UNCLASSIFIED,aicrm_next/extensions/forms/questionnaire/api.py:944-946
LEGACY-API-0433,S04,/api/admin/questionnaires/{questionnaire_id}/export,export_questionnaire,GET,GET,/api/admin/questionnaires/{questionnaire_id}/export,admin,api,human_session,true,false,global,questionnaire,none,PENDING_HUMAN_DESIGN,PENDING_HUMAN_DESIGN,PENDING_HUMAN_DESIGN,UNMAPPED,MIGRATE,APPROVED,NONE,UNCLASSIFIED,UNCLASSIFIED,aicrm_next/extensions/forms/questionnaire/api.py:954-980
LEGACY-API-0434,S04,/api/admin/questionnaires/{questionnaire_id}/export/preview,export_questionnaire_preview,POST,POST,/api/admin/questionnaires/{questionnaire_id}/export/preview,admin,api,human_session,true,true,global,questionnaire,none,PENDING_HUMAN_DESIGN,PENDING_HUMAN_DESIGN,PENDING_HUMAN_DESIGN,UNMAPPED,DEFERRED_POST_LAUNCH,APPROVED,NONE,UNCLASSIFIED,UNCLASSIFIED,aicrm_next/extensions/forms/questionnaire/api.py:983-985
LEGACY-API-0435,S04,/api/admin/questionnaires/{questionnaire_id}/latest-submit-debug,latest_submit_debug,GET,GET,/api/admin/questionnaires/{questionnaire_id}/latest-submit-debug,admin,api,human_session,true,false,global,questionnaire,none,PENDING_HUMAN_DESIGN,PENDING_HUMAN_DESIGN,PENDING_HUMAN_DESIGN,UNMAPPED,DEFERRED_POST_LAUNCH,APPROVED,NONE,UNCLASSIFIED,UNCLASSIFIED,aicrm_next/extensions/forms/questionnaire/api.py:988-993
LEGACY-API-0436,S04,/api/admin/questionnaires/{questionnaire_id}/operations,get_questionnaire_operations,GET,GET,/api/admin/questionnaires/{questionnaire_id}/operations,admin,api,human_session,true,false,global,questionnaire,none,PENDING_HUMAN_DESIGN,PENDING_HUMAN_DESIGN,PENDING_HUMAN_DESIGN,UNMAPPED,MIGRATE,APPROVED,NONE,UNCLASSIFIED,UNCLASSIFIED,aicrm_next/extensions/forms/questionnaire/api.py:823-833
LEGACY-API-0437,S04,/api/admin/questionnaires/{questionnaire_id}/operations/completion,save_questionnaire_completion_operations,PUT,PUT,/api/admin/questionnaires/{questionnaire_id}/operations/completion,admin,api,human_session,true,true,global,questionnaire,none,PENDING_HUMAN_DESIGN,PENDING_HUMAN_DESIGN,PENDING_HUMAN_DESIGN,UNMAPPED,MIGRATE,APPROVED,NONE,UNCLASSIFIED,UNCLASSIFIED,aicrm_next/extensions/forms/questionnaire/api.py:836-846
LEGACY-API-0438,S04,/api/admin/questionnaires/{questionnaire_id}/operations/external-push,save_questionnaire_external_push_operations,PUT,PUT,/api/admin/questionnaires/{questionnaire_id}/operations/external-push,admin,api,human_session,true,true,global,questionnaire,none,PENDING_HUMAN_DESIGN,PENDING_HUMAN_DESIGN,PENDING_HUMAN_DESIGN,UNMAPPED,MIGRATE,APPROVED,NONE,UNCLASSIFIED,UNCLASSIFIED,aicrm_next/extensions/forms/questionnaire/api.py:849-859
LEGACY-API-0439,S04,/api/admin/questionnaires/{questionnaire_id}/operations/external-push/test,test_questionnaire_external_push_operations,POST,POST,/api/admin/questionnaires/{questionnaire_id}/operations/external-push/test,admin,api,human_session,true,true,global,questionnaire,none,PENDING_HUMAN_DESIGN,PENDING_HUMAN_DESIGN,PENDING_HUMAN_DESIGN,UNMAPPED,MIGRATE,APPROVED,NONE,UNCLASSIFIED,UNCLASSIFIED,aicrm_next/extensions/forms/questionnaire/api.py:862-872
LEGACY-API-0440,S04,/api/admin/questionnaires/{questionnaire_id}/publish,publish_questionnaire,POST,POST,/api/admin/questionnaires/{questionnaire_id}/publish,admin,api,human_session,true,true,global,questionnaire,none,PENDING_HUMAN_DESIGN,PENDING_HUMAN_DESIGN,PENDING_HUMAN_DESIGN,UNMAPPED,DEFERRED_POST_LAUNCH,APPROVED,NONE,UNCLASSIFIED,UNCLASSIFIED,aicrm_next/extensions/forms/questionnaire/api.py:931-933
LEGACY-API-0441,S04,/api/admin/questionnaires/{questionnaire_id}/questions,get_questionnaire_questions,GET,GET,/api/admin/questionnaires/{questionnaire_id}/questions,admin,api,human_session,true,false,global,questionnaire,none,PENDING_HUMAN_DESIGN,PENDING_HUMAN_DESIGN,PENDING_HUMAN_DESIGN,UNMAPPED,DEFERRED_POST_LAUNCH,APPROVED,NONE,UNCLASSIFIED,UNCLASSIFIED,aicrm_next/extensions/forms/questionnaire/api.py:883-888
LEGACY-API-0442,S04,/api/admin/questionnaires/{questionnaire_id}/results,get_questionnaire_results,GET,GET,/api/admin/questionnaires/{questionnaire_id}/results,admin,api,human_session,true,false,global,questionnaire,none,PENDING_HUMAN_DESIGN,PENDING_HUMAN_DESIGN,PENDING_HUMAN_DESIGN,UNMAPPED,DEFERRED_POST_LAUNCH,APPROVED,NONE,UNCLASSIFIED,UNCLASSIFIED,aicrm_next/extensions/forms/questionnaire/api.py:891-896
LEGACY-API-0443,S04,/api/admin/questionnaires/{questionnaire_id}/share,get_questionnaire_share,GET,GET,/api/admin/questionnaires/{questionnaire_id}/share,admin,api,human_session,true,false,global,questionnaire,none,PENDING_HUMAN_DESIGN,PENDING_HUMAN_DESIGN,PENDING_HUMAN_DESIGN,UNMAPPED,MIGRATE,APPROVED,NONE,UNCLASSIFIED,UNCLASSIFIED,aicrm_next/extensions/forms/questionnaire/api.py:907-917
LEGACY-API-0444,S04,/api/admin/questionnaires/{questionnaire_id}/submissions,get_questionnaire_submissions,GET,GET,/api/admin/questionnaires/{questionnaire_id}/submissions,admin,api,human_session,true,false,global,questionnaire,none,PENDING_HUMAN_DESIGN,PENDING_HUMAN_DESIGN,PENDING_HUMAN_DESIGN,UNMAPPED,MIGRATE,APPROVED,NONE,UNCLASSIFIED,UNCLASSIFIED,aicrm_next/extensions/forms/questionnaire/api.py:899-904
LEGACY-API-0445,S04,/api/admin/radar-links,list_radar_links,GET,GET,/api/admin/radar-links,admin,api,human_session,true,false,global,radar_links,none,PENDING_HUMAN_DESIGN,PENDING_HUMAN_DESIGN,PENDING_HUMAN_DESIGN,UNMAPPED,MIGRATE,APPROVED,NONE,UNCLASSIFIED,UNCLASSIFIED,aicrm_next/extensions/radar/radar_links/api.py:362-367
LEGACY-API-0446,S04,/api/admin/radar-links,create_radar_link,POST,POST,/api/admin/radar-links,admin,api,human_session,true,true,global,radar_links,none,PENDING_HUMAN_DESIGN,PENDING_HUMAN_DESIGN,PENDING_HUMAN_DESIGN,UNMAPPED,MIGRATE,APPROVED,NONE,UNCLASSIFIED,UNCLASSIFIED,aicrm_next/extensions/radar/radar_links/api.py:378-383
LEGACY-API-0447,S04,/api/admin/radar-links/new/options,get_radar_link_new_options,GET,GET,/api/admin/radar-links/new/options,admin,api,human_session,true,false,global,radar_links,none,PENDING_HUMAN_DESIGN,PENDING_HUMAN_DESIGN,PENDING_HUMAN_DESIGN,UNMAPPED,MIGRATE,APPROVED,NONE,UNCLASSIFIED,UNCLASSIFIED,aicrm_next/extensions/radar/radar_links/api.py:370-375
LEGACY-API-0448,S04,/api/admin/radar-links/pdf-uploads/initiate,initiate_radar_pdf_upload,POST,POST,/api/admin/radar-links/pdf-uploads/initiate,admin,api,human_session,true,true,global,radar_links,none,PENDING_HUMAN_DESIGN,PENDING_HUMAN_DESIGN,PENDING_HUMAN_DESIGN,UNMAPPED,MIGRATE,APPROVED,NONE,UNCLASSIFIED,UNCLASSIFIED,aicrm_next/extensions/radar/radar_links/api.py:497-506
LEGACY-API-0449,S04,/api/admin/radar-links/pdf-uploads/{upload_id}/complete,complete_radar_pdf_upload,POST,POST,/api/admin/radar-links/pdf-uploads/{upload_id}/complete,admin,api,human_session,true,true,global,radar_links,none,PENDING_HUMAN_DESIGN,PENDING_HUMAN_DESIGN,PENDING_HUMAN_DESIGN,UNMAPPED,MIGRATE,APPROVED,NONE,UNCLASSIFIED,UNCLASSIFIED,aicrm_next/extensions/radar/radar_links/api.py:517-523
LEGACY-API-0450,S04,/api/admin/radar-links/pdf-uploads/{upload_id}/parts/{part_no},upload_radar_pdf_part,PUT,PUT,/api/admin/radar-links/pdf-uploads/{upload_id}/parts/{part_no},admin,api,human_session,true,true,global,radar_links,none,PENDING_HUMAN_DESIGN,PENDING_HUMAN_DESIGN,PENDING_HUMAN_DESIGN,UNMAPPED,MIGRATE,APPROVED,NONE,UNCLASSIFIED,UNCLASSIFIED,aicrm_next/extensions/radar/radar_links/api.py:509-514
LEGACY-API-0451,S04,/api/admin/radar-links/upload-image,upload_radar_image,POST,POST,/api/admin/radar-links/upload-image,admin,api,human_session,true,true,global,radar_links,none,PENDING_HUMAN_DESIGN,PENDING_HUMAN_DESIGN,PENDING_HUMAN_DESIGN,UNMAPPED,DEFERRED_POST_LAUNCH,APPROVED,NONE,UNCLASSIFIED,UNCLASSIFIED,aicrm_next/extensions/radar/radar_links/api.py:852-864
LEGACY-API-0452,S04,/api/admin/radar-links/upload-pdf,upload_radar_pdf,POST,POST,/api/admin/radar-links/upload-pdf,admin,api,human_session,true,true,global,radar_links,none,PENDING_HUMAN_DESIGN,PENDING_HUMAN_DESIGN,PENDING_HUMAN_DESIGN,UNMAPPED,DEFERRED_POST_LAUNCH,APPROVED,NONE,UNCLASSIFIED,UNCLASSIFIED,aicrm_next/extensions/radar/radar_links/api.py:867-878
LEGACY-API-0453,S04,/api/admin/radar-links/{link_id},get_radar_link,GET,GET,/api/admin/radar-links/{link_id},admin,api,human_session,true,false,global,radar_links,none,PENDING_HUMAN_DESIGN,PENDING_HUMAN_DESIGN,PENDING_HUMAN_DESIGN,UNMAPPED,MIGRATE,APPROVED,NONE,UNCLASSIFIED,UNCLASSIFIED,aicrm_next/extensions/radar/radar_links/api.py:386-391
LEGACY-API-0454,S04,/api/admin/radar-links/{link_id},update_radar_link,PATCH,PATCH,/api/admin/radar-links/{link_id},admin,api,human_session,true,true,global,radar_links,none,PENDING_HUMAN_DESIGN,PENDING_HUMAN_DESIGN,PENDING_HUMAN_DESIGN,UNMAPPED,MIGRATE,APPROVED,NONE,UNCLASSIFIED,UNCLASSIFIED,aicrm_next/extensions/radar/radar_links/api.py:394-399
LEGACY-API-0455,S04,/api/admin/radar-links/{link_id}/disable,disable_radar_link,POST,POST,/api/admin/radar-links/{link_id}/disable,admin,api,human_session,true,true,global,radar_links,none,PENDING_HUMAN_DESIGN,PENDING_HUMAN_DESIGN,PENDING_HUMAN_DESIGN,UNMAPPED,MIGRATE,APPROVED,NONE,UNCLASSIFIED,UNCLASSIFIED,aicrm_next/extensions/radar/radar_links/api.py:418-423
LEGACY-API-0456,S04,/api/admin/radar-links/{link_id}/enable,enable_radar_link,POST,POST,/api/admin/radar-links/{link_id}/enable,admin,api,human_session,true,true,global,radar_links,none,PENDING_HUMAN_DESIGN,PENDING_HUMAN_DESIGN,PENDING_HUMAN_DESIGN,UNMAPPED,MIGRATE,APPROVED,NONE,UNCLASSIFIED,UNCLASSIFIED,aicrm_next/extensions/radar/radar_links/api.py:410-415
LEGACY-API-0457,S04,/api/admin/radar-links/{link_id}/events,list_radar_link_events,GET,GET,/api/admin/radar-links/{link_id}/events,admin,api,human_session,true,false,global,radar_links,none,PENDING_HUMAN_DESIGN,PENDING_HUMAN_DESIGN,PENDING_HUMAN_DESIGN,UNMAPPED,MIGRATE,APPROVED,NONE,UNCLASSIFIED,UNCLASSIFIED,aicrm_next/extensions/radar/radar_links/api.py:434-455
LEGACY-API-0458,S04,/api/admin/radar-links/{link_id}/events/export,export_radar_link_events,GET,GET,/api/admin/radar-links/{link_id}/events/export,admin,api,human_session,true,false,global,radar_links,none,PENDING_HUMAN_DESIGN,PENDING_HUMAN_DESIGN,PENDING_HUMAN_DESIGN,UNMAPPED,MIGRATE,APPROVED,NONE,UNCLASSIFIED,UNCLASSIFIED,aicrm_next/extensions/radar/radar_links/api.py:458-478
LEGACY-API-0459,S04,/api/admin/radar-links/{link_id}/pdf/processing-status,get_radar_pdf_processing_status,GET,GET,/api/admin/radar-links/{link_id}/pdf/processing-status,admin,api,human_session,true,false,global,radar_links,none,PENDING_HUMAN_DESIGN,PENDING_HUMAN_DESIGN,PENDING_HUMAN_DESIGN,UNMAPPED,DEFERRED_POST_LAUNCH,APPROVED,NONE,UNCLASSIFIED,UNCLASSIFIED,aicrm_next/extensions/radar/radar_links/api.py:489-494
LEGACY-API-0460,S04,/api/admin/radar-links/{link_id}/pdf/reprocess,reprocess_radar_pdf_preview,POST,POST,/api/admin/radar-links/{link_id}/pdf/reprocess,admin,api,human_session,true,true,global,radar_links,none,PENDING_HUMAN_DESIGN,PENDING_HUMAN_DESIGN,PENDING_HUMAN_DESIGN,UNMAPPED,DEFERRED_POST_LAUNCH,APPROVED,NONE,UNCLASSIFIED,UNCLASSIFIED,aicrm_next/extensions/radar/radar_links/api.py:481-486
LEGACY-API-0461,S04,/api/admin/radar-links/{link_id}/share,get_radar_link_share,GET,GET,/api/admin/radar-links/{link_id}/share,admin,api,human_session,true,false,global,radar_links,none,PENDING_HUMAN_DESIGN,PENDING_HUMAN_DESIGN,PENDING_HUMAN_DESIGN,UNMAPPED,MIGRATE,APPROVED,NONE,UNCLASSIFIED,UNCLASSIFIED,aicrm_next/extensions/radar/radar_links/api.py:402-407
LEGACY-API-0462,S04,/api/admin/radar-links/{link_id}/stats,get_radar_link_stats,GET,GET,/api/admin/radar-links/{link_id}/stats,admin,api,human_session,true,false,global,radar_links,none,PENDING_HUMAN_DESIGN,PENDING_HUMAN_DESIGN,PENDING_HUMAN_DESIGN,UNMAPPED,DEFERRED_POST_LAUNCH,APPROVED,NONE,UNCLASSIFIED,UNCLASSIFIED,aicrm_next/extensions/radar/radar_links/api.py:426-431
LEGACY-API-0463,S04,/api/admin/refunds,list_admin_refunds,GET,GET,/api/admin/refunds,admin,api,human_session,true,false,global,commerce,none,PENDING_HUMAN_DESIGN,PENDING_HUMAN_DESIGN,PENDING_HUMAN_DESIGN,UNMAPPED,MIGRATE,APPROVED,NONE,UNCLASSIFIED,UNCLASSIFIED,aicrm_next/extensions/commerce/commerce/api.py:902-937
LEGACY-API-0464,S04,/api/admin/refunds,create_admin_refund,POST,POST,/api/admin/refunds,admin,api,human_session,true,true,global,commerce,none,PENDING_HUMAN_DESIGN,PENDING_HUMAN_DESIGN,PENDING_HUMAN_DESIGN,UNMAPPED,MIGRATE,APPROVED,NONE,UNCLASSIFIED,UNCLASSIFIED,aicrm_next/extensions/commerce/commerce/api.py:940-958
LEGACY-API-0465,S03,/api/admin/send-content/preview,preview_send_content,POST,POST,/api/admin/send-content/preview,admin,api,human_session,true,true,global,send_content,none,PENDING_HUMAN_DESIGN,PENDING_HUMAN_DESIGN,PENDING_HUMAN_DESIGN,UNMAPPED,MIGRATE,APPROVED,SEND_CONTENT_NOT_PROVIDER_DELIVERY,UNCLASSIFIED,UNCLASSIFIED,aicrm_next/engagement/send_content/api.py:43-55
LEGACY-API-0466,S03,/api/admin/send-content/validate,validate_send_content,POST,POST,/api/admin/send-content/validate,admin,api,human_session,true,true,global,send_content,none,PENDING_HUMAN_DESIGN,PENDING_HUMAN_DESIGN,PENDING_HUMAN_DESIGN,UNMAPPED,MIGRATE,APPROVED,SEND_CONTENT_NOT_PROVIDER_DELIVERY,UNCLASSIFIED,UNCLASSIFIED,aicrm_next/engagement/send_content/api.py:27-40
LEGACY-API-0467,S04,/api/admin/service-period-products,list_service_period_products,GET,GET,/api/admin/service-period-products,admin,api,human_session,true,false,global,service_period,none,PENDING_HUMAN_DESIGN,PENDING_HUMAN_DESIGN,PENDING_HUMAN_DESIGN,UNMAPPED,MIGRATE,APPROVED,NONE,UNCLASSIFIED,UNCLASSIFIED,aicrm_next/extensions/commerce/service_period/api.py:387-392
LEGACY-API-0468,S04,/api/admin/service-period-products,create_service_period_product,POST,POST,/api/admin/service-period-products,admin,api,human_session,true,true,global,service_period,none,PENDING_HUMAN_DESIGN,PENDING_HUMAN_DESIGN,PENDING_HUMAN_DESIGN,UNMAPPED,MIGRATE,APPROVED,NONE,UNCLASSIFIED,UNCLASSIFIED,aicrm_next/extensions/commerce/service_period/api.py:395-401
LEGACY-API-0469,S04,/api/admin/service-period-products/membership-configs,list_service_period_membership_configs,GET,GET,/api/admin/service-period-products/membership-configs,admin,api,human_session,true,false,global,service_period,none,PENDING_HUMAN_DESIGN,PENDING_HUMAN_DESIGN,PENDING_HUMAN_DESIGN,UNMAPPED,MIGRATE,APPROVED,NONE,UNCLASSIFIED,UNCLASSIFIED,aicrm_next/extensions/commerce/service_period/api.py:404-406
LEGACY-API-0470,S04,/api/admin/service-period-products/{service_product_id},delete_service_period_product,DELETE,DELETE,/api/admin/service-period-products/{service_product_id},admin,api,human_session,true,true,global,service_period,none,PENDING_HUMAN_DESIGN,PENDING_HUMAN_DESIGN,PENDING_HUMAN_DESIGN,UNMAPPED,MIGRATE,APPROVED,NONE,UNCLASSIFIED,UNCLASSIFIED,aicrm_next/extensions/commerce/service_period/api.py:450-455
LEGACY-API-0471,S04,/api/admin/service-period-products/{service_product_id},get_service_period_product,GET,GET,/api/admin/service-period-products/{service_product_id},admin,api,human_session,true,false,global,service_period,none,PENDING_HUMAN_DESIGN,PENDING_HUMAN_DESIGN,PENDING_HUMAN_DESIGN,UNMAPPED,MIGRATE,APPROVED,NONE,UNCLASSIFIED,UNCLASSIFIED,aicrm_next/extensions/commerce/service_period/api.py:409-414
LEGACY-API-0472,S04,/api/admin/service-period-products/{service_product_id},update_service_period_product,PUT,PUT,/api/admin/service-period-products/{service_product_id},admin,api,human_session,true,true,global,service_period,none,PENDING_HUMAN_DESIGN,PENDING_HUMAN_DESIGN,PENDING_HUMAN_DESIGN,UNMAPPED,MIGRATE,APPROVED,NONE,UNCLASSIFIED,UNCLASSIFIED,aicrm_next/extensions/commerce/service_period/api.py:417-422
LEGACY-API-0473,S04,/api/admin/service-period-products/{service_product_id}/copy,copy_service_period_product,POST,POST,/api/admin/service-period-products/{service_product_id}/copy,admin,api,human_session,true,true,global,service_period,none,PENDING_HUMAN_DESIGN,PENDING_HUMAN_DESIGN,PENDING_HUMAN_DESIGN,UNMAPPED,MIGRATE,APPROVED,NONE,UNCLASSIFIED,UNCLASSIFIED,aicrm_next/extensions/commerce/service_period/api.py:425-431
LEGACY-API-0474,S04,/api/admin/service-period-products/{service_product_id}/disable,disable_service_period_product,POST,POST,/api/admin/service-period-products/{service_product_id}/disable,admin,api,human_session,true,true,global,service_period,none,PENDING_HUMAN_DESIGN,PENDING_HUMAN_DESIGN,PENDING_HUMAN_DESIGN,UNMAPPED,MIGRATE,APPROVED,NONE,UNCLASSIFIED,UNCLASSIFIED,aicrm_next/extensions/commerce/service_period/api.py:442-447
LEGACY-API-0475,S04,/api/admin/service-period-products/{service_product_id}/enable,enable_service_period_product,POST,POST,/api/admin/service-period-products/{service_product_id}/enable,admin,api,human_session,true,true,global,service_period,none,PENDING_HUMAN_DESIGN,PENDING_HUMAN_DESIGN,PENDING_HUMAN_DESIGN,UNMAPPED,MIGRATE,APPROVED,NONE,UNCLASSIFIED,UNCLASSIFIED,aicrm_next/extensions/commerce/service_period/api.py:434-439
LEGACY-API-0476,S04,/api/admin/service-period-products/{service_product_id}/member-grid/access,service_period_member_grid_access,GET,GET,/api/admin/service-period-products/{service_product_id}/member-grid/access,admin,api,human_session,true,false,single_resource,service_period,none,PENDING_HUMAN_DESIGN,PENDING_HUMAN_DESIGN,PENDING_HUMAN_DESIGN,UNMAPPED,MIGRATE,APPROVED,NONE,UNCLASSIFIED,UNCLASSIFIED,aicrm_next/extensions/commerce/service_period/api.py:501-512
LEGACY-API-0477,S04,/api/admin/service-period-products/{service_product_id}/member-grid/collaborators,create_service_period_member_grid_collaborator,POST,POST,/api/admin/service-period-products/{service_product_id}/member-grid/collaborators,admin,api,human_session,true,true,single_resource,service_period,none,PENDING_HUMAN_DESIGN,PENDING_HUMAN_DESIGN,PENDING_HUMAN_DESIGN,UNMAPPED,MIGRATE,APPROVED,NONE,UNCLASSIFIED,UNCLASSIFIED,aicrm_next/extensions/commerce/service_period/api.py:696-718
LEGACY-API-0478,S04,/api/admin/service-period-products/{service_product_id}/member-grid/collaborators/{collaborator_id},delete_service_period_member_grid_collaborator,DELETE,DELETE,/api/admin/service-period-products/{service_product_id}/member-grid/collaborators/{collaborator_id},admin,api,human_session,true,true,single_resource,service_period,none,PENDING_HUMAN_DESIGN,PENDING_HUMAN_DESIGN,PENDING_HUMAN_DESIGN,UNMAPPED,MIGRATE,APPROVED,NONE,UNCLASSIFIED,UNCLASSIFIED,aicrm_next/extensions/commerce/service_period/api.py:744-767
LEGACY-API-0479,S04,/api/admin/service-period-products/{service_product_id}/member-grid/collaborators/{collaborator_id},update_service_period_member_grid_collaborator,PUT,PUT,/api/admin/service-period-products/{service_product_id}/member-grid/collaborators/{collaborator_id},admin,api,human_session,true,true,single_resource,service_period,none,PENDING_HUMAN_DESIGN,PENDING_HUMAN_DESIGN,PENDING_HUMAN_DESIGN,UNMAPPED,MIGRATE,APPROVED,NONE,UNCLASSIFIED,UNCLASSIFIED,aicrm_next/extensions/commerce/service_period/api.py:721-741
LEGACY-API-0480,S04,/api/admin/service-period-products/{service_product_id}/member-grid/external-share,update_service_period_member_grid_external_share,PUT,PUT,/api/admin/service-period-products/{service_product_id}/member-grid/external-share,admin,api,human_session,true,true,single_resource,service_period,none,PENDING_HUMAN_DESIGN,PENDING_HUMAN_DESIGN,PENDING_HUMAN_DESIGN,UNMAPPED,MIGRATE,APPROVED,NONE,UNCLASSIFIED,UNCLASSIFIED,aicrm_next/extensions/commerce/service_period/api.py:770-793
LEGACY-API-0481,S04,/api/admin/service-period-products/{service_product_id}/member-grid/query,query_service_period_member_grid,POST,POST,/api/admin/service-period-products/{service_product_id}/member-grid/query,admin,api,human_session,true,true,single_resource,service_period,none,PENDING_HUMAN_DESIGN,PENDING_HUMAN_DESIGN,PENDING_HUMAN_DESIGN,UNMAPPED,MIGRATE,APPROVED,NONE,UNCLASSIFIED,UNCLASSIFIED,aicrm_next/extensions/commerce/service_period/api.py:621-651
LEGACY-API-0482,S04,/api/admin/service-period-products/{service_product_id}/member-grid/schema,service_period_member_grid_schema,GET,GET,/api/admin/service-period-products/{service_product_id}/member-grid/schema,admin,api,human_session,true,false,single_resource,service_period,none,PENDING_HUMAN_DESIGN,PENDING_HUMAN_DESIGN,PENDING_HUMAN_DESIGN,UNMAPPED,MIGRATE,APPROVED,NONE,UNCLASSIFIED,UNCLASSIFIED,aicrm_next/extensions/commerce/service_period/api.py:515-521
LEGACY-API-0483,S04,/api/admin/service-period-products/{service_product_id}/member-grid/share-settings,get_service_period_member_grid_share_settings,GET,GET,/api/admin/service-period-products/{service_product_id}/member-grid/share-settings,admin,api,human_session,true,false,single_resource,service_period,none,PENDING_HUMAN_DESIGN,PENDING_HUMAN_DESIGN,PENDING_HUMAN_DESIGN,UNMAPPED,MIGRATE,APPROVED,NONE,UNCLASSIFIED,UNCLASSIFIED,aicrm_next/extensions/commerce/service_period/api.py:682-693
LEGACY-API-0484,S04,/api/admin/service-period-products/{service_product_id}/member-views,list_service_period_member_views,GET,GET,/api/admin/service-period-products/{service_product_id}/member-views,admin,api,human_session,true,false,single_resource,service_period,none,PENDING_HUMAN_DESIGN,PENDING_HUMAN_DESIGN,PENDING_HUMAN_DESIGN,UNMAPPED,MIGRATE,APPROVED,NONE,UNCLASSIFIED,UNCLASSIFIED,aicrm_next/extensions/commerce/service_period/api.py:524-530
LEGACY-API-0485,S04,/api/admin/service-period-products/{service_product_id}/member-views,create_service_period_member_view,POST,POST,/api/admin/service-period-products/{service_product_id}/member-views,admin,api,human_session,true,true,single_resource,service_period,none,PENDING_HUMAN_DESIGN,PENDING_HUMAN_DESIGN,PENDING_HUMAN_DESIGN,UNMAPPED,MIGRATE,APPROVED,NONE,UNCLASSIFIED,UNCLASSIFIED,aicrm_next/extensions/commerce/service_period/api.py:533-556
LEGACY-API-0486,S04,/api/admin/service-period-products/{service_product_id}/member-views/{view_id},delete_service_period_member_view,DELETE,DELETE,/api/admin/service-period-products/{service_product_id}/member-views/{view_id},admin,api,human_session,true,true,single_resource,service_period,none,PENDING_HUMAN_DESIGN,PENDING_HUMAN_DESIGN,PENDING_HUMAN_DESIGN,UNMAPPED,MIGRATE,APPROVED,NONE,UNCLASSIFIED,UNCLASSIFIED,aicrm_next/extensions/commerce/service_period/api.py:593-618
LEGACY-API-0487,S04,/api/admin/service-period-products/{service_product_id}/member-views/{view_id},update_service_period_member_view,PUT,PUT,/api/admin/service-period-products/{service_product_id}/member-views/{view_id},admin,api,human_session,true,true,single_resource,service_period,none,PENDING_HUMAN_DESIGN,PENDING_HUMAN_DESIGN,PENDING_HUMAN_DESIGN,UNMAPPED,MIGRATE,APPROVED,NONE,UNCLASSIFIED,UNCLASSIFIED,aicrm_next/extensions/commerce/service_period/api.py:559-590
LEGACY-API-0488,S04,/api/admin/service-period-products/{service_product_id}/members,service_period_product_members,GET,GET,/api/admin/service-period-products/{service_product_id}/members,admin,api,human_session,true,false,global,service_period,none,PENDING_HUMAN_DESIGN,PENDING_HUMAN_DESIGN,PENDING_HUMAN_DESIGN,UNMAPPED,MIGRATE,APPROVED,NONE,UNCLASSIFIED,UNCLASSIFIED,aicrm_next/extensions/commerce/service_period/api.py:488-498
LEGACY-API-0489,S04,/api/admin/service-period-products/{service_product_id}/members/{unionid}/alliance,update_service_period_member_alliance,PUT,PUT,/api/admin/service-period-products/{service_product_id}/members/{unionid}/alliance,admin,api,human_session,true,true,single_resource,service_period,none,PENDING_HUMAN_DESIGN,PENDING_HUMAN_DESIGN,PENDING_HUMAN_DESIGN,UNMAPPED,MIGRATE,APPROVED,NONE,UNCLASSIFIED,UNCLASSIFIED,aicrm_next/extensions/commerce/service_period/api.py:665-679
LEGACY-API-0490,S04,/api/admin/service-period-products/{service_product_id}/members/{unionid}/remark,update_service_period_member_remark,PUT,PUT,/api/admin/service-period-products/{service_product_id}/members/{unionid}/remark,admin,api,human_session,true,true,single_resource,service_period,none,PENDING_HUMAN_DESIGN,PENDING_HUMAN_DESIGN,PENDING_HUMAN_DESIGN,UNMAPPED,MIGRATE,APPROVED,NONE,UNCLASSIFIED,UNCLASSIFIED,aicrm_next/extensions/commerce/service_period/api.py:654-662
LEGACY-API-0491,S04,/api/admin/service-period-products/{service_product_id}/share,share_service_period_product,GET,GET,/api/admin/service-period-products/{service_product_id}/share,admin,api,human_session,true,false,global,service_period,none,PENDING_HUMAN_DESIGN,PENDING_HUMAN_DESIGN,PENDING_HUMAN_DESIGN,UNMAPPED,MIGRATE,APPROVED,NONE,UNCLASSIFIED,UNCLASSIFIED,aicrm_next/extensions/commerce/service_period/api.py:458-477
LEGACY-API-0492,S04,/api/admin/service-period-products/{service_product_id}/stats,service_period_product_stats,GET,GET,/api/admin/service-period-products/{service_product_id}/stats,admin,api,human_session,true,false,global,service_period,none,PENDING_HUMAN_DESIGN,PENDING_HUMAN_DESIGN,PENDING_HUMAN_DESIGN,UNMAPPED,MIGRATE,APPROVED,NONE,UNCLASSIFIED,UNCLASSIFIED,aicrm_next/extensions/commerce/service_period/api.py:480-485
LEGACY-API-0493,S03,/api/admin/user-ops/batch-send/execute,user_ops_batch_send_execute,POST,POST,/api/admin/user-ops/batch-send/execute,admin,api,human_session,true,true,global,ops_enrollment,none,PENDING_HUMAN_DESIGN,PENDING_HUMAN_DESIGN,PENDING_HUMAN_DESIGN,UNMAPPED,MIGRATE,APPROVED,USER_OPS_REVIEW_PLAN_NOT_ENQUEUED_OR_SENT,UNCLASSIFIED,UNCLASSIFIED,aicrm_next/automation/ops_enrollment/api.py:220-225
LEGACY-API-0494,S03,/api/admin/user-ops/batch-send/preview,user_ops_batch_send_preview,POST,POST,/api/admin/user-ops/batch-send/preview,admin,api,human_session,true,true,global,ops_enrollment,none,PENDING_HUMAN_DESIGN,PENDING_HUMAN_DESIGN,PENDING_HUMAN_DESIGN,UNMAPPED,MIGRATE,APPROVED,PREVIEW_NOT_PROVIDER_SEND,UNCLASSIFIED,UNCLASSIFIED,aicrm_next/automation/ops_enrollment/api.py:190-195
LEGACY-API-0495,S03,/api/admin/user-ops/broadcast/preview,user_ops_broadcast_preview,POST,POST,/api/admin/user-ops/broadcast/preview,admin,api,human_session,true,true,global,ops_enrollment,none,PENDING_HUMAN_DESIGN,PENDING_HUMAN_DESIGN,PENDING_HUMAN_DESIGN,UNMAPPED,DEFERRED_POST_LAUNCH,APPROVED,PREVIEW_NOT_PROVIDER_SEND,UNCLASSIFIED,UNCLASSIFIED,aicrm_next/automation/ops_enrollment/api.py:198-203
LEGACY-API-0496,S03,/api/admin/user-ops/cards,user_ops_cards,GET,GET,/api/admin/user-ops/cards,admin,api,human_session,true,false,global,ops_enrollment,none,PENDING_HUMAN_DESIGN,PENDING_HUMAN_DESIGN,PENDING_HUMAN_DESIGN,UNMAPPED,DEFERRED_POST_LAUNCH,APPROVED,NONE,UNCLASSIFIED,UNCLASSIFIED,aicrm_next/automation/ops_enrollment/api.py:80-104
LEGACY-API-0497,S03,/api/admin/user-ops/customers,user_ops_customers,GET,GET,/api/admin/user-ops/customers,admin,api,human_session,true,false,global,ops_enrollment,none,PENDING_HUMAN_DESIGN,PENDING_HUMAN_DESIGN,PENDING_HUMAN_DESIGN,UNMAPPED,DEFERRED_POST_LAUNCH,APPROVED,NONE,UNCLASSIFIED,UNCLASSIFIED,aicrm_next/automation/ops_enrollment/api.py:143-171
LEGACY-API-0498,S03,/api/admin/user-ops/customers/{unionid},user_ops_customer_detail,GET,GET,/api/admin/user-ops/customers/{unionid},admin,api,human_session,true,false,global,ops_enrollment,none,PENDING_HUMAN_DESIGN,PENDING_HUMAN_DESIGN,PENDING_HUMAN_DESIGN,UNMAPPED,DEFERRED_POST_LAUNCH,APPROVED,NONE,UNCLASSIFIED,UNCLASSIFIED,aicrm_next/automation/ops_enrollment/api.py:174-179
LEGACY-API-0499,S03,/api/admin/user-ops/customers/{unionid}/timeline,user_ops_customer_timeline,GET,GET,/api/admin/user-ops/customers/{unionid}/timeline,admin,api,human_session,true,false,global,ops_enrollment,none,PENDING_HUMAN_DESIGN,PENDING_HUMAN_DESIGN,PENDING_HUMAN_DESIGN,UNMAPPED,DEFERRED_POST_LAUNCH,APPROVED,NONE,UNCLASSIFIED,UNCLASSIFIED,aicrm_next/automation/ops_enrollment/api.py:182-187
LEGACY-API-0500,S03,/api/admin/user-ops/do-not-disturb,user_ops_do_not_disturb,POST,POST,/api/admin/user-ops/do-not-disturb,admin,api,human_session,true,true,global,ops_enrollment,none,PENDING_HUMAN_DESIGN,PENDING_HUMAN_DESIGN,PENDING_HUMAN_DESIGN,UNMAPPED,MIGRATE,APPROVED,NONE,UNCLASSIFIED,UNCLASSIFIED,aicrm_next/automation/ops_enrollment/api.py:228-235
LEGACY-API-0501,S03,/api/admin/user-ops/export,user_ops_export_stub,GET,GET,/api/admin/user-ops/export,admin,api,human_session,true,false,global,ops_enrollment,none,PENDING_HUMAN_DESIGN,PENDING_HUMAN_DESIGN,PENDING_HUMAN_DESIGN,UNMAPPED,MIGRATE,APPROVED,NONE,UNCLASSIFIED,UNCLASSIFIED,aicrm_next/automation/ops_enrollment/api.py:269-272
LEGACY-API-0502,S03,/api/admin/user-ops/export/preview,user_ops_export_preview,POST,POST,/api/admin/user-ops/export/preview,admin,api,human_session,true,true,global,ops_enrollment,none,PENDING_HUMAN_DESIGN,PENDING_HUMAN_DESIGN,PENDING_HUMAN_DESIGN,UNMAPPED,DEFERRED_POST_LAUNCH,APPROVED,NONE,UNCLASSIFIED,UNCLASSIFIED,aicrm_next/automation/ops_enrollment/api.py:206-217
LEGACY-API-0503,S03,/api/admin/user-ops/filters,user_ops_filters,GET,GET,/api/admin/user-ops/filters,admin,api,human_session,true,false,global,ops_enrollment,none,PENDING_HUMAN_DESIGN,PENDING_HUMAN_DESIGN,PENDING_HUMAN_DESIGN,UNMAPPED,DEFERRED_POST_LAUNCH,APPROVED,NONE,UNCLASSIFIED,UNCLASSIFIED,aicrm_next/automation/ops_enrollment/api.py:107-109
LEGACY-API-0504,S03,/api/admin/user-ops/list,user_ops_list,GET,GET,/api/admin/user-ops/list,admin,api,human_session,true,false,global,ops_enrollment,none,PENDING_HUMAN_DESIGN,PENDING_HUMAN_DESIGN,PENDING_HUMAN_DESIGN,UNMAPPED,MIGRATE,APPROVED,NONE,UNCLASSIFIED,UNCLASSIFIED,aicrm_next/automation/ops_enrollment/api.py:112-140
LEGACY-API-0505,S03,/api/admin/user-ops/overview,user_ops_overview,GET,GET,/api/admin/user-ops/overview,admin,api,human_session,true,false,global,ops_enrollment,none,PENDING_HUMAN_DESIGN,PENDING_HUMAN_DESIGN,PENDING_HUMAN_DESIGN,UNMAPPED,MIGRATE,APPROVED,NONE,UNCLASSIFIED,UNCLASSIFIED,aicrm_next/automation/ops_enrollment/api.py:53-77
LEGACY-API-0506,S03,/api/admin/user-ops/send-records,user_ops_send_records,GET,GET,/api/admin/user-ops/send-records,admin,api,human_session,true,false,global,ops_enrollment,none,PENDING_HUMAN_DESIGN,PENDING_HUMAN_DESIGN,PENDING_HUMAN_DESIGN,UNMAPPED,MIGRATE,APPROVED,SEND_RECORD_CANNOT_MEAN_SENT_WITHOUT_EFFECT_AND_PROVIDER_RESULT,UNCLASSIFIED,UNCLASSIFIED,aicrm_next/automation/ops_enrollment/api.py:238-250
LEGACY-API-0507,S03,/api/admin/user-ops/send-records/{record_id},user_ops_send_record_detail,GET,GET,/api/admin/user-ops/send-records/{record_id},admin,api,human_session,true,false,global,ops_enrollment,none,PENDING_HUMAN_DESIGN,PENDING_HUMAN_DESIGN,PENDING_HUMAN_DESIGN,UNMAPPED,MIGRATE,APPROVED,SEND_RECORD_CANNOT_MEAN_SENT_WITHOUT_EFFECT_AND_PROVIDER_RESULT,UNCLASSIFIED,UNCLASSIFIED,aicrm_next/automation/ops_enrollment/api.py:253-258
LEGACY-API-0508,S03,/api/admin/user-ops/send-records/{record_id}/refresh,user_ops_send_record_refresh,POST,POST,/api/admin/user-ops/send-records/{record_id}/refresh,admin,api,human_session,true,true,global,ops_enrollment,none,PENDING_HUMAN_DESIGN,PENDING_HUMAN_DESIGN,PENDING_HUMAN_DESIGN,UNMAPPED,MIGRATE,APPROVED,SEND_RECORD_CANNOT_MEAN_SENT_WITHOUT_EFFECT_AND_PROVIDER_RESULT,UNCLASSIFIED,UNCLASSIFIED,aicrm_next/automation/ops_enrollment/api.py:261-266
LEGACY-API-0509,S04,/api/admin/webhook-inbox/items,list_webhook_inbox_items,GET,GET,/api/admin/webhook-inbox/items,admin,api,human_session,true,false,global,platform_foundation,none,PENDING_HUMAN_DESIGN,PENDING_HUMAN_DESIGN,PENDING_HUMAN_DESIGN,UNMAPPED,MIGRATE,APPROVED,NONE,UNCLASSIFIED,UNCLASSIFIED,aicrm_next/platform/platform_foundation/webhook_inbox/api.py:334-364
LEGACY-API-0510,S04,/api/admin/webhook-inbox/metrics,webhook_inbox_metrics,GET,GET,/api/admin/webhook-inbox/metrics,admin,api,human_session,true,false,global,platform_foundation,none,PENDING_HUMAN_DESIGN,PENDING_HUMAN_DESIGN,PENDING_HUMAN_DESIGN,UNMAPPED,MIGRATE,APPROVED,NONE,UNCLASSIFIED,UNCLASSIFIED,aicrm_next/platform/platform_foundation/webhook_inbox/api.py:309-331
LEGACY-API-0511,S04,/api/admin/webhook-inbox/run-due,run_webhook_inbox_due,POST,POST,/api/admin/webhook-inbox/run-due,admin,api,human_or_service,true,true,global,platform_foundation,staging_disabled,PENDING_HUMAN_DESIGN,PENDING_HUMAN_DESIGN,PENDING_HUMAN_DESIGN,UNMAPPED,DEFERRED_POST_LAUNCH,APPROVED,MANIFEST_EXTERNAL_EFFECTS_STAGING_DISABLED,UNCLASSIFIED,UNCLASSIFIED,aicrm_next/platform/platform_foundation/webhook_inbox/api.py:477-537
LEGACY-API-0512,S04,/api/admin/webhook-inbox/{inbox_id},get_webhook_inbox_item,GET,GET,/api/admin/webhook-inbox/{inbox_id},admin,api,human_session,true,false,global,platform_foundation,none,PENDING_HUMAN_DESIGN,PENDING_HUMAN_DESIGN,PENDING_HUMAN_DESIGN,UNMAPPED,MIGRATE,APPROVED,NONE,UNCLASSIFIED,UNCLASSIFIED,aicrm_next/platform/platform_foundation/webhook_inbox/api.py:367-372
LEGACY-API-0513,S04,/api/admin/webhook-inbox/{inbox_id}/dispatch,dispatch_webhook_inbox_item,POST,POST,/api/admin/webhook-inbox/{inbox_id}/dispatch,admin,api,human_or_service,true,true,global,platform_foundation,staging_disabled,PENDING_HUMAN_DESIGN,PENDING_HUMAN_DESIGN,PENDING_HUMAN_DESIGN,UNMAPPED,DEFERRED_POST_LAUNCH,APPROVED,MANIFEST_EXTERNAL_EFFECTS_STAGING_DISABLED,UNCLASSIFIED,UNCLASSIFIED,aicrm_next/platform/platform_foundation/webhook_inbox/api.py:435-474
LEGACY-API-0514,S04,/api/admin/webhook-inbox/{inbox_id}/retry,retry_webhook_inbox_item,POST,POST,/api/admin/webhook-inbox/{inbox_id}/retry,admin,api,human_or_service,true,true,global,platform_foundation,none,PENDING_HUMAN_DESIGN,PENDING_HUMAN_DESIGN,PENDING_HUMAN_DESIGN,UNMAPPED,DEFERRED_POST_LAUNCH,APPROVED,NONE,UNCLASSIFIED,UNCLASSIFIED,aicrm_next/platform/platform_foundation/webhook_inbox/api.py:375-402
LEGACY-API-0515,S04,/api/admin/webhook-inbox/{inbox_id}/skip,skip_webhook_inbox_item,POST,POST,/api/admin/webhook-inbox/{inbox_id}/skip,admin,api,human_or_service,true,true,global,platform_foundation,none,PENDING_HUMAN_DESIGN,PENDING_HUMAN_DESIGN,PENDING_HUMAN_DESIGN,UNMAPPED,DEFERRED_POST_LAUNCH,APPROVED,NONE,UNCLASSIFIED,UNCLASSIFIED,aicrm_next/platform/platform_foundation/webhook_inbox/api.py:405-432
LEGACY-API-0516,S04,/api/admin/webhooks/events,list_admin_webhook_events,GET,GET,/api/admin/webhooks/events,admin,webhook,human_session,true,false,global,commerce,none,PENDING_HUMAN_DESIGN,PENDING_HUMAN_DESIGN,PENDING_HUMAN_DESIGN,UNMAPPED,DEFERRED_POST_LAUNCH,APPROVED,NONE,UNCLASSIFIED,UNCLASSIFIED,aicrm_next/extensions/commerce/commerce/api.py:1001-1034
LEGACY-API-0517,S04,/api/admin/webhooks/replay,replay_admin_webhook,POST,POST,/api/admin/webhooks/replay,admin,webhook,human_session,true,true,global,commerce,none,PENDING_HUMAN_DESIGN,PENDING_HUMAN_DESIGN,PENDING_HUMAN_DESIGN,UNMAPPED,DEFERRED_POST_LAUNCH,APPROVED,NONE,UNCLASSIFIED,UNCLASSIFIED,aicrm_next/extensions/commerce/commerce/api.py:1037-1053
LEGACY-API-0518,S04,/api/admin/wechat-pay/order-exports,export_wechat_admin_orders,POST,POST,/api/admin/wechat-pay/order-exports,admin,api,human_session,true,true,global,commerce,none,PENDING_HUMAN_DESIGN,PENDING_HUMAN_DESIGN,PENDING_HUMAN_DESIGN,UNMAPPED,MIGRATE,APPROVED,NONE,UNCLASSIFIED,UNCLASSIFIED,aicrm_next/extensions/commerce/commerce/api.py:308-323
LEGACY-API-0519,S04,/api/admin/wechat-pay/order-exports/{job_id},deprecated_wechat_admin_order_export_job,GET,GET,/api/admin/wechat-pay/order-exports/{job_id},admin,api,human_session,true,false,global,commerce,none,PENDING_HUMAN_DESIGN,PENDING_HUMAN_DESIGN,PENDING_HUMAN_DESIGN,UNMAPPED,DEFERRED_POST_LAUNCH,APPROVED,NONE,UNCLASSIFIED,UNCLASSIFIED,aicrm_next/extensions/commerce/commerce/api.py:326-336
LEGACY-API-0520,S04,/api/admin/wechat-pay/order-exports/{job_id}/download,deprecated_wechat_admin_order_export_job,GET,GET,/api/admin/wechat-pay/order-exports/{job_id}/download,admin,api,human_session,true,false,global,commerce,none,PENDING_HUMAN_DESIGN,PENDING_HUMAN_DESIGN,PENDING_HUMAN_DESIGN,UNMAPPED,DEFERRED_POST_LAUNCH,APPROVED,NONE,UNCLASSIFIED,UNCLASSIFIED,aicrm_next/extensions/commerce/commerce/api.py:327-336
LEGACY-API-0521,S04,/api/admin/wechat-pay/orders,list_wechat_admin_order_page,GET,GET,/api/admin/wechat-pay/orders,admin,api,human_session,true,false,global,commerce,none,PENDING_HUMAN_DESIGN,PENDING_HUMAN_DESIGN,PENDING_HUMAN_DESIGN,UNMAPPED,MIGRATE,APPROVED,NONE,UNCLASSIFIED,UNCLASSIFIED,aicrm_next/extensions/commerce/commerce/api.py:279-305
LEGACY-API-0522,S04,/api/admin/wechat-pay/orders/{order_id}/external-push-deliveries,list_wechat_order_external_push_deliveries,GET,GET,/api/admin/wechat-pay/orders/{order_id}/external-push-deliveries,admin,api,human_session,true,false,global,commerce,none,PENDING_HUMAN_DESIGN,PENDING_HUMAN_DESIGN,PENDING_HUMAN_DESIGN,UNMAPPED,DEFERRED_POST_LAUNCH,APPROVED,NONE,UNCLASSIFIED,UNCLASSIFIED,aicrm_next/extensions/commerce/commerce/api.py:339-347
LEGACY-API-0523,S04,/api/admin/wechat-pay/orders/{order_id}/external-push-deliveries/{delivery_id}/retry,retry_wechat_order_external_push_delivery,POST,POST,/api/admin/wechat-pay/orders/{order_id}/external-push-deliveries/{delivery_id}/retry,admin,api,human_session,true,true,global,commerce,none,PENDING_HUMAN_DESIGN,PENDING_HUMAN_DESIGN,PENDING_HUMAN_DESIGN,UNMAPPED,DEFERRED_POST_LAUNCH,APPROVED,NONE,UNCLASSIFIED,UNCLASSIFIED,aicrm_next/extensions/commerce/commerce/api.py:350-362
LEGACY-API-0524,S04,/api/admin/wechat-pay/orders/{order_id}/refunds,request_wechat_admin_refund,POST,POST,/api/admin/wechat-pay/orders/{order_id}/refunds,admin,api,human_session,true,true,global,commerce,none,PENDING_HUMAN_DESIGN,PENDING_HUMAN_DESIGN,PENDING_HUMAN_DESIGN,UNMAPPED,MIGRATE,APPROVED,NONE,UNCLASSIFIED,UNCLASSIFIED,aicrm_next/extensions/commerce/commerce/api.py:365-388
LEGACY-API-0525,S04,/api/admin/wechat-pay/products,list_products,GET,GET,/api/admin/wechat-pay/products,admin,api,human_session,true,false,global,commerce,none,PENDING_HUMAN_DESIGN,PENDING_HUMAN_DESIGN,PENDING_HUMAN_DESIGN,UNMAPPED,MIGRATE,APPROVED,NONE,UNCLASSIFIED,UNCLASSIFIED,aicrm_next/extensions/commerce/commerce/api.py:402-407
LEGACY-API-0526,S04,/api/admin/wechat-pay/products,create_product,POST,POST,/api/admin/wechat-pay/products,admin,api,human_session,true,true,global,commerce,none,PENDING_HUMAN_DESIGN,PENDING_HUMAN_DESIGN,PENDING_HUMAN_DESIGN,UNMAPPED,MIGRATE,APPROVED,NONE,UNCLASSIFIED,UNCLASSIFIED,aicrm_next/extensions/commerce/commerce/api.py:489-494
LEGACY-API-0527,S04,/api/admin/wechat-pay/products/lead-channels,list_product_lead_channels,GET,GET,/api/admin/wechat-pay/products/lead-channels,admin,api,human_session,true,false,global,commerce,none,PENDING_HUMAN_DESIGN,PENDING_HUMAN_DESIGN,PENDING_HUMAN_DESIGN,UNMAPPED,MIGRATE,APPROVED,NONE,UNCLASSIFIED,UNCLASSIFIED,aicrm_next/extensions/commerce/commerce/api.py:410-415
LEGACY-API-0528,S04,/api/admin/wechat-pay/products/lead-plans,deprecated_product_lead_plans,GET,GET,/api/admin/wechat-pay/products/lead-plans,admin,api,human_session,true,false,global,commerce,none,PENDING_HUMAN_DESIGN,PENDING_HUMAN_DESIGN,PENDING_HUMAN_DESIGN,UNMAPPED,DEFERRED_POST_LAUNCH,APPROVED,NONE,UNCLASSIFIED,UNCLASSIFIED,aicrm_next/extensions/commerce/commerce/api.py:418-427
LEGACY-API-0529,S04,/api/admin/wechat-pay/products/{product_id},delete_product,DELETE,DELETE,/api/admin/wechat-pay/products/{product_id},admin,api,human_session,true,true,global,commerce,none,PENDING_HUMAN_DESIGN,PENDING_HUMAN_DESIGN,PENDING_HUMAN_DESIGN,UNMAPPED,MIGRATE,APPROVED,NONE,UNCLASSIFIED,UNCLASSIFIED,aicrm_next/extensions/commerce/commerce/api.py:521-526
LEGACY-API-0530,S04,/api/admin/wechat-pay/products/{product_id},get_product,GET,GET,/api/admin/wechat-pay/products/{product_id},admin,api,human_session,true,false,global,commerce,none,PENDING_HUMAN_DESIGN,PENDING_HUMAN_DESIGN,PENDING_HUMAN_DESIGN,UNMAPPED,MIGRATE,APPROVED,NONE,UNCLASSIFIED,UNCLASSIFIED,aicrm_next/extensions/commerce/commerce/api.py:430-435
LEGACY-API-0531,S04,/api/admin/wechat-pay/products/{product_id},update_product,PUT,PUT,/api/admin/wechat-pay/products/{product_id},admin,api,human_session,true,true,global,commerce,none,PENDING_HUMAN_DESIGN,PENDING_HUMAN_DESIGN,PENDING_HUMAN_DESIGN,UNMAPPED,MIGRATE,APPROVED,NONE,UNCLASSIFIED,UNCLASSIFIED,aicrm_next/extensions/commerce/commerce/api.py:497-502
LEGACY-API-0532,S04,/api/admin/wechat-pay/products/{product_id}/copy,copy_product,POST,POST,/api/admin/wechat-pay/products/{product_id}/copy,admin,api,human_session,true,true,global,commerce,none,PENDING_HUMAN_DESIGN,PENDING_HUMAN_DESIGN,PENDING_HUMAN_DESIGN,UNMAPPED,MIGRATE,APPROVED,NONE,UNCLASSIFIED,UNCLASSIFIED,aicrm_next/extensions/commerce/commerce/api.py:447-453
LEGACY-API-0533,S04,/api/admin/wechat-pay/products/{product_id}/disable,disable_product,POST,POST,/api/admin/wechat-pay/products/{product_id}/disable,admin,api,human_session,true,true,global,commerce,none,PENDING_HUMAN_DESIGN,PENDING_HUMAN_DESIGN,PENDING_HUMAN_DESIGN,UNMAPPED,MIGRATE,APPROVED,NONE,UNCLASSIFIED,UNCLASSIFIED,aicrm_next/extensions/commerce/commerce/api.py:513-518
LEGACY-API-0534,S04,/api/admin/wechat-pay/products/{product_id}/enable,enable_product,POST,POST,/api/admin/wechat-pay/products/{product_id}/enable,admin,api,human_session,true,true,global,commerce,none,PENDING_HUMAN_DESIGN,PENDING_HUMAN_DESIGN,PENDING_HUMAN_DESIGN,UNMAPPED,MIGRATE,APPROVED,NONE,UNCLASSIFIED,UNCLASSIFIED,aicrm_next/extensions/commerce/commerce/api.py:505-510
LEGACY-API-0535,S04,/api/admin/wechat-pay/products/{product_id}/external-push,get_product_external_push,GET,GET,/api/admin/wechat-pay/products/{product_id}/external-push,admin,api,human_session,true,false,global,commerce,none,PENDING_HUMAN_DESIGN,PENDING_HUMAN_DESIGN,PENDING_HUMAN_DESIGN,UNMAPPED,MIGRATE,APPROVED,NONE,UNCLASSIFIED,UNCLASSIFIED,aicrm_next/extensions/commerce/commerce/api.py:456-461
LEGACY-API-0536,S04,/api/admin/wechat-pay/products/{product_id}/external-push,save_product_external_push,PUT,PUT,/api/admin/wechat-pay/products/{product_id}/external-push,admin,api,human_session,true,true,global,commerce,none,PENDING_HUMAN_DESIGN,PENDING_HUMAN_DESIGN,PENDING_HUMAN_DESIGN,UNMAPPED,MIGRATE,APPROVED,NONE,UNCLASSIFIED,UNCLASSIFIED,aicrm_next/extensions/commerce/commerce/api.py:464-471
LEGACY-API-0537,S04,/api/admin/wechat-pay/products/{product_id}/external-push/test,test_product_external_push,POST,POST,/api/admin/wechat-pay/products/{product_id}/external-push/test,admin,api,human_session,true,true,global,commerce,none,PENDING_HUMAN_DESIGN,PENDING_HUMAN_DESIGN,PENDING_HUMAN_DESIGN,UNMAPPED,MIGRATE,APPROVED,NONE,UNCLASSIFIED,UNCLASSIFIED,aicrm_next/extensions/commerce/commerce/api.py:474-486
LEGACY-API-0538,S04,/api/admin/wechat-pay/products/{product_id}/share,share_product,GET,GET,/api/admin/wechat-pay/products/{product_id}/share,admin,api,human_session,true,false,global,commerce,none,PENDING_HUMAN_DESIGN,PENDING_HUMAN_DESIGN,PENDING_HUMAN_DESIGN,UNMAPPED,MIGRATE,APPROVED,NONE,UNCLASSIFIED,UNCLASSIFIED,aicrm_next/extensions/commerce/commerce/api.py:438-444
LEGACY-API-0539,S04,/api/admin/wechat-pay/transactions,list_wechat_transactions,GET,GET,/api/admin/wechat-pay/transactions,admin,api,human_session,true,false,global,commerce,none,PENDING_HUMAN_DESIGN,PENDING_HUMAN_DESIGN,PENDING_HUMAN_DESIGN,UNMAPPED,MIGRATE,APPROVED,NONE,UNCLASSIFIED,UNCLASSIFIED,aicrm_next/extensions/commerce/commerce/api.py:1125-1142
LEGACY-API-0540,S04,/api/admin/wechat-pay/transactions/{order_no},get_wechat_transaction,GET,GET,/api/admin/wechat-pay/transactions/{order_no},admin,api,human_session,true,false,global,commerce,none,PENDING_HUMAN_DESIGN,PENDING_HUMAN_DESIGN,PENDING_HUMAN_DESIGN,UNMAPPED,DEFERRED_POST_LAUNCH,APPROVED,NONE,UNCLASSIFIED,UNCLASSIFIED,aicrm_next/extensions/commerce/commerce/api.py:1145-1150
LEGACY-API-0541,S04,/api/admin/wechat-pay/{path:path},admin_wechat_pay_unknown,DELETE|GET|PATCH|POST|PUT,DELETE|GET|PATCH|POST|PUT,/api/admin/wechat-pay/{path:path},admin,api,human_session,true,true,global,commerce,none,PENDING_HUMAN_DESIGN,PENDING_HUMAN_DESIGN,PENDING_HUMAN_DESIGN,UNMAPPED,DEFERRED_POST_LAUNCH,APPROVED,SOURCE_METHOD_BUNDLE_DIFFERS|SOURCE_ONLY_HEAD,UNCLASSIFIED,UNCLASSIFIED,aicrm_next/extensions/commerce/commerce/api.py:1163-1171
LEGACY-API-0542,S04,/api/admin/wechat-pay/{path:path},admin_wechat_pay_options,OPTIONS,OPTIONS,/api/admin/wechat-pay/{path:path},admin,api,human_session,true,false,global,commerce,none,PENDING_HUMAN_DESIGN,PENDING_HUMAN_DESIGN,PENDING_HUMAN_DESIGN,UNMAPPED,DEFERRED_POST_LAUNCH,APPROVED,NONE,UNCLASSIFIED,UNCLASSIFIED,aicrm_next/extensions/commerce/commerce/api.py:1153-1160
LEGACY-API-0543,S04,/api/admin/wechat-shop/events,list_admin_wechat_shop_events,GET,GET,/api/admin/wechat-shop/events,admin,api,human_session,true,false,global,commerce,none,PENDING_HUMAN_DESIGN,PENDING_HUMAN_DESIGN,PENDING_HUMAN_DESIGN,UNMAPPED,DEFERRED_POST_LAUNCH,APPROVED,NONE,UNCLASSIFIED,UNCLASSIFIED,aicrm_next/extensions/commerce/commerce/api.py:1070-1077
LEGACY-API-0544,S04,/api/admin/wechat-shop/orders/{order_id}/sync,sync_admin_wechat_shop_order,POST,POST,/api/admin/wechat-shop/orders/{order_id}/sync,admin,api,human_session,true,true,global,commerce,none,PENDING_HUMAN_DESIGN,PENDING_HUMAN_DESIGN,PENDING_HUMAN_DESIGN,UNMAPPED,DEFERRED_POST_LAUNCH,APPROVED,NONE,UNCLASSIFIED,UNCLASSIFIED,aicrm_next/extensions/commerce/commerce/api.py:1056-1067
LEGACY-API-0545,S04,/api/admin/wechat-shop/sync-runs,list_admin_wechat_shop_sync_runs,GET,GET,/api/admin/wechat-shop/sync-runs,admin,api,human_session,true,false,global,commerce,none,PENDING_HUMAN_DESIGN,PENDING_HUMAN_DESIGN,PENDING_HUMAN_DESIGN,UNMAPPED,DEFERRED_POST_LAUNCH,APPROVED,NONE,UNCLASSIFIED,UNCLASSIFIED,aicrm_next/extensions/commerce/commerce/api.py:1080-1086
LEGACY-API-0546,S03,/api/admin/wecom-customer-acquisition-links,wecom_customer_acquisition_links,GET|POST,GET|POST,/api/admin/wecom-customer-acquisition-links,admin,api,human_session,true,true,global,automation_engine,staging_disabled,PENDING_HUMAN_DESIGN,PENDING_HUMAN_DESIGN,PENDING_HUMAN_DESIGN,UNMAPPED,MIGRATE,APPROVED,MANIFEST_EXTERNAL_EFFECTS_STAGING_DISABLED|S03-D01_SOURCE_ONLY_METHODS|S03-D04_FIXTURE_BLOCKED_NOT_REAL_WECOM_SOURCE|S03-D07_MANIFEST_STAGING_DISABLED_VS_GATED_SOURCE_PATH|SOURCE_METHOD_BUNDLE_DIFFERS,UNCLASSIFIED,UNCLASSIFIED,aicrm_next/automation/automation_engine/channels_api.py:871-935
LEGACY-API-0547,S03,/api/admin/wecom-customer-acquisition-links/{link_id},wecom_customer_acquisition_link_detail,DELETE|GET|PATCH,DELETE|GET|PATCH,/api/admin/wecom-customer-acquisition-links/{link_id},admin,api,human_session,true,true,global,automation_engine,staging_disabled,PENDING_HUMAN_DESIGN,PENDING_HUMAN_DESIGN,PENDING_HUMAN_DESIGN,UNMAPPED,MIGRATE,APPROVED,MANIFEST_EXTERNAL_EFFECTS_STAGING_DISABLED|S03-D01_SOURCE_ONLY_METHODS|S03-D04_FIXTURE_BLOCKED_NOT_REAL_WECOM_SOURCE|S03-D07_MANIFEST_STAGING_DISABLED_VS_GATED_SOURCE_PATH|SOURCE_METHOD_BUNDLE_DIFFERS,UNCLASSIFIED,UNCLASSIFIED,aicrm_next/automation/automation_engine/channels_api.py:938-973
LEGACY-API-0548,S03,/api/admin/wecom-customer-acquisition-links/{link_id}/{action},wecom_customer_acquisition_link_action,POST,POST,/api/admin/wecom-customer-acquisition-links/{link_id}/{action},admin,api,human_session,true,true,global,automation_engine,staging_disabled,PENDING_HUMAN_DESIGN,PENDING_HUMAN_DESIGN,PENDING_HUMAN_DESIGN,UNMAPPED,MIGRATE,APPROVED,MANIFEST_EXTERNAL_EFFECTS_STAGING_DISABLED|S03-D01_SOURCE_ONLY_METHODS|S03-D04_FIXTURE_BLOCKED_NOT_REAL_WECOM_SOURCE|S03-D07_MANIFEST_STAGING_DISABLED_VS_GATED_SOURCE_PATH|SOURCE_METHOD_BUNDLE_DIFFERS,UNCLASSIFIED,UNCLASSIFIED,aicrm_next/automation/automation_engine/channels_api.py:976-1021
LEGACY-API-0549,S04,/api/admin/wecom/callback/reconciliation,wecom_callback_reconciliation,GET,GET,/api/admin/wecom/callback/reconciliation,admin,api,human_session,true,false,global,platform_foundation,none,PENDING_HUMAN_DESIGN,PENDING_HUMAN_DESIGN,PENDING_HUMAN_DESIGN,UNMAPPED,MIGRATE,APPROVED,NONE,UNCLASSIFIED,UNCLASSIFIED,aicrm_next/platform/platform_foundation/webhook_inbox/api.py:540-565
LEGACY-API-0550,S03,/api/admin/wecom/execution-diagnostics,wecom_execution_diagnostics,GET,GET,/api/admin/wecom/execution-diagnostics,admin,api,human_session,true,false,global,platform_foundation,staging_disabled,PENDING_HUMAN_DESIGN,PENDING_HUMAN_DESIGN,PENDING_HUMAN_DESIGN,UNMAPPED,DEFERRED_POST_LAUNCH,APPROVED,MANIFEST_EXTERNAL_EFFECTS_STAGING_DISABLED|PUSH_OR_EFFECT_STATUS_NOT_DELIVERY_PROOF|S03-D07_MANIFEST_STAGING_DISABLED_VS_GATED_SOURCE_PATH,UNCLASSIFIED,UNCLASSIFIED,aicrm_next/platform/platform_foundation/external_effects/api.py:243-258
LEGACY-API-0551,S02,/api/admin/wecom/tag-groups,list_admin_wecom_tag_groups_read_model,GET,GET,/api/admin/wecom/tag-groups,admin,api,human_session,true,false,global,customer_tags,staging_disabled,PENDING_HUMAN_DESIGN,PENDING_HUMAN_DESIGN,PENDING_HUMAN_DESIGN,UNMAPPED,MIGRATE,APPROVED,MANIFEST_EXTERNAL_EFFECTS_STAGING_DISABLED|S02-D03_TAGS_STAGING_DISABLED_VS_GATED_LIVE_BRANCH|S02-D06_FIXTURE_OR_DEGRADED_EMPTY_RESULT_BOUNDARY,UNCLASSIFIED,UNCLASSIFIED,aicrm_next/crm/customer_tags/api.py:86-92
LEGACY-API-0552,S02,/api/admin/wecom/tag-groups,create_admin_wecom_tag_group_command,POST,POST,/api/admin/wecom/tag-groups,admin,api,human_session,true,true,global,customer_tags,staging_disabled,PENDING_HUMAN_DESIGN,PENDING_HUMAN_DESIGN,PENDING_HUMAN_DESIGN,UNMAPPED,MIGRATE,APPROVED,MANIFEST_EXTERNAL_EFFECTS_STAGING_DISABLED|S02-D01_AUXILIARY_METHOD_METHOD_BUNDLE|S02-D03_TAGS_STAGING_DISABLED_VS_GATED_LIVE_BRANCH|SOURCE_METHOD_BUNDLE_DIFFERS,UNCLASSIFIED,UNCLASSIFIED,aicrm_next/crm/customer_tags/api.py:129-131
LEGACY-API-0553,S02,/api/admin/wecom/tag-groups/{group_id},mutate_admin_wecom_tag_group_command,DELETE|PATCH|PUT,DELETE|PATCH|PUT,/api/admin/wecom/tag-groups/{group_id},admin,api,human_session,true,true,global,customer_tags,staging_disabled,PENDING_HUMAN_DESIGN,PENDING_HUMAN_DESIGN,PENDING_HUMAN_DESIGN,UNMAPPED,MIGRATE,APPROVED,MANIFEST_EXTERNAL_EFFECTS_STAGING_DISABLED|S02-D01_AUXILIARY_METHOD_METHOD_BUNDLE|S02-D03_TAGS_STAGING_DISABLED_VS_GATED_LIVE_BRANCH|SOURCE_METHOD_BUNDLE_DIFFERS,UNCLASSIFIED,UNCLASSIFIED,aicrm_next/crm/customer_tags/api.py:134-137
LEGACY-API-0554,S02,/api/admin/wecom/tag-groups/{group_id},get_admin_wecom_tag_group_read_model,GET,GET,/api/admin/wecom/tag-groups/{group_id},admin,api,human_session,true,false,global,customer_tags,staging_disabled,PENDING_HUMAN_DESIGN,PENDING_HUMAN_DESIGN,PENDING_HUMAN_DESIGN,UNMAPPED,MIGRATE,APPROVED,MANIFEST_EXTERNAL_EFFECTS_STAGING_DISABLED|S02-D03_TAGS_STAGING_DISABLED_VS_GATED_LIVE_BRANCH|S02-D06_FIXTURE_OR_DEGRADED_EMPTY_RESULT_BOUNDARY,UNCLASSIFIED,UNCLASSIFIED,aicrm_next/crm/customer_tags/api.py:95-104
LEGACY-API-0555,S02,/api/admin/wecom/tags,list_admin_wecom_tags_read_model,GET,GET,/api/admin/wecom/tags,admin,api,human_session,true,false,global,customer_tags,staging_disabled,PENDING_HUMAN_DESIGN,PENDING_HUMAN_DESIGN,PENDING_HUMAN_DESIGN,UNMAPPED,MIGRATE,APPROVED,MANIFEST_EXTERNAL_EFFECTS_STAGING_DISABLED|S02-D03_TAGS_STAGING_DISABLED_VS_GATED_LIVE_BRANCH|S02-D06_FIXTURE_OR_DEGRADED_EMPTY_RESULT_BOUNDARY,UNCLASSIFIED,UNCLASSIFIED,aicrm_next/crm/customer_tags/api.py:60-65
LEGACY-API-0556,S02,/api/admin/wecom/tags,create_admin_wecom_tag_command,POST,POST,/api/admin/wecom/tags,admin,api,human_session,true,true,global,customer_tags,staging_disabled,PENDING_HUMAN_DESIGN,PENDING_HUMAN_DESIGN,PENDING_HUMAN_DESIGN,UNMAPPED,MIGRATE,APPROVED,MANIFEST_EXTERNAL_EFFECTS_STAGING_DISABLED|S02-D01_AUXILIARY_METHOD_METHOD_BUNDLE|S02-D03_TAGS_STAGING_DISABLED_VS_GATED_LIVE_BRANCH|SOURCE_METHOD_BUNDLE_DIFFERS,UNCLASSIFIED,UNCLASSIFIED,aicrm_next/crm/customer_tags/api.py:140-142
LEGACY-API-0557,S02,/api/admin/wecom/tags/live/gate,list_wecom_tags_live_gate,GET,GET,/api/admin/wecom/tags/live/gate,admin,api,human_session,true,false,global,customer_tags,staging_disabled,PENDING_HUMAN_DESIGN,PENDING_HUMAN_DESIGN,PENDING_HUMAN_DESIGN,UNMAPPED,DEFERRED_POST_LAUNCH,APPROVED,MANIFEST_EXTERNAL_EFFECTS_STAGING_DISABLED|S02-D03_TAGS_STAGING_DISABLED_VS_GATED_LIVE_BRANCH,UNCLASSIFIED,UNCLASSIFIED,aicrm_next/crm/customer_tags/api.py:222-224
LEGACY-API-0558,S02,/api/admin/wecom/tags/live/mark,mark_tags_live,POST,POST,/api/admin/wecom/tags/live/mark,admin,api,human_session,true,true,global,customer_tags,staging_disabled,PENDING_HUMAN_DESIGN,PENDING_HUMAN_DESIGN,PENDING_HUMAN_DESIGN,UNMAPPED,DEFERRED_POST_LAUNCH,APPROVED,MANIFEST_EXTERNAL_EFFECTS_STAGING_DISABLED|S02-D01_AUXILIARY_METHOD_METHOD_BUNDLE|S02-D03_TAGS_STAGING_DISABLED_VS_GATED_LIVE_BRANCH|SOURCE_METHOD_BUNDLE_DIFFERS,UNCLASSIFIED,UNCLASSIFIED,aicrm_next/crm/customer_tags/api.py:227-229
LEGACY-API-0559,S02,/api/admin/wecom/tags/live/unmark,unmark_tags_live,POST,POST,/api/admin/wecom/tags/live/unmark,admin,api,human_session,true,true,global,customer_tags,staging_disabled,PENDING_HUMAN_DESIGN,PENDING_HUMAN_DESIGN,PENDING_HUMAN_DESIGN,UNMAPPED,DEFERRED_POST_LAUNCH,APPROVED,MANIFEST_EXTERNAL_EFFECTS_STAGING_DISABLED|S02-D01_AUXILIARY_METHOD_METHOD_BUNDLE|S02-D03_TAGS_STAGING_DISABLED_VS_GATED_LIVE_BRANCH|SOURCE_METHOD_BUNDLE_DIFFERS,UNCLASSIFIED,UNCLASSIFIED,aicrm_next/crm/customer_tags/api.py:232-234
LEGACY-API-0560,S02,/api/admin/wecom/tags/sync,sync_admin_wecom_tags_command,POST,POST,/api/admin/wecom/tags/sync,admin,api,human_session,true,true,global,customer_tags,staging_disabled,PENDING_HUMAN_DESIGN,PENDING_HUMAN_DESIGN,PENDING_HUMAN_DESIGN,UNMAPPED,MIGRATE,APPROVED,MANIFEST_EXTERNAL_EFFECTS_STAGING_DISABLED|S02-D01_AUXILIARY_METHOD_METHOD_BUNDLE|S02-D03_TAGS_STAGING_DISABLED_VS_GATED_LIVE_BRANCH|SOURCE_METHOD_BUNDLE_DIFFERS,UNCLASSIFIED,UNCLASSIFIED,aicrm_next/crm/customer_tags/api.py:107-126
LEGACY-API-0561,S02,/api/admin/wecom/tags/sync-due,sync_admin_wecom_tags_command,POST,POST,/api/admin/wecom/tags/sync-due,admin,api,human_session,true,true,global,customer_tags,staging_disabled,PENDING_HUMAN_DESIGN,PENDING_HUMAN_DESIGN,PENDING_HUMAN_DESIGN,UNMAPPED,DEFERRED_POST_LAUNCH,APPROVED,MANIFEST_EXTERNAL_EFFECTS_STAGING_DISABLED|S02-D01_AUXILIARY_METHOD_METHOD_BUNDLE|S02-D03_TAGS_STAGING_DISABLED_VS_GATED_LIVE_BRANCH|SOURCE_METHOD_BUNDLE_DIFFERS,UNCLASSIFIED,UNCLASSIFIED,aicrm_next/crm/customer_tags/api.py:108-126
LEGACY-API-0562,S02,/api/admin/wecom/tags/{tag_id},mutate_admin_wecom_tag_command,DELETE|PATCH|PUT,DELETE|PATCH|PUT,/api/admin/wecom/tags/{tag_id},admin,api,human_session,true,true,global,customer_tags,staging_disabled,PENDING_HUMAN_DESIGN,PENDING_HUMAN_DESIGN,PENDING_HUMAN_DESIGN,UNMAPPED,MIGRATE,APPROVED,MANIFEST_EXTERNAL_EFFECTS_STAGING_DISABLED|S02-D01_AUXILIARY_METHOD_METHOD_BUNDLE|S02-D03_TAGS_STAGING_DISABLED_VS_GATED_LIVE_BRANCH|SOURCE_METHOD_BUNDLE_DIFFERS,UNCLASSIFIED,UNCLASSIFIED,aicrm_next/crm/customer_tags/api.py:145-148
LEGACY-API-0563,S02,/api/admin/wecom/tags/{tag_id},get_admin_wecom_tag_read_model,GET,GET,/api/admin/wecom/tags/{tag_id},admin,api,human_session,true,false,global,customer_tags,staging_disabled,PENDING_HUMAN_DESIGN,PENDING_HUMAN_DESIGN,PENDING_HUMAN_DESIGN,UNMAPPED,MIGRATE,APPROVED,MANIFEST_EXTERNAL_EFFECTS_STAGING_DISABLED|S02-D03_TAGS_STAGING_DISABLED_VS_GATED_LIVE_BRANCH|S02-D06_FIXTURE_OR_DEGRADED_EMPTY_RESULT_BOUNDARY,UNCLASSIFIED,UNCLASSIFIED,aicrm_next/crm/customer_tags/api.py:68-83
LEGACY-API-0564,S04,/api/ai-assist/external/campaign-preparations,create_external_campaign_preparation,POST,POST,/api/ai-assist/external/campaign-preparations,external_integration,api,api_client_jwt,true,false,service,ai_assist,none,PENDING_HUMAN_DESIGN,PENDING_HUMAN_DESIGN,PENDING_HUMAN_DESIGN,UNMAPPED,DEFERRED_POST_LAUNCH,APPROVED,NONE,EXTERNAL_PROTOCOL,INVENTORIED,aicrm_next/extensions/ai/ai_assist/api.py:84-99
LEGACY-API-0565,S04,/api/ai-assist/external/campaign-preparations/{preparation_id},get_external_campaign_preparation,GET,GET,/api/ai-assist/external/campaign-preparations/{preparation_id},external_integration,api,api_client_jwt,true,false,service,ai_assist,none,PENDING_HUMAN_DESIGN,PENDING_HUMAN_DESIGN,PENDING_HUMAN_DESIGN,UNMAPPED,DEFERRED_POST_LAUNCH,APPROVED,NONE,EXTERNAL_PROTOCOL,INVENTORIED,aicrm_next/extensions/ai/ai_assist/api.py:102-109
LEGACY-API-0566,S04,/api/ai-assist/external/campaign-preparations/{preparation_id}/commit,commit_external_campaign_preparation,POST,POST,/api/ai-assist/external/campaign-preparations/{preparation_id}/commit,external_integration,api,api_client_jwt,true,false,service,ai_assist,none,PENDING_HUMAN_DESIGN,PENDING_HUMAN_DESIGN,PENDING_HUMAN_DESIGN,UNMAPPED,DEFERRED_POST_LAUNCH,APPROVED,NONE,EXTERNAL_PROTOCOL,INVENTORIED,aicrm_next/extensions/ai/ai_assist/api.py:112-125
LEGACY-API-0567,S04,/api/ai-assist/external/campaigns,create_external_campaigns,POST,POST,/api/ai-assist/external/campaigns,external_integration,api,api_client_jwt,true,false,service,ai_assist,none,PENDING_HUMAN_DESIGN,PENDING_HUMAN_DESIGN,PENDING_HUMAN_DESIGN,UNMAPPED,MIGRATE,APPROVED,NONE,EXTERNAL_PROTOCOL,INVENTORIED,aicrm_next/extensions/ai/ai_assist/api.py:67-76
LEGACY-API-0568,S04,/api/ai-assist/external/campaigns/{campaign_code},get_external_campaign,GET,GET,/api/ai-assist/external/campaigns/{campaign_code},external_integration,api,api_client_jwt,true,false,service,ai_assist,none,PENDING_HUMAN_DESIGN,PENDING_HUMAN_DESIGN,PENDING_HUMAN_DESIGN,UNMAPPED,MIGRATE,APPROVED,NONE,EXTERNAL_PROTOCOL,INVENTORIED,aicrm_next/extensions/ai/ai_assist/api.py:79-81
LEGACY-API-0569,S04,/api/ai/agents/{agent_code}/audience-webhook,api.ai_automation_agent_audience_webhook,POST,POST,/api/ai/agents/{agent_code}/audience-webhook,callback,webhook,webhook_hmac,true,false,single_resource,automation_agents,none,PENDING_HUMAN_DESIGN,PENDING_HUMAN_DESIGN,PENDING_HUMAN_DESIGN,UNMAPPED,MIGRATE,APPROVED,NONE,EXTERNAL_PROTOCOL,INVENTORIED,aicrm_next/extensions/ai/automation_agents/api.py:29-43
LEGACY-API-0570,S03,/api/ai/audience/health,api.ai_audience_health,GET,GET,/api/ai/audience/health,external_integration,api,api_client_jwt,true,false,service,ai_audience_ops,none,PENDING_HUMAN_DESIGN,PENDING_HUMAN_DESIGN,PENDING_HUMAN_DESIGN,UNMAPPED,MIGRATE,APPROVED,NONE,EXTERNAL_PROTOCOL,INVENTORIED,aicrm_next/extensions/ai/ai_audience_ops/api.py:240-242
LEGACY-API-0571,S03,/api/ai/audience/outbound-subscriptions/{subscription_id},api.ai_audience_update_outbound_subscription,PATCH,PATCH,/api/ai/audience/outbound-subscriptions/{subscription_id},external_integration,api,api_client_jwt,true,false,service,ai_audience_ops,none,PENDING_HUMAN_DESIGN,PENDING_HUMAN_DESIGN,PENDING_HUMAN_DESIGN,UNMAPPED,MIGRATE,APPROVED,RETIRED_OUTBOUND_SUBSCRIPTION_CONFIGURATION_NOT_ENABLED,EXTERNAL_PROTOCOL,INVENTORIED,aicrm_next/extensions/ai/ai_audience_ops/api.py:175-178
LEGACY-API-0572,S03,/api/ai/audience/outbound-subscriptions/{subscription_id}/pause,api.ai_audience_pause_outbound_subscription,POST,POST,/api/ai/audience/outbound-subscriptions/{subscription_id}/pause,external_integration,api,api_client_jwt,true,false,service,ai_audience_ops,none,PENDING_HUMAN_DESIGN,PENDING_HUMAN_DESIGN,PENDING_HUMAN_DESIGN,UNMAPPED,MIGRATE,APPROVED,RETIRED_OUTBOUND_SUBSCRIPTION_CONFIGURATION_NOT_ENABLED,EXTERNAL_PROTOCOL,INVENTORIED,aicrm_next/extensions/ai/ai_audience_ops/api.py:181-184
LEGACY-API-0573,S03,/api/ai/audience/packages,api.ai_audience_list_packages,GET,GET,/api/ai/audience/packages,external_integration,api,api_client_jwt,true,false,service,ai_audience_ops,none,PENDING_HUMAN_DESIGN,PENDING_HUMAN_DESIGN,PENDING_HUMAN_DESIGN,UNMAPPED,MIGRATE,APPROVED,NONE,EXTERNAL_PROTOCOL,INVENTORIED,aicrm_next/extensions/ai/ai_audience_ops/api.py:58-60
LEGACY-API-0574,S03,/api/ai/audience/packages,api.ai_audience_create_package,POST,POST,/api/ai/audience/packages,external_integration,api,api_client_jwt,true,false,service,ai_audience_ops,none,PENDING_HUMAN_DESIGN,PENDING_HUMAN_DESIGN,PENDING_HUMAN_DESIGN,UNMAPPED,DEFERRED_POST_LAUNCH,APPROVED,NONE,EXTERNAL_PROTOCOL,INVENTORIED,aicrm_next/extensions/ai/ai_audience_ops/api.py:63-70
LEGACY-API-0575,S03,/api/ai/audience/packages/{package_id},api.ai_audience_get_package,GET,GET,/api/ai/audience/packages/{package_id},external_integration,api,api_client_jwt,true,false,service,ai_audience_ops,none,PENDING_HUMAN_DESIGN,PENDING_HUMAN_DESIGN,PENDING_HUMAN_DESIGN,UNMAPPED,DEFERRED_POST_LAUNCH,APPROVED,NONE,EXTERNAL_PROTOCOL,INVENTORIED,aicrm_next/extensions/ai/ai_audience_ops/api.py:73-76
LEGACY-API-0576,S03,/api/ai/audience/packages/{package_id}/archive,api.ai_audience_archive_package,POST,POST,/api/ai/audience/packages/{package_id}/archive,external_integration,api,api_client_jwt,true,false,service,ai_audience_ops,none,PENDING_HUMAN_DESIGN,PENDING_HUMAN_DESIGN,PENDING_HUMAN_DESIGN,UNMAPPED,DEFERRED_POST_LAUNCH,APPROVED,NONE,EXTERNAL_PROTOCOL,INVENTORIED,aicrm_next/extensions/ai/ai_audience_ops/api.py:115-119
LEGACY-API-0577,S03,/api/ai/audience/packages/{package_id}/events,api.ai_audience_package_events,GET,GET,/api/ai/audience/packages/{package_id}/events,external_integration,api,api_client_jwt,true,false,service,ai_audience_ops,none,PENDING_HUMAN_DESIGN,PENDING_HUMAN_DESIGN,PENDING_HUMAN_DESIGN,UNMAPPED,DEFERRED_POST_LAUNCH,APPROVED,NONE,EXTERNAL_PROTOCOL,INVENTORIED,aicrm_next/extensions/ai/ai_audience_ops/api.py:230-232
LEGACY-API-0578,S03,/api/ai/audience/packages/{package_id}/external-effects,api.ai_audience_package_external_effects,GET,GET,/api/ai/audience/packages/{package_id}/external-effects,external_integration,api,api_client_jwt,true,false,service,ai_audience_ops,staging_disabled,PENDING_HUMAN_DESIGN,PENDING_HUMAN_DESIGN,PENDING_HUMAN_DESIGN,UNMAPPED,DEFERRED_POST_LAUNCH,APPROVED,MANIFEST_EXTERNAL_EFFECTS_STAGING_DISABLED|PUSH_OR_EFFECT_STATUS_NOT_DELIVERY_PROOF|S03-D07_MANIFEST_STAGING_DISABLED_VS_GATED_SOURCE_PATH,EXTERNAL_PROTOCOL,INVENTORIED,aicrm_next/extensions/ai/ai_audience_ops/api.py:235-237
LEGACY-API-0579,S03,/api/ai/audience/packages/{package_id}/members,api.ai_audience_package_members,GET,GET,/api/ai/audience/packages/{package_id}/members,external_integration,api,api_client_jwt,true,false,service,ai_audience_ops,none,PENDING_HUMAN_DESIGN,PENDING_HUMAN_DESIGN,PENDING_HUMAN_DESIGN,UNMAPPED,DEFERRED_POST_LAUNCH,APPROVED,NONE,EXTERNAL_PROTOCOL,INVENTORIED,aicrm_next/extensions/ai/ai_audience_ops/api.py:225-227
LEGACY-API-0580,S03,/api/ai/audience/packages/{package_id}/outbound-subscriptions,api.ai_audience_list_outbound_subscriptions,GET,GET,/api/ai/audience/packages/{package_id}/outbound-subscriptions,external_integration,api,api_client_jwt,true,false,service,ai_audience_ops,none,PENDING_HUMAN_DESIGN,PENDING_HUMAN_DESIGN,PENDING_HUMAN_DESIGN,UNMAPPED,MIGRATE,APPROVED,RETIRED_OUTBOUND_SUBSCRIPTION_CONFIGURATION_NOT_ENABLED,EXTERNAL_PROTOCOL,INVENTORIED,aicrm_next/extensions/ai/ai_audience_ops/api.py:163-166
LEGACY-API-0581,S03,/api/ai/audience/packages/{package_id}/outbound-subscriptions,api.ai_audience_create_outbound_subscription,POST,POST,/api/ai/audience/packages/{package_id}/outbound-subscriptions,external_integration,api,api_client_jwt,true,false,service,ai_audience_ops,none,PENDING_HUMAN_DESIGN,PENDING_HUMAN_DESIGN,PENDING_HUMAN_DESIGN,UNMAPPED,MIGRATE,APPROVED,RETIRED_OUTBOUND_SUBSCRIPTION_CONFIGURATION_NOT_ENABLED,EXTERNAL_PROTOCOL,INVENTORIED,aicrm_next/extensions/ai/ai_audience_ops/api.py:169-172
LEGACY-API-0582,S03,/api/ai/audience/packages/{package_id}/pause,api.ai_audience_pause_package,POST,POST,/api/ai/audience/packages/{package_id}/pause,external_integration,api,api_client_jwt,true,false,service,ai_audience_ops,none,PENDING_HUMAN_DESIGN,PENDING_HUMAN_DESIGN,PENDING_HUMAN_DESIGN,UNMAPPED,DEFERRED_POST_LAUNCH,APPROVED,NONE,EXTERNAL_PROTOCOL,INVENTORIED,aicrm_next/extensions/ai/ai_audience_ops/api.py:108-112
LEGACY-API-0583,S03,/api/ai/audience/packages/{package_id}/preview,api.ai_audience_preview_package,POST,POST,/api/ai/audience/packages/{package_id}/preview,external_integration,api,api_client_jwt,true,false,service,ai_audience_ops,none,PENDING_HUMAN_DESIGN,PENDING_HUMAN_DESIGN,PENDING_HUMAN_DESIGN,UNMAPPED,DEFERRED_POST_LAUNCH,APPROVED,NONE,EXTERNAL_PROTOCOL,INVENTORIED,aicrm_next/extensions/ai/ai_audience_ops/api.py:88-95
LEGACY-API-0584,S03,/api/ai/audience/packages/{package_id}/publish,api.ai_audience_publish_package,POST,POST,/api/ai/audience/packages/{package_id}/publish,external_integration,api,api_client_jwt,true,false,service,ai_audience_ops,none,PENDING_HUMAN_DESIGN,PENDING_HUMAN_DESIGN,PENDING_HUMAN_DESIGN,UNMAPPED,DEFERRED_POST_LAUNCH,APPROVED,AUDIENCE_INTENT_NOT_PROVIDER_SEND,EXTERNAL_PROTOCOL,INVENTORIED,aicrm_next/extensions/ai/ai_audience_ops/api.py:98-105
LEGACY-API-0585,S03,/api/ai/audience/packages/{package_id}/refresh,api.ai_audience_refresh_package,POST,POST,/api/ai/audience/packages/{package_id}/refresh,external_integration,api,api_client_jwt,true,false,service,ai_audience_ops,none,PENDING_HUMAN_DESIGN,PENDING_HUMAN_DESIGN,PENDING_HUMAN_DESIGN,UNMAPPED,DEFERRED_POST_LAUNCH,APPROVED,AUDIENCE_INTENT_NOT_PROVIDER_SEND,EXTERNAL_PROTOCOL,INVENTORIED,aicrm_next/extensions/ai/ai_audience_ops/api.py:122-141
LEGACY-API-0586,S03,/api/ai/audience/packages/{package_id}/runs,api.ai_audience_package_runs,GET,GET,/api/ai/audience/packages/{package_id}/runs,external_integration,api,api_client_jwt,true,false,service,ai_audience_ops,none,PENDING_HUMAN_DESIGN,PENDING_HUMAN_DESIGN,PENDING_HUMAN_DESIGN,UNMAPPED,MIGRATE,APPROVED,NONE,EXTERNAL_PROTOCOL,INVENTORIED,aicrm_next/extensions/ai/ai_audience_ops/api.py:220-222
LEGACY-API-0587,S03,/api/ai/audience/packages/{package_id}/versions,api.ai_audience_create_version,POST,POST,/api/ai/audience/packages/{package_id}/versions,external_integration,api,api_client_jwt,true,false,service,ai_audience_ops,none,PENDING_HUMAN_DESIGN,PENDING_HUMAN_DESIGN,PENDING_HUMAN_DESIGN,UNMAPPED,DEFERRED_POST_LAUNCH,APPROVED,NONE,EXTERNAL_PROTOCOL,INVENTORIED,aicrm_next/extensions/ai/ai_audience_ops/api.py:79-85
LEGACY-API-0588,S03,/api/ai/audience/packages/{package_key}/webhook,api.ai_audience_inbound_webhook,POST,POST,/api/ai/audience/packages/{package_key}/webhook,callback,webhook,webhook_hmac,true,false,single_resource,ai_audience_ops,staging_disabled,PENDING_HUMAN_DESIGN,PENDING_HUMAN_DESIGN,PENDING_HUMAN_DESIGN,UNMAPPED,MIGRATE,APPROVED,AUDIENCE_INBOUND_RECORD_ONLY_NOT_PROVIDER_SEND|MANIFEST_EXTERNAL_EFFECTS_STAGING_DISABLED|S03-D07_MANIFEST_STAGING_DISABLED_VS_GATED_SOURCE_PATH,EXTERNAL_PROTOCOL,INVENTORIED,aicrm_next/extensions/ai/ai_audience_ops/api.py:187-200
LEGACY-API-0589,S03,/api/ai/audience/schema-catalog,api.ai_audience_schema_catalog,GET,GET,/api/ai/audience/schema-catalog,external_integration,api,api_client_jwt,true,false,service,ai_audience_ops,none,PENDING_HUMAN_DESIGN,PENDING_HUMAN_DESIGN,PENDING_HUMAN_DESIGN,UNMAPPED,DEFERRED_POST_LAUNCH,APPROVED,NONE,EXTERNAL_PROTOCOL,INVENTORIED,aicrm_next/extensions/ai/ai_audience_ops/api.py:53-55
LEGACY-API-0590,S03,/api/ai/audience/source-dirty,api.ai_audience_source_dirty,POST,POST,/api/ai/audience/source-dirty,external_integration,api,api_client_jwt,true,false,service,ai_audience_ops,none,PENDING_HUMAN_DESIGN,PENDING_HUMAN_DESIGN,PENDING_HUMAN_DESIGN,UNMAPPED,DEFERRED_POST_LAUNCH,APPROVED,NONE,EXTERNAL_PROTOCOL,INVENTORIED,aicrm_next/extensions/ai/ai_audience_ops/api.py:154-160
LEGACY-API-0591,S03,/api/ai/audience/test-agent/webhook,api.ai_audience_test_agent_webhook,POST,POST,/api/ai/audience/test-agent/webhook,callback,webhook,webhook_hmac,true,false,single_resource,ai_audience_ops,staging_disabled,PENDING_HUMAN_DESIGN,PENDING_HUMAN_DESIGN,PENDING_HUMAN_DESIGN,UNMAPPED,MIGRATE,APPROVED,MANIFEST_EXTERNAL_EFFECTS_STAGING_DISABLED|S03-D04_SIMULATED_OR_TEST_RECEIPT_NOT_REAL_PROVIDER_DELIVERY|S03-D07_MANIFEST_STAGING_DISABLED_VS_GATED_SOURCE_PATH,EXTERNAL_PROTOCOL,INVENTORIED,aicrm_next/extensions/ai/ai_audience_ops/api.py:203-217
LEGACY-API-0592,S03,/api/ai/audience/ticks/daily,api.ai_audience_daily_tick,POST,POST,/api/ai/audience/ticks/daily,external_integration,api,api_client_jwt,true,false,service,ai_audience_ops,none,PENDING_HUMAN_DESIGN,PENDING_HUMAN_DESIGN,PENDING_HUMAN_DESIGN,UNMAPPED,DEFERRED_POST_LAUNCH,APPROVED,NONE,EXTERNAL_PROTOCOL,INVENTORIED,aicrm_next/extensions/ai/ai_audience_ops/api.py:149-151
LEGACY-API-0593,S03,/api/ai/audience/ticks/incremental,api.ai_audience_incremental_tick,POST,POST,/api/ai/audience/ticks/incremental,external_integration,api,api_client_jwt,true,false,service,ai_audience_ops,none,PENDING_HUMAN_DESIGN,PENDING_HUMAN_DESIGN,PENDING_HUMAN_DESIGN,UNMAPPED,DEFERRED_POST_LAUNCH,APPROVED,NONE,EXTERNAL_PROTOCOL,INVENTORIED,aicrm_next/extensions/ai/ai_audience_ops/api.py:144-146
LEGACY-API-0594,S04,/api/alipay/notify,alipay_notify_options,OPTIONS,OPTIONS,/api/alipay/notify,callback,webhook,provider_signature,true,false,single_resource,commerce,none,PENDING_HUMAN_DESIGN,PENDING_HUMAN_DESIGN,PENDING_HUMAN_DESIGN,UNMAPPED,DEFERRED_POST_LAUNCH,APPROVED,NONE,EXTERNAL_PROTOCOL,INVENTORIED,aicrm_next/extensions/commerce/commerce/api.py:704-707
LEGACY-API-0595,S04,/api/alipay/notify,alipay_notify,POST,POST,/api/alipay/notify,callback,webhook,provider_signature,true,false,single_resource,commerce,none,PENDING_HUMAN_DESIGN,PENDING_HUMAN_DESIGN,PENDING_HUMAN_DESIGN,UNMAPPED,DEFERRED_POST_LAUNCH,APPROVED,NONE,EXTERNAL_PROTOCOL,INVENTORIED,aicrm_next/extensions/commerce/commerce/api.py:652-658
LEGACY-API-0596,S04,/api/alipay/return,alipay_return,GET,GET,/api/alipay/return,public_h5,api,public,false,false,single_resource,commerce,none,PENDING_HUMAN_DESIGN,PENDING_HUMAN_DESIGN,PENDING_HUMAN_DESIGN,UNMAPPED,DEFERRED_POST_LAUNCH,APPROVED,NONE,EXTERNAL_PROTOCOL,INVENTORIED,aicrm_next/extensions/commerce/commerce/api.py:689-695
LEGACY-API-0597,S04,/api/alipay/return,alipay_return_options,OPTIONS,OPTIONS,/api/alipay/return,public_h5,api,public,false,false,single_resource,commerce,none,PENDING_HUMAN_DESIGN,PENDING_HUMAN_DESIGN,PENDING_HUMAN_DESIGN,UNMAPPED,DEFERRED_POST_LAUNCH,APPROVED,NONE,EXTERNAL_PROTOCOL,INVENTORIED,aicrm_next/extensions/commerce/commerce/api.py:710-713
LEGACY-API-0598,S04,/api/alipay/{path:path},alipay_unknown,DELETE|GET|PATCH|POST|PUT,DELETE|GET|PATCH|POST|PUT,/api/alipay/{path:path},public_h5,api,public,false,false,single_resource,commerce,none,NOT_APPLICABLE,NOT_APPLICABLE,NOT_APPLICABLE,UNMAPPED,NOT_MIGRATED,APPROVED,SOURCE_METHOD_BUNDLE_DIFFERS|SOURCE_ONLY_HEAD|SOURCE_ONLY_OPTIONS,EXTERNAL_PROTOCOL,INVENTORIED,aicrm_next/extensions/commerce/commerce/api.py:728-737
LEGACY-API-0599,S04,/api/archive/health,archive_health,GET,GET,/api/archive/health,internal_worker,api,api_client_jwt,true,false,service,message_archive,none,PENDING_HUMAN_DESIGN,PENDING_HUMAN_DESIGN,PENDING_HUMAN_DESIGN,UNMAPPED,DEFERRED_POST_LAUNCH,APPROVED,NONE,UNCLASSIFIED,UNCLASSIFIED,aicrm_next/extensions/archive/message_archive/api.py:123-138
LEGACY-API-0600,S04,/api/archive/sync,archive_sync,POST,POST,/api/archive/sync,internal_worker,api,api_client_jwt,true,false,service,message_archive,none,PENDING_HUMAN_DESIGN,PENDING_HUMAN_DESIGN,PENDING_HUMAN_DESIGN,UNMAPPED,DEFERRED_POST_LAUNCH,APPROVED,NONE,UNCLASSIFIED,UNCLASSIFIED,aicrm_next/extensions/archive/message_archive/api.py:141-186
LEGACY-API-0601,S03,/api/automation/group-ops/broadcast,execute_group_ops_token_broadcast,POST,POST,/api/automation/group-ops/broadcast,external_integration,api,api_client_jwt,true,false,service,automation_engine,real_requires_approval,PENDING_HUMAN_DESIGN,PENDING_HUMAN_DESIGN,PENDING_HUMAN_DESIGN,UNMAPPED,MIGRATE,APPROVED,MANIFEST_EXTERNAL_EFFECTS_REAL_REQUIRES_APPROVAL|S03-D05_QUEUE_ACCEPTANCE_NOT_PROVIDER_ACCEPTANCE_OR_DELIVERY,EXTERNAL_PROTOCOL,INVENTORIED,aicrm_next/automation/automation_engine/group_ops/api.py:659-699
LEGACY-API-0602,S03,/api/automation/group-ops/webhooks/{webhook_key},receive_group_ops_webhook,POST,POST,/api/automation/group-ops/webhooks/{webhook_key},callback,webhook,webhook_hmac,true,false,single_resource,automation_engine,none,PENDING_HUMAN_DESIGN,PENDING_HUMAN_DESIGN,PENDING_HUMAN_DESIGN,UNMAPPED,MIGRATE,APPROVED,GROUP_WEBHOOK_IDEMPOTENCY_NOT_PROVIDER_RECEIPT,EXTERNAL_PROTOCOL,INVENTORIED,aicrm_next/automation/automation_engine/group_ops/api.py:638-656
LEGACY-API-0603,S04,/api/checkout/alipay,checkout_alipay_options,OPTIONS,OPTIONS,/api/checkout/alipay,public_h5,api,public,false,false,single_resource,commerce,none,PENDING_HUMAN_DESIGN,PENDING_HUMAN_DESIGN,PENDING_HUMAN_DESIGN,UNMAPPED,DEFERRED_POST_LAUNCH,APPROVED,NONE,EXTERNAL_PROTOCOL,INVENTORIED,aicrm_next/extensions/commerce/commerce/api.py:581-584
LEGACY-API-0604,S04,/api/checkout/alipay,checkout_alipay,POST,POST,/api/checkout/alipay,public_h5,api,public,false,false,single_resource,commerce,none,PENDING_HUMAN_DESIGN,PENDING_HUMAN_DESIGN,PENDING_HUMAN_DESIGN,UNMAPPED,DEFERRED_POST_LAUNCH,APPROVED,NONE,EXTERNAL_PROTOCOL,INVENTORIED,aicrm_next/extensions/commerce/commerce/api.py:566-572
LEGACY-API-0605,S04,/api/checkout/wechat,checkout_wechat_options,OPTIONS,OPTIONS,/api/checkout/wechat,public_h5,api,public,false,false,single_resource,commerce,none,PENDING_HUMAN_DESIGN,PENDING_HUMAN_DESIGN,PENDING_HUMAN_DESIGN,UNMAPPED,DEFERRED_POST_LAUNCH,APPROVED,NONE,EXTERNAL_PROTOCOL,INVENTORIED,aicrm_next/extensions/commerce/commerce/api.py:575-578
LEGACY-API-0606,S04,/api/checkout/wechat,checkout_wechat,POST,POST,/api/checkout/wechat,public_h5,api,public,false,false,single_resource,commerce,none,PENDING_HUMAN_DESIGN,PENDING_HUMAN_DESIGN,PENDING_HUMAN_DESIGN,UNMAPPED,DEFERRED_POST_LAUNCH,APPROVED,NONE,EXTERNAL_PROTOCOL,INVENTORIED,aicrm_next/extensions/commerce/commerce/api.py:557-563
LEGACY-API-0607,S04,/api/checkout/{path:path},checkout_unknown,DELETE|GET|PATCH|POST|PUT,DELETE|GET|PATCH|POST|PUT,/api/checkout/{path:path},public_h5,api,public,false,false,single_resource,commerce,none,NOT_APPLICABLE,NOT_APPLICABLE,NOT_APPLICABLE,UNMAPPED,NOT_MIGRATED,APPROVED,SOURCE_METHOD_BUNDLE_DIFFERS|SOURCE_ONLY_HEAD|SOURCE_ONLY_OPTIONS,EXTERNAL_PROTOCOL,INVENTORIED,aicrm_next/extensions/commerce/commerce/api.py:587-596
LEGACY-API-0608,S04,/api/customer-automation/activation-webhook,activation_webhook,POST,POST,/api/customer-automation/activation-webhook,callback,webhook,webhook_hmac,true,false,single_resource,automation_engine,none,PENDING_HUMAN_DESIGN,PENDING_HUMAN_DESIGN,PENDING_HUMAN_DESIGN,UNMAPPED,DEFERRED_POST_LAUNCH,APPROVED,NONE,EXTERNAL_PROTOCOL,INVENTORIED,aicrm_next/automation/automation_engine/api.py:238-240
LEGACY-API-0609,S02,/api/customers,list_customers,GET,GET,/api/customers,external_integration,api,human_session,true,false,global,customer_read_model,none,PENDING_HUMAN_DESIGN,PENDING_HUMAN_DESIGN,PENDING_HUMAN_DESIGN,UNMAPPED,MIGRATE,APPROVED,S02-D05_LEGACY_OFFSET_NON_EQUIVALENCE|S02-D06_FIXTURE_OR_DEGRADED_EMPTY_RESULT_BOUNDARY,EXTERNAL_PROTOCOL,INVENTORIED,aicrm_next/crm/customer_read_model/api.py:450-475
LEGACY-API-0610,S04,/api/customers/automation/activation-webhook,api_customer_automation_activation_webhook_options,OPTIONS,OPTIONS,/api/customers/automation/activation-webhook,callback,webhook,webhook_hmac,true,false,single_resource,automation_engine,none,PENDING_HUMAN_DESIGN,PENDING_HUMAN_DESIGN,PENDING_HUMAN_DESIGN,UNMAPPED,DEFERRED_POST_LAUNCH,APPROVED,NONE,EXTERNAL_PROTOCOL,INVENTORIED,aicrm_next/automation/automation_engine/api.py:74-76
LEGACY-API-0611,S04,/api/customers/automation/activation-webhook,api_customer_automation_activation_webhook,POST,POST,/api/customers/automation/activation-webhook,callback,webhook,webhook_hmac,true,false,single_resource,automation_engine,none,PENDING_HUMAN_DESIGN,PENDING_HUMAN_DESIGN,PENDING_HUMAN_DESIGN,UNMAPPED,DEFERRED_POST_LAUNCH,APPROVED,NONE,EXTERNAL_PROTOCOL,INVENTORIED,aicrm_next/automation/automation_engine/api.py:79-81
LEGACY-API-0612,S04,/api/customers/automation/signup-conversion/batches,signup_conversion_batches,GET,GET,/api/customers/automation/signup-conversion/batches,external_integration,api,human_session,true,false,global,automation_engine,none,PENDING_HUMAN_DESIGN,PENDING_HUMAN_DESIGN,PENDING_HUMAN_DESIGN,UNMAPPED,DEFERRED_POST_LAUNCH,APPROVED,NONE,EXTERNAL_PROTOCOL,INVENTORIED,aicrm_next/automation/automation_engine/api.py:243-245
LEGACY-API-0613,S04,/api/customers/automation/signup-conversion/batches/{batch_id},signup_conversion_batch,GET,GET,/api/customers/automation/signup-conversion/batches/{batch_id},external_integration,api,human_session,true,false,global,automation_engine,none,PENDING_HUMAN_DESIGN,PENDING_HUMAN_DESIGN,PENDING_HUMAN_DESIGN,UNMAPPED,DEFERRED_POST_LAUNCH,APPROVED,NONE,EXTERNAL_PROTOCOL,INVENTORIED,aicrm_next/automation/automation_engine/api.py:248-250
LEGACY-API-0614,S04,/api/customers/automation/webhook-deliveries,customer_automation_webhook_deliveries,GET,GET,/api/customers/automation/webhook-deliveries,external_integration,webhook,human_session,true,false,global,automation_engine,none,PENDING_HUMAN_DESIGN,PENDING_HUMAN_DESIGN,PENDING_HUMAN_DESIGN,UNMAPPED,DEFERRED_POST_LAUNCH,APPROVED,NONE,EXTERNAL_PROTOCOL,INVENTORIED,aicrm_next/automation/automation_engine/api.py:253-259
LEGACY-API-0615,S04,/api/customers/automation/webhook-deliveries/retry-due,api_customer_automation_webhook_delivery_retry_due_options,OPTIONS,OPTIONS,/api/customers/automation/webhook-deliveries/retry-due,external_integration,webhook,human_session,true,false,global,automation_engine,none,PENDING_HUMAN_DESIGN,PENDING_HUMAN_DESIGN,PENDING_HUMAN_DESIGN,UNMAPPED,DEFERRED_POST_LAUNCH,APPROVED,NONE,EXTERNAL_PROTOCOL,INVENTORIED,aicrm_next/automation/automation_engine/api.py:94-96
LEGACY-API-0616,S04,/api/customers/automation/webhook-deliveries/retry-due,api_plan_customer_automation_webhook_delivery_retry_due,POST,POST,/api/customers/automation/webhook-deliveries/retry-due,external_integration,webhook,human_session,true,true,global,automation_engine,none,PENDING_HUMAN_DESIGN,PENDING_HUMAN_DESIGN,PENDING_HUMAN_DESIGN,UNMAPPED,DEFERRED_POST_LAUNCH,APPROVED,NONE,EXTERNAL_PROTOCOL,INVENTORIED,aicrm_next/automation/automation_engine/api.py:99-101
LEGACY-API-0617,S04,/api/customers/automation/webhook-deliveries/{delivery_id:int}/retry,api_customer_automation_webhook_delivery_retry_options,OPTIONS,OPTIONS,/api/customers/automation/webhook-deliveries/{delivery_id:int}/retry,external_integration,webhook,human_session,true,false,global,automation_engine,none,PENDING_HUMAN_DESIGN,PENDING_HUMAN_DESIGN,PENDING_HUMAN_DESIGN,UNMAPPED,DEFERRED_POST_LAUNCH,APPROVED,NONE,EXTERNAL_PROTOCOL,INVENTORIED,aicrm_next/automation/automation_engine/api.py:84-86
LEGACY-API-0618,S04,/api/customers/automation/webhook-deliveries/{delivery_id:int}/retry,api_plan_customer_automation_webhook_delivery_retry,POST,POST,/api/customers/automation/webhook-deliveries/{delivery_id:int}/retry,external_integration,webhook,human_session,true,true,global,automation_engine,none,PENDING_HUMAN_DESIGN,PENDING_HUMAN_DESIGN,PENDING_HUMAN_DESIGN,UNMAPPED,DEFERRED_POST_LAUNCH,APPROVED,NONE,EXTERNAL_PROTOCOL,INVENTORIED,aicrm_next/automation/automation_engine/api.py:89-91
LEGACY-API-0619,S02,/api/customers/{external_userid},get_customer,GET,GET,/api/customers/{external_userid},external_integration,api,human_session,true,false,global,customer_read_model,none,PENDING_HUMAN_DESIGN,PENDING_HUMAN_DESIGN,PENDING_HUMAN_DESIGN,UNMAPPED,MIGRATE,APPROVED,S02-D06_FIXTURE_OR_DEGRADED_EMPTY_RESULT_BOUNDARY,EXTERNAL_PROTOCOL,INVENTORIED,aicrm_next/crm/customer_read_model/api.py:478-486
LEGACY-API-0620,S02,/api/customers/{external_userid}/timeline,get_customer_timeline,GET,GET,/api/customers/{external_userid}/timeline,external_integration,api,human_session,true,false,global,customer_read_model,none,PENDING_HUMAN_DESIGN,PENDING_HUMAN_DESIGN,PENDING_HUMAN_DESIGN,UNMAPPED,MIGRATE,APPROVED,S02-D05_LEGACY_OFFSET_NON_EQUIVALENCE|S02-D06_FIXTURE_OR_DEGRADED_EMPTY_RESULT_BOUNDARY,EXTERNAL_PROTOCOL,INVENTORIED,aicrm_next/crm/customer_read_model/api.py:500-520
LEGACY-API-0621,S03,/api/external-effects/test-receiver,external_effect_test_receiver,POST,POST,/api/external-effects/test-receiver,callback,api,webhook_hmac,true,false,single_resource,platform_foundation,staging_disabled,PENDING_HUMAN_DESIGN,PENDING_HUMAN_DESIGN,PENDING_HUMAN_DESIGN,UNMAPPED,DEFERRED_POST_LAUNCH,APPROVED,MANIFEST_EXTERNAL_EFFECTS_STAGING_DISABLED|PUSH_OR_EFFECT_STATUS_NOT_DELIVERY_PROOF|S03-D04_SIMULATED_OR_TEST_RECEIPT_NOT_REAL_PROVIDER_DELIVERY|S03-D07_MANIFEST_STAGING_DISABLED_VS_GATED_SOURCE_PATH,EXTERNAL_PROTOCOL,INVENTORIED,aicrm_next/platform/platform_foundation/external_effects/api.py:418-424
LEGACY-API-0622,S03,/api/external/ai-audience/e2e/run,api.external_ai_audience_e2e_run,POST,POST,/api/external/ai-audience/e2e/run,external_integration,integration,api_client_jwt,true,false,service,ai_audience_ops,staging_disabled,PENDING_HUMAN_DESIGN,PENDING_HUMAN_DESIGN,PENDING_HUMAN_DESIGN,UNMAPPED,DEFERRED_POST_LAUNCH,APPROVED,MANIFEST_EXTERNAL_EFFECTS_STAGING_DISABLED|S03-D04_SIMULATED_OR_TEST_RECEIPT_NOT_REAL_PROVIDER_DELIVERY|S03-D07_MANIFEST_STAGING_DISABLED_VS_GATED_SOURCE_PATH,EXTERNAL_PROTOCOL,INVENTORIED,aicrm_next/extensions/ai/ai_audience_ops/external_api.py:209-230
LEGACY-API-0623,S03,/api/external/ai-audience/packages/{package_key}/archive,api.external_ai_audience_package_archive,POST,POST,/api/external/ai-audience/packages/{package_key}/archive,external_integration,integration,api_client_jwt,true,false,service,ai_audience_ops,none,PENDING_HUMAN_DESIGN,PENDING_HUMAN_DESIGN,PENDING_HUMAN_DESIGN,UNMAPPED,MIGRATE,APPROVED,NONE,EXTERNAL_PROTOCOL,INVENTORIED,aicrm_next/extensions/ai/ai_audience_ops/external_api.py:174-206
LEGACY-API-0624,S03,/api/external/ai-audience/simple/apply,api.external_ai_audience_simple_apply,POST,POST,/api/external/ai-audience/simple/apply,external_integration,integration,api_client_jwt,true,false,service,ai_audience_ops,none,PENDING_HUMAN_DESIGN,PENDING_HUMAN_DESIGN,PENDING_HUMAN_DESIGN,UNMAPPED,DEFERRED_POST_LAUNCH,APPROVED,NONE,EXTERNAL_PROTOCOL,INVENTORIED,aicrm_next/extensions/ai/ai_audience_ops/external_api.py:248-282
LEGACY-API-0625,S03,/api/external/ai-audience/simple/preview,api.external_ai_audience_simple_preview,POST,POST,/api/external/ai-audience/simple/preview,external_integration,integration,api_client_jwt,true,false,service,ai_audience_ops,none,PENDING_HUMAN_DESIGN,PENDING_HUMAN_DESIGN,PENDING_HUMAN_DESIGN,UNMAPPED,DEFERRED_POST_LAUNCH,APPROVED,NONE,EXTERNAL_PROTOCOL,INVENTORIED,aicrm_next/extensions/ai/ai_audience_ops/external_api.py:233-245
LEGACY-API-0626,S03,/api/external/ai-audience/simple/{package_key}/activate,api.external_ai_audience_simple_activate,POST,POST,/api/external/ai-audience/simple/{package_key}/activate,external_integration,integration,api_client_jwt,true,false,service,ai_audience_ops,none,PENDING_HUMAN_DESIGN,PENDING_HUMAN_DESIGN,PENDING_HUMAN_DESIGN,UNMAPPED,DEFERRED_POST_LAUNCH,APPROVED,NONE,EXTERNAL_PROTOCOL,INVENTORIED,aicrm_next/extensions/ai/ai_audience_ops/external_api.py:285-323
LEGACY-API-0627,S03,/api/external/ai-audience/simple/{package_key}/archive,api.external_ai_audience_simple_archive,POST,POST,/api/external/ai-audience/simple/{package_key}/archive,external_integration,integration,api_client_jwt,true,false,service,ai_audience_ops,none,PENDING_HUMAN_DESIGN,PENDING_HUMAN_DESIGN,PENDING_HUMAN_DESIGN,UNMAPPED,DEFERRED_POST_LAUNCH,APPROVED,NONE,EXTERNAL_PROTOCOL,INVENTORIED,aicrm_next/extensions/ai/ai_audience_ops/external_api.py:326-363
LEGACY-API-0628,S03,/api/external/ai-audience/spec/apply,api.external_ai_audience_spec_apply,POST,POST,/api/external/ai-audience/spec/apply,external_integration,integration,api_client_jwt,true,false,service,ai_audience_ops,none,PENDING_HUMAN_DESIGN,PENDING_HUMAN_DESIGN,PENDING_HUMAN_DESIGN,UNMAPPED,DEFERRED_POST_LAUNCH,APPROVED,NONE,EXTERNAL_PROTOCOL,INVENTORIED,aicrm_next/extensions/ai/ai_audience_ops/external_api.py:88-122
LEGACY-API-0629,S03,/api/external/ai-audience/spec/dry-run,api.external_ai_audience_spec_dry_run,POST,POST,/api/external/ai-audience/spec/dry-run,external_integration,integration,api_client_jwt,true,false,service,ai_audience_ops,none,PENDING_HUMAN_DESIGN,PENDING_HUMAN_DESIGN,PENDING_HUMAN_DESIGN,UNMAPPED,DEFERRED_POST_LAUNCH,APPROVED,NONE,EXTERNAL_PROTOCOL,INVENTORIED,aicrm_next/extensions/ai/ai_audience_ops/external_api.py:73-85
LEGACY-API-0630,S03,/api/external/ai-audience/spec/publish,api.external_ai_audience_spec_publish,POST,POST,/api/external/ai-audience/spec/publish,external_integration,integration,api_client_jwt,true,false,service,ai_audience_ops,none,PENDING_HUMAN_DESIGN,PENDING_HUMAN_DESIGN,PENDING_HUMAN_DESIGN,UNMAPPED,DEFERRED_POST_LAUNCH,APPROVED,AUDIENCE_INTENT_NOT_PROVIDER_SEND,EXTERNAL_PROTOCOL,INVENTORIED,aicrm_next/extensions/ai/ai_audience_ops/external_api.py:125-171
LEGACY-API-0631,S03,/api/external/ai-audience/templates/apply,api.external_ai_audience_template_apply,POST,POST,/api/external/ai-audience/templates/apply,external_integration,integration,api_client_jwt,true,false,service,ai_audience_ops,none,PENDING_HUMAN_DESIGN,PENDING_HUMAN_DESIGN,PENDING_HUMAN_DESIGN,UNMAPPED,MIGRATE,APPROVED,NONE,EXTERNAL_PROTOCOL,INVENTORIED,aicrm_next/extensions/ai/ai_audience_ops/external_api.py:51-70
LEGACY-API-0632,S03,/api/external/ai-audience/templates/preview,api.external_ai_audience_template_preview,POST,POST,/api/external/ai-audience/templates/preview,external_integration,integration,api_client_jwt,true,false,service,ai_audience_ops,none,PENDING_HUMAN_DESIGN,PENDING_HUMAN_DESIGN,PENDING_HUMAN_DESIGN,UNMAPPED,MIGRATE,APPROVED,NONE,EXTERNAL_PROTOCOL,INVENTORIED,aicrm_next/extensions/ai/ai_audience_ops/external_api.py:29-48
LEGACY-API-0633,S04,/api/external/chat-records,list_external_chat_records,GET,GET,/api/external/chat-records,external_integration,api,api_client_jwt,true,false,service,message_archive,none,PENDING_HUMAN_DESIGN,PENDING_HUMAN_DESIGN,PENDING_HUMAN_DESIGN,UNMAPPED,MIGRATE,APPROVED,NONE,EXTERNAL_PROTOCOL,INVENTORIED,aicrm_next/extensions/archive/message_archive/api.py:70-120
LEGACY-API-0634,S04,/api/external/orders,list_external_orders,GET,GET,/api/external/orders,external_integration,api,api_client_jwt,true,false,service,commerce,none,PENDING_HUMAN_DESIGN,PENDING_HUMAN_DESIGN,PENDING_HUMAN_DESIGN,UNMAPPED,MIGRATE,APPROVED,NONE,EXTERNAL_PROTOCOL,INVENTORIED,aicrm_next/extensions/commerce/commerce/external_orders.py:119-178
LEGACY-API-0635,S04,/api/external/orders/{order_no},get_external_order,GET,GET,/api/external/orders/{order_no},external_integration,api,api_client_jwt,true,false,service,commerce,none,PENDING_HUMAN_DESIGN,PENDING_HUMAN_DESIGN,PENDING_HUMAN_DESIGN,UNMAPPED,MIGRATE,APPROVED,NONE,EXTERNAL_PROTOCOL,INVENTORIED,aicrm_next/extensions/commerce/commerce/external_orders.py:181-200
LEGACY-API-0636,S04,/api/external/questionnaire-submissions,list_external_questionnaire_submissions,GET,GET,/api/external/questionnaire-submissions,external_integration,api,api_client_jwt,true,false,service,questionnaire,none,PENDING_HUMAN_DESIGN,PENDING_HUMAN_DESIGN,PENDING_HUMAN_DESIGN,UNMAPPED,MIGRATE,APPROVED,NONE,EXTERNAL_PROTOCOL,INVENTORIED,aicrm_next/extensions/forms/questionnaire/api.py:319-373
LEGACY-API-0637,S04,/api/external/radar-clicks,list_external_radar_clicks,GET,GET,/api/external/radar-clicks,external_integration,api,api_client_jwt,true,false,service,radar_links,none,PENDING_HUMAN_DESIGN,PENDING_HUMAN_DESIGN,PENDING_HUMAN_DESIGN,UNMAPPED,MIGRATE,APPROVED,NONE,EXTERNAL_PROTOCOL,INVENTORIED,aicrm_next/extensions/radar/radar_links/api.py:279-328
LEGACY-API-0638,S04,/api/external/radar-links,list_external_radar_link_mappings,GET,GET,/api/external/radar-links,external_integration,api,api_client_jwt,true,false,service,radar_links,none,PENDING_HUMAN_DESIGN,PENDING_HUMAN_DESIGN,PENDING_HUMAN_DESIGN,UNMAPPED,MIGRATE,APPROVED,NONE,EXTERNAL_PROTOCOL,INVENTORIED,aicrm_next/extensions/radar/radar_links/api.py:331-359
LEGACY-API-0639,S04,/api/external/users/resolve,resolve_external_user_basic,GET,GET,/api/external/users/resolve,external_integration,api,api_client_jwt,true,false,service,commerce,none,PENDING_HUMAN_DESIGN,PENDING_HUMAN_DESIGN,PENDING_HUMAN_DESIGN,UNMAPPED,MIGRATE,APPROVED,NONE,EXTERNAL_PROTOCOL,INVENTORIED,aicrm_next/extensions/commerce/commerce/external_orders.py:277-321
LEGACY-API-0640,S04,/api/h5/alipay/{path:path},h5_alipay_unknown,DELETE|GET|PATCH|POST|PUT,DELETE|GET|PATCH|POST|PUT,/api/h5/alipay/{path:path},public_h5,api,public,false,false,single_resource,commerce,none,NOT_APPLICABLE,NOT_APPLICABLE,NOT_APPLICABLE,UNMAPPED,NOT_MIGRATED,APPROVED,SOURCE_METHOD_BUNDLE_DIFFERS|SOURCE_ONLY_HEAD,EXTERNAL_PROTOCOL,INVENTORIED,aicrm_next/extensions/commerce/commerce/api.py:1268-1277
LEGACY-API-0641,S04,/api/h5/alipay/{path:path},h5_alipay_options,OPTIONS,OPTIONS,/api/h5/alipay/{path:path},public_h5,api,public,false,false,single_resource,commerce,none,PENDING_HUMAN_DESIGN,PENDING_HUMAN_DESIGN,PENDING_HUMAN_DESIGN,UNMAPPED,DEFERRED_POST_LAUNCH,APPROVED,NONE,EXTERNAL_PROTOCOL,INVENTORIED,aicrm_next/extensions/commerce/commerce/api.py:1258-1265
LEGACY-API-0642,S04,/api/h5/coupons/available,api.h5_available_coupons,GET,GET,/api/h5/coupons/available,public_h5,api,payment_identity_session,true,false,self,commerce,none,PENDING_HUMAN_DESIGN,PENDING_HUMAN_DESIGN,PENDING_HUMAN_DESIGN,UNMAPPED,MIGRATE,APPROVED,NONE,EXTERNAL_PROTOCOL,INVENTORIED,aicrm_next/extensions/commerce/commerce/coupons/public_api.py:91-109
LEGACY-API-0643,S04,/api/h5/coupons/{public_slug},api.h5_coupon_state,GET,GET,/api/h5/coupons/{public_slug},public_h5,api,public,false,false,single_resource,commerce,none,PENDING_HUMAN_DESIGN,PENDING_HUMAN_DESIGN,PENDING_HUMAN_DESIGN,UNMAPPED,MIGRATE,APPROVED,NONE,EXTERNAL_PROTOCOL,INVENTORIED,aicrm_next/extensions/commerce/commerce/coupons/public_api.py:112-126
LEGACY-API-0644,S04,/api/h5/coupons/{public_slug}/claim,api.h5_coupon_claim,POST,POST,/api/h5/coupons/{public_slug}/claim,public_h5,api,payment_identity_session,true,false,self,commerce,none,PENDING_HUMAN_DESIGN,PENDING_HUMAN_DESIGN,PENDING_HUMAN_DESIGN,UNMAPPED,MIGRATE,APPROVED,NONE,EXTERNAL_PROTOCOL,INVENTORIED,aicrm_next/extensions/commerce/commerce/coupons/public_api.py:129-157
LEGACY-API-0645,S04,/api/h5/navigation-target/url-link/resolve,api.h5_navigation_target_url_link_resolve,GET,GET,/api/h5/navigation-target/url-link/resolve,public_h5,api,public,false,false,single_resource,public_product,none,PENDING_HUMAN_DESIGN,PENDING_HUMAN_DESIGN,PENDING_HUMAN_DESIGN,UNMAPPED,MIGRATE,APPROVED,NONE,EXTERNAL_PROTOCOL,INVENTORIED,aicrm_next/extensions/commerce/public_product/api.py:173-179
LEGACY-API-0646,S04,/api/h5/product-context/session,api.h5_product_context_session,POST,POST,/api/h5/product-context/session,public_h5,api,public,false,false,single_resource,public_product,none,PENDING_HUMAN_DESIGN,PENDING_HUMAN_DESIGN,PENDING_HUMAN_DESIGN,UNMAPPED,MIGRATE,APPROVED,NONE,EXTERNAL_PROTOCOL,INVENTORIED,aicrm_next/extensions/commerce/public_product/api.py:92-117
LEGACY-API-0647,S04,/api/h5/product-images/{product_code}/{image_id}/variants/{variant_key},api.h5_public_product_image_variant,GET,GET,/api/h5/product-images/{product_code}/{image_id}/variants/{variant_key},public_h5,api,public,false,false,single_resource,public_product,none,PENDING_HUMAN_DESIGN,PENDING_HUMAN_DESIGN,PENDING_HUMAN_DESIGN,UNMAPPED,MIGRATE,APPROVED,NONE,EXTERNAL_PROTOCOL,INVENTORIED,aicrm_next/extensions/commerce/public_product/api.py:182-201
LEGACY-API-0648,S04,/api/h5/questionnaires/{slug},public_get_questionnaire,GET,GET,/api/h5/questionnaires/{slug},public_h5,api,public,false,false,single_resource,questionnaire,none,PENDING_HUMAN_DESIGN,PENDING_HUMAN_DESIGN,PENDING_HUMAN_DESIGN,UNMAPPED,MIGRATE,APPROVED,NONE,EXTERNAL_PROTOCOL,INVENTORIED,aicrm_next/extensions/forms/questionnaire/api.py:996-1027
LEGACY-API-0649,S04,/api/h5/questionnaires/{slug}/client-diagnostics,public_questionnaire_client_diagnostics_options,OPTIONS,OPTIONS,/api/h5/questionnaires/{slug}/client-diagnostics,public_h5,api,public,false,false,single_resource,questionnaire,none,PENDING_HUMAN_DESIGN,PENDING_HUMAN_DESIGN,PENDING_HUMAN_DESIGN,UNMAPPED,DEFERRED_POST_LAUNCH,APPROVED,NONE,EXTERNAL_PROTOCOL,INVENTORIED,aicrm_next/extensions/forms/questionnaire/api.py:1045-1047
LEGACY-API-0650,S04,/api/h5/questionnaires/{slug}/client-diagnostics,public_questionnaire_client_diagnostics,POST,POST,/api/h5/questionnaires/{slug}/client-diagnostics,public_h5,api,public,false,false,single_resource,questionnaire,none,PENDING_HUMAN_DESIGN,PENDING_HUMAN_DESIGN,PENDING_HUMAN_DESIGN,UNMAPPED,MIGRATE,APPROVED,NONE,EXTERNAL_PROTOCOL,INVENTORIED,aicrm_next/extensions/forms/questionnaire/api.py:1040-1042
LEGACY-API-0651,S04,/api/h5/questionnaires/{slug}/result,public_submission_result,GET,GET,/api/h5/questionnaires/{slug}/result,public_h5,api,public_result_grant,true,false,single_resource,questionnaire,none,PENDING_HUMAN_DESIGN,PENDING_HUMAN_DESIGN,PENDING_HUMAN_DESIGN,UNMAPPED,MIGRATE,APPROVED,NONE,EXTERNAL_PROTOCOL,INVENTORIED,aicrm_next/extensions/forms/questionnaire/api.py:1050-1075
LEGACY-API-0652,S04,/api/h5/questionnaires/{slug}/submit,public_submit_questionnaire_options,OPTIONS,OPTIONS,/api/h5/questionnaires/{slug}/submit,public_h5,api,public,false,false,single_resource,questionnaire,none,PENDING_HUMAN_DESIGN,PENDING_HUMAN_DESIGN,PENDING_HUMAN_DESIGN,UNMAPPED,MIGRATE,APPROVED,NONE,EXTERNAL_PROTOCOL,INVENTORIED,aicrm_next/extensions/forms/questionnaire/api.py:1035-1037
LEGACY-API-0653,S04,/api/h5/questionnaires/{slug}/submit,public_submit_questionnaire,POST,POST,/api/h5/questionnaires/{slug}/submit,public_h5,api,public,false,false,single_resource,questionnaire,none,PENDING_HUMAN_DESIGN,PENDING_HUMAN_DESIGN,PENDING_HUMAN_DESIGN,UNMAPPED,MIGRATE,APPROVED,NONE,EXTERNAL_PROTOCOL,INVENTORIED,aicrm_next/extensions/forms/questionnaire/api.py:1030-1032
LEGACY-API-0654,S04,/api/h5/radar-contents/{code}/events,radar_content_event,POST,POST,/api/h5/radar-contents/{code}/events,public_h5,api,public,false,false,single_resource,radar_links,none,PENDING_HUMAN_DESIGN,PENDING_HUMAN_DESIGN,PENDING_HUMAN_DESIGN,UNMAPPED,DEFERRED_POST_LAUNCH,APPROVED,NONE,EXTERNAL_PROTOCOL,INVENTORIED,aicrm_next/extensions/radar/radar_links/api.py:839-849
LEGACY-API-0655,S04,/api/h5/radar-contents/{code}/image,radar_content_image,GET,GET,/api/h5/radar-contents/{code}/image,public_h5,api,public,false,false,single_resource,radar_links,none,PENDING_HUMAN_DESIGN,PENDING_HUMAN_DESIGN,PENDING_HUMAN_DESIGN,UNMAPPED,DEFERRED_POST_LAUNCH,APPROVED,NONE,EXTERNAL_PROTOCOL,INVENTORIED,aicrm_next/extensions/radar/radar_links/api.py:723-735
LEGACY-API-0656,S04,/api/h5/radar-contents/{code}/image/manifest,radar_content_image_manifest,GET,GET,/api/h5/radar-contents/{code}/image/manifest,public_h5,api,public,false,false,single_resource,radar_links,none,PENDING_HUMAN_DESIGN,PENDING_HUMAN_DESIGN,PENDING_HUMAN_DESIGN,UNMAPPED,DEFERRED_POST_LAUNCH,APPROVED,NONE,EXTERNAL_PROTOCOL,INVENTORIED,aicrm_next/extensions/radar/radar_links/api.py:738-743
LEGACY-API-0657,S04,/api/h5/radar-contents/{code}/image/variants/{variant_key},radar_content_image_variant,GET,GET,/api/h5/radar-contents/{code}/image/variants/{variant_key},public_h5,api,public,false,false,single_resource,radar_links,none,PENDING_HUMAN_DESIGN,PENDING_HUMAN_DESIGN,PENDING_HUMAN_DESIGN,UNMAPPED,DEFERRED_POST_LAUNCH,APPROVED,NONE,EXTERNAL_PROTOCOL,INVENTORIED,aicrm_next/extensions/radar/radar_links/api.py:746-761
LEGACY-API-0658,S04,/api/h5/radar-contents/{code}/manifest,radar_content_pdf_manifest,GET,GET,/api/h5/radar-contents/{code}/manifest,public_h5,api,public,false,false,single_resource,radar_links,none,PENDING_HUMAN_DESIGN,PENDING_HUMAN_DESIGN,PENDING_HUMAN_DESIGN,UNMAPPED,DEFERRED_POST_LAUNCH,APPROVED,NONE,EXTERNAL_PROTOCOL,INVENTORIED,aicrm_next/extensions/radar/radar_links/api.py:764-769
LEGACY-API-0659,S04,/api/h5/radar-contents/{code}/pdf,radar_content_pdf,GET,GET,/api/h5/radar-contents/{code}/pdf,public_h5,api,public,false,false,single_resource,radar_links,none,PENDING_HUMAN_DESIGN,PENDING_HUMAN_DESIGN,PENDING_HUMAN_DESIGN,UNMAPPED,DEFERRED_POST_LAUNCH,APPROVED,NONE,EXTERNAL_PROTOCOL,INVENTORIED,aicrm_next/extensions/radar/radar_links/api.py:790-797
LEGACY-API-0660,S04,/api/h5/radar-contents/{code}/pdf/pages/{page_no},radar_content_pdf_page,GET,GET,/api/h5/radar-contents/{code}/pdf/pages/{page_no},public_h5,api,public,false,false,single_resource,radar_links,none,PENDING_HUMAN_DESIGN,PENDING_HUMAN_DESIGN,PENDING_HUMAN_DESIGN,UNMAPPED,DEFERRED_POST_LAUNCH,APPROVED,NONE,EXTERNAL_PROTOCOL,INVENTORIED,aicrm_next/extensions/radar/radar_links/api.py:772-787
LEGACY-API-0661,S04,/api/h5/radar/oauth/callback,radar_oauth_callback,GET,GET,/api/h5/radar/oauth/callback,callback,webhook,provider_oauth_state,true,false,single_resource,radar_links,staging_disabled,PENDING_HUMAN_DESIGN,PENDING_HUMAN_DESIGN,PENDING_HUMAN_DESIGN,UNMAPPED,MIGRATE,APPROVED,MANIFEST_EXTERNAL_EFFECTS_STAGING_DISABLED,EXTERNAL_PROTOCOL,INVENTORIED,aicrm_next/extensions/radar/radar_links/api.py:881-901
LEGACY-API-0662,S04,/api/h5/radar/oauth/start,radar_oauth_start,GET,GET,/api/h5/radar/oauth/start,public_h5,api,public,false,false,single_resource,radar_links,staging_disabled,PENDING_HUMAN_DESIGN,PENDING_HUMAN_DESIGN,PENDING_HUMAN_DESIGN,UNMAPPED,MIGRATE,APPROVED,MANIFEST_EXTERNAL_EFFECTS_STAGING_DISABLED,EXTERNAL_PROTOCOL,INVENTORIED,aicrm_next/extensions/radar/radar_links/api.py:547-559
LEGACY-API-0663,S04,/api/h5/service-period-products/{link_slug},public_service_period_product_state,GET,GET,/api/h5/service-period-products/{link_slug},public_h5,api,public,false,false,single_resource,service_period,none,PENDING_HUMAN_DESIGN,PENDING_HUMAN_DESIGN,PENDING_HUMAN_DESIGN,UNMAPPED,MIGRATE,APPROVED,NONE,EXTERNAL_PROTOCOL,INVENTORIED,aicrm_next/extensions/commerce/service_period/api.py:922-939
LEGACY-API-0664,S04,/api/h5/service-period-products/{link_slug}/wechat-pay/jsapi/orders,create_service_period_jsapi_order,POST,POST,/api/h5/service-period-products/{link_slug}/wechat-pay/jsapi/orders,public_h5,api,payment_identity_session,true,false,self,service_period,real_requires_approval,PENDING_HUMAN_DESIGN,PENDING_HUMAN_DESIGN,PENDING_HUMAN_DESIGN,UNMAPPED,MIGRATE,APPROVED,MANIFEST_EXTERNAL_EFFECTS_REAL_REQUIRES_APPROVAL,EXTERNAL_PROTOCOL,INVENTORIED,aicrm_next/extensions/commerce/service_period/api.py:942-968
LEGACY-API-0665,S04,/api/h5/wechat-pay/jsapi/orders,api.h5_wechat_pay_create_jsapi_order,POST,POST,/api/h5/wechat-pay/jsapi/orders,public_h5,api,payment_identity_session,true,false,self,public_product,real_requires_approval,PENDING_HUMAN_DESIGN,PENDING_HUMAN_DESIGN,PENDING_HUMAN_DESIGN,UNMAPPED,MIGRATE,APPROVED,MANIFEST_EXTERNAL_EFFECTS_REAL_REQUIRES_APPROVAL,EXTERNAL_PROTOCOL,INVENTORIED,aicrm_next/extensions/commerce/public_product/api.py:156-165
LEGACY-API-0666,S04,/api/h5/wechat-pay/notify,api.h5_wechat_pay_notify,POST,POST,/api/h5/wechat-pay/notify,callback,webhook,provider_signature,true,false,single_resource,public_product,none,PENDING_HUMAN_DESIGN,PENDING_HUMAN_DESIGN,PENDING_HUMAN_DESIGN,UNMAPPED,MIGRATE,APPROVED,NONE,EXTERNAL_PROTOCOL,INVENTORIED,aicrm_next/extensions/commerce/public_product/api.py:204-207
LEGACY-API-0667,S04,/api/h5/wechat-pay/oauth/callback,api.h5_wechat_pay_oauth_callback,GET,GET,/api/h5/wechat-pay/oauth/callback,callback,webhook,provider_oauth_state,true,false,single_resource,public_product,staging_disabled,PENDING_HUMAN_DESIGN,PENDING_HUMAN_DESIGN,PENDING_HUMAN_DESIGN,UNMAPPED,MIGRATE,APPROVED,MANIFEST_EXTERNAL_EFFECTS_STAGING_DISABLED,EXTERNAL_PROTOCOL,INVENTORIED,aicrm_next/extensions/commerce/public_product/api.py:142-144
LEGACY-API-0668,S04,/api/h5/wechat-pay/oauth/start,api.h5_wechat_pay_oauth_start,GET,GET,/api/h5/wechat-pay/oauth/start,public_h5,api,public,false,false,single_resource,public_product,staging_disabled,PENDING_HUMAN_DESIGN,PENDING_HUMAN_DESIGN,PENDING_HUMAN_DESIGN,UNMAPPED,MIGRATE,APPROVED,MANIFEST_EXTERNAL_EFFECTS_STAGING_DISABLED,EXTERNAL_PROTOCOL,INVENTORIED,aicrm_next/extensions/commerce/public_product/api.py:137-139
LEGACY-API-0669,S04,/api/h5/wechat-pay/orders/{out_trade_no},api.h5_wechat_pay_order_status,GET,GET,/api/h5/wechat-pay/orders/{out_trade_no},public_h5,api,payment_identity_session,true,false,self,public_product,real_requires_approval,PENDING_HUMAN_DESIGN,PENDING_HUMAN_DESIGN,PENDING_HUMAN_DESIGN,UNMAPPED,MIGRATE,APPROVED,MANIFEST_EXTERNAL_EFFECTS_REAL_REQUIRES_APPROVAL,EXTERNAL_PROTOCOL,INVENTORIED,aicrm_next/extensions/commerce/public_product/api.py:168-170
LEGACY-API-0670,S04,/api/h5/wechat-pay/products/{path:path},api.h5_wechat_pay_product,GET,GET,/api/h5/wechat-pay/products/{path:path},public_h5,api,public,false,false,single_resource,public_product,none,PENDING_HUMAN_DESIGN,PENDING_HUMAN_DESIGN,PENDING_HUMAN_DESIGN,UNMAPPED,MIGRATE,APPROVED,NONE,EXTERNAL_PROTOCOL,INVENTORIED,aicrm_next/extensions/commerce/public_product/api.py:147-153
LEGACY-API-0671,S04,/api/h5/wechat-pay/refund/notify,wechat_refund_notify,POST,POST,/api/h5/wechat-pay/refund/notify,callback,webhook,provider_signature,true,false,single_resource,commerce,none,PENDING_HUMAN_DESIGN,PENDING_HUMAN_DESIGN,PENDING_HUMAN_DESIGN,UNMAPPED,MIGRATE,APPROVED,NONE,EXTERNAL_PROTOCOL,INVENTORIED,aicrm_next/extensions/commerce/commerce/api.py:391-399
LEGACY-API-0672,S04,/api/h5/wechat-pay/{path:path},h5_wechat_pay_unknown,DELETE|GET|PATCH|POST|PUT,DELETE|GET|PATCH|POST|PUT,/api/h5/wechat-pay/{path:path},public_h5,api,public,false,false,single_resource,commerce,none,PENDING_HUMAN_DESIGN,PENDING_HUMAN_DESIGN,PENDING_HUMAN_DESIGN,UNMAPPED,MIGRATE,APPROVED,SOURCE_METHOD_BUNDLE_DIFFERS|SOURCE_ONLY_HEAD,EXTERNAL_PROTOCOL,INVENTORIED,aicrm_next/extensions/commerce/commerce/api.py:1246-1255
LEGACY-API-0673,S04,/api/h5/wechat-pay/{path:path},h5_wechat_pay_options,OPTIONS,OPTIONS,/api/h5/wechat-pay/{path:path},public_h5,api,public,false,false,single_resource,commerce,none,PENDING_HUMAN_DESIGN,PENDING_HUMAN_DESIGN,PENDING_HUMAN_DESIGN,UNMAPPED,DEFERRED_POST_LAUNCH,APPROVED,NONE,EXTERNAL_PROTOCOL,INVENTORIED,aicrm_next/extensions/commerce/commerce/api.py:1236-1243
LEGACY-API-0674,S04,/api/h5/wechat/oauth/callback,wechat_oauth_callback,GET,GET,/api/h5/wechat/oauth/callback,callback,webhook,provider_oauth_state,true,false,single_resource,questionnaire,staging_disabled,PENDING_HUMAN_DESIGN,PENDING_HUMAN_DESIGN,PENDING_HUMAN_DESIGN,UNMAPPED,MIGRATE,APPROVED,MANIFEST_EXTERNAL_EFFECTS_STAGING_DISABLED,EXTERNAL_PROTOCOL,INVENTORIED,aicrm_next/extensions/forms/questionnaire/api.py:1136-1210
LEGACY-API-0675,S04,/api/h5/wechat/oauth/callback,wechat_oauth_callback_options,OPTIONS,OPTIONS,/api/h5/wechat/oauth/callback,callback,webhook,provider_oauth_state,true,false,single_resource,questionnaire,staging_disabled,PENDING_HUMAN_DESIGN,PENDING_HUMAN_DESIGN,PENDING_HUMAN_DESIGN,UNMAPPED,DEFERRED_POST_LAUNCH,APPROVED,MANIFEST_EXTERNAL_EFFECTS_STAGING_DISABLED,EXTERNAL_PROTOCOL,INVENTORIED,aicrm_next/extensions/forms/questionnaire/api.py:1213-1215
LEGACY-API-0676,S04,/api/h5/wechat/oauth/start,wechat_oauth_start,GET,GET,/api/h5/wechat/oauth/start,public_h5,api,public,false,false,single_resource,questionnaire,staging_disabled,PENDING_HUMAN_DESIGN,PENDING_HUMAN_DESIGN,PENDING_HUMAN_DESIGN,UNMAPPED,MIGRATE,APPROVED,MANIFEST_EXTERNAL_EFFECTS_STAGING_DISABLED,EXTERNAL_PROTOCOL,INVENTORIED,aicrm_next/extensions/forms/questionnaire/api.py:1078-1128
LEGACY-API-0677,S04,/api/h5/wechat/oauth/start,wechat_oauth_start_options,OPTIONS,OPTIONS,/api/h5/wechat/oauth/start,public_h5,api,public,false,false,single_resource,questionnaire,staging_disabled,PENDING_HUMAN_DESIGN,PENDING_HUMAN_DESIGN,PENDING_HUMAN_DESIGN,UNMAPPED,DEFERRED_POST_LAUNCH,APPROVED,MANIFEST_EXTERNAL_EFFECTS_STAGING_DISABLED,EXTERNAL_PROTOCOL,INVENTORIED,aicrm_next/extensions/forms/questionnaire/api.py:1131-1133
LEGACY-API-0678,S03,/api/h5/wechat/oauth/unknown,h5_wechat_oauth_unknown,GET,GET,/api/h5/wechat/oauth/unknown,public_h5,api,public,false,false,single_resource,auth_wecom,staging_disabled,NOT_APPLICABLE,NOT_APPLICABLE,NOT_APPLICABLE,UNMAPPED,NOT_MIGRATED,APPROVED,MANIFEST_EXTERNAL_EFFECTS_STAGING_DISABLED|S03-D07_MANIFEST_STAGING_DISABLED_VS_GATED_SOURCE_PATH,EXTERNAL_PROTOCOL,INVENTORIED,aicrm_next/channels/auth_wecom/api.py:162-164
LEGACY-API-0679,S03,/api/h5/wechat/oauth/unknown,h5_wechat_oauth_unknown_options,OPTIONS,OPTIONS,/api/h5/wechat/oauth/unknown,public_h5,api,public,false,false,single_resource,auth_wecom,staging_disabled,PENDING_HUMAN_DESIGN,PENDING_HUMAN_DESIGN,PENDING_HUMAN_DESIGN,UNMAPPED,DEFERRED_POST_LAUNCH,APPROVED,MANIFEST_EXTERNAL_EFFECTS_STAGING_DISABLED|S03-D07_MANIFEST_STAGING_DISABLED_VS_GATED_SOURCE_PATH,EXTERNAL_PROTOCOL,INVENTORIED,aicrm_next/channels/auth_wecom/api.py:157-159
LEGACY-API-0680,S02,/api/identity/resolve,resolve_identity,GET,GET,/api/identity/resolve,external_integration,api,api_client_jwt,true,false,service,identity_contact,none,PENDING_HUMAN_DESIGN,PENDING_HUMAN_DESIGN,PENDING_HUMAN_DESIGN,UNMAPPED,DEFERRED_POST_LAUNCH,APPROVED,NONE,EXTERNAL_PROTOCOL,INVENTORIED,aicrm_next/crm/identity_contact/api.py:47-69
LEGACY-API-0681,S04,/api/internal/direct-send/wecom-private,create_internal_direct_wecom_private_send,POST,POST,/api/internal/direct-send/wecom-private,internal_worker,api,api_client_jwt,true,false,service,ai_assist,none,PENDING_HUMAN_DESIGN,PENDING_HUMAN_DESIGN,PENDING_HUMAN_DESIGN,UNMAPPED,MIGRATE,APPROVED,NONE,UNCLASSIFIED,UNCLASSIFIED,aicrm_next/extensions/ai/ai_assist/api.py:128-140
LEGACY-API-0682,S04,/api/messages/archive,deprecated_message_archive,GET,GET,/api/messages/archive,external_integration,api,human_session,true,false,global,message_archive,none,PENDING_HUMAN_DESIGN,PENDING_HUMAN_DESIGN,PENDING_HUMAN_DESIGN,UNMAPPED,DEFERRED_POST_LAUNCH,APPROVED,NONE,EXTERNAL_PROTOCOL,INVENTORIED,aicrm_next/extensions/archive/message_archive/api.py:222-224
LEGACY-API-0683,S04,/api/messages/archive/sync,blocked_message_archive_sync,GET|POST,GET|POST,/api/messages/archive/sync,external_integration,api,human_session,true,true,global,message_archive,none,NOT_APPLICABLE,NOT_APPLICABLE,NOT_APPLICABLE,UNMAPPED,NOT_MIGRATED,APPROVED,SOURCE_METHOD_BUNDLE_DIFFERS|SOURCE_ONLY_OPTIONS,EXTERNAL_PROTOCOL,INVENTORIED,aicrm_next/extensions/archive/message_archive/api.py:217-219
LEGACY-API-0684,S04,/api/messages/broadcast,blocked_message_broadcast,GET|POST,GET|POST,/api/messages/broadcast,external_integration,api,human_session,true,true,global,message_archive,none,NOT_APPLICABLE,NOT_APPLICABLE,NOT_APPLICABLE,UNMAPPED,NOT_MIGRATED,APPROVED,SOURCE_METHOD_BUNDLE_DIFFERS|SOURCE_ONLY_OPTIONS,EXTERNAL_PROTOCOL,INVENTORIED,aicrm_next/extensions/archive/message_archive/api.py:212-214
LEGACY-API-0685,S04,/api/messages/search,search_messages,GET,GET,/api/messages/search,external_integration,api,human_session,true,false,global,message_archive,none,PENDING_HUMAN_DESIGN,PENDING_HUMAN_DESIGN,PENDING_HUMAN_DESIGN,UNMAPPED,MIGRATE,APPROVED,NONE,EXTERNAL_PROTOCOL,INVENTORIED,aicrm_next/extensions/archive/message_archive/api.py:189-204
LEGACY-API-0686,S04,/api/messages/send,blocked_message_send,GET|POST,GET|POST,/api/messages/send,external_integration,api,human_session,true,true,global,message_archive,none,NOT_APPLICABLE,NOT_APPLICABLE,NOT_APPLICABLE,UNMAPPED,NOT_MIGRATED,APPROVED,SOURCE_METHOD_BUNDLE_DIFFERS|SOURCE_ONLY_OPTIONS,EXTERNAL_PROTOCOL,INVENTORIED,aicrm_next/extensions/archive/message_archive/api.py:207-209
LEGACY-API-0687,S04,/api/messages/{external_userid},list_messages,GET,GET,/api/messages/{external_userid},external_integration,api,human_session,true,false,global,message_archive,none,PENDING_HUMAN_DESIGN,PENDING_HUMAN_DESIGN,PENDING_HUMAN_DESIGN,UNMAPPED,DEFERRED_POST_LAUNCH,APPROVED,NONE,EXTERNAL_PROTOCOL,INVENTORIED,aicrm_next/extensions/archive/message_archive/api.py:237-250
LEGACY-API-0688,S04,/api/messages/{external_userid}/archive,deprecated_external_message_archive,GET,GET,/api/messages/{external_userid}/archive,external_integration,api,human_session,true,false,global,message_archive,none,PENDING_HUMAN_DESIGN,PENDING_HUMAN_DESIGN,PENDING_HUMAN_DESIGN,UNMAPPED,DEFERRED_POST_LAUNCH,APPROVED,NONE,EXTERNAL_PROTOCOL,INVENTORIED,aicrm_next/extensions/archive/message_archive/api.py:227-229
LEGACY-API-0689,S04,/api/messages/{external_userid}/history,deprecated_external_message_history,GET,GET,/api/messages/{external_userid}/history,external_integration,api,human_session,true,false,global,message_archive,none,PENDING_HUMAN_DESIGN,PENDING_HUMAN_DESIGN,PENDING_HUMAN_DESIGN,UNMAPPED,DEFERRED_POST_LAUNCH,APPROVED,NONE,EXTERNAL_PROTOCOL,INVENTORIED,aicrm_next/extensions/archive/message_archive/api.py:232-234
LEGACY-API-0690,S02,/api/messages/{external_userid}/recent,get_recent_messages,GET,GET,/api/messages/{external_userid}/recent,external_integration,api,human_session,true,false,global,customer_read_model,none,PENDING_HUMAN_DESIGN,PENDING_HUMAN_DESIGN,PENDING_HUMAN_DESIGN,UNMAPPED,DEFERRED_POST_LAUNCH,APPROVED,S02-D06_FIXTURE_OR_DEGRADED_EMPTY_RESULT_BOUNDARY,EXTERNAL_PROTOCOL,INVENTORIED,aicrm_next/crm/customer_read_model/api.py:546-555
LEGACY-API-0691,S04,/api/operation-cycles/action-requests/claim,claim_operation_cycle_action_request,POST,POST,/api/operation-cycles/action-requests/claim,external_integration,api,api_client_jwt,true,false,service,operation_cycles,none,PENDING_HUMAN_DESIGN,PENDING_HUMAN_DESIGN,PENDING_HUMAN_DESIGN,UNMAPPED,DEFERRED_POST_LAUNCH,APPROVED,NONE,EXTERNAL_PROTOCOL,INVENTORIED,aicrm_next/extensions/hxc/operation_cycles/api.py:352-377
LEGACY-API-0692,S04,/api/operation-cycles/action-requests/{request_id}/events,record_operation_cycle_action_request_event,POST,POST,/api/operation-cycles/action-requests/{request_id}/events,external_integration,api,api_client_jwt,true,false,service,operation_cycles,none,PENDING_HUMAN_DESIGN,PENDING_HUMAN_DESIGN,PENDING_HUMAN_DESIGN,UNMAPPED,DEFERRED_POST_LAUNCH,APPROVED,NONE,EXTERNAL_PROTOCOL,INVENTORIED,aicrm_next/extensions/hxc/operation_cycles/api.py:380-403
LEGACY-API-0693,S04,/api/operation-cycles/context-index,get_operation_cycle_context_index,GET,GET,/api/operation-cycles/context-index,external_integration,api,api_client_jwt,true,false,service,operation_cycles,none,PENDING_HUMAN_DESIGN,PENDING_HUMAN_DESIGN,PENDING_HUMAN_DESIGN,UNMAPPED,MIGRATE,APPROVED,NONE,EXTERNAL_PROTOCOL,INVENTORIED,aicrm_next/extensions/hxc/operation_cycles/api.py:406-410
LEGACY-API-0694,S04,/api/operation-cycles/reports,report_operation_cycle_snapshot,POST,POST,/api/operation-cycles/reports,external_integration,api,api_client_jwt,true,false,service,operation_cycles,none,PENDING_HUMAN_DESIGN,PENDING_HUMAN_DESIGN,PENDING_HUMAN_DESIGN,UNMAPPED,MIGRATE,APPROVED,NONE,EXTERNAL_PROTOCOL,INVENTORIED,aicrm_next/extensions/hxc/operation_cycles/api.py:183-234
LEGACY-API-0695,S04,/api/operation-cycles/runner/heartbeat,heartbeat_operation_cycle_runner,POST,POST,/api/operation-cycles/runner/heartbeat,external_integration,api,api_client_jwt,true,false,service,operation_cycles,none,PENDING_HUMAN_DESIGN,PENDING_HUMAN_DESIGN,PENDING_HUMAN_DESIGN,UNMAPPED,DEFERRED_POST_LAUNCH,APPROVED,NONE,EXTERNAL_PROTOCOL,INVENTORIED,aicrm_next/extensions/hxc/operation_cycles/api.py:329-349
LEGACY-API-0696,S04,/api/operation-cycles/strategies/{strategy_key}/context,get_operation_cycle_strategy_context,GET,GET,/api/operation-cycles/strategies/{strategy_key}/context,external_integration,api,api_client_jwt,true,false,service,operation_cycles,none,PENDING_HUMAN_DESIGN,PENDING_HUMAN_DESIGN,PENDING_HUMAN_DESIGN,UNMAPPED,MIGRATE,APPROVED,NONE,EXTERNAL_PROTOCOL,INVENTORIED,aicrm_next/extensions/hxc/operation_cycles/api.py:413-451
LEGACY-API-0697,S04,/api/operation-cycles/strategy-change-proposals,create_operation_cycle_strategy_change_proposal,POST,POST,/api/operation-cycles/strategy-change-proposals,external_integration,api,api_client_jwt,true,false,service,operation_cycles,none,PENDING_HUMAN_DESIGN,PENDING_HUMAN_DESIGN,PENDING_HUMAN_DESIGN,UNMAPPED,MIGRATE,APPROVED,NONE,EXTERNAL_PROTOCOL,INVENTORIED,aicrm_next/extensions/hxc/operation_cycles/api.py:454-475
LEGACY-API-0698,S04,/api/orders/{order_no},get_order,GET,GET,/api/orders/{order_no},public_h5,api,public,false,false,single_resource,commerce,none,PENDING_HUMAN_DESIGN,PENDING_HUMAN_DESIGN,PENDING_HUMAN_DESIGN,UNMAPPED,DEFERRED_POST_LAUNCH,APPROVED,NONE,EXTERNAL_PROTOCOL,INVENTORIED,aicrm_next/extensions/commerce/commerce/api.py:599-614
LEGACY-API-0699,S04,/api/orders/{order_no},get_order_options,OPTIONS,OPTIONS,/api/orders/{order_no},public_h5,api,public,false,false,single_resource,commerce,none,PENDING_HUMAN_DESIGN,PENDING_HUMAN_DESIGN,PENDING_HUMAN_DESIGN,UNMAPPED,DEFERRED_POST_LAUNCH,APPROVED,NONE,EXTERNAL_PROTOCOL,INVENTORIED,aicrm_next/extensions/commerce/commerce/api.py:617-621
LEGACY-API-0700,S04,/api/orders/{order_no}/status,get_order,GET,GET,/api/orders/{order_no}/status,public_h5,api,public,false,false,single_resource,commerce,none,PENDING_HUMAN_DESIGN,PENDING_HUMAN_DESIGN,PENDING_HUMAN_DESIGN,UNMAPPED,DEFERRED_POST_LAUNCH,APPROVED,NONE,EXTERNAL_PROTOCOL,INVENTORIED,aicrm_next/extensions/commerce/commerce/api.py:600-614
LEGACY-API-0701,S04,/api/orders/{order_no}/status,get_order_status_options,OPTIONS,OPTIONS,/api/orders/{order_no}/status,public_h5,api,public,false,false,single_resource,commerce,none,PENDING_HUMAN_DESIGN,PENDING_HUMAN_DESIGN,PENDING_HUMAN_DESIGN,UNMAPPED,DEFERRED_POST_LAUNCH,APPROVED,NONE,EXTERNAL_PROTOCOL,INVENTORIED,aicrm_next/extensions/commerce/commerce/api.py:624-628
LEGACY-API-0702,S04,/api/orders/{order_no}/{path:path},order_unknown_child,DELETE|GET|PATCH|POST|PUT,DELETE|GET|PATCH|POST|PUT,/api/orders/{order_no}/{path:path},public_h5,api,public,false,false,single_resource,commerce,none,NOT_APPLICABLE,NOT_APPLICABLE,NOT_APPLICABLE,UNMAPPED,NOT_MIGRATED,APPROVED,SOURCE_METHOD_BUNDLE_DIFFERS|SOURCE_ONLY_HEAD|SOURCE_ONLY_OPTIONS,EXTERNAL_PROTOCOL,INVENTORIED,aicrm_next/extensions/commerce/commerce/api.py:631-640
LEGACY-API-0703,S04,/api/products/{page_slug},public_product,GET,GET,/api/products/{page_slug},public_h5,api,public,false,false,single_resource,commerce,none,PENDING_HUMAN_DESIGN,PENDING_HUMAN_DESIGN,PENDING_HUMAN_DESIGN,UNMAPPED,DEFERRED_POST_LAUNCH,APPROVED,NONE,EXTERNAL_PROTOCOL,INVENTORIED,aicrm_next/extensions/commerce/commerce/api.py:529-534
LEGACY-API-0704,S04,/api/products/{path:path},api.public_product_api_blocked_write,DELETE|PATCH|POST|PUT,DELETE|PATCH|POST|PUT,/api/products/{path:path},public_h5,api,public,false,false,single_resource,public_product,none,NOT_APPLICABLE,NOT_APPLICABLE,NOT_APPLICABLE,UNMAPPED,NOT_MIGRATED,APPROVED,NONE,EXTERNAL_PROTOCOL,INVENTORIED,aicrm_next/extensions/commerce/public_product/api.py:228-230
LEGACY-API-0705,S04,/api/products/{path:path},api.public_product_api,GET,GET,/api/products/{path:path},public_h5,api,public,false,false,single_resource,public_product,none,PENDING_HUMAN_DESIGN,PENDING_HUMAN_DESIGN,PENDING_HUMAN_DESIGN,UNMAPPED,DEFERRED_POST_LAUNCH,APPROVED,SOURCE_METHOD_BUNDLE_DIFFERS|SOURCE_ONLY_HEAD,EXTERNAL_PROTOCOL,INVENTORIED,aicrm_next/extensions/commerce/public_product/api.py:215-225
LEGACY-API-0706,S04,/api/products/{path:path},api.public_product_api_options,OPTIONS,OPTIONS,/api/products/{path:path},public_h5,api,public,false,false,single_resource,public_product,none,PENDING_HUMAN_DESIGN,PENDING_HUMAN_DESIGN,PENDING_HUMAN_DESIGN,UNMAPPED,DEFERRED_POST_LAUNCH,APPROVED,NONE,EXTERNAL_PROTOCOL,INVENTORIED,aicrm_next/extensions/commerce/public_product/api.py:210-212
LEGACY-API-0707,S04,/api/public/service-period-member-grid/bootstrap,public_service_period_member_grid_bootstrap,GET,GET,/api/public/service-period-member-grid/bootstrap,public_h5,api,public,false,false,single_resource,service_period,none,PENDING_HUMAN_DESIGN,PENDING_HUMAN_DESIGN,PENDING_HUMAN_DESIGN,UNMAPPED,MIGRATE,APPROVED,NONE,EXTERNAL_PROTOCOL,INVENTORIED,aicrm_next/extensions/commerce/service_period/api.py:811-819
LEGACY-API-0708,S04,/api/public/service-period-member-grid/query,public_service_period_member_grid_query,POST,POST,/api/public/service-period-member-grid/query,public_h5,api,public,false,false,single_resource,service_period,none,PENDING_HUMAN_DESIGN,PENDING_HUMAN_DESIGN,PENDING_HUMAN_DESIGN,UNMAPPED,MIGRATE,APPROVED,NONE,EXTERNAL_PROTOCOL,INVENTORIED,aicrm_next/extensions/commerce/service_period/api.py:822-842
LEGACY-API-0709,S02,/api/sidebar/bind-mobile,bind_mobile,POST,POST,/api/sidebar/bind-mobile,sidebar,api,sidebar_grant,true,false,owner,sidebar_write,none,PENDING_HUMAN_DESIGN,PENDING_HUMAN_DESIGN,PENDING_HUMAN_DESIGN,UNMAPPED,MIGRATE,APPROVED,S02-D01_AUXILIARY_METHOD_METHOD_BUNDLE|SOURCE_METHOD_BUNDLE_DIFFERS,UNCLASSIFIED,UNCLASSIFIED,aicrm_next/crm/sidebar_write/api.py:39-41
LEGACY-API-0710,S02,/api/sidebar/binding-status,sidebar_binding_status,GET,GET,/api/sidebar/binding-status,sidebar,api,sidebar_grant,true,false,owner,identity_contact,none,PENDING_HUMAN_DESIGN,PENDING_HUMAN_DESIGN,PENDING_HUMAN_DESIGN,UNMAPPED,DEFERRED_POST_LAUNCH,APPROVED,NONE,UNCLASSIFIED,UNCLASSIFIED,aicrm_next/crm/identity_contact/api.py:208-225
LEGACY-API-0711,S02,/api/sidebar/contact-binding-status,sidebar_contact_binding_status,GET,GET,/api/sidebar/contact-binding-status,sidebar,api,sidebar_grant,true,false,owner,identity_contact,none,PENDING_HUMAN_DESIGN,PENDING_HUMAN_DESIGN,PENDING_HUMAN_DESIGN,UNMAPPED,DEFERRED_POST_LAUNCH,APPROVED,NONE,UNCLASSIFIED,UNCLASSIFIED,aicrm_next/crm/identity_contact/api.py:188-205
LEGACY-API-0712,S02,/api/sidebar/context-token,sidebar_context_token,POST,POST,/api/sidebar/context-token,sidebar,api,sidebar_session,true,false,self,identity_contact,none,PENDING_HUMAN_DESIGN,PENDING_HUMAN_DESIGN,PENDING_HUMAN_DESIGN,UNMAPPED,MIGRATE,APPROVED,NONE,UNCLASSIFIED,UNCLASSIFIED,aicrm_next/crm/identity_contact/sidebar_jssdk.py:111-183
LEGACY-API-0713,S02,/api/sidebar/customer-context,get_sidebar_customer_context,GET,GET,/api/sidebar/customer-context,sidebar,api,sidebar_grant,true,false,owner,customer_read_model,none,PENDING_HUMAN_DESIGN,PENDING_HUMAN_DESIGN,PENDING_HUMAN_DESIGN,UNMAPPED,MIGRATE,APPROVED,S02-D06_FIXTURE_OR_DEGRADED_EMPTY_RESULT_BOUNDARY,UNCLASSIFIED,UNCLASSIFIED,aicrm_next/crm/customer_read_model/api.py:570-625
LEGACY-API-0714,S02,/api/sidebar/jssdk-config,sidebar_jssdk_config,GET,GET,/api/sidebar/jssdk-config,sidebar,api,public,false,false,self,identity_contact,none,PENDING_HUMAN_DESIGN,PENDING_HUMAN_DESIGN,PENDING_HUMAN_DESIGN,UNMAPPED,MIGRATE,APPROVED,S02-D01_AUXILIARY_METHOD_METHOD_BUNDLE|SOURCE_METHOD_BUNDLE_DIFFERS,UNCLASSIFIED,UNCLASSIFIED,aicrm_next/crm/identity_contact/sidebar_jssdk.py:49-108
LEGACY-API-0715,S02,/api/sidebar/lead-pool/status,get_sidebar_lead_pool_status,GET,GET,/api/sidebar/lead-pool/status,sidebar,api,sidebar_grant,true,false,owner,customer_read_model,none,PENDING_HUMAN_DESIGN,PENDING_HUMAN_DESIGN,PENDING_HUMAN_DESIGN,UNMAPPED,DEFERRED_POST_LAUNCH,APPROVED,S02-D06_FIXTURE_OR_DEGRADED_EMPTY_RESULT_BOUNDARY,UNCLASSIFIED,UNCLASSIFIED,aicrm_next/crm/customer_read_model/api.py:682-734
LEGACY-API-0716,S02,/api/sidebar/lead-pool/upsert-class-term,upsert_lead_pool_class_term,POST,POST,/api/sidebar/lead-pool/upsert-class-term,sidebar,api,sidebar_grant,true,false,owner,sidebar_write,none,PENDING_HUMAN_DESIGN,PENDING_HUMAN_DESIGN,PENDING_HUMAN_DESIGN,UNMAPPED,DEFERRED_POST_LAUNCH,APPROVED,S02-D01_AUXILIARY_METHOD_METHOD_BUNDLE|SOURCE_METHOD_BUNDLE_DIFFERS,UNCLASSIFIED,UNCLASSIFIED,aicrm_next/crm/sidebar_write/api.py:44-46
LEGACY-API-0717,S02,/api/sidebar/marketing-status,get_sidebar_marketing_status,GET,GET,/api/sidebar/marketing-status,sidebar,api,sidebar_grant,true,false,owner,customer_read_model,none,PENDING_HUMAN_DESIGN,PENDING_HUMAN_DESIGN,PENDING_HUMAN_DESIGN,UNMAPPED,DEFERRED_POST_LAUNCH,APPROVED,S02-D06_FIXTURE_OR_DEGRADED_EMPTY_RESULT_BOUNDARY,UNCLASSIFIED,UNCLASSIFIED,aicrm_next/crm/customer_read_model/api.py:781-846
LEGACY-API-0718,S02,/api/sidebar/marketing-status/mark-enrolled,mark_enrolled,POST,POST,/api/sidebar/marketing-status/mark-enrolled,sidebar,api,sidebar_grant,true,false,owner,sidebar_write,none,PENDING_HUMAN_DESIGN,PENDING_HUMAN_DESIGN,PENDING_HUMAN_DESIGN,UNMAPPED,DEFERRED_POST_LAUNCH,APPROVED,S02-D01_AUXILIARY_METHOD_METHOD_BUNDLE|SOURCE_METHOD_BUNDLE_DIFFERS,UNCLASSIFIED,UNCLASSIFIED,aicrm_next/crm/sidebar_write/api.py:59-61
LEGACY-API-0719,S02,/api/sidebar/marketing-status/set-followup-segment,set_followup_segment,POST,POST,/api/sidebar/marketing-status/set-followup-segment,sidebar,api,sidebar_grant,true,false,owner,sidebar_write,none,PENDING_HUMAN_DESIGN,PENDING_HUMAN_DESIGN,PENDING_HUMAN_DESIGN,UNMAPPED,DEFERRED_POST_LAUNCH,APPROVED,S02-D01_AUXILIARY_METHOD_METHOD_BUNDLE|SOURCE_METHOD_BUNDLE_DIFFERS,UNCLASSIFIED,UNCLASSIFIED,aicrm_next/crm/sidebar_write/api.py:54-56
LEGACY-API-0720,S02,/api/sidebar/marketing-status/unmark-enrolled,unmark_enrolled,POST,POST,/api/sidebar/marketing-status/unmark-enrolled,sidebar,api,sidebar_grant,true,false,owner,sidebar_write,none,PENDING_HUMAN_DESIGN,PENDING_HUMAN_DESIGN,PENDING_HUMAN_DESIGN,UNMAPPED,DEFERRED_POST_LAUNCH,APPROVED,S02-D01_AUXILIARY_METHOD_METHOD_BUNDLE|SOURCE_METHOD_BUNDLE_DIFFERS,UNCLASSIFIED,UNCLASSIFIED,aicrm_next/crm/sidebar_write/api.py:64-66
LEGACY-API-0721,S02,/api/sidebar/oauth/callback,sidebar_oauth_callback,GET,GET,/api/sidebar/oauth/callback,sidebar,webhook,provider_oauth_state,true,false,self,identity_contact,staging_disabled,PENDING_HUMAN_DESIGN,PENDING_HUMAN_DESIGN,PENDING_HUMAN_DESIGN,UNMAPPED,MIGRATE,APPROVED,MANIFEST_EXTERNAL_EFFECTS_STAGING_DISABLED|S02-D01_AUXILIARY_METHOD_METHOD_BUNDLE|S02-D03_OAUTH_STAGING_DISABLED_VS_GATED_LIVE_BRANCH|SOURCE_METHOD_BUNDLE_DIFFERS,UNCLASSIFIED,UNCLASSIFIED,aicrm_next/crm/identity_contact/sidebar_jssdk.py:240-332
LEGACY-API-0722,S02,/api/sidebar/oauth/start,sidebar_oauth_start,GET,GET,/api/sidebar/oauth/start,sidebar,integration,provider_oauth_state,true,false,self,identity_contact,staging_disabled,PENDING_HUMAN_DESIGN,PENDING_HUMAN_DESIGN,PENDING_HUMAN_DESIGN,UNMAPPED,MIGRATE,APPROVED,MANIFEST_EXTERNAL_EFFECTS_STAGING_DISABLED|S02-D01_AUXILIARY_METHOD_METHOD_BUNDLE|S02-D03_OAUTH_STAGING_DISABLED_VS_GATED_LIVE_BRANCH|SOURCE_METHOD_BUNDLE_DIFFERS,UNCLASSIFIED,UNCLASSIFIED,aicrm_next/crm/identity_contact/sidebar_jssdk.py:186-237
LEGACY-API-0723,S02,/api/sidebar/profile,get_sidebar_profile,GET,GET,/api/sidebar/profile,sidebar,api,sidebar_grant,true,false,owner,customer_read_model,none,PENDING_HUMAN_DESIGN,PENDING_HUMAN_DESIGN,PENDING_HUMAN_DESIGN,UNMAPPED,DEFERRED_POST_LAUNCH,APPROVED,S02-D06_FIXTURE_OR_DEGRADED_EMPTY_RESULT_BOUNDARY,UNCLASSIFIED,UNCLASSIFIED,aicrm_next/crm/customer_read_model/api.py:628-652
LEGACY-API-0724,S02,/api/sidebar/signup-tags/mark,mark_signup_tag,POST,POST,/api/sidebar/signup-tags/mark,sidebar,api,sidebar_grant,true,false,owner,sidebar_write,none,PENDING_HUMAN_DESIGN,PENDING_HUMAN_DESIGN,PENDING_HUMAN_DESIGN,UNMAPPED,DEFERRED_POST_LAUNCH,APPROVED,S02-D01_AUXILIARY_METHOD_METHOD_BUNDLE|SOURCE_METHOD_BUNDLE_DIFFERS,UNCLASSIFIED,UNCLASSIFIED,aicrm_next/crm/sidebar_write/api.py:49-51
LEGACY-API-0725,S02,/api/sidebar/signup-tags/status,get_sidebar_signup_tag_status,GET,GET,/api/sidebar/signup-tags/status,sidebar,api,sidebar_grant,true,false,owner,customer_read_model,none,PENDING_HUMAN_DESIGN,PENDING_HUMAN_DESIGN,PENDING_HUMAN_DESIGN,UNMAPPED,DEFERRED_POST_LAUNCH,APPROVED,S02-D06_FIXTURE_OR_DEGRADED_EMPTY_RESULT_BOUNDARY,UNCLASSIFIED,UNCLASSIFIED,aicrm_next/crm/customer_read_model/api.py:737-778
LEGACY-API-0726,S02,/api/sidebar/tags,get_sidebar_tags,GET,GET,/api/sidebar/tags,sidebar,api,sidebar_grant,true,false,owner,customer_read_model,none,PENDING_HUMAN_DESIGN,PENDING_HUMAN_DESIGN,PENDING_HUMAN_DESIGN,UNMAPPED,DEFERRED_POST_LAUNCH,APPROVED,S02-D06_FIXTURE_OR_DEGRADED_EMPTY_RESULT_BOUNDARY,UNCLASSIFIED,UNCLASSIFIED,aicrm_next/crm/customer_read_model/api.py:655-679
LEGACY-API-0727,S04,/api/sidebar/v2/coupons,api.sidebar_v2_coupons,GET,GET,/api/sidebar/v2/coupons,sidebar,api,sidebar_grant,true,false,owner,commerce,none,PENDING_HUMAN_DESIGN,PENDING_HUMAN_DESIGN,PENDING_HUMAN_DESIGN,UNMAPPED,MIGRATE,APPROVED,NONE,UNCLASSIFIED,UNCLASSIFIED,aicrm_next/extensions/commerce/commerce/coupons/sidebar_api.py:26-63
LEGACY-API-0728,S02,/api/sidebar/v2/materials,get_sidebar_v2_materials,GET,GET,/api/sidebar/v2/materials,sidebar,api,sidebar_grant,true,false,owner,customer_read_model,none,PENDING_HUMAN_DESIGN,PENDING_HUMAN_DESIGN,PENDING_HUMAN_DESIGN,UNMAPPED,MIGRATE,APPROVED,S02-D05_LEGACY_OFFSET_NON_EQUIVALENCE|S02-D06_FIXTURE_OR_DEGRADED_EMPTY_RESULT_BOUNDARY,UNCLASSIFIED,UNCLASSIFIED,aicrm_next/crm/customer_read_model/api.py:960-969
LEGACY-API-0729,S02,/api/sidebar/v2/materials/image/{image_id}/thumbnail,get_sidebar_v2_image_thumbnail,GET,GET,/api/sidebar/v2/materials/image/{image_id}/thumbnail,sidebar,api,public,false,false,single_resource,customer_read_model,none,PENDING_HUMAN_DESIGN,PENDING_HUMAN_DESIGN,PENDING_HUMAN_DESIGN,UNMAPPED,MIGRATE,APPROVED,S02-D06_FIXTURE_OR_DEGRADED_EMPTY_RESULT_BOUNDARY,UNCLASSIFIED,UNCLASSIFIED,aicrm_next/crm/customer_read_model/api.py:972-1016
LEGACY-API-0730,S02,/api/sidebar/v2/materials/send,plan_material_send,POST,POST,/api/sidebar/v2/materials/send,sidebar,api,sidebar_grant,true,false,owner,sidebar_write,none,PENDING_HUMAN_DESIGN,PENDING_HUMAN_DESIGN,PENDING_HUMAN_DESIGN,UNMAPPED,MIGRATE,APPROVED,S02-D01_AUXILIARY_METHOD_METHOD_BUNDLE|SOURCE_METHOD_BUNDLE_DIFFERS,UNCLASSIFIED,UNCLASSIFIED,aicrm_next/crm/sidebar_write/api.py:74-76
LEGACY-API-0731,S02,/api/sidebar/v2/orders,get_sidebar_v2_orders,GET,GET,/api/sidebar/v2/orders,sidebar,api,sidebar_grant,true,false,owner,customer_read_model,none,PENDING_HUMAN_DESIGN,PENDING_HUMAN_DESIGN,PENDING_HUMAN_DESIGN,UNMAPPED,MIGRATE,APPROVED,S02-D06_FIXTURE_OR_DEGRADED_EMPTY_RESULT_BOUNDARY,UNCLASSIFIED,UNCLASSIFIED,aicrm_next/crm/customer_read_model/api.py:1102-1136
LEGACY-API-0732,S02,/api/sidebar/v2/other-staff-messages,get_sidebar_v2_other_staff_messages,GET,GET,/api/sidebar/v2/other-staff-messages,sidebar,api,sidebar_grant,true,false,owner,customer_read_model,none,PENDING_HUMAN_DESIGN,PENDING_HUMAN_DESIGN,PENDING_HUMAN_DESIGN,UNMAPPED,MIGRATE,APPROVED,S02-D06_FIXTURE_OR_DEGRADED_EMPTY_RESULT_BOUNDARY,UNCLASSIFIED,UNCLASSIFIED,aicrm_next/crm/customer_read_model/api.py:1019-1058
LEGACY-API-0733,S02,/api/sidebar/v2/periodic-orders,get_sidebar_v2_periodic_orders,GET,GET,/api/sidebar/v2/periodic-orders,sidebar,api,sidebar_grant,true,false,owner,customer_read_model,none,PENDING_HUMAN_DESIGN,PENDING_HUMAN_DESIGN,PENDING_HUMAN_DESIGN,UNMAPPED,MIGRATE,APPROVED,S02-D06_FIXTURE_OR_DEGRADED_EMPTY_RESULT_BOUNDARY,UNCLASSIFIED,UNCLASSIFIED,aicrm_next/crm/customer_read_model/api.py:1139-1173
LEGACY-API-0734,S02,/api/sidebar/v2/periodic-orders/{entitlement_id}/remark,update_sidebar_v2_periodic_order_remark,PUT,PUT,/api/sidebar/v2/periodic-orders/{entitlement_id}/remark,sidebar,api,sidebar_grant,true,false,owner,customer_read_model,none,PENDING_HUMAN_DESIGN,PENDING_HUMAN_DESIGN,PENDING_HUMAN_DESIGN,UNMAPPED,MIGRATE,APPROVED,S02-D06_FIXTURE_OR_DEGRADED_EMPTY_RESULT_BOUNDARY,UNCLASSIFIED,UNCLASSIFIED,aicrm_next/crm/customer_read_model/api.py:1176-1236
LEGACY-API-0735,S02,/api/sidebar/v2/products,get_sidebar_v2_products,GET,GET,/api/sidebar/v2/products,sidebar,api,sidebar_grant,true,false,owner,customer_read_model,none,PENDING_HUMAN_DESIGN,PENDING_HUMAN_DESIGN,PENDING_HUMAN_DESIGN,UNMAPPED,MIGRATE,APPROVED,S02-D06_FIXTURE_OR_DEGRADED_EMPTY_RESULT_BOUNDARY,UNCLASSIFIED,UNCLASSIFIED,aicrm_next/crm/customer_read_model/api.py:1061-1099
LEGACY-API-0736,S02,/api/sidebar/v2/profile,update_sidebar_v2_profile,PUT,PUT,/api/sidebar/v2/profile,sidebar,api,sidebar_grant,true,false,owner,sidebar_write,none,PENDING_HUMAN_DESIGN,PENDING_HUMAN_DESIGN,PENDING_HUMAN_DESIGN,UNMAPPED,MIGRATE,APPROVED,S02-D01_AUXILIARY_METHOD_METHOD_BUNDLE|SOURCE_METHOD_BUNDLE_DIFFERS,UNCLASSIFIED,UNCLASSIFIED,aicrm_next/crm/sidebar_write/api.py:69-71
LEGACY-API-0737,S02,/api/sidebar/v2/questionnaires,get_sidebar_v2_questionnaires,GET,GET,/api/sidebar/v2/questionnaires,sidebar,api,sidebar_grant,true,false,owner,customer_read_model,none,PENDING_HUMAN_DESIGN,PENDING_HUMAN_DESIGN,PENDING_HUMAN_DESIGN,UNMAPPED,MIGRATE,APPROVED,S02-D06_FIXTURE_OR_DEGRADED_EMPTY_RESULT_BOUNDARY,UNCLASSIFIED,UNCLASSIFIED,aicrm_next/crm/customer_read_model/api.py:886-919
LEGACY-API-0738,S04,/api/sidebar/v2/radar-links,api.sidebar_v2_radar_links,GET,GET,/api/sidebar/v2/radar-links,sidebar,api,sidebar_grant,true,false,owner,radar_links,none,PENDING_HUMAN_DESIGN,PENDING_HUMAN_DESIGN,PENDING_HUMAN_DESIGN,UNMAPPED,MIGRATE,APPROVED,NONE,UNCLASSIFIED,UNCLASSIFIED,aicrm_next/extensions/radar/radar_links/api.py:163-193
LEGACY-API-0739,S02,/api/sidebar/v2/timeline,get_sidebar_v2_timeline,GET,GET,/api/sidebar/v2/timeline,sidebar,api,sidebar_grant,true,false,owner,customer_read_model,none,PENDING_HUMAN_DESIGN,PENDING_HUMAN_DESIGN,PENDING_HUMAN_DESIGN,UNMAPPED,MIGRATE,APPROVED,S02-D05_LEGACY_OFFSET_NON_EQUIVALENCE|S02-D06_FIXTURE_OR_DEGRADED_EMPTY_RESULT_BOUNDARY,UNCLASSIFIED,UNCLASSIFIED,aicrm_next/crm/customer_read_model/api.py:922-957
LEGACY-API-0740,S02,/api/sidebar/v2/workbench,get_sidebar_v2_workbench,GET,GET,/api/sidebar/v2/workbench,sidebar,api,sidebar_grant,true,false,owner,customer_read_model,none,PENDING_HUMAN_DESIGN,PENDING_HUMAN_DESIGN,PENDING_HUMAN_DESIGN,UNMAPPED,MIGRATE,APPROVED,S02-D06_FIXTURE_OR_DEGRADED_EMPTY_RESULT_BOUNDARY,UNCLASSIFIED,UNCLASSIFIED,aicrm_next/crm/customer_read_model/api.py:849-883
LEGACY-API-0741,S04,/api/system/health,system_health,GET,GET,/api/system/health,external_integration,api,public,false,false,public,platform_foundation,none,GET,/api/system/health,getSystemHealth,P4-SYSTEM-HEALTH-0741,MIGRATE,APPROVED,NONE,EXTERNAL_PROTOCOL,INVENTORIED,aicrm_next/platform/platform_foundation/api.py:22-27
LEGACY-API-0742,S04,/api/system/runtime-route-map,runtime_route_map,GET,GET,/api/system/runtime-route-map,internal_worker,api,api_client_jwt,true,false,service,platform_foundation,none,PENDING_HUMAN_DESIGN,PENDING_HUMAN_DESIGN,PENDING_HUMAN_DESIGN,UNMAPPED,DEFERRED_POST_LAUNCH,APPROVED,NONE,UNCLASSIFIED,UNCLASSIFIED,aicrm_next/platform/platform_foundation/api.py:30-32
LEGACY-API-0743,S02,/api/users/{unionid},get_user_by_unionid,GET,GET,/api/users/{unionid},external_integration,api,human_session,true,false,global,customer_read_model,none,PENDING_HUMAN_DESIGN,PENDING_HUMAN_DESIGN,PENDING_HUMAN_DESIGN,UNMAPPED,MIGRATE,APPROVED,S02-D06_FIXTURE_OR_DEGRADED_EMPTY_RESULT_BOUNDARY,EXTERNAL_PROTOCOL,INVENTORIED,aicrm_next/crm/customer_read_model/api.py:489-497
LEGACY-API-0744,S02,/api/users/{unionid}/messages/recent,get_user_recent_messages_by_unionid,GET,GET,/api/users/{unionid}/messages/recent,external_integration,api,human_session,true,false,global,customer_read_model,none,PENDING_HUMAN_DESIGN,PENDING_HUMAN_DESIGN,PENDING_HUMAN_DESIGN,UNMAPPED,DEFERRED_POST_LAUNCH,APPROVED,S02-D06_FIXTURE_OR_DEGRADED_EMPTY_RESULT_BOUNDARY,EXTERNAL_PROTOCOL,INVENTORIED,aicrm_next/crm/customer_read_model/api.py:558-567
LEGACY-API-0745,S02,/api/users/{unionid}/timeline,get_user_timeline_by_unionid,GET,GET,/api/users/{unionid}/timeline,external_integration,api,human_session,true,false,global,customer_read_model,none,PENDING_HUMAN_DESIGN,PENDING_HUMAN_DESIGN,PENDING_HUMAN_DESIGN,UNMAPPED,DEFERRED_POST_LAUNCH,APPROVED,S02-D05_LEGACY_OFFSET_NON_EQUIVALENCE|S02-D06_FIXTURE_OR_DEGRADED_EMPTY_RESULT_BOUNDARY,EXTERNAL_PROTOCOL,INVENTORIED,aicrm_next/crm/customer_read_model/api.py:523-543
LEGACY-API-0746,S04,/api/wechat-pay/notify,wechat_notify_options,OPTIONS,OPTIONS,/api/wechat-pay/notify,callback,webhook,provider_signature,true,false,single_resource,commerce,none,PENDING_HUMAN_DESIGN,PENDING_HUMAN_DESIGN,PENDING_HUMAN_DESIGN,UNMAPPED,DEFERRED_POST_LAUNCH,APPROVED,NONE,EXTERNAL_PROTOCOL,INVENTORIED,aicrm_next/extensions/commerce/commerce/api.py:698-701
LEGACY-API-0747,S04,/api/wechat-pay/notify,wechat_notify,POST,POST,/api/wechat-pay/notify,callback,webhook,provider_signature,true,false,single_resource,commerce,none,PENDING_HUMAN_DESIGN,PENDING_HUMAN_DESIGN,PENDING_HUMAN_DESIGN,UNMAPPED,DEFERRED_POST_LAUNCH,APPROVED,NONE,EXTERNAL_PROTOCOL,INVENTORIED,aicrm_next/extensions/commerce/commerce/api.py:643-649
LEGACY-API-0748,S04,/api/wechat-pay/{path:path},wechat_pay_unknown,DELETE|GET|PATCH|POST|PUT,DELETE|GET|PATCH|POST|PUT,/api/wechat-pay/{path:path},public_h5,api,public,false,false,single_resource,commerce,none,NOT_APPLICABLE,NOT_APPLICABLE,NOT_APPLICABLE,UNMAPPED,NOT_MIGRATED,APPROVED,SOURCE_METHOD_BUNDLE_DIFFERS|SOURCE_ONLY_HEAD|SOURCE_ONLY_OPTIONS,EXTERNAL_PROTOCOL,INVENTORIED,aicrm_next/extensions/commerce/commerce/api.py:716-725
LEGACY-API-0749,S04,/api/wechat-shop/notify,wechat_shop_notify_verify,GET,GET,/api/wechat-shop/notify,callback,webhook,provider_signature,true,false,single_resource,commerce,none,PENDING_HUMAN_DESIGN,PENDING_HUMAN_DESIGN,PENDING_HUMAN_DESIGN,UNMAPPED,DEFERRED_POST_LAUNCH,APPROVED,NONE,EXTERNAL_PROTOCOL,INVENTORIED,aicrm_next/extensions/commerce/commerce/api.py:661-667
LEGACY-API-0750,S04,/api/wechat-shop/notify,wechat_shop_notify,POST,POST,/api/wechat-shop/notify,callback,webhook,provider_signature,true,false,single_resource,commerce,none,PENDING_HUMAN_DESIGN,PENDING_HUMAN_DESIGN,PENDING_HUMAN_DESIGN,UNMAPPED,MIGRATE,APPROVED,NONE,EXTERNAL_PROTOCOL,INVENTORIED,aicrm_next/extensions/commerce/commerce/api.py:670-686
LEGACY-API-0751,S03,/api/wecom/events,wecom_events,GET|POST,GET|POST,/api/wecom/events,callback,api,provider_signature,true,false,single_resource,channel_entry,staging_disabled,PENDING_HUMAN_DESIGN,PENDING_HUMAN_DESIGN,PENDING_HUMAN_DESIGN,UNMAPPED,MIGRATE,APPROVED,MANIFEST_EXTERNAL_EFFECTS_STAGING_DISABLED|S03-D01_SOURCE_ONLY_METHODS|S03-D03_CALLBACK_ACK_NOT_SYNCHRONOUS_PROVIDER_SEND|S03-D07_MANIFEST_STAGING_DISABLED_VS_GATED_SOURCE_PATH|SOURCE_METHOD_BUNDLE_DIFFERS,EXTERNAL_PROTOCOL,INVENTORIED,aicrm_next/channels/channel_entry/api.py:59-64
LEGACY-API-0752,S03,/auth/wecom/callback,auth_wecom_callback,GET,GET,/auth/wecom/callback,callback,webhook,provider_oauth_state,true,false,single_resource,auth_wecom,staging_disabled,PENDING_HUMAN_DESIGN,PENDING_HUMAN_DESIGN,PENDING_HUMAN_DESIGN,UNMAPPED,MIGRATE,APPROVED,G1_OAUTH_STATE_COOKIE_TOKEN_EXCHANGE_UNVERIFIED|MANIFEST_EXTERNAL_EFFECTS_STAGING_DISABLED|S03-D01_SOURCE_ONLY_METHODS|S03-D07_MANIFEST_STAGING_DISABLED_VS_GATED_SOURCE_PATH|SOURCE_METHOD_BUNDLE_DIFFERS,EXTERNAL_PROTOCOL,INVENTORIED,aicrm_next/channels/auth_wecom/api.py:120-144
LEGACY-API-0753,S03,/auth/wecom/start,auth_wecom_start,GET,GET,/auth/wecom/start,admin,integration,provider_oauth_state,true,false,public,auth_wecom,staging_disabled,PENDING_HUMAN_DESIGN,PENDING_HUMAN_DESIGN,PENDING_HUMAN_DESIGN,UNMAPPED,MIGRATE,APPROVED,G1_OAUTH_STATE_COOKIE_TOKEN_EXCHANGE_UNVERIFIED|MANIFEST_EXTERNAL_EFFECTS_STAGING_DISABLED|S03-D01_SOURCE_ONLY_METHODS|S03-D07_MANIFEST_STAGING_DISABLED_VS_GATED_SOURCE_PATH|SOURCE_METHOD_BUNDLE_DIFFERS,EXTERNAL_PROTOCOL,INVENTORIED,aicrm_next/channels/auth_wecom/api.py:97-117
LEGACY-API-0754,S03,/auth/wecom/unknown,auth_wecom_unknown,GET,GET,/auth/wecom/unknown,admin,integration,provider_oauth_state,true,false,public,auth_wecom,staging_disabled,PENDING_HUMAN_DESIGN,PENDING_HUMAN_DESIGN,PENDING_HUMAN_DESIGN,UNMAPPED,DEFERRED_POST_LAUNCH,APPROVED,MANIFEST_EXTERNAL_EFFECTS_STAGING_DISABLED|S03-D07_MANIFEST_STAGING_DISABLED_VS_GATED_SOURCE_PATH,EXTERNAL_PROTOCOL,INVENTORIED,aicrm_next/channels/auth_wecom/api.py:152-154
LEGACY-API-0755,S03,/auth/wecom/unknown,auth_wecom_unknown_options,OPTIONS,OPTIONS,/auth/wecom/unknown,admin,integration,provider_oauth_state,true,false,public,auth_wecom,staging_disabled,PENDING_HUMAN_DESIGN,PENDING_HUMAN_DESIGN,PENDING_HUMAN_DESIGN,UNMAPPED,DEFERRED_POST_LAUNCH,APPROVED,MANIFEST_EXTERNAL_EFFECTS_STAGING_DISABLED|S03-D07_MANIFEST_STAGING_DISABLED_VS_GATED_SOURCE_PATH,EXTERNAL_PROTOCOL,INVENTORIED,aicrm_next/channels/auth_wecom/api.py:147-149
LEGACY-API-0756,S04,/c/{public_slug},api.public_coupon_page,GET,GET,/c/{public_slug},public_h5,integration,public,false,false,single_resource,commerce,none,PENDING_HUMAN_DESIGN,PENDING_HUMAN_DESIGN,PENDING_HUMAN_DESIGN,UNMAPPED,MIGRATE,APPROVED,NONE,EXTERNAL_PROTOCOL,INVENTORIED,aicrm_next/extensions/commerce/commerce/coupons/public_api.py:54-88
LEGACY-API-0757,S04,/health,health,GET,GET,/health,external_integration,integration,public,false,false,public,platform_foundation,none,GET,/health,getLegacyHealth,P4-S04-LEGACY-HEALTH,MIGRATE,APPROVED,NONE,EXTERNAL_PROTOCOL,INVENTORIED,aicrm_next/platform/platform_foundation/api.py:17-19
LEGACY-API-0758,S02,/login,api.admin_login,GET,GET,/login,admin,integration,public,false,false,public,admin_auth,none,PENDING_HUMAN_DESIGN,PENDING_HUMAN_DESIGN,PENDING_HUMAN_DESIGN,UNMAPPED,MIGRATE,APPROVED,NONE,EXTERNAL_PROTOCOL,INVENTORIED,aicrm_next/platform/admin_auth/api.py:29-39
LEGACY-API-0759,S02,/login,api.admin_login_options,OPTIONS,OPTIONS,/login,admin,integration,public,false,false,public,admin_auth,none,PENDING_HUMAN_DESIGN,PENDING_HUMAN_DESIGN,PENDING_HUMAN_DESIGN,UNMAPPED,MIGRATE,APPROVED,NONE,EXTERNAL_PROTOCOL,INVENTORIED,aicrm_next/platform/admin_auth/api.py:24-26
LEGACY-API-0760,S02,/logout,api.admin_logout,GET,GET,/logout,admin,integration,public,false,false,public,admin_auth,none,PENDING_HUMAN_DESIGN,PENDING_HUMAN_DESIGN,PENDING_HUMAN_DESIGN,UNMAPPED,MIGRATE,APPROVED,NONE,EXTERNAL_PROTOCOL,INVENTORIED,aicrm_next/platform/admin_auth/api.py:47-55
LEGACY-API-0761,S02,/logout,api.admin_logout_options,OPTIONS,OPTIONS,/logout,admin,integration,public,false,false,public,admin_auth,none,PENDING_HUMAN_DESIGN,PENDING_HUMAN_DESIGN,PENDING_HUMAN_DESIGN,UNMAPPED,MIGRATE,APPROVED,NONE,UNCLASSIFIED,UNCLASSIFIED,aicrm_next/platform/admin_auth/api.py:42-44
LEGACY-API-0762,S04,/mcp,mcp_metadata,GET,GET,/mcp,external_integration,integration,api_client_jwt,true,false,service,integration_gateway,staging_disabled,PENDING_HUMAN_DESIGN,PENDING_HUMAN_DESIGN,PENDING_HUMAN_DESIGN,UNMAPPED,MIGRATE,APPROVED,MANIFEST_EXTERNAL_EFFECTS_STAGING_DISABLED,EXTERNAL_PROTOCOL,INVENTORIED,aicrm_next/channels/integration_gateway/api.py:12-14
LEGACY-API-0763,S04,/mcp,mcp_rpc,POST,POST,/mcp,external_integration,integration,api_client_jwt,true,false,service,integration_gateway,staging_disabled,PENDING_HUMAN_DESIGN,PENDING_HUMAN_DESIGN,PENDING_HUMAN_DESIGN,UNMAPPED,MIGRATE,APPROVED,MANIFEST_EXTERNAL_EFFECTS_STAGING_DISABLED,EXTERNAL_PROTOCOL,INVENTORIED,aicrm_next/channels/integration_gateway/api.py:17-22
LEGACY-API-0764,S02,/oauth/token,oauth_token,POST,POST,/oauth/token,external_integration,integration,client_credentials,true,false,service,platform_foundation,none,PENDING_HUMAN_DESIGN,PENDING_HUMAN_DESIGN,PENDING_HUMAN_DESIGN,UNMAPPED,MIGRATE,APPROVED,NONE,EXTERNAL_PROTOCOL,INVENTORIED,aicrm_next/platform/platform_foundation/auth_platform/api.py:56-92
LEGACY-API-0765,S04,/p/{page_slug},product_page,GET,GET,/p/{page_slug},public_h5,integration,public,false,false,single_resource,commerce,none,PENDING_HUMAN_DESIGN,PENDING_HUMAN_DESIGN,PENDING_HUMAN_DESIGN,UNMAPPED,MIGRATE,APPROVED,NONE,EXTERNAL_PROTOCOL,INVENTORIED,aicrm_next/extensions/commerce/commerce/api.py:537-554
LEGACY-API-0766,S04,/p/{path:path},api.public_product_page,GET,GET,/p/{path:path},public_h5,integration,public,false,false,single_resource,public_product,none,PENDING_HUMAN_DESIGN,PENDING_HUMAN_DESIGN,PENDING_HUMAN_DESIGN,UNMAPPED,MIGRATE,APPROVED,SOURCE_METHOD_BUNDLE_DIFFERS|SOURCE_ONLY_HEAD,EXTERNAL_PROTOCOL,INVENTORIED,aicrm_next/extensions/commerce/public_product/api.py:74-89
LEGACY-API-0767,S04,/p/{path:path},api.public_product_page_options,OPTIONS,OPTIONS,/p/{path:path},public_h5,integration,public,false,false,single_resource,public_product,none,PENDING_HUMAN_DESIGN,PENDING_HUMAN_DESIGN,PENDING_HUMAN_DESIGN,UNMAPPED,DEFERRED_POST_LAUNCH,APPROVED,NONE,EXTERNAL_PROTOCOL,INVENTORIED,aicrm_next/extensions/commerce/public_product/api.py:69-71
LEGACY-API-0768,S04,/pay/{path:path},api.public_pay_landing,GET,GET,/pay/{path:path},public_h5,integration,public,false,false,single_resource,public_product,none,PENDING_HUMAN_DESIGN,PENDING_HUMAN_DESIGN,PENDING_HUMAN_DESIGN,UNMAPPED,MIGRATE,APPROVED,SOURCE_METHOD_BUNDLE_DIFFERS|SOURCE_ONLY_HEAD,EXTERNAL_PROTOCOL,INVENTORIED,aicrm_next/extensions/commerce/public_product/api.py:125-134
LEGACY-API-0769,S04,/pay/{path:path},api.public_pay_landing_options,OPTIONS,OPTIONS,/pay/{path:path},public_h5,integration,public,false,false,single_resource,public_product,none,PENDING_HUMAN_DESIGN,PENDING_HUMAN_DESIGN,PENDING_HUMAN_DESIGN,UNMAPPED,DEFERRED_POST_LAUNCH,APPROVED,NONE,EXTERNAL_PROTOCOL,INVENTORIED,aicrm_next/extensions/commerce/public_product/api.py:120-122
LEGACY-API-0770,S04,/r/{code},radar_public_redirect,GET,GET,/r/{code},public_h5,integration,public,false,false,single_resource,radar_links,none,PENDING_HUMAN_DESIGN,PENDING_HUMAN_DESIGN,PENDING_HUMAN_DESIGN,UNMAPPED,MIGRATE,APPROVED,NONE,EXTERNAL_PROTOCOL,INVENTORIED,aicrm_next/extensions/radar/radar_links/api.py:526-544
LEGACY-API-0771,S04,/radar/view/{code},radar_content_view,GET,GET,/radar/view/{code},public_h5,integration,public,false,false,single_resource,radar_links,none,PENDING_HUMAN_DESIGN,PENDING_HUMAN_DESIGN,PENDING_HUMAN_DESIGN,UNMAPPED,DEFERRED_POST_LAUNCH,APPROVED,NONE,EXTERNAL_PROTOCOL,INVENTORIED,aicrm_next/extensions/radar/radar_links/api.py:562-720
LEGACY-API-0772,S04,/s/{link_slug},api.public_service_period_product_page,GET,GET,/s/{link_slug},public_h5,integration,public,false,false,single_resource,service_period,none,PENDING_HUMAN_DESIGN,PENDING_HUMAN_DESIGN,PENDING_HUMAN_DESIGN,UNMAPPED,MIGRATE,APPROVED,NONE,EXTERNAL_PROTOCOL,INVENTORIED,aicrm_next/extensions/commerce/service_period/api.py:845-891
LEGACY-API-0773,S04,/s/{link_slug}/pay,api.public_service_period_pay_page,GET,GET,/s/{link_slug}/pay,public_h5,integration,public,false,false,single_resource,service_period,none,PENDING_HUMAN_DESIGN,PENDING_HUMAN_DESIGN,PENDING_HUMAN_DESIGN,UNMAPPED,MIGRATE,APPROVED,NONE,EXTERNAL_PROTOCOL,INVENTORIED,aicrm_next/extensions/commerce/service_period/api.py:894-919
LEGACY-API-0774,S04,/s/{slug},public_questionnaire_h5_page,GET,GET,/s/{slug},public_h5,integration,public,false,false,single_resource,questionnaire,none,PENDING_HUMAN_DESIGN,PENDING_HUMAN_DESIGN,PENDING_HUMAN_DESIGN,UNMAPPED,MIGRATE,APPROVED,NONE,EXTERNAL_PROTOCOL,INVENTORIED,aicrm_next/extensions/forms/questionnaire/api.py:1218-1277
LEGACY-API-0775,S04,/s/{slug}/submitted,public_questionnaire_submitted,GET,GET,/s/{slug}/submitted,public_h5,integration,public,false,false,single_resource,questionnaire,none,PENDING_HUMAN_DESIGN,PENDING_HUMAN_DESIGN,PENDING_HUMAN_DESIGN,UNMAPPED,MIGRATE,APPROVED,NONE,EXTERNAL_PROTOCOL,INVENTORIED,aicrm_next/extensions/forms/questionnaire/api.py:1280-1320
LEGACY-API-0776,S02,/setup/wizard,api.setup_wizard,GET,GET,/setup/wizard,admin,integration,human_session,true,false,global,admin_config,none,PENDING_HUMAN_DESIGN,PENDING_HUMAN_DESIGN,PENDING_HUMAN_DESIGN,UNMAPPED,MIGRATE,APPROVED,NONE,UNCLASSIFIED,UNCLASSIFIED,aicrm_next/platform/admin_config/api.py:1467-1476
LEGACY-API-0777,S02,/setup/wizard/save,api.setup_wizard_save,POST,POST,/setup/wizard/save,admin,integration,human_session,true,true,global,admin_config,none,PENDING_HUMAN_DESIGN,PENDING_HUMAN_DESIGN,PENDING_HUMAN_DESIGN,UNMAPPED,MIGRATE,APPROVED,NONE,UNCLASSIFIED,UNCLASSIFIED,aicrm_next/platform/admin_config/api.py:1479-1498
LEGACY-API-0778,S04,/shared/service-period-member-grid,api.public_service_period_member_grid_page,GET,GET,/shared/service-period-member-grid,public_h5,h5,public,false,false,public,service_period,none,PENDING_HUMAN_DESIGN,PENDING_HUMAN_DESIGN,PENDING_HUMAN_DESIGN,UNMAPPED,MIGRATE,APPROVED,NONE,EXTERNAL_PROTOCOL,INVENTORIED,aicrm_next/extensions/commerce/service_period/api.py:796-808
LEGACY-API-0779,S02,/sidebar/bind-mobile,api.sidebar_bind_mobile_page,GET,GET,/sidebar/bind-mobile,sidebar,integration,public,false,false,self,identity_contact,none,PENDING_HUMAN_DESIGN,PENDING_HUMAN_DESIGN,PENDING_HUMAN_DESIGN,UNMAPPED,MIGRATE,APPROVED,NONE,UNCLASSIFIED,UNCLASSIFIED,aicrm_next/crm/identity_contact/admin_pages.py:13-19
LEGACY-API-0780,S03,/wecom/external-contact/callback,external_contact_callback,GET|POST,GET|POST,/wecom/external-contact/callback,callback,webhook,provider_signature,true,false,single_resource,channel_entry,staging_disabled,PENDING_HUMAN_DESIGN,PENDING_HUMAN_DESIGN,PENDING_HUMAN_DESIGN,UNMAPPED,MIGRATE,APPROVED,MANIFEST_EXTERNAL_EFFECTS_STAGING_DISABLED|S03-D01_SOURCE_ONLY_METHODS|S03-D03_CALLBACK_ACK_NOT_SYNCHRONOUS_PROVIDER_SEND|S03-D07_MANIFEST_STAGING_DISABLED_VS_GATED_SOURCE_PATH|SOURCE_METHOD_BUNDLE_DIFFERS,EXTERNAL_PROTOCOL,INVENTORIED,aicrm_next/channels/channel_entry/api.py:51-56
LEGACY-API-0781,S04,/{filename},wechat_domain_verification_file,GET,GET,/{filename},external_integration,integration,public,false,false,public,platform_foundation,none,PENDING_HUMAN_DESIGN,PENDING_HUMAN_DESIGN,PENDING_HUMAN_DESIGN,UNMAPPED,MIGRATE,APPROVED,NONE,EXTERNAL_PROTOCOL,INVENTORIED,aicrm_next/platform/platform_foundation/verification_files.py:19-30
