mapping_id,partition,methods,path,route_name,capability_owner,runtime_owner,external_effects,call_count,structured_route_count,normalized_access_count,ambiguous_access_count,first_called_at,last_called_at,ui_referenced,retired_or_blocked_marker,recommended_tier,recommendation_basis,traffic_match_quality,candidate_v2_operation_id,candidate_v2_method,candidate_v2_path,human_signoff,data_window_start,data_window_end
LEGACY-API-0001,S04,GET,/admin,api.admin_console_dashboard,admin_shell,ai_crm_next,none,33,9,24,0,2026-07-11T10:56:54.064123+08:00,2026-08-05T00:47:46.540989+08:00,true,false,A,observed_production_traffic,structured_route_exact+normalized_unique_path,PENDING_HUMAN_DESIGN,PENDING_HUMAN_DESIGN,PENDING_HUMAN_DESIGN,PENDING_HUMAN_SIGNOFF,2026-07-11T00:00:00+08:00,2026-08-10T10:15:00+08:00
LEGACY-API-0002,S04,GET,/admin/alipay/transactions,api.admin_alipay_transactions_page,commerce,ai_crm_next,none,2,0,2,0,2026-07-13T14:08:24.861315+08:00,2026-07-13T14:45:19.250798+08:00,true,false,A,observed_production_traffic,normalized_unique_path,PENDING_HUMAN_DESIGN,PENDING_HUMAN_DESIGN,PENDING_HUMAN_DESIGN,PENDING_HUMAN_SIGNOFF,2026-07-11T00:00:00+08:00,2026-08-10T10:15:00+08:00
LEGACY-API-0003,S02,GET,/admin/api-docs,api.admin_api_docs,admin_config,ai_crm_next,none,231,144,87,0,2026-07-13T14:03:05.899431+08:00,2026-08-09T23:16:55.077486+08:00,true,false,A,observed_production_traffic,structured_route_exact+normalized_unique_path,PENDING_HUMAN_DESIGN,PENDING_HUMAN_DESIGN,PENDING_HUMAN_DESIGN,PENDING_HUMAN_SIGNOFF,2026-07-11T00:00:00+08:00,2026-08-10T10:15:00+08:00
LEGACY-API-0004,S04,GET,/admin/attachment-library,api.admin_attachment_library_workspace,media_library,ai_crm_next,none,233,149,84,0,2026-07-13T14:02:25.580223+08:00,2026-08-09T23:16:54.622137+08:00,true,false,A,observed_production_traffic,structured_route_exact+normalized_unique_path,PENDING_HUMAN_DESIGN,PENDING_HUMAN_DESIGN,PENDING_HUMAN_DESIGN,PENDING_HUMAN_SIGNOFF,2026-07-11T00:00:00+08:00,2026-08-10T10:15:00+08:00
LEGACY-API-0005,S04,GET,/admin/automation-agents,api.admin_automation_agents_page,automation_agents,ai_crm_next,none,282,158,124,0,2026-07-11T11:03:27.337928+08:00,2026-08-09T23:16:50.031325+08:00,true,false,A,observed_production_traffic,structured_route_exact+normalized_unique_path,PENDING_HUMAN_DESIGN,PENDING_HUMAN_DESIGN,PENDING_HUMAN_DESIGN,PENDING_HUMAN_SIGNOFF,2026-07-11T00:00:00+08:00,2026-08-10T10:15:00+08:00
LEGACY-API-0006,S04,GET,/admin/automation-agents/{agent_id}/edit,api.admin_automation_agent_edit_page,automation_agents,ai_crm_next,none,14,7,7,0,2026-07-13T14:16:36.774191+08:00,2026-08-03T16:31:56.465647+08:00,true,false,A,observed_production_traffic,structured_route_exact+normalized_unique_path,PENDING_HUMAN_DESIGN,PENDING_HUMAN_DESIGN,PENDING_HUMAN_DESIGN,PENDING_HUMAN_SIGNOFF,2026-07-11T00:00:00+08:00,2026-08-10T10:15:00+08:00
LEGACY-API-0007,S03,GET,/admin/automation-conversion,api.admin_automation_conversion,ai_audience_ops,ai_crm_next,none,398,247,151,0,2026-07-11T10:53:46.893702+08:00,2026-08-09T23:16:49.780666+08:00,true,false,A,observed_production_traffic,structured_route_exact+normalized_unique_path,PENDING_HUMAN_DESIGN,PENDING_HUMAN_DESIGN,PENDING_HUMAN_DESIGN,PENDING_HUMAN_SIGNOFF,2026-07-11T00:00:00+08:00,2026-08-10T10:15:00+08:00
LEGACY-API-0008,S03,GET,/admin/automation-conversion/group-ops/groups/ui,api.admin_group_ops_groups_ui,automation_engine,ai_crm_next,none,5,1,4,0,2026-07-13T14:08:09.644625+08:00,2026-07-28T17:34:24.835586+08:00,false,false,A,observed_production_traffic,structured_route_exact+normalized_unique_path,PENDING_HUMAN_DESIGN,PENDING_HUMAN_DESIGN,PENDING_HUMAN_DESIGN,PENDING_HUMAN_SIGNOFF,2026-07-11T00:00:00+08:00,2026-08-10T10:15:00+08:00
LEGACY-API-0009,S03,GET,/admin/automation-conversion/group-ops/plans/{plan_id:int},api.admin_group_ops_plan_detail,automation_engine,ai_crm_next,none,6,3,3,0,2026-07-13T14:04:25.324583+08:00,2026-08-04T11:34:50.933939+08:00,true,false,A,observed_production_traffic,structured_route_exact+normalized_unique_path,PENDING_HUMAN_DESIGN,PENDING_HUMAN_DESIGN,PENDING_HUMAN_DESIGN,PENDING_HUMAN_SIGNOFF,2026-07-11T00:00:00+08:00,2026-08-10T10:15:00+08:00
LEGACY-API-0010,S03,GET,/admin/automation-conversion/group-ops/ui,api.admin_group_ops_ui,automation_engine,ai_crm_next,none,299,185,114,0,2026-07-11T11:03:12.493736+08:00,2026-08-09T23:16:49.864720+08:00,true,false,A,observed_production_traffic,structured_route_exact+normalized_unique_path,PENDING_HUMAN_DESIGN,PENDING_HUMAN_DESIGN,PENDING_HUMAN_DESIGN,PENDING_HUMAN_SIGNOFF,2026-07-11T00:00:00+08:00,2026-08-10T10:15:00+08:00
LEGACY-API-0011,S03,GET,/admin/automation-conversion/packages/{package_id},api.admin_automation_conversion_package_detail_page,ai_audience_ops,ai_crm_next,none,34,27,7,0,2026-07-12T16:12:37.759571+08:00,2026-08-03T16:30:50.545562+08:00,true,false,A,observed_production_traffic,structured_route_exact+normalized_unique_path,PENDING_HUMAN_DESIGN,PENDING_HUMAN_DESIGN,PENDING_HUMAN_DESIGN,PENDING_HUMAN_SIGNOFF,2026-07-11T00:00:00+08:00,2026-08-10T10:15:00+08:00
LEGACY-API-0012,S03,GET,/admin/automation-conversion/programs/{retired_path:path},retired_automation_program_page,ai_audience_ops,ai_crm_next,none,0,0,0,0,,,false,true,C,retired_or_blocked_marker_and_zero_traffic,no_observed_match,PENDING_HUMAN_DESIGN,PENDING_HUMAN_DESIGN,PENDING_HUMAN_DESIGN,PENDING_HUMAN_SIGNOFF,2026-07-11T00:00:00+08:00,2026-08-10T10:15:00+08:00
LEGACY-API-0013,S03,GET,/admin/channels,api.admin_channels_page,automation_engine,ai_crm_next,none,319,210,109,0,2026-07-11T12:25:20.998047+08:00,2026-08-09T23:31:28.515770+08:00,true,false,A,observed_production_traffic,structured_route_exact+normalized_unique_path,PENDING_HUMAN_DESIGN,PENDING_HUMAN_DESIGN,PENDING_HUMAN_DESIGN,PENDING_HUMAN_SIGNOFF,2026-07-11T00:00:00+08:00,2026-08-10T10:15:00+08:00
LEGACY-API-0014,S03,GET,/admin/channels/new,api.admin_channel_new_page,automation_engine,ai_crm_next,none,11,9,2,0,2026-07-13T14:08:11.042040+08:00,2026-08-05T22:35:08.407880+08:00,true,false,A,observed_production_traffic,structured_route_exact+normalized_unique_path,PENDING_HUMAN_DESIGN,PENDING_HUMAN_DESIGN,PENDING_HUMAN_DESIGN,PENDING_HUMAN_SIGNOFF,2026-07-11T00:00:00+08:00,2026-08-10T10:15:00+08:00
LEGACY-API-0015,S03,GET,/admin/channels/{channel_id:int}/edit,api.admin_channel_edit_page,automation_engine,ai_crm_next,none,38,19,19,0,2026-07-14T20:37:22.529663+08:00,2026-08-09T23:31:32.396457+08:00,true,false,A,observed_production_traffic,structured_route_exact+normalized_unique_path,PENDING_HUMAN_DESIGN,PENDING_HUMAN_DESIGN,PENDING_HUMAN_DESIGN,PENDING_HUMAN_SIGNOFF,2026-07-11T00:00:00+08:00,2026-08-10T10:15:00+08:00
LEGACY-API-0016,S04,GET,/admin/cloud-orchestrator,api.admin_cloud_orchestrator_workspace,cloud_orchestrator,ai_crm_next,none,2,0,2,0,2026-07-13T14:07:18.362949+08:00,2026-07-13T14:44:50.853619+08:00,true,false,A,observed_production_traffic,normalized_unique_path,PENDING_HUMAN_DESIGN,PENDING_HUMAN_DESIGN,PENDING_HUMAN_DESIGN,PENDING_HUMAN_SIGNOFF,2026-07-11T00:00:00+08:00,2026-08-10T10:15:00+08:00
LEGACY-API-0017,S04,GET,/admin/cloud-orchestrator/campaigns,api.admin_cloud_orchestrator_campaigns_workspace,cloud_orchestrator,ai_crm_next,none,2,0,2,0,2026-07-13T14:07:23.896376+08:00,2026-07-13T14:44:53.006343+08:00,true,false,A,observed_production_traffic,normalized_unique_path,PENDING_HUMAN_DESIGN,PENDING_HUMAN_DESIGN,PENDING_HUMAN_DESIGN,PENDING_HUMAN_SIGNOFF,2026-07-11T00:00:00+08:00,2026-08-10T10:15:00+08:00
LEGACY-API-0018,S04,GET,/admin/cloud-orchestrator/observability,api.admin_cloud_orchestrator_observability,cloud_orchestrator,ai_crm_next,none,2,0,2,0,2026-07-13T14:07:25.715420+08:00,2026-07-13T14:44:54.791827+08:00,true,false,A,observed_production_traffic,normalized_unique_path,PENDING_HUMAN_DESIGN,PENDING_HUMAN_DESIGN,PENDING_HUMAN_DESIGN,PENDING_HUMAN_SIGNOFF,2026-07-11T00:00:00+08:00,2026-08-10T10:15:00+08:00
LEGACY-API-0019,S04,GET,/admin/cloud-orchestrator/plans,api.admin_cloud_orchestrator_plans_workspace,cloud_orchestrator,ai_crm_next,none,294,185,109,0,2026-07-12T19:53:14.412525+08:00,2026-08-09T23:16:53.633261+08:00,true,false,A,observed_production_traffic,structured_route_exact+normalized_unique_path,PENDING_HUMAN_DESIGN,PENDING_HUMAN_DESIGN,PENDING_HUMAN_DESIGN,PENDING_HUMAN_SIGNOFF,2026-07-11T00:00:00+08:00,2026-08-10T10:15:00+08:00
LEGACY-API-0020,S04,GET,/admin/cloud-orchestrator/plans/{plan_id},api.admin_cloud_orchestrator_plan_detail,cloud_orchestrator,ai_crm_next,none,50,12,38,0,2026-07-12T19:53:18.277852+08:00,2026-08-04T18:00:04.962537+08:00,true,false,A,observed_production_traffic,structured_route_exact+normalized_unique_path,PENDING_HUMAN_DESIGN,PENDING_HUMAN_DESIGN,PENDING_HUMAN_DESIGN,PENDING_HUMAN_SIGNOFF,2026-07-11T00:00:00+08:00,2026-08-10T10:15:00+08:00
LEGACY-API-0021,S02,GET,/admin/config,api.admin_config,admin_config,ai_crm_next,none,243,158,85,0,2026-07-13T14:03:04.638536+08:00,2026-08-09T23:16:54.828051+08:00,true,false,A,observed_production_traffic,structured_route_exact+normalized_unique_path,PENDING_HUMAN_DESIGN,PENDING_HUMAN_DESIGN,PENDING_HUMAN_DESIGN,PENDING_HUMAN_SIGNOFF,2026-07-11T00:00:00+08:00,2026-08-10T10:15:00+08:00
LEGACY-API-0022,S02,GET,/admin/config/api-clients,api.admin_config_api_clients,admin_config,ai_crm_next,none,6,6,0,0,2026-08-02T13:32:45.149085+08:00,2026-08-02T18:48:52.001496+08:00,true,false,A,observed_production_traffic,structured_route_exact,PENDING_HUMAN_DESIGN,PENDING_HUMAN_DESIGN,PENDING_HUMAN_DESIGN,PENDING_HUMAN_SIGNOFF,2026-07-11T00:00:00+08:00,2026-08-10T10:15:00+08:00
LEGACY-API-0023,S02,GET,/admin/config/api-clients/new,api.admin_config_api_client_new,admin_config,ai_crm_next,none,0,0,0,0,,,true,false,A,ui_referenced_with_zero_observed_traffic,no_observed_match,PENDING_HUMAN_DESIGN,PENDING_HUMAN_DESIGN,PENDING_HUMAN_DESIGN,PENDING_HUMAN_SIGNOFF,2026-07-11T00:00:00+08:00,2026-08-10T10:15:00+08:00
LEGACY-API-0024,S02,GET,/admin/config/api-clients/{client_id},api.admin_config_api_client_detail,admin_config,ai_crm_next,none,4,4,0,0,2026-08-02T13:57:33.195061+08:00,2026-08-02T19:30:31.221728+08:00,true,false,A,observed_production_traffic,structured_route_exact,PENDING_HUMAN_DESIGN,PENDING_HUMAN_DESIGN,PENDING_HUMAN_DESIGN,PENDING_HUMAN_SIGNOFF,2026-07-11T00:00:00+08:00,2026-08-10T10:15:00+08:00
LEGACY-API-0025,S02,GET,/admin/config/api-key,api.admin_config_api_key,admin_config,ai_crm_next,none,13,13,0,0,2026-08-02T15:22:23.483221+08:00,2026-08-02T18:49:32.162125+08:00,true,false,A,observed_production_traffic,structured_route_exact,PENDING_HUMAN_DESIGN,PENDING_HUMAN_DESIGN,PENDING_HUMAN_DESIGN,PENDING_HUMAN_SIGNOFF,2026-07-11T00:00:00+08:00,2026-08-10T10:15:00+08:00
LEGACY-API-0026,S02,GET,/admin/config/app-settings,api.admin_config_app_settings,admin_config,ai_crm_next,none,2,0,2,0,2026-07-13T14:06:58.245844+08:00,2026-07-13T14:44:39.141257+08:00,true,false,A,observed_production_traffic,normalized_unique_path,PENDING_HUMAN_DESIGN,PENDING_HUMAN_DESIGN,PENDING_HUMAN_DESIGN,PENDING_HUMAN_SIGNOFF,2026-07-11T00:00:00+08:00,2026-08-10T10:15:00+08:00
LEGACY-API-0027,S02,POST,/admin/config/app-settings/save,api.admin_config_save_app_settings,admin_config,ai_crm_next,none,0,0,0,0,,,true,false,A,ui_referenced_with_zero_observed_traffic,no_observed_match,PENDING_HUMAN_DESIGN,PENDING_HUMAN_DESIGN,PENDING_HUMAN_DESIGN,PENDING_HUMAN_SIGNOFF,2026-07-11T00:00:00+08:00,2026-08-10T10:15:00+08:00
LEGACY-API-0028,S02,GET,/admin/config/checklist,api.admin_config_checklist,admin_config,ai_crm_next,none,2,0,2,0,2026-07-13T14:07:10.286009+08:00,2026-07-13T14:44:44.072777+08:00,true,false,A,observed_production_traffic,normalized_unique_path,PENDING_HUMAN_DESIGN,PENDING_HUMAN_DESIGN,PENDING_HUMAN_DESIGN,PENDING_HUMAN_SIGNOFF,2026-07-11T00:00:00+08:00,2026-08-10T10:15:00+08:00
LEGACY-API-0029,S02,GET,/admin/config/detail/{category_key},api.admin_config_category_detail,admin_config,ai_crm_next,none,13,8,5,0,2026-07-13T14:07:05.853746+08:00,2026-08-03T16:29:40.155754+08:00,true,false,A,observed_production_traffic,structured_route_exact+normalized_unique_path,PENDING_HUMAN_DESIGN,PENDING_HUMAN_DESIGN,PENDING_HUMAN_DESIGN,PENDING_HUMAN_SIGNOFF,2026-07-11T00:00:00+08:00,2026-08-10T10:15:00+08:00
LEGACY-API-0030,S02,GET,/admin/config/login-access,api.admin_config_login_access,admin_config,ai_crm_next,none,2,0,2,0,2026-07-13T14:07:04.855256+08:00,2026-07-13T14:44:41.866617+08:00,false,false,A,observed_production_traffic,normalized_unique_path,PENDING_HUMAN_DESIGN,PENDING_HUMAN_DESIGN,PENDING_HUMAN_DESIGN,PENDING_HUMAN_SIGNOFF,2026-07-11T00:00:00+08:00,2026-08-10T10:15:00+08:00
LEGACY-API-0031,S02,POST,/admin/config/login-access/directory/refresh,api.admin_config_refresh_login_access_directory,admin_config,ai_crm_next,none,0,0,0,0,,,false,false,B,zero_observed_traffic_and_no_ui_reference,no_observed_match,PENDING_HUMAN_DESIGN,PENDING_HUMAN_DESIGN,PENDING_HUMAN_DESIGN,PENDING_HUMAN_SIGNOFF,2026-07-11T00:00:00+08:00,2026-08-10T10:15:00+08:00
LEGACY-API-0032,S02,POST,/admin/config/login-access/save,api.admin_config_save_login_access,admin_config,ai_crm_next,none,0,0,0,0,,,true,false,A,ui_referenced_with_zero_observed_traffic,no_observed_match,PENDING_HUMAN_DESIGN,PENDING_HUMAN_DESIGN,PENDING_HUMAN_DESIGN,PENDING_HUMAN_SIGNOFF,2026-07-11T00:00:00+08:00,2026-08-10T10:15:00+08:00
LEGACY-API-0033,S02,GET,/admin/config/mcp-tools,api.admin_config_mcp_tools,admin_config,ai_crm_next,staging_disabled,2,0,2,0,2026-07-13T14:06:58.574707+08:00,2026-07-13T14:44:40.056801+08:00,false,false,A,observed_production_traffic,normalized_unique_path,PENDING_HUMAN_DESIGN,PENDING_HUMAN_DESIGN,PENDING_HUMAN_DESIGN,PENDING_HUMAN_SIGNOFF,2026-07-11T00:00:00+08:00,2026-08-10T10:15:00+08:00
LEGACY-API-0034,S02,POST,/admin/config/mcp-tools/save,api.admin_config_save_mcp_tool,admin_config,ai_crm_next,staging_disabled,0,0,0,0,,,false,false,B,zero_observed_traffic_and_no_ui_reference,no_observed_match,PENDING_HUMAN_DESIGN,PENDING_HUMAN_DESIGN,PENDING_HUMAN_DESIGN,PENDING_HUMAN_SIGNOFF,2026-07-11T00:00:00+08:00,2026-08-10T10:15:00+08:00
LEGACY-API-0035,S02,GET,/admin/config/releases,api.admin_config_releases,admin_config,ai_crm_next,none,1,1,0,0,2026-07-25T13:48:12.183413+08:00,2026-07-25T13:48:12.183413+08:00,true,false,A,observed_production_traffic,structured_route_exact,PENDING_HUMAN_DESIGN,PENDING_HUMAN_DESIGN,PENDING_HUMAN_DESIGN,PENDING_HUMAN_SIGNOFF,2026-07-11T00:00:00+08:00,2026-08-10T10:15:00+08:00
LEGACY-API-0036,S02,POST,/admin/config/releases,api.admin_config_release_create,admin_config,ai_crm_next,none,0,0,0,0,,,true,false,A,ui_referenced_with_zero_observed_traffic,no_observed_match,PENDING_HUMAN_DESIGN,PENDING_HUMAN_DESIGN,PENDING_HUMAN_DESIGN,PENDING_HUMAN_SIGNOFF,2026-07-11T00:00:00+08:00,2026-08-10T10:15:00+08:00
LEGACY-API-0037,S02,GET,/admin/config/releases/new,api.admin_config_release_new,admin_config,ai_crm_next,none,0,0,0,0,,,true,false,A,ui_referenced_with_zero_observed_traffic,no_observed_match,PENDING_HUMAN_DESIGN,PENDING_HUMAN_DESIGN,PENDING_HUMAN_DESIGN,PENDING_HUMAN_SIGNOFF,2026-07-11T00:00:00+08:00,2026-08-10T10:15:00+08:00
LEGACY-API-0038,S02,GET,/admin/config/releases/{release_id},api.admin_config_release_detail,admin_config,ai_crm_next,none,0,0,0,0,,,true,false,A,ui_referenced_with_zero_observed_traffic,no_observed_match,PENDING_HUMAN_DESIGN,PENDING_HUMAN_DESIGN,PENDING_HUMAN_DESIGN,PENDING_HUMAN_SIGNOFF,2026-07-11T00:00:00+08:00,2026-08-10T10:15:00+08:00
LEGACY-API-0039,S02,POST,/admin/config/releases/{release_id}/publish,api.admin_config_release_publish,admin_config,ai_crm_next,none,0,0,0,0,,,true,false,A,ui_referenced_with_zero_observed_traffic,no_observed_match,PENDING_HUMAN_DESIGN,PENDING_HUMAN_DESIGN,PENDING_HUMAN_DESIGN,PENDING_HUMAN_SIGNOFF,2026-07-11T00:00:00+08:00,2026-08-10T10:15:00+08:00
LEGACY-API-0040,S02,POST,/admin/config/releases/{release_id}/rollback,api.admin_config_release_rollback,admin_config,ai_crm_next,none,0,0,0,0,,,true,false,A,ui_referenced_with_zero_observed_traffic,no_observed_match,PENDING_HUMAN_DESIGN,PENDING_HUMAN_DESIGN,PENDING_HUMAN_DESIGN,PENDING_HUMAN_SIGNOFF,2026-07-11T00:00:00+08:00,2026-08-10T10:15:00+08:00
LEGACY-API-0041,S02,POST,/admin/config/releases/{release_id}/validate,api.admin_config_release_validate,admin_config,ai_crm_next,none,0,0,0,0,,,true,false,A,ui_referenced_with_zero_observed_traffic,no_observed_match,PENDING_HUMAN_DESIGN,PENDING_HUMAN_DESIGN,PENDING_HUMAN_DESIGN,PENDING_HUMAN_SIGNOFF,2026-07-11T00:00:00+08:00,2026-08-10T10:15:00+08:00
LEGACY-API-0042,S02,GET,/admin/config/wecom-tags,api.admin_config_wecom_tags,admin_config,ai_crm_next,staging_disabled,2,0,2,0,2026-07-13T14:06:52.476701+08:00,2026-07-13T14:44:37.002901+08:00,false,false,A,observed_production_traffic,normalized_unique_path,PENDING_HUMAN_DESIGN,PENDING_HUMAN_DESIGN,PENDING_HUMAN_DESIGN,PENDING_HUMAN_SIGNOFF,2026-07-11T00:00:00+08:00,2026-08-10T10:15:00+08:00
LEGACY-API-0043,S04,GET,/admin/coupons,api.admin_coupons_page,commerce,ai_crm_next,none,255,192,63,0,2026-07-14T20:41:35.360470+08:00,2026-08-09T23:16:54.403810+08:00,true,false,A,observed_production_traffic,structured_route_exact+normalized_unique_path,PENDING_HUMAN_DESIGN,PENDING_HUMAN_DESIGN,PENDING_HUMAN_DESIGN,PENDING_HUMAN_SIGNOFF,2026-07-11T00:00:00+08:00,2026-08-10T10:15:00+08:00
LEGACY-API-0044,S04,GET,/admin/coupons/new,api.admin_coupon_new_page,commerce,ai_crm_next,none,11,9,2,0,2026-07-14T20:56:05.422112+08:00,2026-08-03T15:17:53.187286+08:00,true,false,A,observed_production_traffic,structured_route_exact+normalized_unique_path,PENDING_HUMAN_DESIGN,PENDING_HUMAN_DESIGN,PENDING_HUMAN_DESIGN,PENDING_HUMAN_SIGNOFF,2026-07-11T00:00:00+08:00,2026-08-10T10:15:00+08:00
LEGACY-API-0045,S04,GET,/admin/coupons/{coupon_id}/data,api.admin_coupon_data_page,commerce,ai_crm_next,none,0,0,0,0,,,true,false,A,ui_referenced_with_zero_observed_traffic,no_observed_match,PENDING_HUMAN_DESIGN,PENDING_HUMAN_DESIGN,PENDING_HUMAN_DESIGN,PENDING_HUMAN_SIGNOFF,2026-07-11T00:00:00+08:00,2026-08-10T10:15:00+08:00
LEGACY-API-0046,S04,GET,/admin/coupons/{coupon_id}/edit,api.admin_coupon_edit_page,commerce,ai_crm_next,none,24,19,5,0,2026-07-14T20:57:15.647418+08:00,2026-08-03T16:24:24.463113+08:00,true,false,A,observed_production_traffic,structured_route_exact+normalized_unique_path,PENDING_HUMAN_DESIGN,PENDING_HUMAN_DESIGN,PENDING_HUMAN_DESIGN,PENDING_HUMAN_SIGNOFF,2026-07-11T00:00:00+08:00,2026-08-10T10:15:00+08:00
LEGACY-API-0047,S02,GET,/admin/customer-360/{unionid},api.admin_customer_360_page,customer_read_model,ai_crm_next,none,0,0,0,0,,,true,false,A,ui_referenced_with_zero_observed_traffic,no_observed_match,PENDING_HUMAN_DESIGN,PENDING_HUMAN_DESIGN,PENDING_HUMAN_DESIGN,PENDING_HUMAN_SIGNOFF,2026-07-11T00:00:00+08:00,2026-08-10T10:15:00+08:00
LEGACY-API-0048,S02,GET,/admin/customers,api.admin_console_customers,customer_read_model,ai_crm_next,none,297,172,125,0,2026-07-11T11:00:43.535910+08:00,2026-08-09T23:16:49.693432+08:00,true,false,A,observed_production_traffic,structured_route_exact+normalized_unique_path,PENDING_HUMAN_DESIGN,PENDING_HUMAN_DESIGN,PENDING_HUMAN_DESIGN,PENDING_HUMAN_SIGNOFF,2026-07-11T00:00:00+08:00,2026-08-10T10:15:00+08:00
LEGACY-API-0049,S02,GET,/admin/customers/{unionid},api.admin_console_customer_detail,customer_read_model,ai_crm_next,none,11,5,6,0,2026-07-13T14:08:41.313283+08:00,2026-08-04T19:15:33.900504+08:00,true,false,A,observed_production_traffic,structured_route_exact+normalized_unique_path,PENDING_HUMAN_DESIGN,PENDING_HUMAN_DESIGN,PENDING_HUMAN_DESIGN,PENDING_HUMAN_SIGNOFF,2026-07-11T00:00:00+08:00,2026-08-10T10:15:00+08:00
LEGACY-API-0050,S04,GET,/admin/hxc-dashboard,api.admin_hxc_dashboard_workspace,hxc_dashboard,ai_crm_next,none,252,164,88,0,2026-07-13T14:01:59.943248+08:00,2026-08-09T23:16:53.715621+08:00,true,false,A,observed_production_traffic,structured_route_exact+normalized_unique_path,PENDING_HUMAN_DESIGN,PENDING_HUMAN_DESIGN,PENDING_HUMAN_DESIGN,PENDING_HUMAN_SIGNOFF,2026-07-11T00:00:00+08:00,2026-08-10T10:15:00+08:00
LEGACY-API-0051,S04,GET,/admin/hxc-send-config,api.admin_hxc_send_config_page,hxc_dashboard,ai_crm_next,none,2,0,2,0,2026-07-13T14:07:18.132318+08:00,2026-07-13T14:44:50.756499+08:00,true,false,A,observed_production_traffic,normalized_unique_path,PENDING_HUMAN_DESIGN,PENDING_HUMAN_DESIGN,PENDING_HUMAN_DESIGN,PENDING_HUMAN_SIGNOFF,2026-07-11T00:00:00+08:00,2026-08-10T10:15:00+08:00
LEGACY-API-0052,S04,GET,/admin/image-library,api.admin_image_library_workspace,media_library,ai_crm_next,none,249,160,89,0,2026-07-13T14:02:19.998061+08:00,2026-08-09T23:16:54.489787+08:00,true,false,A,observed_production_traffic,structured_route_exact+normalized_unique_path,PENDING_HUMAN_DESIGN,PENDING_HUMAN_DESIGN,PENDING_HUMAN_DESIGN,PENDING_HUMAN_SIGNOFF,2026-07-11T00:00:00+08:00,2026-08-10T10:15:00+08:00
LEGACY-API-0053,S04,GET,/admin/logout,api.admin_logout_compat,admin_shell,ai_crm_next,none,0,0,0,0,,,false,false,B,zero_observed_traffic_and_no_ui_reference,no_observed_match,PENDING_HUMAN_DESIGN,PENDING_HUMAN_DESIGN,PENDING_HUMAN_DESIGN,PENDING_HUMAN_SIGNOFF,2026-07-11T00:00:00+08:00,2026-08-10T10:15:00+08:00
LEGACY-API-0054,S04,GET,/admin/miniprogram-library,api.admin_miniprogram_library_workspace,media_library,ai_crm_next,none,238,151,87,0,2026-07-12T19:34:23.661452+08:00,2026-08-09T23:16:54.556250+08:00,true,false,A,observed_production_traffic,structured_route_exact+normalized_unique_path,PENDING_HUMAN_DESIGN,PENDING_HUMAN_DESIGN,PENDING_HUMAN_DESIGN,PENDING_HUMAN_SIGNOFF,2026-07-11T00:00:00+08:00,2026-08-10T10:15:00+08:00
LEGACY-API-0055,S04,GET,/admin/operation-cycles,api.admin_operation_cycles_page,operation_cycles,ai_crm_next,none,277,205,72,0,2026-07-14T17:06:43.788009+08:00,2026-08-09T23:16:53.393646+08:00,true,false,A,observed_production_traffic,structured_route_exact+normalized_unique_path,PENDING_HUMAN_DESIGN,PENDING_HUMAN_DESIGN,PENDING_HUMAN_DESIGN,PENDING_HUMAN_SIGNOFF,2026-07-11T00:00:00+08:00,2026-08-10T10:15:00+08:00
LEGACY-API-0056,S04,GET,/admin/operation-cycles/{strategy_key},api.admin_operation_cycle_strategy_page,operation_cycles,ai_crm_next,none,113,79,34,0,2026-07-14T17:33:33.135984+08:00,2026-08-04T17:59:47.128549+08:00,true,false,A,observed_production_traffic,structured_route_exact+normalized_unique_path,PENDING_HUMAN_DESIGN,PENDING_HUMAN_DESIGN,PENDING_HUMAN_DESIGN,PENDING_HUMAN_SIGNOFF,2026-07-11T00:00:00+08:00,2026-08-10T10:15:00+08:00
LEGACY-API-0057,S04,GET,/admin/operation-cycles/{strategy_key}/runs/{run_key},api.admin_operation_cycle_run_page,operation_cycles,ai_crm_next,none,2,0,2,0,2026-07-14T17:33:33.159698+08:00,2026-07-14T17:34:11.108048+08:00,true,false,A,observed_production_traffic,normalized_unique_path,PENDING_HUMAN_DESIGN,PENDING_HUMAN_DESIGN,PENDING_HUMAN_DESIGN,PENDING_HUMAN_SIGNOFF,2026-07-11T00:00:00+08:00,2026-08-10T10:15:00+08:00
LEGACY-API-0058,S04,GET,/admin/orders,api.admin_orders_page,commerce,ai_crm_next,none,337,227,110,0,2026-07-12T12:20:34.761525+08:00,2026-08-09T23:16:54.006297+08:00,true,false,A,observed_production_traffic,structured_route_exact+normalized_unique_path,PENDING_HUMAN_DESIGN,PENDING_HUMAN_DESIGN,PENDING_HUMAN_DESIGN,PENDING_HUMAN_SIGNOFF,2026-07-11T00:00:00+08:00,2026-08-10T10:15:00+08:00
LEGACY-API-0059,S04,GET,/admin/owner-migration,api.admin_owner_migration_page,owner_migration,ai_crm_next,none,231,147,84,0,2026-07-13T14:03:03.504555+08:00,2026-08-09T23:16:54.711081+08:00,true,false,A,observed_production_traffic,structured_route_exact+normalized_unique_path,PENDING_HUMAN_DESIGN,PENDING_HUMAN_DESIGN,PENDING_HUMAN_DESIGN,PENDING_HUMAN_SIGNOFF,2026-07-11T00:00:00+08:00,2026-08-10T10:15:00+08:00
LEGACY-API-0060,S04,POST,/admin/owner-migration,api.admin_owner_migration_action,owner_migration,ai_crm_next,none,0,0,0,0,,,true,false,A,ui_referenced_with_zero_observed_traffic,no_observed_match,PENDING_HUMAN_DESIGN,PENDING_HUMAN_DESIGN,PENDING_HUMAN_DESIGN,PENDING_HUMAN_SIGNOFF,2026-07-11T00:00:00+08:00,2026-08-10T10:15:00+08:00
LEGACY-API-0061,S04,GET,/admin/questionnaires,api.admin_questionnaires,questionnaire,ai_crm_next,none,320,213,107,0,2026-07-13T14:02:02.683859+08:00,2026-08-10T08:58:16.654919+08:00,true,false,A,observed_production_traffic,structured_route_exact+normalized_unique_path,PENDING_HUMAN_DESIGN,PENDING_HUMAN_DESIGN,PENDING_HUMAN_DESIGN,PENDING_HUMAN_SIGNOFF,2026-07-11T00:00:00+08:00,2026-08-10T10:15:00+08:00
LEGACY-API-0062,S04,GET,/admin/questionnaires/external-push-logs,api.admin_console_global_questionnaire_external_push_logs,questionnaire,ai_crm_next,none,2,0,2,0,2026-07-13T14:08:03.500330+08:00,2026-07-13T14:45:04.275617+08:00,true,false,A,observed_production_traffic,normalized_unique_path,PENDING_HUMAN_DESIGN,PENDING_HUMAN_DESIGN,PENDING_HUMAN_DESIGN,PENDING_HUMAN_SIGNOFF,2026-07-11T00:00:00+08:00,2026-08-10T10:15:00+08:00
LEGACY-API-0063,S04,GET,/admin/questionnaires/new,api.admin_console_questionnaire_new,questionnaire,ai_crm_next,none,6,0,6,0,2026-07-13T14:08:01.753566+08:00,2026-07-17T17:26:16.105404+08:00,true,false,A,observed_production_traffic,normalized_unique_path,PENDING_HUMAN_DESIGN,PENDING_HUMAN_DESIGN,PENDING_HUMAN_DESIGN,PENDING_HUMAN_SIGNOFF,2026-07-11T00:00:00+08:00,2026-08-10T10:15:00+08:00
LEGACY-API-0064,S04,GET,/admin/questionnaires/ui,api.admin_console_questionnaires,questionnaire,ai_crm_next,none,2,0,2,0,2026-07-13T14:07:57.454427+08:00,2026-07-13T14:44:59.079339+08:00,true,false,A,observed_production_traffic,normalized_unique_path,PENDING_HUMAN_DESIGN,PENDING_HUMAN_DESIGN,PENDING_HUMAN_DESIGN,PENDING_HUMAN_SIGNOFF,2026-07-11T00:00:00+08:00,2026-08-10T10:15:00+08:00
LEGACY-API-0065,S04,GET,/admin/questionnaires/{questionnaire_id:int},api.admin_console_questionnaire_detail,questionnaire,ai_crm_next,none,38,28,10,0,2026-07-13T14:04:38.850627+08:00,2026-08-10T00:08:20.377471+08:00,true,false,A,observed_production_traffic,structured_route_exact+normalized_unique_path,PENDING_HUMAN_DESIGN,PENDING_HUMAN_DESIGN,PENDING_HUMAN_DESIGN,PENDING_HUMAN_SIGNOFF,2026-07-11T00:00:00+08:00,2026-08-10T10:15:00+08:00
LEGACY-API-0066,S04,GET,/admin/questionnaires/{questionnaire_id:int}/external-push-logs,api.admin_console_questionnaire_external_push_logs,questionnaire,ai_crm_next,none,0,0,0,0,,,true,false,A,ui_referenced_with_zero_observed_traffic,no_observed_match,PENDING_HUMAN_DESIGN,PENDING_HUMAN_DESIGN,PENDING_HUMAN_DESIGN,PENDING_HUMAN_SIGNOFF,2026-07-11T00:00:00+08:00,2026-08-10T10:15:00+08:00
LEGACY-API-0067,S04,GET,/admin/questionnaires/{questionnaire_id:int}/operations,api.admin_console_questionnaire_operations,questionnaire,ai_crm_next,none,13,7,6,0,2026-07-15T10:04:24.337735+08:00,2026-08-10T00:01:57.910618+08:00,true,false,A,observed_production_traffic,structured_route_exact+normalized_unique_path,PENDING_HUMAN_DESIGN,PENDING_HUMAN_DESIGN,PENDING_HUMAN_DESIGN,PENDING_HUMAN_SIGNOFF,2026-07-11T00:00:00+08:00,2026-08-10T10:15:00+08:00
LEGACY-API-0068,S04,GET,/admin/radar-links,api.admin_radar_links,radar_links,ai_crm_next,none,271,167,104,0,2026-07-13T14:02:03.739172+08:00,2026-08-09T23:16:53.919492+08:00,true,false,A,observed_production_traffic,structured_route_exact+normalized_unique_path,PENDING_HUMAN_DESIGN,PENDING_HUMAN_DESIGN,PENDING_HUMAN_DESIGN,PENDING_HUMAN_SIGNOFF,2026-07-11T00:00:00+08:00,2026-08-10T10:15:00+08:00
LEGACY-API-0069,S04,GET,/admin/radar-links/new,api.admin_radar_link_new,radar_links,ai_crm_next,none,7,2,5,0,2026-07-13T14:08:18.316574+08:00,2026-08-03T16:21:00.391870+08:00,true,false,A,observed_production_traffic,structured_route_exact+normalized_unique_path,PENDING_HUMAN_DESIGN,PENDING_HUMAN_DESIGN,PENDING_HUMAN_DESIGN,PENDING_HUMAN_SIGNOFF,2026-07-11T00:00:00+08:00,2026-08-10T10:15:00+08:00
LEGACY-API-0070,S04,GET,/admin/radar-links/{link_id:int}/detail,api.admin_radar_link_detail,radar_links,ai_crm_next,none,4,1,3,0,2026-07-15T23:02:41.231503+08:00,2026-08-03T16:19:21.146350+08:00,true,false,A,observed_production_traffic,structured_route_exact+normalized_unique_path,PENDING_HUMAN_DESIGN,PENDING_HUMAN_DESIGN,PENDING_HUMAN_DESIGN,PENDING_HUMAN_SIGNOFF,2026-07-11T00:00:00+08:00,2026-08-10T10:15:00+08:00
LEGACY-API-0071,S04,GET,/admin/radar-links/{link_id:int}/edit,api.admin_radar_link_edit,radar_links,ai_crm_next,none,4,1,3,0,2026-07-16T14:40:19.950274+08:00,2026-08-03T16:19:04.581854+08:00,true,false,A,observed_production_traffic,structured_route_exact+normalized_unique_path,PENDING_HUMAN_DESIGN,PENDING_HUMAN_DESIGN,PENDING_HUMAN_DESIGN,PENDING_HUMAN_SIGNOFF,2026-07-11T00:00:00+08:00,2026-08-10T10:15:00+08:00
LEGACY-API-0072,S02,GET,/admin/runtime-config,api.admin_runtime_config,admin_config,ai_crm_next,none,2,0,2,0,2026-07-13T14:06:52.241398+08:00,2026-07-13T14:44:36.908079+08:00,true,false,A,observed_production_traffic,normalized_unique_path,PENDING_HUMAN_DESIGN,PENDING_HUMAN_DESIGN,PENDING_HUMAN_DESIGN,PENDING_HUMAN_SIGNOFF,2026-07-11T00:00:00+08:00,2026-08-10T10:15:00+08:00
LEGACY-API-0073,S04,GET,/admin/service-period-products,api.admin_service_period_products_page,service_period,ai_crm_next,none,287,174,113,0,2026-07-11T12:25:25.698489+08:00,2026-08-09T23:16:54.219201+08:00,true,false,A,observed_production_traffic,structured_route_exact+normalized_unique_path,PENDING_HUMAN_DESIGN,PENDING_HUMAN_DESIGN,PENDING_HUMAN_DESIGN,PENDING_HUMAN_SIGNOFF,2026-07-11T00:00:00+08:00,2026-08-10T10:15:00+08:00
LEGACY-API-0074,S04,GET,/admin/service-period-products/new,api.admin_service_period_product_new_page,service_period,ai_crm_next,none,3,1,2,0,2026-07-13T14:08:21.085523+08:00,2026-07-30T20:58:53.856476+08:00,true,false,A,observed_production_traffic,structured_route_exact+normalized_unique_path,PENDING_HUMAN_DESIGN,PENDING_HUMAN_DESIGN,PENDING_HUMAN_DESIGN,PENDING_HUMAN_SIGNOFF,2026-07-11T00:00:00+08:00,2026-08-10T10:15:00+08:00
LEGACY-API-0075,S04,GET,/admin/service-period-products/{service_product_id}/data,api.admin_service_period_product_data_page,service_period,ai_crm_next,none,110,32,78,0,2026-07-11T01:03:27.102226+08:00,2026-08-09T00:45:18.429919+08:00,true,false,A,observed_production_traffic,structured_route_exact+normalized_unique_path,PENDING_HUMAN_DESIGN,PENDING_HUMAN_DESIGN,PENDING_HUMAN_DESIGN,PENDING_HUMAN_SIGNOFF,2026-07-11T00:00:00+08:00,2026-08-10T10:15:00+08:00
LEGACY-API-0076,S04,GET,/admin/service-period-products/{service_product_id}/edit,api.admin_service_period_product_edit_page,service_period,ai_crm_next,none,19,12,7,0,2026-07-13T14:08:38.013734+08:00,2026-08-07T17:49:24.335827+08:00,true,false,A,observed_production_traffic,structured_route_exact+normalized_unique_path,PENDING_HUMAN_DESIGN,PENDING_HUMAN_DESIGN,PENDING_HUMAN_DESIGN,PENDING_HUMAN_SIGNOFF,2026-07-11T00:00:00+08:00,2026-08-10T10:15:00+08:00
LEGACY-API-0077,S03,GET,/admin/user-ops,api.admin_user_ops,ops_enrollment,ai_crm_next,none,3,0,3,0,2026-07-13T14:07:56.980332+08:00,2026-07-13T17:56:06.353318+08:00,true,false,A,observed_production_traffic,normalized_unique_path,PENDING_HUMAN_DESIGN,PENDING_HUMAN_DESIGN,PENDING_HUMAN_DESIGN,PENDING_HUMAN_SIGNOFF,2026-07-11T00:00:00+08:00,2026-08-10T10:15:00+08:00
LEGACY-API-0078,S03,GET,/admin/user-ops/ui,api.admin_user_ops_ui,ops_enrollment,ai_crm_next,none,5,0,5,0,2026-07-13T14:07:28.898085+08:00,2026-07-13T17:56:02.838802+08:00,false,false,A,observed_production_traffic,normalized_unique_path,PENDING_HUMAN_DESIGN,PENDING_HUMAN_DESIGN,PENDING_HUMAN_DESIGN,PENDING_HUMAN_SIGNOFF,2026-07-11T00:00:00+08:00,2026-08-10T10:15:00+08:00
LEGACY-API-0079,S04,GET,/admin/wechat-pay/products,api.admin_wechat_pay_products_page,commerce,ai_crm_next,none,347,232,115,0,2026-07-11T12:25:26.249039+08:00,2026-08-09T23:16:54.121053+08:00,true,false,A,observed_production_traffic,structured_route_exact+normalized_unique_path,PENDING_HUMAN_DESIGN,PENDING_HUMAN_DESIGN,PENDING_HUMAN_DESIGN,PENDING_HUMAN_SIGNOFF,2026-07-11T00:00:00+08:00,2026-08-10T10:15:00+08:00
LEGACY-API-0080,S04,GET,/admin/wechat-pay/products/new,api.admin_wechat_pay_product_new_page,commerce,ai_crm_next,none,15,13,2,0,2026-07-13T14:08:19.725914+08:00,2026-08-07T23:42:39.538593+08:00,true,false,A,observed_production_traffic,structured_route_exact+normalized_unique_path,PENDING_HUMAN_DESIGN,PENDING_HUMAN_DESIGN,PENDING_HUMAN_DESIGN,PENDING_HUMAN_SIGNOFF,2026-07-11T00:00:00+08:00,2026-08-10T10:15:00+08:00
LEGACY-API-0081,S04,GET,/admin/wechat-pay/products/{product_id}/edit,api.admin_wechat_pay_product_edit_page,commerce,ai_crm_next,none,57,33,24,0,2026-07-13T14:08:47.764597+08:00,2026-08-07T23:43:56.291711+08:00,true,false,A,observed_production_traffic,structured_route_exact+normalized_unique_path,PENDING_HUMAN_DESIGN,PENDING_HUMAN_DESIGN,PENDING_HUMAN_DESIGN,PENDING_HUMAN_SIGNOFF,2026-07-11T00:00:00+08:00,2026-08-10T10:15:00+08:00
LEGACY-API-0082,S04,GET,/admin/wechat-pay/transactions,api.admin_wechat_pay_transactions_page,commerce,ai_crm_next,none,2,0,2,0,2026-07-13T14:08:22.282745+08:00,2026-07-13T14:45:11.168595+08:00,true,false,A,observed_production_traffic,normalized_unique_path,PENDING_HUMAN_DESIGN,PENDING_HUMAN_DESIGN,PENDING_HUMAN_DESIGN,PENDING_HUMAN_SIGNOFF,2026-07-11T00:00:00+08:00,2026-08-10T10:15:00+08:00
LEGACY-API-0083,S04,GET,/admin/wechat-pay/transactions/{order_id},api.admin_wechat_pay_transaction_detail_page,commerce,ai_crm_next,none,63,28,35,0,2026-07-12T12:20:08.978536+08:00,2026-08-09T15:53:47.247784+08:00,true,false,A,observed_production_traffic,structured_route_exact+normalized_unique_path,PENDING_HUMAN_DESIGN,PENDING_HUMAN_DESIGN,PENDING_HUMAN_DESIGN,PENDING_HUMAN_SIGNOFF,2026-07-11T00:00:00+08:00,2026-08-10T10:15:00+08:00
LEGACY-API-0084,S04,GET,/admin/wechat-shop/transactions,api.admin_wechat_shop_transactions_page,commerce,ai_crm_next,none,2,0,2,0,2026-07-13T14:08:23.574746+08:00,2026-07-13T14:45:18.235378+08:00,true,false,A,observed_production_traffic,normalized_unique_path,PENDING_HUMAN_DESIGN,PENDING_HUMAN_DESIGN,PENDING_HUMAN_DESIGN,PENDING_HUMAN_SIGNOFF,2026-07-11T00:00:00+08:00,2026-08-10T10:15:00+08:00
LEGACY-API-0085,S04,GET,/admin/wechat-shop/transactions/{order_id},api.admin_wechat_shop_transaction_detail_page,commerce,ai_crm_next,none,8,2,6,0,2026-07-12T13:27:17.367735+08:00,2026-08-07T08:48:38.942414+08:00,true,false,A,observed_production_traffic,structured_route_exact+normalized_unique_path,PENDING_HUMAN_DESIGN,PENDING_HUMAN_DESIGN,PENDING_HUMAN_DESIGN,PENDING_HUMAN_SIGNOFF,2026-07-11T00:00:00+08:00,2026-08-10T10:15:00+08:00
LEGACY-API-0086,S02,GET,/admin/wecom-tags,api.admin_wecom_tags_page,customer_tags,ai_crm_next,staging_disabled,276,170,106,0,2026-07-11T11:03:14.138812+08:00,2026-08-09T23:16:49.952868+08:00,true,false,A,observed_production_traffic,structured_route_exact+normalized_unique_path,PENDING_HUMAN_DESIGN,PENDING_HUMAN_DESIGN,PENDING_HUMAN_DESIGN,PENDING_HUMAN_SIGNOFF,2026-07-11T00:00:00+08:00,2026-08-10T10:15:00+08:00
LEGACY-API-0087,S04,GET,/api/admin/ai-assist/contract,ai_assist_contract,ai_assist,ai_crm_next,none,0,0,0,0,,,false,false,B,zero_observed_traffic_and_no_ui_reference,no_observed_match,PENDING_HUMAN_DESIGN,PENDING_HUMAN_DESIGN,PENDING_HUMAN_DESIGN,PENDING_HUMAN_SIGNOFF,2026-07-11T00:00:00+08:00,2026-08-10T10:15:00+08:00
LEGACY-API-0088,S04,POST,/api/admin/ai-assist/review-plans,create_admin_ai_assist_review_plan,ai_assist,ai_crm_next,none,1,0,1,0,2026-07-13T19:00:28.355779+08:00,2026-07-13T19:00:28.355779+08:00,false,false,A,observed_production_traffic,normalized_unique_path,PENDING_HUMAN_DESIGN,PENDING_HUMAN_DESIGN,PENDING_HUMAN_DESIGN,PENDING_HUMAN_SIGNOFF,2026-07-11T00:00:00+08:00,2026-08-10T10:15:00+08:00
LEGACY-API-0089,S03,GET,/api/admin/ai-audience/package-groups,api.admin_ai_audience_package_groups,ai_audience_ops,ai_crm_next,none,80,80,0,0,2026-08-01T15:24:07.762483+08:00,2026-08-09T21:50:29.561182+08:00,true,false,A,observed_production_traffic,structured_route_exact,PENDING_HUMAN_DESIGN,PENDING_HUMAN_DESIGN,PENDING_HUMAN_DESIGN,PENDING_HUMAN_SIGNOFF,2026-07-11T00:00:00+08:00,2026-08-10T10:15:00+08:00
LEGACY-API-0090,S03,POST,/api/admin/ai-audience/package-groups,api.admin_ai_audience_package_group_create,ai_audience_ops,ai_crm_next,none,1,1,0,0,2026-08-01T15:24:23.547249+08:00,2026-08-01T15:24:23.547249+08:00,true,false,A,observed_production_traffic,structured_route_exact,PENDING_HUMAN_DESIGN,PENDING_HUMAN_DESIGN,PENDING_HUMAN_DESIGN,PENDING_HUMAN_SIGNOFF,2026-07-11T00:00:00+08:00,2026-08-10T10:15:00+08:00
LEGACY-API-0091,S03,DELETE,/api/admin/ai-audience/package-groups/{group_id},api.admin_ai_audience_package_group_delete,ai_audience_ops,ai_crm_next,none,0,0,0,0,,,true,false,A,ui_referenced_with_zero_observed_traffic,no_observed_match,PENDING_HUMAN_DESIGN,PENDING_HUMAN_DESIGN,PENDING_HUMAN_DESIGN,PENDING_HUMAN_SIGNOFF,2026-07-11T00:00:00+08:00,2026-08-10T10:15:00+08:00
LEGACY-API-0092,S03,PATCH,/api/admin/ai-audience/package-groups/{group_id},api.admin_ai_audience_package_group_update,ai_audience_ops,ai_crm_next,none,0,0,0,0,,,true,false,A,ui_referenced_with_zero_observed_traffic,no_observed_match,PENDING_HUMAN_DESIGN,PENDING_HUMAN_DESIGN,PENDING_HUMAN_DESIGN,PENDING_HUMAN_SIGNOFF,2026-07-11T00:00:00+08:00,2026-08-10T10:15:00+08:00
LEGACY-API-0093,S03,GET,/api/admin/ai-audience/packages,api.admin_ai_audience_packages,ai_audience_ops,ai_crm_next,none,402,265,137,0,2026-07-11T11:03:39.733482+08:00,2026-08-09T23:16:53.206869+08:00,true,false,A,observed_production_traffic,structured_route_exact+normalized_unique_path,PENDING_HUMAN_DESIGN,PENDING_HUMAN_DESIGN,PENDING_HUMAN_DESIGN,PENDING_HUMAN_SIGNOFF,2026-07-11T00:00:00+08:00,2026-08-10T10:15:00+08:00
LEGACY-API-0094,S03,POST,/api/admin/ai-audience/packages,api.admin_ai_audience_package_create,ai_audience_ops,ai_crm_next,none,1,0,1,0,2026-07-13T18:05:22.033680+08:00,2026-07-13T18:05:22.033680+08:00,true,false,A,observed_production_traffic,normalized_unique_path,PENDING_HUMAN_DESIGN,PENDING_HUMAN_DESIGN,PENDING_HUMAN_DESIGN,PENDING_HUMAN_SIGNOFF,2026-07-11T00:00:00+08:00,2026-08-10T10:15:00+08:00
LEGACY-API-0095,S03,DELETE,/api/admin/ai-audience/packages/{package_id},api.admin_ai_audience_package_delete,ai_audience_ops,ai_crm_next,none,2,1,1,0,2026-07-13T18:09:28.746958+08:00,2026-08-01T11:24:14.955806+08:00,true,false,A,observed_production_traffic,structured_route_exact+normalized_unique_path,PENDING_HUMAN_DESIGN,PENDING_HUMAN_DESIGN,PENDING_HUMAN_DESIGN,PENDING_HUMAN_SIGNOFF,2026-07-11T00:00:00+08:00,2026-08-10T10:15:00+08:00
LEGACY-API-0096,S03,GET,/api/admin/ai-audience/packages/{package_id},api.admin_ai_audience_package_detail,ai_audience_ops,ai_crm_next,none,32,25,7,0,2026-07-12T16:12:37.961377+08:00,2026-08-03T16:30:50.814245+08:00,true,false,A,observed_production_traffic,structured_route_exact+normalized_unique_path,PENDING_HUMAN_DESIGN,PENDING_HUMAN_DESIGN,PENDING_HUMAN_DESIGN,PENDING_HUMAN_SIGNOFF,2026-07-11T00:00:00+08:00,2026-08-10T10:15:00+08:00
LEGACY-API-0097,S03,PATCH,/api/admin/ai-audience/packages/{package_id},api.admin_ai_audience_package_update,ai_audience_ops,ai_crm_next,none,3,3,0,0,2026-08-01T15:24:31.444445+08:00,2026-08-01T15:24:44.424669+08:00,true,false,A,observed_production_traffic,structured_route_exact,PENDING_HUMAN_DESIGN,PENDING_HUMAN_DESIGN,PENDING_HUMAN_DESIGN,PENDING_HUMAN_SIGNOFF,2026-07-11T00:00:00+08:00,2026-08-10T10:15:00+08:00
LEGACY-API-0098,S03,POST,/api/admin/ai-audience/packages/{package_id}/activate,api.admin_ai_audience_package_activate,ai_audience_ops,ai_crm_next,none,0,0,0,0,,,true,false,A,ui_referenced_with_zero_observed_traffic,no_observed_match,PENDING_HUMAN_DESIGN,PENDING_HUMAN_DESIGN,PENDING_HUMAN_DESIGN,PENDING_HUMAN_SIGNOFF,2026-07-11T00:00:00+08:00,2026-08-10T10:15:00+08:00
LEGACY-API-0099,S03,DELETE,/api/admin/ai-audience/packages/{package_id}/automation-binding,api.admin_ai_audience_package_automation_binding_delete,ai_audience_ops,ai_crm_next,none,0,0,0,0,,,true,false,A,ui_referenced_with_zero_observed_traffic,no_observed_match,PENDING_HUMAN_DESIGN,PENDING_HUMAN_DESIGN,PENDING_HUMAN_DESIGN,PENDING_HUMAN_SIGNOFF,2026-07-11T00:00:00+08:00,2026-08-10T10:15:00+08:00
LEGACY-API-0100,S03,GET,/api/admin/ai-audience/packages/{package_id}/automation-binding,api.admin_ai_audience_package_automation_binding,ai_audience_ops,ai_crm_next,none,16,16,0,0,2026-08-01T15:24:27.243344+08:00,2026-08-03T16:30:50.637760+08:00,true,false,A,observed_production_traffic,structured_route_exact,PENDING_HUMAN_DESIGN,PENDING_HUMAN_DESIGN,PENDING_HUMAN_DESIGN,PENDING_HUMAN_SIGNOFF,2026-07-11T00:00:00+08:00,2026-08-10T10:15:00+08:00
LEGACY-API-0101,S03,PUT,/api/admin/ai-audience/packages/{package_id}/automation-binding,api.admin_ai_audience_package_automation_binding_put,ai_audience_ops,ai_crm_next,none,1,1,0,0,2026-08-01T15:25:06.525690+08:00,2026-08-01T15:25:06.525690+08:00,true,false,A,observed_production_traffic,structured_route_exact,PENDING_HUMAN_DESIGN,PENDING_HUMAN_DESIGN,PENDING_HUMAN_DESIGN,PENDING_HUMAN_SIGNOFF,2026-07-11T00:00:00+08:00,2026-08-10T10:15:00+08:00
LEGACY-API-0102,S03,POST,/api/admin/ai-audience/packages/{package_id}/copy,api.admin_ai_audience_package_copy,ai_audience_ops,ai_crm_next,none,0,0,0,0,,,true,false,A,ui_referenced_with_zero_observed_traffic,no_observed_match,PENDING_HUMAN_DESIGN,PENDING_HUMAN_DESIGN,PENDING_HUMAN_DESIGN,PENDING_HUMAN_SIGNOFF,2026-07-11T00:00:00+08:00,2026-08-10T10:15:00+08:00
LEGACY-API-0103,S03,GET,/api/admin/ai-audience/packages/{package_id}/members,api.admin_ai_audience_package_members,ai_audience_ops,ai_crm_next,none,32,26,6,0,2026-07-12T16:13:06.564603+08:00,2026-08-03T16:30:50.672490+08:00,true,false,A,observed_production_traffic,structured_route_exact+normalized_unique_path,PENDING_HUMAN_DESIGN,PENDING_HUMAN_DESIGN,PENDING_HUMAN_DESIGN,PENDING_HUMAN_SIGNOFF,2026-07-11T00:00:00+08:00,2026-08-10T10:15:00+08:00
LEGACY-API-0104,S03,POST,/api/admin/ai-audience/packages/{package_id}/pause,api.admin_ai_audience_package_pause,ai_audience_ops,ai_crm_next,none,0,0,0,0,,,true,false,A,ui_referenced_with_zero_observed_traffic,no_observed_match,PENDING_HUMAN_DESIGN,PENDING_HUMAN_DESIGN,PENDING_HUMAN_DESIGN,PENDING_HUMAN_SIGNOFF,2026-07-11T00:00:00+08:00,2026-08-10T10:15:00+08:00
LEGACY-API-0105,S03,POST,/api/admin/ai-audience/packages/{package_id}/preview,api.admin_ai_audience_package_preview,ai_audience_ops,ai_crm_next,none,0,0,0,0,,,false,false,B,zero_observed_traffic_and_no_ui_reference,no_observed_match,PENDING_HUMAN_DESIGN,PENDING_HUMAN_DESIGN,PENDING_HUMAN_DESIGN,PENDING_HUMAN_SIGNOFF,2026-07-11T00:00:00+08:00,2026-08-10T10:15:00+08:00
LEGACY-API-0106,S03,POST,/api/admin/ai-audience/packages/{package_id}/publish,api.admin_ai_audience_package_publish,ai_audience_ops,ai_crm_next,none,0,0,0,0,,,false,false,B,zero_observed_traffic_and_no_ui_reference,no_observed_match,PENDING_HUMAN_DESIGN,PENDING_HUMAN_DESIGN,PENDING_HUMAN_DESIGN,PENDING_HUMAN_SIGNOFF,2026-07-11T00:00:00+08:00,2026-08-10T10:15:00+08:00
LEGACY-API-0107,S03,GET,/api/admin/ai-audience/packages/{package_id}/send-records,api.admin_ai_audience_package_send_records,ai_audience_ops,ai_crm_next,none,5,5,0,0,2026-08-01T18:18:28.792820+08:00,2026-08-03T16:30:51.719978+08:00,true,false,A,observed_production_traffic,structured_route_exact,PENDING_HUMAN_DESIGN,PENDING_HUMAN_DESIGN,PENDING_HUMAN_DESIGN,PENDING_HUMAN_SIGNOFF,2026-07-11T00:00:00+08:00,2026-08-10T10:15:00+08:00
LEGACY-API-0108,S03,GET,/api/admin/ai-audience/packages/{package_id}/send-records/{record_id},api.admin_ai_audience_package_send_record_detail,ai_audience_ops,ai_crm_next,none,1,1,0,0,2026-08-03T16:30:56.492261+08:00,2026-08-03T16:30:56.492261+08:00,true,false,A,observed_production_traffic,structured_route_exact,PENDING_HUMAN_DESIGN,PENDING_HUMAN_DESIGN,PENDING_HUMAN_DESIGN,PENDING_HUMAN_SIGNOFF,2026-07-11T00:00:00+08:00,2026-08-10T10:15:00+08:00
LEGACY-API-0109,S03,GET,/api/admin/ai-audience/packages/{package_id}/senders,api.admin_ai_audience_package_senders,ai_audience_ops,ai_crm_next,none,31,25,6,0,2026-07-12T16:12:38.127062+08:00,2026-08-03T16:30:50.634530+08:00,true,false,A,observed_production_traffic,structured_route_exact+normalized_unique_path,PENDING_HUMAN_DESIGN,PENDING_HUMAN_DESIGN,PENDING_HUMAN_DESIGN,PENDING_HUMAN_SIGNOFF,2026-07-11T00:00:00+08:00,2026-08-10T10:15:00+08:00
LEGACY-API-0110,S03,PUT,/api/admin/ai-audience/packages/{package_id}/senders,api.admin_ai_audience_package_senders_replace,ai_audience_ops,ai_crm_next,none,3,3,0,0,2026-07-31T08:32:20.124525+08:00,2026-07-31T09:14:32.949669+08:00,true,false,A,observed_production_traffic,structured_route_exact,PENDING_HUMAN_DESIGN,PENDING_HUMAN_DESIGN,PENDING_HUMAN_DESIGN,PENDING_HUMAN_SIGNOFF,2026-07-11T00:00:00+08:00,2026-08-10T10:15:00+08:00
LEGACY-API-0111,S03,PUT,/api/admin/ai-audience/packages/{package_id}/template-config,api.admin_ai_audience_package_template_config,ai_audience_ops,ai_crm_next,none,0,0,0,0,,,true,false,A,ui_referenced_with_zero_observed_traffic,no_observed_match,PENDING_HUMAN_DESIGN,PENDING_HUMAN_DESIGN,PENDING_HUMAN_DESIGN,PENDING_HUMAN_SIGNOFF,2026-07-11T00:00:00+08:00,2026-08-10T10:15:00+08:00
LEGACY-API-0112,S03,POST,/api/admin/ai-audience/packages/{package_id}/template-preview,api.admin_ai_audience_package_template_preview,ai_audience_ops,ai_crm_next,none,0,0,0,0,,,true,false,A,ui_referenced_with_zero_observed_traffic,no_observed_match,PENDING_HUMAN_DESIGN,PENDING_HUMAN_DESIGN,PENDING_HUMAN_DESIGN,PENDING_HUMAN_SIGNOFF,2026-07-11T00:00:00+08:00,2026-08-10T10:15:00+08:00
LEGACY-API-0113,S03,POST,/api/admin/ai-audience/packages/{package_id}/versions,api.admin_ai_audience_package_version_create,ai_audience_ops,ai_crm_next,none,0,0,0,0,,,false,false,B,zero_observed_traffic_and_no_ui_reference,no_observed_match,PENDING_HUMAN_DESIGN,PENDING_HUMAN_DESIGN,PENDING_HUMAN_DESIGN,PENDING_HUMAN_SIGNOFF,2026-07-11T00:00:00+08:00,2026-08-10T10:15:00+08:00
LEGACY-API-0114,S03,GET,/api/admin/ai-audience/packages/{package_id}/webhooks,api.admin_ai_audience_package_webhooks,ai_audience_ops,ai_crm_next,none,17,10,7,0,2026-07-12T16:12:37.939460+08:00,2026-08-01T11:32:04.454668+08:00,false,false,A,observed_production_traffic,structured_route_exact+normalized_unique_path,PENDING_HUMAN_DESIGN,PENDING_HUMAN_DESIGN,PENDING_HUMAN_DESIGN,PENDING_HUMAN_SIGNOFF,2026-07-11T00:00:00+08:00,2026-08-10T10:15:00+08:00
LEGACY-API-0115,S03,PATCH,/api/admin/ai-audience/packages/{package_id}/webhooks,api.admin_ai_audience_package_webhooks_update,ai_audience_ops,ai_crm_next,none,0,0,0,0,,,false,false,B,zero_observed_traffic_and_no_ui_reference,no_observed_match,PENDING_HUMAN_DESIGN,PENDING_HUMAN_DESIGN,PENDING_HUMAN_DESIGN,PENDING_HUMAN_SIGNOFF,2026-07-11T00:00:00+08:00,2026-08-10T10:15:00+08:00
LEGACY-API-0116,S03,GET,/api/admin/ai-audience/templates,api.admin_ai_audience_templates,ai_audience_ops,ai_crm_next,none,8,8,0,0,2026-08-03T13:59:10.184356+08:00,2026-08-03T16:30:50.631565+08:00,true,false,A,observed_production_traffic,structured_route_exact,PENDING_HUMAN_DESIGN,PENDING_HUMAN_DESIGN,PENDING_HUMAN_DESIGN,PENDING_HUMAN_SIGNOFF,2026-07-11T00:00:00+08:00,2026-08-10T10:15:00+08:00
LEGACY-API-0117,S04,GET,/api/admin/alipay/order-export.csv,deprecated_admin_alipay_paths,commerce,ai_crm_next,none,0,0,0,0,,,false,false,B,zero_observed_traffic_and_no_ui_reference,no_observed_match,PENDING_HUMAN_DESIGN,PENDING_HUMAN_DESIGN,PENDING_HUMAN_DESIGN,PENDING_HUMAN_SIGNOFF,2026-07-11T00:00:00+08:00,2026-08-10T10:15:00+08:00
LEGACY-API-0118,S04,GET,/api/admin/alipay/orders,deprecated_admin_alipay_paths,commerce,ai_crm_next,none,0,0,0,0,,,false,false,B,zero_observed_traffic_and_no_ui_reference,no_observed_match,PENDING_HUMAN_DESIGN,PENDING_HUMAN_DESIGN,PENDING_HUMAN_DESIGN,PENDING_HUMAN_SIGNOFF,2026-07-11T00:00:00+08:00,2026-08-10T10:15:00+08:00
LEGACY-API-0119,S04,GET,/api/admin/alipay/transactions,list_alipay_transactions,commerce,ai_crm_next,none,2,0,2,0,2026-07-13T14:08:24.974863+08:00,2026-07-13T14:45:19.373311+08:00,true,false,A,observed_production_traffic,normalized_unique_path,PENDING_HUMAN_DESIGN,PENDING_HUMAN_DESIGN,PENDING_HUMAN_DESIGN,PENDING_HUMAN_SIGNOFF,2026-07-11T00:00:00+08:00,2026-08-10T10:15:00+08:00
LEGACY-API-0120,S04,GET,/api/admin/alipay/transactions/{order_no},get_alipay_transaction,commerce,ai_crm_next,none,0,0,0,0,,,false,false,B,zero_observed_traffic_and_no_ui_reference,no_observed_match,PENDING_HUMAN_DESIGN,PENDING_HUMAN_DESIGN,PENDING_HUMAN_DESIGN,PENDING_HUMAN_SIGNOFF,2026-07-11T00:00:00+08:00,2026-08-10T10:15:00+08:00
LEGACY-API-0121,S04,"DELETE,GET,PATCH,POST,PUT",/api/admin/alipay/{path:path},admin_alipay_unknown,commerce,ai_crm_next,none,0,0,0,0,,,false,false,B,zero_observed_traffic_and_no_ui_reference,no_observed_match,PENDING_HUMAN_DESIGN,PENDING_HUMAN_DESIGN,PENDING_HUMAN_DESIGN,PENDING_HUMAN_SIGNOFF,2026-07-11T00:00:00+08:00,2026-08-10T10:15:00+08:00
LEGACY-API-0122,S04,OPTIONS,/api/admin/alipay/{path:path},admin_alipay_options,commerce,ai_crm_next,none,0,0,0,0,,,false,false,B,zero_observed_traffic_and_no_ui_reference,no_observed_match,PENDING_HUMAN_DESIGN,PENDING_HUMAN_DESIGN,PENDING_HUMAN_DESIGN,PENDING_HUMAN_SIGNOFF,2026-07-11T00:00:00+08:00,2026-08-10T10:15:00+08:00
LEGACY-API-0123,S04,GET,/api/admin/attachment-library,list_attachments,media_library,ai_crm_next,none,13,10,3,0,2026-07-13T14:02:25.695857+08:00,2026-08-05T09:50:52.584196+08:00,true,false,A,observed_production_traffic,structured_route_exact+normalized_unique_path,PENDING_HUMAN_DESIGN,PENDING_HUMAN_DESIGN,PENDING_HUMAN_DESIGN,PENDING_HUMAN_SIGNOFF,2026-07-11T00:00:00+08:00,2026-08-10T10:15:00+08:00
LEGACY-API-0124,S04,POST,/api/admin/attachment-library,create_attachment,media_library,ai_crm_next,none,0,0,0,0,,,true,false,A,ui_referenced_with_zero_observed_traffic,no_observed_match,PENDING_HUMAN_DESIGN,PENDING_HUMAN_DESIGN,PENDING_HUMAN_DESIGN,PENDING_HUMAN_SIGNOFF,2026-07-11T00:00:00+08:00,2026-08-10T10:15:00+08:00
LEGACY-API-0125,S04,POST,/api/admin/attachment-library/upload,upload_attachment,media_library,ai_crm_next,none,0,0,0,0,,,true,false,A,ui_referenced_with_zero_observed_traffic,no_observed_match,PENDING_HUMAN_DESIGN,PENDING_HUMAN_DESIGN,PENDING_HUMAN_DESIGN,PENDING_HUMAN_SIGNOFF,2026-07-11T00:00:00+08:00,2026-08-10T10:15:00+08:00
LEGACY-API-0126,S04,DELETE,/api/admin/attachment-library/{attachment_id},delete_attachment,media_library,ai_crm_next,none,0,0,0,0,,,true,false,A,ui_referenced_with_zero_observed_traffic,no_observed_match,PENDING_HUMAN_DESIGN,PENDING_HUMAN_DESIGN,PENDING_HUMAN_DESIGN,PENDING_HUMAN_SIGNOFF,2026-07-11T00:00:00+08:00,2026-08-10T10:15:00+08:00
LEGACY-API-0127,S04,GET,/api/admin/attachment-library/{attachment_id},get_attachment,media_library,ai_crm_next,none,0,0,0,0,,,true,false,A,ui_referenced_with_zero_observed_traffic,no_observed_match,PENDING_HUMAN_DESIGN,PENDING_HUMAN_DESIGN,PENDING_HUMAN_DESIGN,PENDING_HUMAN_SIGNOFF,2026-07-11T00:00:00+08:00,2026-08-10T10:15:00+08:00
LEGACY-API-0128,S04,PUT,/api/admin/attachment-library/{attachment_id},update_attachment,media_library,ai_crm_next,none,0,0,0,0,,,true,false,A,ui_referenced_with_zero_observed_traffic,no_observed_match,PENDING_HUMAN_DESIGN,PENDING_HUMAN_DESIGN,PENDING_HUMAN_DESIGN,PENDING_HUMAN_SIGNOFF,2026-07-11T00:00:00+08:00,2026-08-10T10:15:00+08:00
LEGACY-API-0129,S04,GET,/api/admin/automation-agents,api.admin_automation_agents,automation_agents,ai_crm_next,none,295,174,121,0,2026-07-11T11:03:39.760958+08:00,2026-08-09T23:16:53.222060+08:00,true,false,A,observed_production_traffic,structured_route_exact+normalized_unique_path,PENDING_HUMAN_DESIGN,PENDING_HUMAN_DESIGN,PENDING_HUMAN_DESIGN,PENDING_HUMAN_SIGNOFF,2026-07-11T00:00:00+08:00,2026-08-10T10:15:00+08:00
LEGACY-API-0130,S04,POST,/api/admin/automation-agents,api.admin_automation_agent_create,automation_agents,ai_crm_next,none,2,0,2,0,2026-07-13T20:14:14.155683+08:00,2026-07-13T20:14:28.582954+08:00,true,false,A,observed_production_traffic,normalized_unique_path,PENDING_HUMAN_DESIGN,PENDING_HUMAN_DESIGN,PENDING_HUMAN_DESIGN,PENDING_HUMAN_SIGNOFF,2026-07-11T00:00:00+08:00,2026-08-10T10:15:00+08:00
LEGACY-API-0131,S04,DELETE,/api/admin/automation-agents/{agent_id},api.admin_automation_agent_delete,automation_agents,ai_crm_next,none,2,0,2,0,2026-07-13T20:17:19.321717+08:00,2026-07-13T20:17:35.674812+08:00,true,false,A,observed_production_traffic,normalized_unique_path,PENDING_HUMAN_DESIGN,PENDING_HUMAN_DESIGN,PENDING_HUMAN_DESIGN,PENDING_HUMAN_SIGNOFF,2026-07-11T00:00:00+08:00,2026-08-10T10:15:00+08:00
LEGACY-API-0132,S04,GET,/api/admin/automation-agents/{agent_id},api.admin_automation_agent_detail,automation_agents,ai_crm_next,none,16,7,9,0,2026-07-13T14:16:39.881293+08:00,2026-08-03T16:31:56.549814+08:00,true,false,A,observed_production_traffic,structured_route_exact+normalized_unique_path,PENDING_HUMAN_DESIGN,PENDING_HUMAN_DESIGN,PENDING_HUMAN_DESIGN,PENDING_HUMAN_SIGNOFF,2026-07-11T00:00:00+08:00,2026-08-10T10:15:00+08:00
LEGACY-API-0133,S04,PATCH,/api/admin/automation-agents/{agent_id},api.admin_automation_agent_update,automation_agents,ai_crm_next,none,2,0,2,0,2026-07-13T14:18:11.549310+08:00,2026-07-13T14:18:32.607533+08:00,true,false,A,observed_production_traffic,normalized_unique_path,PENDING_HUMAN_DESIGN,PENDING_HUMAN_DESIGN,PENDING_HUMAN_DESIGN,PENDING_HUMAN_SIGNOFF,2026-07-11T00:00:00+08:00,2026-08-10T10:15:00+08:00
LEGACY-API-0134,S04,POST,/api/admin/automation-agents/{agent_id}/activate,api.admin_automation_agent_activate,automation_agents,ai_crm_next,none,0,0,0,0,,,true,false,A,ui_referenced_with_zero_observed_traffic,no_observed_match,PENDING_HUMAN_DESIGN,PENDING_HUMAN_DESIGN,PENDING_HUMAN_DESIGN,PENDING_HUMAN_SIGNOFF,2026-07-11T00:00:00+08:00,2026-08-10T10:15:00+08:00
LEGACY-API-0135,S04,POST,/api/admin/automation-agents/{agent_id}/copy,api.admin_automation_agent_copy,automation_agents,ai_crm_next,none,0,0,0,0,,,true,false,A,ui_referenced_with_zero_observed_traffic,no_observed_match,PENDING_HUMAN_DESIGN,PENDING_HUMAN_DESIGN,PENDING_HUMAN_DESIGN,PENDING_HUMAN_SIGNOFF,2026-07-11T00:00:00+08:00,2026-08-10T10:15:00+08:00
LEGACY-API-0136,S04,PUT,/api/admin/automation-agents/{agent_id}/fixed-content,api.admin_automation_agent_fixed_content,automation_agents,ai_crm_next,none,0,0,0,0,,,true,false,A,ui_referenced_with_zero_observed_traffic,no_observed_match,PENDING_HUMAN_DESIGN,PENDING_HUMAN_DESIGN,PENDING_HUMAN_DESIGN,PENDING_HUMAN_SIGNOFF,2026-07-11T00:00:00+08:00,2026-08-10T10:15:00+08:00
LEGACY-API-0137,S04,POST,/api/admin/automation-agents/{agent_id}/pause,api.admin_automation_agent_pause,automation_agents,ai_crm_next,none,0,0,0,0,,,true,false,A,ui_referenced_with_zero_observed_traffic,no_observed_match,PENDING_HUMAN_DESIGN,PENDING_HUMAN_DESIGN,PENDING_HUMAN_DESIGN,PENDING_HUMAN_SIGNOFF,2026-07-11T00:00:00+08:00,2026-08-10T10:15:00+08:00
LEGACY-API-0138,S04,POST,/api/admin/automation-agents/{agent_id}/publish,api.admin_automation_agent_publish,automation_agents,ai_crm_next,none,0,0,0,0,,,true,false,A,ui_referenced_with_zero_observed_traffic,no_observed_match,PENDING_HUMAN_DESIGN,PENDING_HUMAN_DESIGN,PENDING_HUMAN_DESIGN,PENDING_HUMAN_SIGNOFF,2026-07-11T00:00:00+08:00,2026-08-10T10:15:00+08:00
LEGACY-API-0139,S04,GET,/api/admin/automation-conversion/agent-outputs,list_agent_outputs,automation_engine,ai_crm_next,none,0,0,0,0,,,false,false,B,zero_observed_traffic_and_no_ui_reference,no_observed_match,PENDING_HUMAN_DESIGN,PENDING_HUMAN_DESIGN,PENDING_HUMAN_DESIGN,PENDING_HUMAN_SIGNOFF,2026-07-11T00:00:00+08:00,2026-08-10T10:15:00+08:00
LEGACY-API-0140,S04,GET,/api/admin/automation-conversion/agent-outputs/{output_id},get_agent_output_detail,automation_engine,ai_crm_next,none,0,0,0,0,,,false,false,B,zero_observed_traffic_and_no_ui_reference,no_observed_match,PENDING_HUMAN_DESIGN,PENDING_HUMAN_DESIGN,PENDING_HUMAN_DESIGN,PENDING_HUMAN_SIGNOFF,2026-07-11T00:00:00+08:00,2026-08-10T10:15:00+08:00
LEGACY-API-0141,S04,GET,/api/admin/automation-conversion/agent-runs,list_agent_runs,automation_engine,ai_crm_next,none,0,0,0,0,,,false,false,B,zero_observed_traffic_and_no_ui_reference,no_observed_match,PENDING_HUMAN_DESIGN,PENDING_HUMAN_DESIGN,PENDING_HUMAN_DESIGN,PENDING_HUMAN_SIGNOFF,2026-07-11T00:00:00+08:00,2026-08-10T10:15:00+08:00
LEGACY-API-0142,S04,GET,/api/admin/automation-conversion/agent-runs/{run_id},get_agent_run_detail,automation_engine,ai_crm_next,none,0,0,0,0,,,false,false,B,zero_observed_traffic_and_no_ui_reference,no_observed_match,PENDING_HUMAN_DESIGN,PENDING_HUMAN_DESIGN,PENDING_HUMAN_DESIGN,PENDING_HUMAN_SIGNOFF,2026-07-11T00:00:00+08:00,2026-08-10T10:15:00+08:00
LEGACY-API-0143,S04,GET,/api/admin/automation-conversion/agents,list_agents,automation_engine,ai_crm_next,none,0,0,0,0,,,false,false,B,zero_observed_traffic_and_no_ui_reference,no_observed_match,PENDING_HUMAN_DESIGN,PENDING_HUMAN_DESIGN,PENDING_HUMAN_DESIGN,PENDING_HUMAN_SIGNOFF,2026-07-11T00:00:00+08:00,2026-08-10T10:15:00+08:00
LEGACY-API-0144,S04,POST,/api/admin/automation-conversion/agents,create_agent,automation_engine,ai_crm_next,none,0,0,0,0,,,false,false,B,zero_observed_traffic_and_no_ui_reference,no_observed_match,PENDING_HUMAN_DESIGN,PENDING_HUMAN_DESIGN,PENDING_HUMAN_DESIGN,PENDING_HUMAN_SIGNOFF,2026-07-11T00:00:00+08:00,2026-08-10T10:15:00+08:00
LEGACY-API-0145,S04,GET,/api/admin/automation-conversion/agents/options,agent_options,automation_engine,ai_crm_next,none,0,0,0,0,,,false,false,B,zero_observed_traffic_and_no_ui_reference,no_observed_match,PENDING_HUMAN_DESIGN,PENDING_HUMAN_DESIGN,PENDING_HUMAN_DESIGN,PENDING_HUMAN_SIGNOFF,2026-07-11T00:00:00+08:00,2026-08-10T10:15:00+08:00
LEGACY-API-0146,S03,GET,/api/admin/automation-conversion/group-ops/audience-rules,list_audience_rules,automation_engine,ai_crm_next,none,0,0,0,0,,,false,false,B,zero_observed_traffic_and_no_ui_reference,no_observed_match,PENDING_HUMAN_DESIGN,PENDING_HUMAN_DESIGN,PENDING_HUMAN_DESIGN,PENDING_HUMAN_SIGNOFF,2026-07-11T00:00:00+08:00,2026-08-10T10:15:00+08:00
LEGACY-API-0147,S03,POST,/api/admin/automation-conversion/group-ops/audience-rules,create_audience_rule,automation_engine,ai_crm_next,none,0,0,0,0,,,false,false,B,zero_observed_traffic_and_no_ui_reference,no_observed_match,PENDING_HUMAN_DESIGN,PENDING_HUMAN_DESIGN,PENDING_HUMAN_DESIGN,PENDING_HUMAN_SIGNOFF,2026-07-11T00:00:00+08:00,2026-08-10T10:15:00+08:00
LEGACY-API-0148,S03,POST,/api/admin/automation-conversion/group-ops/audience-rules/{rule_key}/preview,preview_audience_rule,automation_engine,ai_crm_next,none,0,0,0,0,,,false,false,B,zero_observed_traffic_and_no_ui_reference,no_observed_match,PENDING_HUMAN_DESIGN,PENDING_HUMAN_DESIGN,PENDING_HUMAN_DESIGN,PENDING_HUMAN_SIGNOFF,2026-07-11T00:00:00+08:00,2026-08-10T10:15:00+08:00
LEGACY-API-0149,S03,POST,/api/admin/automation-conversion/group-ops/audience-rules/{rule_key}/refresh,refresh_audience_rule,automation_engine,ai_crm_next,none,0,0,0,0,,,false,false,B,zero_observed_traffic_and_no_ui_reference,no_observed_match,PENDING_HUMAN_DESIGN,PENDING_HUMAN_DESIGN,PENDING_HUMAN_DESIGN,PENDING_HUMAN_SIGNOFF,2026-07-11T00:00:00+08:00,2026-08-10T10:15:00+08:00
LEGACY-API-0150,S03,GET,/api/admin/automation-conversion/group-ops/audience-rules/{rule_key}/results,get_audience_rule_results,automation_engine,ai_crm_next,none,0,0,0,0,,,false,false,B,zero_observed_traffic_and_no_ui_reference,no_observed_match,PENDING_HUMAN_DESIGN,PENDING_HUMAN_DESIGN,PENDING_HUMAN_DESIGN,PENDING_HUMAN_SIGNOFF,2026-07-11T00:00:00+08:00,2026-08-10T10:15:00+08:00
LEGACY-API-0151,S03,POST,/api/admin/automation-conversion/group-ops/audience-rules/{rule_key}/versions,create_audience_rule_version,automation_engine,ai_crm_next,none,0,0,0,0,,,false,false,B,zero_observed_traffic_and_no_ui_reference,no_observed_match,PENDING_HUMAN_DESIGN,PENDING_HUMAN_DESIGN,PENDING_HUMAN_DESIGN,PENDING_HUMAN_SIGNOFF,2026-07-11T00:00:00+08:00,2026-08-10T10:15:00+08:00
LEGACY-API-0152,S03,GET,/api/admin/automation-conversion/group-ops/group-picker,list_group_chat_picker,automation_engine,ai_crm_next,none,9,7,2,0,2026-07-22T19:16:29.064893+08:00,2026-08-05T23:26:52.551845+08:00,true,false,A,observed_production_traffic,structured_route_exact+normalized_unique_path,PENDING_HUMAN_DESIGN,PENDING_HUMAN_DESIGN,PENDING_HUMAN_DESIGN,PENDING_HUMAN_SIGNOFF,2026-07-11T00:00:00+08:00,2026-08-10T10:15:00+08:00
LEGACY-API-0153,S03,POST,/api/admin/automation-conversion/group-ops/group-picker/sync,sync_group_chat_picker,automation_engine,ai_crm_next,none,6,4,2,0,2026-07-22T19:16:52.267814+08:00,2026-08-05T23:26:06.884603+08:00,true,false,A,observed_production_traffic,structured_route_exact+normalized_unique_path,PENDING_HUMAN_DESIGN,PENDING_HUMAN_DESIGN,PENDING_HUMAN_DESIGN,PENDING_HUMAN_SIGNOFF,2026-07-11T00:00:00+08:00,2026-08-10T10:15:00+08:00
LEGACY-API-0154,S03,GET,/api/admin/automation-conversion/group-ops/groups,list_group_ops_groups,automation_engine,ai_crm_next,none,255,144,111,0,2026-07-11T11:03:39.665336+08:00,2026-08-09T23:16:52.950862+08:00,true,false,A,observed_production_traffic,structured_route_exact+normalized_unique_path,PENDING_HUMAN_DESIGN,PENDING_HUMAN_DESIGN,PENDING_HUMAN_DESIGN,PENDING_HUMAN_SIGNOFF,2026-07-11T00:00:00+08:00,2026-08-10T10:15:00+08:00
LEGACY-API-0155,S03,POST,/api/admin/automation-conversion/group-ops/groups/sync,sync_group_ops_groups,automation_engine,ai_crm_next,none,0,0,0,0,,,true,false,A,ui_referenced_with_zero_observed_traffic,no_observed_match,PENDING_HUMAN_DESIGN,PENDING_HUMAN_DESIGN,PENDING_HUMAN_DESIGN,PENDING_HUMAN_SIGNOFF,2026-07-11T00:00:00+08:00,2026-08-10T10:15:00+08:00
LEGACY-API-0156,S03,POST,/api/admin/automation-conversion/group-ops/groups/sync/preview,preview_group_ops_groups_sync,automation_engine,ai_crm_next,none,0,0,0,0,,,false,false,B,zero_observed_traffic_and_no_ui_reference,no_observed_match,PENDING_HUMAN_DESIGN,PENDING_HUMAN_DESIGN,PENDING_HUMAN_DESIGN,PENDING_HUMAN_SIGNOFF,2026-07-11T00:00:00+08:00,2026-08-10T10:15:00+08:00
LEGACY-API-0157,S03,GET,/api/admin/automation-conversion/group-ops/owners,list_group_ops_owners,automation_engine,ai_crm_next,none,0,0,0,0,,,false,false,B,zero_observed_traffic_and_no_ui_reference,no_observed_match,PENDING_HUMAN_DESIGN,PENDING_HUMAN_DESIGN,PENDING_HUMAN_DESIGN,PENDING_HUMAN_SIGNOFF,2026-07-11T00:00:00+08:00,2026-08-10T10:15:00+08:00
LEGACY-API-0158,S03,GET,/api/admin/automation-conversion/group-ops/plans,list_group_ops_plans,automation_engine,ai_crm_next,none,292,181,111,0,2026-07-11T11:03:39.647289+08:00,2026-08-09T23:16:52.935459+08:00,true,false,A,observed_production_traffic,structured_route_exact+normalized_unique_path,PENDING_HUMAN_DESIGN,PENDING_HUMAN_DESIGN,PENDING_HUMAN_DESIGN,PENDING_HUMAN_SIGNOFF,2026-07-11T00:00:00+08:00,2026-08-10T10:15:00+08:00
LEGACY-API-0159,S03,POST,/api/admin/automation-conversion/group-ops/plans,create_group_ops_plan,automation_engine,ai_crm_next,none,0,0,0,0,,,true,false,A,ui_referenced_with_zero_observed_traffic,no_observed_match,PENDING_HUMAN_DESIGN,PENDING_HUMAN_DESIGN,PENDING_HUMAN_DESIGN,PENDING_HUMAN_SIGNOFF,2026-07-11T00:00:00+08:00,2026-08-10T10:15:00+08:00
LEGACY-API-0160,S03,DELETE,/api/admin/automation-conversion/group-ops/plans/{plan_id},archive_group_ops_plan,automation_engine,ai_crm_next,none,0,0,0,0,,,true,false,A,ui_referenced_with_zero_observed_traffic,no_observed_match,PENDING_HUMAN_DESIGN,PENDING_HUMAN_DESIGN,PENDING_HUMAN_DESIGN,PENDING_HUMAN_SIGNOFF,2026-07-11T00:00:00+08:00,2026-08-10T10:15:00+08:00
LEGACY-API-0161,S03,GET,/api/admin/automation-conversion/group-ops/plans/{plan_id},get_group_ops_plan,automation_engine,ai_crm_next,none,6,3,3,0,2026-07-13T14:04:25.425171+08:00,2026-08-04T11:34:51.557840+08:00,true,false,A,observed_production_traffic,structured_route_exact+normalized_unique_path,PENDING_HUMAN_DESIGN,PENDING_HUMAN_DESIGN,PENDING_HUMAN_DESIGN,PENDING_HUMAN_SIGNOFF,2026-07-11T00:00:00+08:00,2026-08-10T10:15:00+08:00
LEGACY-API-0162,S03,PUT,/api/admin/automation-conversion/group-ops/plans/{plan_id},update_group_ops_plan,automation_engine,ai_crm_next,none,0,0,0,0,,,true,false,A,ui_referenced_with_zero_observed_traffic,no_observed_match,PENDING_HUMAN_DESIGN,PENDING_HUMAN_DESIGN,PENDING_HUMAN_DESIGN,PENDING_HUMAN_SIGNOFF,2026-07-11T00:00:00+08:00,2026-08-10T10:15:00+08:00
LEGACY-API-0163,S03,POST,/api/admin/automation-conversion/group-ops/plans/{plan_id}/disable,disable_group_ops_plan,automation_engine,ai_crm_next,none,0,0,0,0,,,true,false,A,ui_referenced_with_zero_observed_traffic,no_observed_match,PENDING_HUMAN_DESIGN,PENDING_HUMAN_DESIGN,PENDING_HUMAN_DESIGN,PENDING_HUMAN_SIGNOFF,2026-07-11T00:00:00+08:00,2026-08-10T10:15:00+08:00
LEGACY-API-0164,S03,POST,/api/admin/automation-conversion/group-ops/plans/{plan_id}/enable,enable_group_ops_plan,automation_engine,ai_crm_next,none,0,0,0,0,,,true,false,A,ui_referenced_with_zero_observed_traffic,no_observed_match,PENDING_HUMAN_DESIGN,PENDING_HUMAN_DESIGN,PENDING_HUMAN_DESIGN,PENDING_HUMAN_SIGNOFF,2026-07-11T00:00:00+08:00,2026-08-10T10:15:00+08:00
LEGACY-API-0165,S03,GET,/api/admin/automation-conversion/group-ops/plans/{plan_id}/executions,list_group_ops_executions,automation_engine,ai_crm_next,none,0,0,0,0,,,false,false,B,zero_observed_traffic_and_no_ui_reference,no_observed_match,PENDING_HUMAN_DESIGN,PENDING_HUMAN_DESIGN,PENDING_HUMAN_DESIGN,PENDING_HUMAN_SIGNOFF,2026-07-11T00:00:00+08:00,2026-08-10T10:15:00+08:00
LEGACY-API-0166,S03,GET,/api/admin/automation-conversion/group-ops/plans/{plan_id}/groups,list_group_ops_plan_groups,automation_engine,ai_crm_next,none,6,3,3,0,2026-07-13T14:04:25.402220+08:00,2026-08-04T11:34:51.547929+08:00,true,false,A,observed_production_traffic,structured_route_exact+normalized_unique_path,PENDING_HUMAN_DESIGN,PENDING_HUMAN_DESIGN,PENDING_HUMAN_DESIGN,PENDING_HUMAN_SIGNOFF,2026-07-11T00:00:00+08:00,2026-08-10T10:15:00+08:00
LEGACY-API-0167,S03,POST,/api/admin/automation-conversion/group-ops/plans/{plan_id}/groups,add_group_ops_plan_group,automation_engine,ai_crm_next,none,0,0,0,0,,,true,false,A,ui_referenced_with_zero_observed_traffic,no_observed_match,PENDING_HUMAN_DESIGN,PENDING_HUMAN_DESIGN,PENDING_HUMAN_DESIGN,PENDING_HUMAN_SIGNOFF,2026-07-11T00:00:00+08:00,2026-08-10T10:15:00+08:00
LEGACY-API-0168,S03,DELETE,/api/admin/automation-conversion/group-ops/plans/{plan_id}/groups/{chat_id},remove_group_ops_plan_group,automation_engine,ai_crm_next,none,0,0,0,0,,,true,false,A,ui_referenced_with_zero_observed_traffic,no_observed_match,PENDING_HUMAN_DESIGN,PENDING_HUMAN_DESIGN,PENDING_HUMAN_DESIGN,PENDING_HUMAN_SIGNOFF,2026-07-11T00:00:00+08:00,2026-08-10T10:15:00+08:00
LEGACY-API-0169,S03,GET,/api/admin/automation-conversion/group-ops/plans/{plan_id}/members,list_group_ops_members,automation_engine,ai_crm_next,none,0,0,0,0,,,false,false,B,zero_observed_traffic_and_no_ui_reference,no_observed_match,PENDING_HUMAN_DESIGN,PENDING_HUMAN_DESIGN,PENDING_HUMAN_DESIGN,PENDING_HUMAN_SIGNOFF,2026-07-11T00:00:00+08:00,2026-08-10T10:15:00+08:00
LEGACY-API-0170,S03,POST,/api/admin/automation-conversion/group-ops/plans/{plan_id}/members/import,import_group_ops_members,automation_engine,ai_crm_next,none,0,0,0,0,,,false,false,B,zero_observed_traffic_and_no_ui_reference,no_observed_match,PENDING_HUMAN_DESIGN,PENDING_HUMAN_DESIGN,PENDING_HUMAN_DESIGN,PENDING_HUMAN_SIGNOFF,2026-07-11T00:00:00+08:00,2026-08-10T10:15:00+08:00
LEGACY-API-0171,S03,POST,/api/admin/automation-conversion/group-ops/plans/{plan_id}/members/refresh-from-groups,refresh_group_ops_members_from_groups,automation_engine,ai_crm_next,none,0,0,0,0,,,false,false,B,zero_observed_traffic_and_no_ui_reference,no_observed_match,PENDING_HUMAN_DESIGN,PENDING_HUMAN_DESIGN,PENDING_HUMAN_DESIGN,PENDING_HUMAN_SIGNOFF,2026-07-11T00:00:00+08:00,2026-08-10T10:15:00+08:00
LEGACY-API-0172,S03,GET,/api/admin/automation-conversion/group-ops/plans/{plan_id}/nodes,list_group_ops_nodes,automation_engine,ai_crm_next,none,0,0,0,0,,,true,false,A,ui_referenced_with_zero_observed_traffic,no_observed_match,PENDING_HUMAN_DESIGN,PENDING_HUMAN_DESIGN,PENDING_HUMAN_DESIGN,PENDING_HUMAN_SIGNOFF,2026-07-11T00:00:00+08:00,2026-08-10T10:15:00+08:00
LEGACY-API-0173,S03,POST,/api/admin/automation-conversion/group-ops/plans/{plan_id}/nodes,create_group_ops_node,automation_engine,ai_crm_next,none,0,0,0,0,,,true,false,A,ui_referenced_with_zero_observed_traffic,no_observed_match,PENDING_HUMAN_DESIGN,PENDING_HUMAN_DESIGN,PENDING_HUMAN_DESIGN,PENDING_HUMAN_SIGNOFF,2026-07-11T00:00:00+08:00,2026-08-10T10:15:00+08:00
LEGACY-API-0174,S03,DELETE,/api/admin/automation-conversion/group-ops/plans/{plan_id}/nodes/{node_id},delete_group_ops_node,automation_engine,ai_crm_next,none,0,0,0,0,,,true,false,A,ui_referenced_with_zero_observed_traffic,no_observed_match,PENDING_HUMAN_DESIGN,PENDING_HUMAN_DESIGN,PENDING_HUMAN_DESIGN,PENDING_HUMAN_SIGNOFF,2026-07-11T00:00:00+08:00,2026-08-10T10:15:00+08:00
LEGACY-API-0175,S03,PUT,/api/admin/automation-conversion/group-ops/plans/{plan_id}/nodes/{node_id},update_group_ops_node,automation_engine,ai_crm_next,none,0,0,0,0,,,true,false,A,ui_referenced_with_zero_observed_traffic,no_observed_match,PENDING_HUMAN_DESIGN,PENDING_HUMAN_DESIGN,PENDING_HUMAN_DESIGN,PENDING_HUMAN_SIGNOFF,2026-07-11T00:00:00+08:00,2026-08-10T10:15:00+08:00
LEGACY-API-0176,S03,POST,/api/admin/automation-conversion/group-ops/plans/{plan_id}/run-due,run_group_ops_plan_due,automation_engine,ai_crm_next,none,0,0,0,0,,,true,false,A,ui_referenced_with_zero_observed_traffic,no_observed_match,PENDING_HUMAN_DESIGN,PENDING_HUMAN_DESIGN,PENDING_HUMAN_DESIGN,PENDING_HUMAN_SIGNOFF,2026-07-11T00:00:00+08:00,2026-08-10T10:15:00+08:00
LEGACY-API-0177,S03,POST,/api/admin/automation-conversion/group-ops/plans/{plan_id}/run-due/preview,preview_group_ops_plan_run_due,automation_engine,ai_crm_next,none,0,0,0,0,,,true,false,A,ui_referenced_with_zero_observed_traffic,no_observed_match,PENDING_HUMAN_DESIGN,PENDING_HUMAN_DESIGN,PENDING_HUMAN_DESIGN,PENDING_HUMAN_SIGNOFF,2026-07-11T00:00:00+08:00,2026-08-10T10:15:00+08:00
LEGACY-API-0178,S03,PUT,/api/admin/automation-conversion/group-ops/plans/{plan_id}/segmentation,save_group_ops_segmentation,automation_engine,ai_crm_next,none,0,0,0,0,,,false,false,B,zero_observed_traffic_and_no_ui_reference,no_observed_match,PENDING_HUMAN_DESIGN,PENDING_HUMAN_DESIGN,PENDING_HUMAN_DESIGN,PENDING_HUMAN_SIGNOFF,2026-07-11T00:00:00+08:00,2026-08-10T10:15:00+08:00
LEGACY-API-0179,S03,POST,/api/admin/automation-conversion/group-ops/plans/{plan_id}/segmentation/preview,preview_group_ops_segmentation,automation_engine,ai_crm_next,none,0,0,0,0,,,false,false,B,zero_observed_traffic_and_no_ui_reference,no_observed_match,PENDING_HUMAN_DESIGN,PENDING_HUMAN_DESIGN,PENDING_HUMAN_DESIGN,PENDING_HUMAN_SIGNOFF,2026-07-11T00:00:00+08:00,2026-08-10T10:15:00+08:00
LEGACY-API-0180,S03,GET,/api/admin/automation-conversion/group-ops/plans/{plan_id}/webhook,get_group_ops_webhook_config,automation_engine,ai_crm_next,none,6,3,3,0,2026-07-13T14:04:25.513669+08:00,2026-08-04T11:34:52.304624+08:00,true,false,A,observed_production_traffic,structured_route_exact+normalized_unique_path,PENDING_HUMAN_DESIGN,PENDING_HUMAN_DESIGN,PENDING_HUMAN_DESIGN,PENDING_HUMAN_SIGNOFF,2026-07-11T00:00:00+08:00,2026-08-10T10:15:00+08:00
LEGACY-API-0181,S02,GET,/api/admin/broadcast-jobs,api_admin_broadcast_jobs,admin_jobs,ai_crm_next,none,4,0,4,0,2026-07-13T18:00:04.501558+08:00,2026-07-14T15:59:33.603109+08:00,false,false,A,observed_production_traffic,normalized_unique_path,PENDING_HUMAN_DESIGN,PENDING_HUMAN_DESIGN,PENDING_HUMAN_DESIGN,PENDING_HUMAN_SIGNOFF,2026-07-11T00:00:00+08:00,2026-08-10T10:15:00+08:00
LEGACY-API-0182,S02,POST,/api/admin/broadcast-jobs/feishu-hourly-report/run,api_admin_broadcast_jobs_feishu_hourly_report_run,admin_jobs,ai_crm_next,none,0,0,0,0,,,true,false,A,ui_referenced_with_zero_observed_traffic,no_observed_match,PENDING_HUMAN_DESIGN,PENDING_HUMAN_DESIGN,PENDING_HUMAN_DESIGN,PENDING_HUMAN_SIGNOFF,2026-07-11T00:00:00+08:00,2026-08-10T10:15:00+08:00
LEGACY-API-0183,S02,GET,/api/admin/broadcast-jobs/notification-settings/feishu,api_admin_broadcast_jobs_feishu_notification_settings,admin_jobs,ai_crm_next,none,1,1,0,0,2026-08-01T12:50:56.795620+08:00,2026-08-01T12:50:56.795620+08:00,false,false,A,observed_production_traffic,structured_route_exact,PENDING_HUMAN_DESIGN,PENDING_HUMAN_DESIGN,PENDING_HUMAN_DESIGN,PENDING_HUMAN_SIGNOFF,2026-07-11T00:00:00+08:00,2026-08-10T10:15:00+08:00
LEGACY-API-0184,S02,PUT,/api/admin/broadcast-jobs/notification-settings/feishu,api_admin_broadcast_jobs_save_feishu_notification_settings,admin_jobs,ai_crm_next,none,0,0,0,0,,,false,false,B,zero_observed_traffic_and_no_ui_reference,no_observed_match,PENDING_HUMAN_DESIGN,PENDING_HUMAN_DESIGN,PENDING_HUMAN_DESIGN,PENDING_HUMAN_SIGNOFF,2026-07-11T00:00:00+08:00,2026-08-10T10:15:00+08:00
LEGACY-API-0185,S02,POST,/api/admin/broadcast-jobs/notification-settings/feishu/validate,api_admin_broadcast_jobs_validate_feishu_notification_settings,admin_jobs,ai_crm_next,none,0,0,0,0,,,true,false,A,ui_referenced_with_zero_observed_traffic,no_observed_match,PENDING_HUMAN_DESIGN,PENDING_HUMAN_DESIGN,PENDING_HUMAN_DESIGN,PENDING_HUMAN_SIGNOFF,2026-07-11T00:00:00+08:00,2026-08-10T10:15:00+08:00
LEGACY-API-0186,S02,GET,/api/admin/broadcast-jobs/{job_id},api_admin_broadcast_job_detail,admin_jobs,ai_crm_next,none,0,0,0,0,,,false,false,B,zero_observed_traffic_and_no_ui_reference,no_observed_match,PENDING_HUMAN_DESIGN,PENDING_HUMAN_DESIGN,PENDING_HUMAN_DESIGN,PENDING_HUMAN_SIGNOFF,2026-07-11T00:00:00+08:00,2026-08-10T10:15:00+08:00
LEGACY-API-0187,S02,POST,/api/admin/broadcast-jobs/{job_id}/approve,api_admin_broadcast_jobs_approve,admin_jobs,ai_crm_next,none,0,0,0,0,,,false,false,B,zero_observed_traffic_and_no_ui_reference,no_observed_match,PENDING_HUMAN_DESIGN,PENDING_HUMAN_DESIGN,PENDING_HUMAN_DESIGN,PENDING_HUMAN_SIGNOFF,2026-07-11T00:00:00+08:00,2026-08-10T10:15:00+08:00
LEGACY-API-0188,S02,POST,/api/admin/broadcast-jobs/{job_id}/cancel,api_admin_broadcast_jobs_cancel,admin_jobs,ai_crm_next,none,0,0,0,0,,,false,false,B,zero_observed_traffic_and_no_ui_reference,no_observed_match,PENDING_HUMAN_DESIGN,PENDING_HUMAN_DESIGN,PENDING_HUMAN_DESIGN,PENDING_HUMAN_SIGNOFF,2026-07-11T00:00:00+08:00,2026-08-10T10:15:00+08:00
LEGACY-API-0189,S03,GET,/api/admin/channel-welcome-materials,list_channel_welcome_materials,automation_engine,ai_crm_next,none,0,0,0,0,,,false,false,B,zero_observed_traffic_and_no_ui_reference,no_observed_match,PENDING_HUMAN_DESIGN,PENDING_HUMAN_DESIGN,PENDING_HUMAN_DESIGN,PENDING_HUMAN_SIGNOFF,2026-07-11T00:00:00+08:00,2026-08-10T10:15:00+08:00
LEGACY-API-0190,S03,GET,/api/admin/channels,list_channels,automation_engine,ai_crm_next,none,100,70,30,0,2026-07-11T12:25:22.131675+08:00,2026-08-10T00:01:58.258309+08:00,true,false,A,observed_production_traffic,structured_route_exact+normalized_unique_path,PENDING_HUMAN_DESIGN,PENDING_HUMAN_DESIGN,PENDING_HUMAN_DESIGN,PENDING_HUMAN_SIGNOFF,2026-07-11T00:00:00+08:00,2026-08-10T10:15:00+08:00
LEGACY-API-0191,S03,POST,/api/admin/channels,create_channel,automation_engine,ai_crm_next,none,5,5,0,0,2026-07-29T10:11:45.375204+08:00,2026-08-05T23:30:36.975473+08:00,true,false,A,observed_production_traffic,structured_route_exact,PENDING_HUMAN_DESIGN,PENDING_HUMAN_DESIGN,PENDING_HUMAN_DESIGN,PENDING_HUMAN_SIGNOFF,2026-07-11T00:00:00+08:00,2026-08-10T10:15:00+08:00
LEGACY-API-0192,S03,POST,/api/admin/channels/repair-entry,repair_entry,channel_entry,ai_crm_next,none,0,0,0,0,,,false,false,B,zero_observed_traffic_and_no_ui_reference,no_observed_match,PENDING_HUMAN_DESIGN,PENDING_HUMAN_DESIGN,PENDING_HUMAN_DESIGN,PENDING_HUMAN_SIGNOFF,2026-07-11T00:00:00+08:00,2026-08-10T10:15:00+08:00
LEGACY-API-0193,S03,GET,/api/admin/channels/runtime-diagnosis,runtime_diagnosis,channel_entry,ai_crm_next,none,0,0,0,0,,,false,false,B,zero_observed_traffic_and_no_ui_reference,no_observed_match,PENDING_HUMAN_DESIGN,PENDING_HUMAN_DESIGN,PENDING_HUMAN_DESIGN,PENDING_HUMAN_SIGNOFF,2026-07-11T00:00:00+08:00,2026-08-10T10:15:00+08:00
LEGACY-API-0194,S03,POST,/api/admin/channels/runtime-diagnosis/dry-run,runtime_diagnosis_dry_run,channel_entry,ai_crm_next,none,0,0,0,0,,,false,false,B,zero_observed_traffic_and_no_ui_reference,no_observed_match,PENDING_HUMAN_DESIGN,PENDING_HUMAN_DESIGN,PENDING_HUMAN_DESIGN,PENDING_HUMAN_SIGNOFF,2026-07-11T00:00:00+08:00,2026-08-10T10:15:00+08:00
LEGACY-API-0195,S03,GET,/api/admin/channels/{channel_id:int},get_channel,automation_engine,ai_crm_next,none,1,0,1,0,2026-07-21T13:48:08.572493+08:00,2026-07-21T13:48:08.572493+08:00,true,false,A,observed_production_traffic,normalized_unique_path,PENDING_HUMAN_DESIGN,PENDING_HUMAN_DESIGN,PENDING_HUMAN_DESIGN,PENDING_HUMAN_SIGNOFF,2026-07-11T00:00:00+08:00,2026-08-10T10:15:00+08:00
LEGACY-API-0196,S03,PATCH,/api/admin/channels/{channel_id:int},update_channel,automation_engine,ai_crm_next,none,8,5,3,0,2026-07-14T20:44:24.428537+08:00,2026-08-08T00:14:53.566602+08:00,true,false,A,observed_production_traffic,structured_route_exact+normalized_unique_path,PENDING_HUMAN_DESIGN,PENDING_HUMAN_DESIGN,PENDING_HUMAN_DESIGN,PENDING_HUMAN_SIGNOFF,2026-07-11T00:00:00+08:00,2026-08-10T10:15:00+08:00
LEGACY-API-0197,S03,GET,/api/admin/channels/{channel_id:int}/assignees,get_channel_assignees,automation_engine,ai_crm_next,none,0,0,0,0,,,false,false,B,zero_observed_traffic_and_no_ui_reference,no_observed_match,PENDING_HUMAN_DESIGN,PENDING_HUMAN_DESIGN,PENDING_HUMAN_DESIGN,PENDING_HUMAN_SIGNOFF,2026-07-11T00:00:00+08:00,2026-08-10T10:15:00+08:00
LEGACY-API-0198,S03,PUT,/api/admin/channels/{channel_id:int}/assignees,put_channel_assignees,automation_engine,ai_crm_next,none,0,0,0,0,,,false,false,B,zero_observed_traffic_and_no_ui_reference,no_observed_match,PENDING_HUMAN_DESIGN,PENDING_HUMAN_DESIGN,PENDING_HUMAN_DESIGN,PENDING_HUMAN_SIGNOFF,2026-07-11T00:00:00+08:00,2026-08-10T10:15:00+08:00
LEGACY-API-0199,S03,GET,/api/admin/channels/{channel_id:int}/assignment-events,get_channel_assignment_events,automation_engine,ai_crm_next,none,0,0,0,0,,,false,false,B,zero_observed_traffic_and_no_ui_reference,no_observed_match,PENDING_HUMAN_DESIGN,PENDING_HUMAN_DESIGN,PENDING_HUMAN_DESIGN,PENDING_HUMAN_SIGNOFF,2026-07-11T00:00:00+08:00,2026-08-10T10:15:00+08:00
LEGACY-API-0200,S03,POST,/api/admin/channels/{channel_id:int}/assignment/preview,preview_channel_assignment,automation_engine,ai_crm_next,none,0,0,0,0,,,false,false,B,zero_observed_traffic_and_no_ui_reference,no_observed_match,PENDING_HUMAN_DESIGN,PENDING_HUMAN_DESIGN,PENDING_HUMAN_DESIGN,PENDING_HUMAN_SIGNOFF,2026-07-11T00:00:00+08:00,2026-08-10T10:15:00+08:00
LEGACY-API-0201,S03,GET,/api/admin/channels/{channel_id:int}/contacts,list_channel_contacts,automation_engine,ai_crm_next,none,1,1,0,0,2026-08-04T09:57:16.832840+08:00,2026-08-04T09:57:16.832840+08:00,true,false,A,observed_production_traffic,structured_route_exact,PENDING_HUMAN_DESIGN,PENDING_HUMAN_DESIGN,PENDING_HUMAN_DESIGN,PENDING_HUMAN_SIGNOFF,2026-07-11T00:00:00+08:00,2026-08-10T10:15:00+08:00
LEGACY-API-0202,S03,GET,/api/admin/channels/{channel_id:int}/qrcode/download,download_channel_qrcode,automation_engine,ai_crm_next,none,11,6,5,0,2026-07-14T20:44:45.422935+08:00,2026-08-05T23:33:51.044990+08:00,true,false,A,observed_production_traffic,structured_route_exact+normalized_unique_path,PENDING_HUMAN_DESIGN,PENDING_HUMAN_DESIGN,PENDING_HUMAN_DESIGN,PENDING_HUMAN_SIGNOFF,2026-07-11T00:00:00+08:00,2026-08-10T10:15:00+08:00
LEGACY-API-0203,S03,POST,/api/admin/channels/{channel_id:int}/qrcode/generate,generate_qrcode,channel_entry,ai_crm_next,none,5,5,0,0,2026-07-29T10:11:57.003492+08:00,2026-08-05T23:33:18.894158+08:00,true,false,A,observed_production_traffic,structured_route_exact,PENDING_HUMAN_DESIGN,PENDING_HUMAN_DESIGN,PENDING_HUMAN_DESIGN,PENDING_HUMAN_SIGNOFF,2026-07-11T00:00:00+08:00,2026-08-10T10:15:00+08:00
LEGACY-API-0204,S03,GET,/api/admin/channels/{channel_id:int}/qrcode/status,get_channel_qrcode_status,automation_engine,ai_crm_next,none,0,0,0,0,,,false,false,B,zero_observed_traffic_and_no_ui_reference,no_observed_match,PENDING_HUMAN_DESIGN,PENDING_HUMAN_DESIGN,PENDING_HUMAN_DESIGN,PENDING_HUMAN_SIGNOFF,2026-07-11T00:00:00+08:00,2026-08-10T10:15:00+08:00
LEGACY-API-0205,S03,GET,/api/admin/channels/{channel_id:int}/runtime-diagnosis,runtime_diagnosis_by_channel,channel_entry,ai_crm_next,none,0,0,0,0,,,false,false,B,zero_observed_traffic_and_no_ui_reference,no_observed_match,PENDING_HUMAN_DESIGN,PENDING_HUMAN_DESIGN,PENDING_HUMAN_DESIGN,PENDING_HUMAN_SIGNOFF,2026-07-11T00:00:00+08:00,2026-08-10T10:15:00+08:00
LEGACY-API-0206,S03,GET,/api/admin/channels/{channel_id:int}/share-link,get_channel_share_link,automation_engine,ai_crm_next,none,0,0,0,0,,,false,false,B,zero_observed_traffic_and_no_ui_reference,no_observed_match,PENDING_HUMAN_DESIGN,PENDING_HUMAN_DESIGN,PENDING_HUMAN_DESIGN,PENDING_HUMAN_SIGNOFF,2026-07-11T00:00:00+08:00,2026-08-10T10:15:00+08:00
LEGACY-API-0207,S04,"GET,POST",/api/admin/class-user-management/export,class_user_management_export,class_user_management,ai_crm_next,none,0,0,0,0,,,false,false,B,zero_observed_traffic_and_no_ui_reference,no_observed_match,PENDING_HUMAN_DESIGN,PENDING_HUMAN_DESIGN,PENDING_HUMAN_DESIGN,PENDING_HUMAN_SIGNOFF,2026-07-11T00:00:00+08:00,2026-08-10T10:15:00+08:00
LEGACY-API-0208,S04,GET,/api/admin/cloud-orchestrator/audit,api_cloud_orchestrator_audit,cloud_orchestrator,ai_crm_next,none,0,0,0,0,,,true,false,A,ui_referenced_with_zero_observed_traffic,no_observed_match,PENDING_HUMAN_DESIGN,PENDING_HUMAN_DESIGN,PENDING_HUMAN_DESIGN,PENDING_HUMAN_SIGNOFF,2026-07-11T00:00:00+08:00,2026-08-10T10:15:00+08:00
LEGACY-API-0209,S04,GET,/api/admin/cloud-orchestrator/campaigns,api_list_cloud_campaigns,cloud_orchestrator,ai_crm_next,none,4,0,4,0,2026-07-13T09:06:35.955352+08:00,2026-07-13T14:44:53.923763+08:00,true,false,A,observed_production_traffic,normalized_unique_path,PENDING_HUMAN_DESIGN,PENDING_HUMAN_DESIGN,PENDING_HUMAN_DESIGN,PENDING_HUMAN_SIGNOFF,2026-07-11T00:00:00+08:00,2026-08-10T10:15:00+08:00
LEGACY-API-0210,S04,POST,/api/admin/cloud-orchestrator/campaigns,api_create_cloud_campaign,cloud_orchestrator,ai_crm_next,none,0,0,0,0,,,true,false,A,ui_referenced_with_zero_observed_traffic,no_observed_match,PENDING_HUMAN_DESIGN,PENDING_HUMAN_DESIGN,PENDING_HUMAN_DESIGN,PENDING_HUMAN_SIGNOFF,2026-07-11T00:00:00+08:00,2026-08-10T10:15:00+08:00
LEGACY-API-0211,S04,POST,/api/admin/cloud-orchestrator/campaigns/batch-start,api_batch_start_cloud_campaigns,cloud_orchestrator,ai_crm_next,none,0,0,0,0,,,true,false,A,ui_referenced_with_zero_observed_traffic,no_observed_match,PENDING_HUMAN_DESIGN,PENDING_HUMAN_DESIGN,PENDING_HUMAN_DESIGN,PENDING_HUMAN_SIGNOFF,2026-07-11T00:00:00+08:00,2026-08-10T10:15:00+08:00
LEGACY-API-0212,S04,OPTIONS,/api/admin/cloud-orchestrator/campaigns/run-due,api_cloud_campaign_run_due_options,cloud_orchestrator,ai_crm_next,none,0,0,0,0,,,false,false,B,zero_observed_traffic_and_no_ui_reference,no_observed_match,PENDING_HUMAN_DESIGN,PENDING_HUMAN_DESIGN,PENDING_HUMAN_DESIGN,PENDING_HUMAN_SIGNOFF,2026-07-11T00:00:00+08:00,2026-08-10T10:15:00+08:00
LEGACY-API-0213,S04,POST,/api/admin/cloud-orchestrator/campaigns/run-due,api_plan_cloud_campaign_run_due,cloud_orchestrator,ai_crm_next,none,56,0,56,0,2026-07-11T00:00:00.678673+08:00,2026-07-11T13:45:00.540922+08:00,false,false,A,observed_production_traffic,normalized_unique_path,PENDING_HUMAN_DESIGN,PENDING_HUMAN_DESIGN,PENDING_HUMAN_DESIGN,PENDING_HUMAN_SIGNOFF,2026-07-11T00:00:00+08:00,2026-08-10T10:15:00+08:00
LEGACY-API-0214,S04,OPTIONS,/api/admin/cloud-orchestrator/campaigns/run-due/preview,api_cloud_campaign_run_due_preview_options,cloud_orchestrator,ai_crm_next,none,0,0,0,0,,,false,false,B,zero_observed_traffic_and_no_ui_reference,no_observed_match,PENDING_HUMAN_DESIGN,PENDING_HUMAN_DESIGN,PENDING_HUMAN_DESIGN,PENDING_HUMAN_SIGNOFF,2026-07-11T00:00:00+08:00,2026-08-10T10:15:00+08:00
LEGACY-API-0215,S04,POST,/api/admin/cloud-orchestrator/campaigns/run-due/preview,api_preview_cloud_campaign_run_due,cloud_orchestrator,ai_crm_next,none,1,0,1,0,2026-07-13T09:14:34.136824+08:00,2026-07-13T09:14:34.136824+08:00,false,false,A,observed_production_traffic,normalized_unique_path,PENDING_HUMAN_DESIGN,PENDING_HUMAN_DESIGN,PENDING_HUMAN_DESIGN,PENDING_HUMAN_SIGNOFF,2026-07-11T00:00:00+08:00,2026-08-10T10:15:00+08:00
LEGACY-API-0216,S04,DELETE,/api/admin/cloud-orchestrator/campaigns/{campaign_code},api_delete_cloud_campaign,cloud_orchestrator,ai_crm_next,none,0,0,0,0,,,true,false,A,ui_referenced_with_zero_observed_traffic,no_observed_match,PENDING_HUMAN_DESIGN,PENDING_HUMAN_DESIGN,PENDING_HUMAN_DESIGN,PENDING_HUMAN_SIGNOFF,2026-07-11T00:00:00+08:00,2026-08-10T10:15:00+08:00
LEGACY-API-0217,S04,GET,/api/admin/cloud-orchestrator/campaigns/{campaign_code},api_get_cloud_campaign,cloud_orchestrator,ai_crm_next,none,0,0,0,0,,,true,false,A,ui_referenced_with_zero_observed_traffic,no_observed_match,PENDING_HUMAN_DESIGN,PENDING_HUMAN_DESIGN,PENDING_HUMAN_DESIGN,PENDING_HUMAN_SIGNOFF,2026-07-11T00:00:00+08:00,2026-08-10T10:15:00+08:00
LEGACY-API-0218,S04,POST,/api/admin/cloud-orchestrator/campaigns/{campaign_code}/approve,api_approve_cloud_campaign,cloud_orchestrator,ai_crm_next,none,0,0,0,0,,,true,false,A,ui_referenced_with_zero_observed_traffic,no_observed_match,PENDING_HUMAN_DESIGN,PENDING_HUMAN_DESIGN,PENDING_HUMAN_DESIGN,PENDING_HUMAN_SIGNOFF,2026-07-11T00:00:00+08:00,2026-08-10T10:15:00+08:00
LEGACY-API-0219,S04,GET,/api/admin/cloud-orchestrator/campaigns/{campaign_code}/members,api_list_cloud_campaign_members,cloud_orchestrator,ai_crm_next,none,0,0,0,0,,,true,false,A,ui_referenced_with_zero_observed_traffic,no_observed_match,PENDING_HUMAN_DESIGN,PENDING_HUMAN_DESIGN,PENDING_HUMAN_DESIGN,PENDING_HUMAN_SIGNOFF,2026-07-11T00:00:00+08:00,2026-08-10T10:15:00+08:00
LEGACY-API-0220,S04,POST,/api/admin/cloud-orchestrator/campaigns/{campaign_code}/pause,api_pause_cloud_campaign,cloud_orchestrator,ai_crm_next,none,0,0,0,0,,,true,false,A,ui_referenced_with_zero_observed_traffic,no_observed_match,PENDING_HUMAN_DESIGN,PENDING_HUMAN_DESIGN,PENDING_HUMAN_DESIGN,PENDING_HUMAN_SIGNOFF,2026-07-11T00:00:00+08:00,2026-08-10T10:15:00+08:00
LEGACY-API-0221,S04,POST,/api/admin/cloud-orchestrator/campaigns/{campaign_code}/reject,api_reject_cloud_campaign,cloud_orchestrator,ai_crm_next,none,0,0,0,0,,,true,false,A,ui_referenced_with_zero_observed_traffic,no_observed_match,PENDING_HUMAN_DESIGN,PENDING_HUMAN_DESIGN,PENDING_HUMAN_DESIGN,PENDING_HUMAN_SIGNOFF,2026-07-11T00:00:00+08:00,2026-08-10T10:15:00+08:00
LEGACY-API-0222,S04,POST,/api/admin/cloud-orchestrator/campaigns/{campaign_code}/start,api_start_cloud_campaign,cloud_orchestrator,ai_crm_next,none,0,0,0,0,,,true,false,A,ui_referenced_with_zero_observed_traffic,no_observed_match,PENDING_HUMAN_DESIGN,PENDING_HUMAN_DESIGN,PENDING_HUMAN_DESIGN,PENDING_HUMAN_SIGNOFF,2026-07-11T00:00:00+08:00,2026-08-10T10:15:00+08:00
LEGACY-API-0223,S04,GET,/api/admin/cloud-orchestrator/campaigns/{campaign_code}/steps,api_list_cloud_campaign_steps,cloud_orchestrator,ai_crm_next,none,0,0,0,0,,,true,false,A,ui_referenced_with_zero_observed_traffic,no_observed_match,PENDING_HUMAN_DESIGN,PENDING_HUMAN_DESIGN,PENDING_HUMAN_DESIGN,PENDING_HUMAN_SIGNOFF,2026-07-11T00:00:00+08:00,2026-08-10T10:15:00+08:00
LEGACY-API-0224,S04,POST,/api/admin/cloud-orchestrator/campaigns/{campaign_code}/steps,api_add_cloud_campaign_step,cloud_orchestrator,ai_crm_next,none,0,0,0,0,,,true,false,A,ui_referenced_with_zero_observed_traffic,no_observed_match,PENDING_HUMAN_DESIGN,PENDING_HUMAN_DESIGN,PENDING_HUMAN_DESIGN,PENDING_HUMAN_SIGNOFF,2026-07-11T00:00:00+08:00,2026-08-10T10:15:00+08:00
LEGACY-API-0225,S04,DELETE,/api/admin/cloud-orchestrator/campaigns/{campaign_code}/steps/{step_index},api_delete_cloud_campaign_step,cloud_orchestrator,ai_crm_next,none,0,0,0,0,,,true,false,A,ui_referenced_with_zero_observed_traffic,no_observed_match,PENDING_HUMAN_DESIGN,PENDING_HUMAN_DESIGN,PENDING_HUMAN_DESIGN,PENDING_HUMAN_SIGNOFF,2026-07-11T00:00:00+08:00,2026-08-10T10:15:00+08:00
LEGACY-API-0226,S04,PATCH,/api/admin/cloud-orchestrator/campaigns/{campaign_code}/steps/{step_index},api_update_cloud_campaign_step,cloud_orchestrator,ai_crm_next,none,0,0,0,0,,,true,false,A,ui_referenced_with_zero_observed_traffic,no_observed_match,PENDING_HUMAN_DESIGN,PENDING_HUMAN_DESIGN,PENDING_HUMAN_DESIGN,PENDING_HUMAN_SIGNOFF,2026-07-11T00:00:00+08:00,2026-08-10T10:15:00+08:00
LEGACY-API-0227,S04,POST,/api/admin/cloud-orchestrator/campaigns/{campaign_code}/steps/{step_index},api_update_cloud_campaign_step,cloud_orchestrator,ai_crm_next,none,0,0,0,0,,,true,false,A,ui_referenced_with_zero_observed_traffic,no_observed_match,PENDING_HUMAN_DESIGN,PENDING_HUMAN_DESIGN,PENDING_HUMAN_DESIGN,PENDING_HUMAN_SIGNOFF,2026-07-11T00:00:00+08:00,2026-08-10T10:15:00+08:00
LEGACY-API-0228,S04,OPTIONS,/api/admin/cloud-orchestrator/media/upload,api_cloud_orchestrator_media_upload_options,cloud_orchestrator,ai_crm_next,none,0,0,0,0,,,false,false,B,zero_observed_traffic_and_no_ui_reference,no_observed_match,PENDING_HUMAN_DESIGN,PENDING_HUMAN_DESIGN,PENDING_HUMAN_DESIGN,PENDING_HUMAN_SIGNOFF,2026-07-11T00:00:00+08:00,2026-08-10T10:15:00+08:00
LEGACY-API-0229,S04,POST,/api/admin/cloud-orchestrator/media/upload,api_cloud_orchestrator_media_upload,cloud_orchestrator,ai_crm_next,none,0,0,0,0,,,false,false,B,zero_observed_traffic_and_no_ui_reference,no_observed_match,PENDING_HUMAN_DESIGN,PENDING_HUMAN_DESIGN,PENDING_HUMAN_DESIGN,PENDING_HUMAN_SIGNOFF,2026-07-11T00:00:00+08:00,2026-08-10T10:15:00+08:00
LEGACY-API-0230,S04,GET,/api/admin/cloud-orchestrator/observability,api_cloud_orchestrator_observability,cloud_orchestrator,ai_crm_next,none,2,0,2,0,2026-07-13T14:07:26.658728+08:00,2026-07-13T14:44:55.752608+08:00,true,false,A,observed_production_traffic,normalized_unique_path,PENDING_HUMAN_DESIGN,PENDING_HUMAN_DESIGN,PENDING_HUMAN_DESIGN,PENDING_HUMAN_SIGNOFF,2026-07-11T00:00:00+08:00,2026-08-10T10:15:00+08:00
LEGACY-API-0231,S04,GET,/api/admin/cloud-orchestrator/plans,api_list_cloud_plans,cloud_orchestrator,ai_crm_next,none,78,46,32,0,2026-07-12T19:53:15.005081+08:00,2026-08-09T21:50:42.840078+08:00,true,false,A,observed_production_traffic,structured_route_exact+normalized_unique_path,PENDING_HUMAN_DESIGN,PENDING_HUMAN_DESIGN,PENDING_HUMAN_DESIGN,PENDING_HUMAN_SIGNOFF,2026-07-11T00:00:00+08:00,2026-08-10T10:15:00+08:00
LEGACY-API-0232,S04,GET,/api/admin/cloud-orchestrator/plans/{plan_id},api_get_cloud_plan,cloud_orchestrator,ai_crm_next,none,67,25,42,0,2026-07-12T19:53:18.429089+08:00,2026-08-04T18:00:08.910839+08:00,true,false,A,observed_production_traffic,structured_route_exact+normalized_unique_path,PENDING_HUMAN_DESIGN,PENDING_HUMAN_DESIGN,PENDING_HUMAN_DESIGN,PENDING_HUMAN_SIGNOFF,2026-07-11T00:00:00+08:00,2026-08-10T10:15:00+08:00
LEGACY-API-0233,S04,POST,/api/admin/cloud-orchestrator/plans/{plan_id}/approve,api_approve_cloud_plan,cloud_orchestrator,ai_crm_next,none,29,1,28,0,2026-07-12T19:53:59.180960+08:00,2026-07-28T15:55:10.086066+08:00,true,false,A,observed_production_traffic,structured_route_exact+normalized_unique_path,PENDING_HUMAN_DESIGN,PENDING_HUMAN_DESIGN,PENDING_HUMAN_DESIGN,PENDING_HUMAN_SIGNOFF,2026-07-11T00:00:00+08:00,2026-08-10T10:15:00+08:00
LEGACY-API-0234,S04,GET,/api/admin/cloud-orchestrator/plans/{plan_id}/recipients,api_list_cloud_plan_recipients,cloud_orchestrator,ai_crm_next,none,48,11,37,0,2026-07-12T19:53:18.425898+08:00,2026-08-04T18:00:08.957863+08:00,true,false,A,observed_production_traffic,structured_route_exact+normalized_unique_path,PENDING_HUMAN_DESIGN,PENDING_HUMAN_DESIGN,PENDING_HUMAN_DESIGN,PENDING_HUMAN_SIGNOFF,2026-07-11T00:00:00+08:00,2026-08-10T10:15:00+08:00
LEGACY-API-0235,S04,GET,/api/admin/cloud-orchestrator/plans/{plan_id}/recipients/{recipient_id},api_get_cloud_plan_recipient,cloud_orchestrator,ai_crm_next,none,20,9,11,0,2026-07-12T19:53:20.156533+08:00,2026-08-04T18:00:54.027732+08:00,true,false,A,observed_production_traffic,structured_route_exact+normalized_unique_path,PENDING_HUMAN_DESIGN,PENDING_HUMAN_DESIGN,PENDING_HUMAN_DESIGN,PENDING_HUMAN_SIGNOFF,2026-07-11T00:00:00+08:00,2026-08-10T10:15:00+08:00
LEGACY-API-0236,S04,POST,/api/admin/cloud-orchestrator/plans/{plan_id}/recipients/{recipient_id}/approve,api_approve_cloud_plan_recipient,cloud_orchestrator,ai_crm_next,none,2,0,2,0,2026-07-12T19:53:50.215250+08:00,2026-07-12T19:53:53.131788+08:00,true,false,A,observed_production_traffic,normalized_unique_path,PENDING_HUMAN_DESIGN,PENDING_HUMAN_DESIGN,PENDING_HUMAN_DESIGN,PENDING_HUMAN_SIGNOFF,2026-07-11T00:00:00+08:00,2026-08-10T10:15:00+08:00
LEGACY-API-0237,S04,PATCH,/api/admin/cloud-orchestrator/plans/{plan_id}/recipients/{recipient_id}/messages/{message_id},api_update_cloud_plan_recipient_message,cloud_orchestrator,ai_crm_next,none,0,0,0,0,,,true,false,A,ui_referenced_with_zero_observed_traffic,no_observed_match,PENDING_HUMAN_DESIGN,PENDING_HUMAN_DESIGN,PENDING_HUMAN_DESIGN,PENDING_HUMAN_SIGNOFF,2026-07-11T00:00:00+08:00,2026-08-10T10:15:00+08:00
LEGACY-API-0238,S04,POST,/api/admin/cloud-orchestrator/plans/{plan_id}/recipients/{recipient_id}/reject,api_reject_cloud_plan_recipient,cloud_orchestrator,ai_crm_next,none,0,0,0,0,,,true,false,A,ui_referenced_with_zero_observed_traffic,no_observed_match,PENDING_HUMAN_DESIGN,PENDING_HUMAN_DESIGN,PENDING_HUMAN_DESIGN,PENDING_HUMAN_SIGNOFF,2026-07-11T00:00:00+08:00,2026-08-10T10:15:00+08:00
LEGACY-API-0239,S04,POST,/api/admin/cloud-orchestrator/plans/{plan_id}/reject,api_reject_cloud_plan,cloud_orchestrator,ai_crm_next,none,2,1,1,0,2026-07-22T14:30:28.597704+08:00,2026-08-04T18:00:51.541543+08:00,true,false,A,observed_production_traffic,structured_route_exact+normalized_unique_path,PENDING_HUMAN_DESIGN,PENDING_HUMAN_DESIGN,PENDING_HUMAN_DESIGN,PENDING_HUMAN_SIGNOFF,2026-07-11T00:00:00+08:00,2026-08-10T10:15:00+08:00
LEGACY-API-0240,S04,GET,/api/admin/common/operation-members,api_operation_members,common_operation_members,ai_crm_next,none,111,74,37,0,2026-07-11T11:26:44.391303+08:00,2026-08-09T21:50:34.556212+08:00,true,false,A,observed_production_traffic,structured_route_exact+normalized_unique_path,PENDING_HUMAN_DESIGN,PENDING_HUMAN_DESIGN,PENDING_HUMAN_DESIGN,PENDING_HUMAN_SIGNOFF,2026-07-11T00:00:00+08:00,2026-08-10T10:15:00+08:00
LEGACY-API-0241,S04,POST,/api/admin/common/operation-members/sync,api_operation_members_sync,common_operation_members,ai_crm_next,real_requires_approval,0,0,0,0,,,true,false,A,ui_referenced_with_zero_observed_traffic,no_observed_match,PENDING_HUMAN_DESIGN,PENDING_HUMAN_DESIGN,PENDING_HUMAN_DESIGN,PENDING_HUMAN_SIGNOFF,2026-07-11T00:00:00+08:00,2026-08-10T10:15:00+08:00
LEGACY-API-0242,S02,GET,/api/admin/config/api-clients,api.admin_config_api_clients_resource,admin_config,ai_crm_next,none,0,0,0,0,,,true,false,A,ui_referenced_with_zero_observed_traffic,no_observed_match,PENDING_HUMAN_DESIGN,PENDING_HUMAN_DESIGN,PENDING_HUMAN_DESIGN,PENDING_HUMAN_SIGNOFF,2026-07-11T00:00:00+08:00,2026-08-10T10:15:00+08:00
LEGACY-API-0243,S02,POST,/api/admin/config/api-clients,api.admin_config_api_client_create_resource,admin_config,ai_crm_next,none,3,3,0,0,2026-08-02T13:34:05.777995+08:00,2026-08-02T13:34:51.373573+08:00,true,false,A,observed_production_traffic,structured_route_exact,PENDING_HUMAN_DESIGN,PENDING_HUMAN_DESIGN,PENDING_HUMAN_DESIGN,PENDING_HUMAN_SIGNOFF,2026-07-11T00:00:00+08:00,2026-08-10T10:15:00+08:00
LEGACY-API-0244,S02,GET,/api/admin/config/api-clients/{client_id},api.admin_config_api_client_resource,admin_config,ai_crm_next,none,0,0,0,0,,,true,false,A,ui_referenced_with_zero_observed_traffic,no_observed_match,PENDING_HUMAN_DESIGN,PENDING_HUMAN_DESIGN,PENDING_HUMAN_DESIGN,PENDING_HUMAN_SIGNOFF,2026-07-11T00:00:00+08:00,2026-08-10T10:15:00+08:00
LEGACY-API-0245,S02,PUT,/api/admin/config/api-clients/{client_id},api.admin_config_api_client_update_resource,admin_config,ai_crm_next,none,0,0,0,0,,,true,false,A,ui_referenced_with_zero_observed_traffic,no_observed_match,PENDING_HUMAN_DESIGN,PENDING_HUMAN_DESIGN,PENDING_HUMAN_DESIGN,PENDING_HUMAN_SIGNOFF,2026-07-11T00:00:00+08:00,2026-08-10T10:15:00+08:00
LEGACY-API-0246,S02,POST,/api/admin/config/api-clients/{client_id}/activate,api.admin_config_api_client_activate_resource,admin_config,ai_crm_next,none,3,3,0,0,2026-08-02T13:34:07.263687+08:00,2026-08-02T13:34:52.603458+08:00,true,false,A,observed_production_traffic,structured_route_exact,PENDING_HUMAN_DESIGN,PENDING_HUMAN_DESIGN,PENDING_HUMAN_DESIGN,PENDING_HUMAN_SIGNOFF,2026-07-11T00:00:00+08:00,2026-08-10T10:15:00+08:00
LEGACY-API-0247,S02,PUT,/api/admin/config/api-clients/{client_id}/enabled,api.admin_config_api_client_enabled_resource,admin_config,ai_crm_next,none,3,3,0,0,2026-08-02T13:34:08.393457+08:00,2026-08-02T13:34:54.841657+08:00,true,false,A,observed_production_traffic,structured_route_exact,PENDING_HUMAN_DESIGN,PENDING_HUMAN_DESIGN,PENDING_HUMAN_DESIGN,PENDING_HUMAN_SIGNOFF,2026-07-11T00:00:00+08:00,2026-08-10T10:15:00+08:00
LEGACY-API-0248,S02,POST,/api/admin/config/api-clients/{client_id}/rotate-secret,api.admin_config_api_client_rotate_resource,admin_config,ai_crm_next,none,0,0,0,0,,,true,false,A,ui_referenced_with_zero_observed_traffic,no_observed_match,PENDING_HUMAN_DESIGN,PENDING_HUMAN_DESIGN,PENDING_HUMAN_DESIGN,PENDING_HUMAN_SIGNOFF,2026-07-11T00:00:00+08:00,2026-08-10T10:15:00+08:00
LEGACY-API-0249,S02,GET,/api/admin/config/api-key,api.admin_config_api_key_resource,admin_config,ai_crm_next,none,1,1,0,0,2026-08-02T15:22:23.436672+08:00,2026-08-02T15:22:23.436672+08:00,false,false,A,observed_production_traffic,structured_route_exact,PENDING_HUMAN_DESIGN,PENDING_HUMAN_DESIGN,PENDING_HUMAN_DESIGN,PENDING_HUMAN_SIGNOFF,2026-07-11T00:00:00+08:00,2026-08-10T10:15:00+08:00
LEGACY-API-0250,S02,PUT,/api/admin/config/api-key/enabled,api.admin_config_api_key_enabled_resource,admin_config,ai_crm_next,none,0,0,0,0,,,true,false,A,ui_referenced_with_zero_observed_traffic,no_observed_match,PENDING_HUMAN_DESIGN,PENDING_HUMAN_DESIGN,PENDING_HUMAN_DESIGN,PENDING_HUMAN_SIGNOFF,2026-07-11T00:00:00+08:00,2026-08-10T10:15:00+08:00
LEGACY-API-0251,S02,POST,/api/admin/config/api-key/generate,api.admin_config_api_key_generate_resource,admin_config,ai_crm_next,none,1,1,0,0,2026-08-02T16:22:31.085731+08:00,2026-08-02T16:22:31.085731+08:00,true,false,A,observed_production_traffic,structured_route_exact,PENDING_HUMAN_DESIGN,PENDING_HUMAN_DESIGN,PENDING_HUMAN_DESIGN,PENDING_HUMAN_SIGNOFF,2026-07-11T00:00:00+08:00,2026-08-10T10:15:00+08:00
LEGACY-API-0252,S02,POST,/api/admin/config/api-key/rotate,api.admin_config_api_key_rotate_resource,admin_config,ai_crm_next,none,2,2,0,0,2026-08-02T17:12:56.651473+08:00,2026-08-02T18:40:59.602258+08:00,true,false,A,observed_production_traffic,structured_route_exact,PENDING_HUMAN_DESIGN,PENDING_HUMAN_DESIGN,PENDING_HUMAN_DESIGN,PENDING_HUMAN_SIGNOFF,2026-07-11T00:00:00+08:00,2026-08-10T10:15:00+08:00
LEGACY-API-0253,S02,GET,/api/admin/config/app-settings,api.admin_config_app_settings_resource,admin_config,ai_crm_next,none,1,1,0,0,2026-08-05T09:53:05.842562+08:00,2026-08-05T09:53:05.842562+08:00,false,false,A,observed_production_traffic,structured_route_exact,PENDING_HUMAN_DESIGN,PENDING_HUMAN_DESIGN,PENDING_HUMAN_DESIGN,PENDING_HUMAN_SIGNOFF,2026-07-11T00:00:00+08:00,2026-08-10T10:15:00+08:00
LEGACY-API-0254,S02,PUT,/api/admin/config/app-settings,api.admin_config_save_app_settings_resource,admin_config,ai_crm_next,none,0,0,0,0,,,false,false,B,zero_observed_traffic_and_no_ui_reference,no_observed_match,PENDING_HUMAN_DESIGN,PENDING_HUMAN_DESIGN,PENDING_HUMAN_DESIGN,PENDING_HUMAN_SIGNOFF,2026-07-11T00:00:00+08:00,2026-08-10T10:15:00+08:00
LEGACY-API-0255,S02,GET,/api/admin/config/capabilities,api.admin_config_capabilities,admin_config,ai_crm_next,none,0,0,0,0,,,false,false,B,zero_observed_traffic_and_no_ui_reference,no_observed_match,PENDING_HUMAN_DESIGN,PENDING_HUMAN_DESIGN,PENDING_HUMAN_DESIGN,PENDING_HUMAN_SIGNOFF,2026-07-11T00:00:00+08:00,2026-08-10T10:15:00+08:00
LEGACY-API-0256,S02,GET,/api/admin/config/categories,api.admin_config_categories,admin_config,ai_crm_next,none,0,0,0,0,,,false,false,B,zero_observed_traffic_and_no_ui_reference,no_observed_match,PENDING_HUMAN_DESIGN,PENDING_HUMAN_DESIGN,PENDING_HUMAN_DESIGN,PENDING_HUMAN_SIGNOFF,2026-07-11T00:00:00+08:00,2026-08-10T10:15:00+08:00
LEGACY-API-0257,S02,GET,/api/admin/config/categories/{category_key},api.admin_config_category,admin_config,ai_crm_next,none,0,0,0,0,,,false,false,B,zero_observed_traffic_and_no_ui_reference,no_observed_match,PENDING_HUMAN_DESIGN,PENDING_HUMAN_DESIGN,PENDING_HUMAN_DESIGN,PENDING_HUMAN_SIGNOFF,2026-07-11T00:00:00+08:00,2026-08-10T10:15:00+08:00
LEGACY-API-0258,S02,POST,/api/admin/config/categories/{category_key}/check,api.admin_config_category_check,admin_config,ai_crm_next,none,0,0,0,0,,,true,false,A,ui_referenced_with_zero_observed_traffic,no_observed_match,PENDING_HUMAN_DESIGN,PENDING_HUMAN_DESIGN,PENDING_HUMAN_DESIGN,PENDING_HUMAN_SIGNOFF,2026-07-11T00:00:00+08:00,2026-08-10T10:15:00+08:00
LEGACY-API-0259,S02,PUT,/api/admin/config/categories/{category_key}/enabled,api.admin_config_category_enabled,admin_config,ai_crm_next,none,0,0,0,0,,,true,false,A,ui_referenced_with_zero_observed_traffic,no_observed_match,PENDING_HUMAN_DESIGN,PENDING_HUMAN_DESIGN,PENDING_HUMAN_DESIGN,PENDING_HUMAN_SIGNOFF,2026-07-11T00:00:00+08:00,2026-08-10T10:15:00+08:00
LEGACY-API-0260,S02,PUT,/api/admin/config/categories/{category_key}/settings,api.admin_config_category_settings,admin_config,ai_crm_next,none,0,0,0,0,,,true,false,A,ui_referenced_with_zero_observed_traffic,no_observed_match,PENDING_HUMAN_DESIGN,PENDING_HUMAN_DESIGN,PENDING_HUMAN_DESIGN,PENDING_HUMAN_SIGNOFF,2026-07-11T00:00:00+08:00,2026-08-10T10:15:00+08:00
LEGACY-API-0261,S02,GET,/api/admin/config/class-term-tags,api.admin_config_class_term_tags,admin_config,ai_crm_next,none,0,0,0,0,,,true,false,A,ui_referenced_with_zero_observed_traffic,no_observed_match,PENDING_HUMAN_DESIGN,PENDING_HUMAN_DESIGN,PENDING_HUMAN_DESIGN,PENDING_HUMAN_SIGNOFF,2026-07-11T00:00:00+08:00,2026-08-10T10:15:00+08:00
LEGACY-API-0262,S02,POST,/api/admin/config/class-term-tags,api.admin_config_save_class_term_tag,admin_config,ai_crm_next,none,0,0,0,0,,,true,false,A,ui_referenced_with_zero_observed_traffic,no_observed_match,PENDING_HUMAN_DESIGN,PENDING_HUMAN_DESIGN,PENDING_HUMAN_DESIGN,PENDING_HUMAN_SIGNOFF,2026-07-11T00:00:00+08:00,2026-08-10T10:15:00+08:00
LEGACY-API-0263,S02,GET,/api/admin/config/definitions,api.admin_config_definitions,admin_config,ai_crm_next,none,0,0,0,0,,,false,false,B,zero_observed_traffic_and_no_ui_reference,no_observed_match,PENDING_HUMAN_DESIGN,PENDING_HUMAN_DESIGN,PENDING_HUMAN_DESIGN,PENDING_HUMAN_SIGNOFF,2026-07-11T00:00:00+08:00,2026-08-10T10:15:00+08:00
LEGACY-API-0264,S02,GET,/api/admin/config/deployment-profile,api.admin_config_deployment_profile,admin_config,ai_crm_next,none,0,0,0,0,,,false,false,B,zero_observed_traffic_and_no_ui_reference,no_observed_match,PENDING_HUMAN_DESIGN,PENDING_HUMAN_DESIGN,PENDING_HUMAN_DESIGN,PENDING_HUMAN_SIGNOFF,2026-07-11T00:00:00+08:00,2026-08-10T10:15:00+08:00
LEGACY-API-0265,S02,GET,/api/admin/config/marketing-automation/signup-conversion,api.admin_config_signup_conversion,admin_config,ai_crm_next,none,0,0,0,0,,,false,false,B,zero_observed_traffic_and_no_ui_reference,no_observed_match,PENDING_HUMAN_DESIGN,PENDING_HUMAN_DESIGN,PENDING_HUMAN_DESIGN,PENDING_HUMAN_SIGNOFF,2026-07-11T00:00:00+08:00,2026-08-10T10:15:00+08:00
LEGACY-API-0266,S02,PUT,/api/admin/config/marketing-automation/signup-conversion,api.admin_config_save_signup_conversion,admin_config,ai_crm_next,none,0,0,0,0,,,false,false,B,zero_observed_traffic_and_no_ui_reference,no_observed_match,PENDING_HUMAN_DESIGN,PENDING_HUMAN_DESIGN,PENDING_HUMAN_DESIGN,PENDING_HUMAN_SIGNOFF,2026-07-11T00:00:00+08:00,2026-08-10T10:15:00+08:00
LEGACY-API-0267,S02,GET,/api/admin/config/mcp-tools,api.admin_config_mcp_tools_resource,admin_config,ai_crm_next,staging_disabled,0,0,0,0,,,false,false,B,zero_observed_traffic_and_no_ui_reference,no_observed_match,PENDING_HUMAN_DESIGN,PENDING_HUMAN_DESIGN,PENDING_HUMAN_DESIGN,PENDING_HUMAN_SIGNOFF,2026-07-11T00:00:00+08:00,2026-08-10T10:15:00+08:00
LEGACY-API-0268,S02,POST,/api/admin/config/mcp-tools,api.admin_config_save_mcp_tool_resource,admin_config,ai_crm_next,staging_disabled,0,0,0,0,,,false,false,B,zero_observed_traffic_and_no_ui_reference,no_observed_match,PENDING_HUMAN_DESIGN,PENDING_HUMAN_DESIGN,PENDING_HUMAN_DESIGN,PENDING_HUMAN_SIGNOFF,2026-07-11T00:00:00+08:00,2026-08-10T10:15:00+08:00
LEGACY-API-0269,S02,GET,/api/admin/config/overview,api.admin_config_overview,admin_config,ai_crm_next,none,0,0,0,0,,,false,false,B,zero_observed_traffic_and_no_ui_reference,no_observed_match,PENDING_HUMAN_DESIGN,PENDING_HUMAN_DESIGN,PENDING_HUMAN_DESIGN,PENDING_HUMAN_SIGNOFF,2026-07-11T00:00:00+08:00,2026-08-10T10:15:00+08:00
LEGACY-API-0270,S02,GET,/api/admin/config/push-capabilities,api.admin_config_push_capabilities,admin_config,ai_crm_next,none,0,0,0,0,,,true,false,A,ui_referenced_with_zero_observed_traffic,no_observed_match,PENDING_HUMAN_DESIGN,PENDING_HUMAN_DESIGN,PENDING_HUMAN_DESIGN,PENDING_HUMAN_SIGNOFF,2026-07-11T00:00:00+08:00,2026-08-10T10:15:00+08:00
LEGACY-API-0271,S02,PATCH,/api/admin/config/push-capabilities/scheduler,api.admin_config_patch_push_scheduler,admin_config,ai_crm_next,none,0,0,0,0,,,true,false,A,ui_referenced_with_zero_observed_traffic,no_observed_match,PENDING_HUMAN_DESIGN,PENDING_HUMAN_DESIGN,PENDING_HUMAN_DESIGN,PENDING_HUMAN_SIGNOFF,2026-07-11T00:00:00+08:00,2026-08-10T10:15:00+08:00
LEGACY-API-0272,S02,PATCH,/api/admin/config/push-capabilities/{capability_key},api.admin_config_patch_push_capability,admin_config,ai_crm_next,none,0,0,0,0,,,true,false,A,ui_referenced_with_zero_observed_traffic,no_observed_match,PENDING_HUMAN_DESIGN,PENDING_HUMAN_DESIGN,PENDING_HUMAN_DESIGN,PENDING_HUMAN_SIGNOFF,2026-07-11T00:00:00+08:00,2026-08-10T10:15:00+08:00
LEGACY-API-0273,S02,GET,/api/admin/config/releases,api.admin_config_releases_resource,admin_config,ai_crm_next,none,1,1,0,0,2026-07-25T13:48:12.338653+08:00,2026-07-25T13:48:12.338653+08:00,false,false,A,observed_production_traffic,structured_route_exact,PENDING_HUMAN_DESIGN,PENDING_HUMAN_DESIGN,PENDING_HUMAN_DESIGN,PENDING_HUMAN_SIGNOFF,2026-07-11T00:00:00+08:00,2026-08-10T10:15:00+08:00
LEGACY-API-0274,S02,POST,/api/admin/config/releases,api.admin_config_release_create_resource,admin_config,ai_crm_next,none,0,0,0,0,,,false,false,B,zero_observed_traffic_and_no_ui_reference,no_observed_match,PENDING_HUMAN_DESIGN,PENDING_HUMAN_DESIGN,PENDING_HUMAN_DESIGN,PENDING_HUMAN_SIGNOFF,2026-07-11T00:00:00+08:00,2026-08-10T10:15:00+08:00
LEGACY-API-0275,S02,GET,/api/admin/config/releases/{release_id},api.admin_config_release_resource,admin_config,ai_crm_next,none,0,0,0,0,,,false,false,B,zero_observed_traffic_and_no_ui_reference,no_observed_match,PENDING_HUMAN_DESIGN,PENDING_HUMAN_DESIGN,PENDING_HUMAN_DESIGN,PENDING_HUMAN_SIGNOFF,2026-07-11T00:00:00+08:00,2026-08-10T10:15:00+08:00
LEGACY-API-0276,S02,POST,/api/admin/config/releases/{release_id}/publish,api.admin_config_release_publish_resource,admin_config,ai_crm_next,none,0,0,0,0,,,false,false,B,zero_observed_traffic_and_no_ui_reference,no_observed_match,PENDING_HUMAN_DESIGN,PENDING_HUMAN_DESIGN,PENDING_HUMAN_DESIGN,PENDING_HUMAN_SIGNOFF,2026-07-11T00:00:00+08:00,2026-08-10T10:15:00+08:00
LEGACY-API-0277,S02,POST,/api/admin/config/releases/{release_id}/rollback,api.admin_config_release_rollback_resource,admin_config,ai_crm_next,none,0,0,0,0,,,false,false,B,zero_observed_traffic_and_no_ui_reference,no_observed_match,PENDING_HUMAN_DESIGN,PENDING_HUMAN_DESIGN,PENDING_HUMAN_DESIGN,PENDING_HUMAN_SIGNOFF,2026-07-11T00:00:00+08:00,2026-08-10T10:15:00+08:00
LEGACY-API-0278,S02,GET,/api/admin/config/releases/{release_id}/shadow-compare,api.admin_config_release_shadow_compare,admin_config,ai_crm_next,none,0,0,0,0,,,false,false,B,zero_observed_traffic_and_no_ui_reference,no_observed_match,PENDING_HUMAN_DESIGN,PENDING_HUMAN_DESIGN,PENDING_HUMAN_DESIGN,PENDING_HUMAN_SIGNOFF,2026-07-11T00:00:00+08:00,2026-08-10T10:15:00+08:00
LEGACY-API-0279,S02,POST,/api/admin/config/releases/{release_id}/validate,api.admin_config_release_validate_resource,admin_config,ai_crm_next,none,0,0,0,0,,,false,false,B,zero_observed_traffic_and_no_ui_reference,no_observed_match,PENDING_HUMAN_DESIGN,PENDING_HUMAN_DESIGN,PENDING_HUMAN_DESIGN,PENDING_HUMAN_SIGNOFF,2026-07-11T00:00:00+08:00,2026-08-10T10:15:00+08:00
LEGACY-API-0280,S02,GET,/api/admin/config/routing,api.admin_config_routing,admin_config,ai_crm_next,none,0,0,0,0,,,false,false,B,zero_observed_traffic_and_no_ui_reference,no_observed_match,PENDING_HUMAN_DESIGN,PENDING_HUMAN_DESIGN,PENDING_HUMAN_DESIGN,PENDING_HUMAN_SIGNOFF,2026-07-11T00:00:00+08:00,2026-08-10T10:15:00+08:00
LEGACY-API-0281,S02,POST,/api/admin/config/routing/owner-role,api.admin_config_save_owner_role,admin_config,ai_crm_next,none,0,0,0,0,,,false,false,B,zero_observed_traffic_and_no_ui_reference,no_observed_match,PENDING_HUMAN_DESIGN,PENDING_HUMAN_DESIGN,PENDING_HUMAN_DESIGN,PENDING_HUMAN_SIGNOFF,2026-07-11T00:00:00+08:00,2026-08-10T10:15:00+08:00
LEGACY-API-0282,S02,POST,/api/admin/config/routing/rule,api.admin_config_save_routing_rule,admin_config,ai_crm_next,none,0,0,0,0,,,false,false,B,zero_observed_traffic_and_no_ui_reference,no_observed_match,PENDING_HUMAN_DESIGN,PENDING_HUMAN_DESIGN,PENDING_HUMAN_DESIGN,PENDING_HUMAN_SIGNOFF,2026-07-11T00:00:00+08:00,2026-08-10T10:15:00+08:00
LEGACY-API-0283,S02,GET,/api/admin/config/signup-tags,api.admin_config_signup_tags,admin_config,ai_crm_next,none,0,0,0,0,,,true,false,A,ui_referenced_with_zero_observed_traffic,no_observed_match,PENDING_HUMAN_DESIGN,PENDING_HUMAN_DESIGN,PENDING_HUMAN_DESIGN,PENDING_HUMAN_SIGNOFF,2026-07-11T00:00:00+08:00,2026-08-10T10:15:00+08:00
LEGACY-API-0284,S02,POST,/api/admin/config/signup-tags,api.admin_config_save_signup_tag,admin_config,ai_crm_next,none,0,0,0,0,,,true,false,A,ui_referenced_with_zero_observed_traffic,no_observed_match,PENDING_HUMAN_DESIGN,PENDING_HUMAN_DESIGN,PENDING_HUMAN_DESIGN,PENDING_HUMAN_SIGNOFF,2026-07-11T00:00:00+08:00,2026-08-10T10:15:00+08:00
LEGACY-API-0285,S04,GET,/api/admin/coupons,api.admin_coupons,commerce,ai_crm_next,none,1,0,1,0,2026-07-14T20:45:40.527432+08:00,2026-07-14T20:45:40.527432+08:00,true,false,A,observed_production_traffic,normalized_unique_path,PENDING_HUMAN_DESIGN,PENDING_HUMAN_DESIGN,PENDING_HUMAN_DESIGN,PENDING_HUMAN_SIGNOFF,2026-07-11T00:00:00+08:00,2026-08-10T10:15:00+08:00
LEGACY-API-0286,S04,POST,/api/admin/coupons,api.admin_coupon_create,commerce,ai_crm_next,none,6,5,1,0,2026-07-14T20:57:13.472542+08:00,2026-08-02T12:30:29.602122+08:00,true,false,A,observed_production_traffic,structured_route_exact+normalized_unique_path,PENDING_HUMAN_DESIGN,PENDING_HUMAN_DESIGN,PENDING_HUMAN_DESIGN,PENDING_HUMAN_SIGNOFF,2026-07-11T00:00:00+08:00,2026-08-10T10:15:00+08:00
LEGACY-API-0287,S04,GET,/api/admin/coupons/product-options,api.admin_coupon_product_options,commerce,ai_crm_next,none,11,5,6,0,2026-07-14T20:56:11.765443+08:00,2026-08-02T12:29:37.967636+08:00,true,false,A,observed_production_traffic,structured_route_exact+normalized_unique_path,PENDING_HUMAN_DESIGN,PENDING_HUMAN_DESIGN,PENDING_HUMAN_DESIGN,PENDING_HUMAN_SIGNOFF,2026-07-11T00:00:00+08:00,2026-08-10T10:15:00+08:00
LEGACY-API-0288,S04,DELETE,/api/admin/coupons/{coupon_id},api.admin_coupon_delete,commerce,ai_crm_next,none,3,3,0,0,2026-08-01T10:37:22.032222+08:00,2026-08-02T12:30:58.373704+08:00,true,false,A,observed_production_traffic,structured_route_exact,PENDING_HUMAN_DESIGN,PENDING_HUMAN_DESIGN,PENDING_HUMAN_DESIGN,PENDING_HUMAN_SIGNOFF,2026-07-11T00:00:00+08:00,2026-08-10T10:15:00+08:00
LEGACY-API-0289,S04,GET,/api/admin/coupons/{coupon_id},api.admin_coupon_detail,commerce,ai_crm_next,none,0,0,0,0,,,true,false,A,ui_referenced_with_zero_observed_traffic,no_observed_match,PENDING_HUMAN_DESIGN,PENDING_HUMAN_DESIGN,PENDING_HUMAN_DESIGN,PENDING_HUMAN_SIGNOFF,2026-07-11T00:00:00+08:00,2026-08-10T10:15:00+08:00
LEGACY-API-0290,S04,PUT,/api/admin/coupons/{coupon_id},api.admin_coupon_update,commerce,ai_crm_next,none,6,3,3,0,2026-07-14T20:57:16.178929+08:00,2026-08-02T12:30:33.382667+08:00,true,false,A,observed_production_traffic,structured_route_exact+normalized_unique_path,PENDING_HUMAN_DESIGN,PENDING_HUMAN_DESIGN,PENDING_HUMAN_DESIGN,PENDING_HUMAN_SIGNOFF,2026-07-11T00:00:00+08:00,2026-08-10T10:15:00+08:00
LEGACY-API-0291,S04,POST,/api/admin/coupons/{coupon_id}/archive,api.admin_coupon_archive,commerce,ai_crm_next,none,2,2,0,0,2026-07-30T21:04:46.313541+08:00,2026-08-02T15:32:49.834032+08:00,true,false,A,observed_production_traffic,structured_route_exact,PENDING_HUMAN_DESIGN,PENDING_HUMAN_DESIGN,PENDING_HUMAN_DESIGN,PENDING_HUMAN_SIGNOFF,2026-07-11T00:00:00+08:00,2026-08-10T10:15:00+08:00
LEGACY-API-0292,S04,GET,/api/admin/coupons/{coupon_id}/claims,api.admin_coupon_claims,commerce,ai_crm_next,none,0,0,0,0,,,true,false,A,ui_referenced_with_zero_observed_traffic,no_observed_match,PENDING_HUMAN_DESIGN,PENDING_HUMAN_DESIGN,PENDING_HUMAN_DESIGN,PENDING_HUMAN_SIGNOFF,2026-07-11T00:00:00+08:00,2026-08-10T10:15:00+08:00
LEGACY-API-0293,S04,POST,/api/admin/coupons/{coupon_id}/copy,api.admin_coupon_copy,commerce,ai_crm_next,none,4,4,0,0,2026-08-01T10:36:53.564236+08:00,2026-08-02T12:30:45.226485+08:00,true,false,A,observed_production_traffic,structured_route_exact,PENDING_HUMAN_DESIGN,PENDING_HUMAN_DESIGN,PENDING_HUMAN_DESIGN,PENDING_HUMAN_SIGNOFF,2026-07-11T00:00:00+08:00,2026-08-10T10:15:00+08:00
LEGACY-API-0294,S04,POST,/api/admin/coupons/{coupon_id}/publish,api.admin_coupon_publish,commerce,ai_crm_next,none,7,6,1,0,2026-07-14T20:57:29.957893+08:00,2026-08-02T12:30:42.609383+08:00,true,false,A,observed_production_traffic,structured_route_exact+normalized_unique_path,PENDING_HUMAN_DESIGN,PENDING_HUMAN_DESIGN,PENDING_HUMAN_DESIGN,PENDING_HUMAN_SIGNOFF,2026-07-11T00:00:00+08:00,2026-08-10T10:15:00+08:00
LEGACY-API-0295,S04,GET,/api/admin/coupons/{coupon_id}/share,api.admin_coupon_share,commerce,ai_crm_next,none,7,6,1,0,2026-07-14T20:57:35.064975+08:00,2026-08-02T12:31:02.091045+08:00,true,false,A,observed_production_traffic,structured_route_exact+normalized_unique_path,PENDING_HUMAN_DESIGN,PENDING_HUMAN_DESIGN,PENDING_HUMAN_DESIGN,PENDING_HUMAN_SIGNOFF,2026-07-11T00:00:00+08:00,2026-08-10T10:15:00+08:00
LEGACY-API-0296,S04,POST,/api/admin/coupons/{coupon_id}/stop,api.admin_coupon_stop,commerce,ai_crm_next,none,1,1,0,0,2026-07-30T21:04:41.663993+08:00,2026-07-30T21:04:41.663993+08:00,true,false,A,observed_production_traffic,structured_route_exact,PENDING_HUMAN_DESIGN,PENDING_HUMAN_DESIGN,PENDING_HUMAN_DESIGN,PENDING_HUMAN_SIGNOFF,2026-07-11T00:00:00+08:00,2026-08-10T10:15:00+08:00
LEGACY-API-0297,S02,GET,/api/admin/customer-360/{unionid},get_admin_customer_360_profile,customer_read_model,ai_crm_next,none,0,0,0,0,,,false,false,B,zero_observed_traffic_and_no_ui_reference,no_observed_match,PENDING_HUMAN_DESIGN,PENDING_HUMAN_DESIGN,PENDING_HUMAN_DESIGN,PENDING_HUMAN_SIGNOFF,2026-07-11T00:00:00+08:00,2026-08-10T10:15:00+08:00
LEGACY-API-0298,S02,GET,/api/admin/customers/profile,get_admin_customer_profile,customer_read_model,ai_crm_next,none,0,0,0,0,,,false,false,B,zero_observed_traffic_and_no_ui_reference,no_observed_match,PENDING_HUMAN_DESIGN,PENDING_HUMAN_DESIGN,PENDING_HUMAN_DESIGN,PENDING_HUMAN_SIGNOFF,2026-07-11T00:00:00+08:00,2026-08-10T10:15:00+08:00
LEGACY-API-0299,S02,GET,/api/admin/customers/profile/messages,get_admin_customer_profile_messages,customer_read_model,ai_crm_next,none,11,5,6,0,2026-07-13T14:08:41.577803+08:00,2026-08-04T19:15:37.546253+08:00,true,false,A,observed_production_traffic,structured_route_exact+normalized_unique_path,PENDING_HUMAN_DESIGN,PENDING_HUMAN_DESIGN,PENDING_HUMAN_DESIGN,PENDING_HUMAN_SIGNOFF,2026-07-11T00:00:00+08:00,2026-08-10T10:15:00+08:00
LEGACY-API-0300,S02,GET,/api/admin/customers/profile/questionnaire-answers,get_admin_customer_profile_questionnaire_answers,customer_read_model,ai_crm_next,none,11,5,6,0,2026-07-13T14:08:41.631333+08:00,2026-08-04T19:15:36.939961+08:00,true,false,A,observed_production_traffic,structured_route_exact+normalized_unique_path,PENDING_HUMAN_DESIGN,PENDING_HUMAN_DESIGN,PENDING_HUMAN_DESIGN,PENDING_HUMAN_SIGNOFF,2026-07-11T00:00:00+08:00,2026-08-10T10:15:00+08:00
LEGACY-API-0301,S02,GET,/api/admin/customers/profile/tags,get_admin_customer_profile_tags,customer_read_model,ai_crm_next,none,11,5,6,0,2026-07-13T14:08:41.565718+08:00,2026-08-04T19:15:36.908092+08:00,true,false,A,observed_production_traffic,structured_route_exact+normalized_unique_path,PENDING_HUMAN_DESIGN,PENDING_HUMAN_DESIGN,PENDING_HUMAN_DESIGN,PENDING_HUMAN_SIGNOFF,2026-07-11T00:00:00+08:00,2026-08-10T10:15:00+08:00
LEGACY-API-0302,S04,GET,/api/admin/customers/{external_userid}/commerce-summary,get_admin_customer_commerce_summary,commerce,ai_crm_next,none,0,0,0,0,,,false,false,B,zero_observed_traffic_and_no_ui_reference,no_observed_match,PENDING_HUMAN_DESIGN,PENDING_HUMAN_DESIGN,PENDING_HUMAN_DESIGN,PENDING_HUMAN_SIGNOFF,2026-07-11T00:00:00+08:00,2026-08-10T10:15:00+08:00
LEGACY-API-0303,S04,GET,/api/admin/customers/{external_userid}/orders,get_admin_customer_orders,commerce,ai_crm_next,none,0,0,0,0,,,false,false,B,zero_observed_traffic_and_no_ui_reference,no_observed_match,PENDING_HUMAN_DESIGN,PENDING_HUMAN_DESIGN,PENDING_HUMAN_DESIGN,PENDING_HUMAN_SIGNOFF,2026-07-11T00:00:00+08:00,2026-08-10T10:15:00+08:00
LEGACY-API-0304,S02,GET,/api/admin/customers/{unionid}/business-profile,get_admin_customer_business_profile,customer_read_model,ai_crm_next,none,0,0,0,0,,,false,false,B,zero_observed_traffic_and_no_ui_reference,no_observed_match,PENDING_HUMAN_DESIGN,PENDING_HUMAN_DESIGN,PENDING_HUMAN_DESIGN,PENDING_HUMAN_SIGNOFF,2026-07-11T00:00:00+08:00,2026-08-10T10:15:00+08:00
LEGACY-API-0305,S04,GET,/api/admin/data-health/checks,api_data_health_checks,data_health,ai_crm_next,none,91,90,1,0,2026-07-14T01:21:26.588595+08:00,2026-07-25T11:37:48.786361+08:00,false,false,A,observed_production_traffic,structured_route_exact+normalized_unique_path,PENDING_HUMAN_DESIGN,PENDING_HUMAN_DESIGN,PENDING_HUMAN_DESIGN,PENDING_HUMAN_SIGNOFF,2026-07-11T00:00:00+08:00,2026-08-10T10:15:00+08:00
LEGACY-API-0306,S04,GET,/api/admin/data-health/checks/{check_id},api_data_health_check_detail,data_health,ai_crm_next,none,94,93,1,0,2026-07-22T21:28:28.313273+08:00,2026-07-25T11:37:49.531796+08:00,false,false,A,observed_production_traffic,structured_route_exact+normalized_unique_path,PENDING_HUMAN_DESIGN,PENDING_HUMAN_DESIGN,PENDING_HUMAN_DESIGN,PENDING_HUMAN_SIGNOFF,2026-07-11T00:00:00+08:00,2026-08-10T10:15:00+08:00
LEGACY-API-0307,S04,GET,/api/admin/data-health/summary,api_data_health_summary,data_health,ai_crm_next,none,316,233,83,0,2026-07-13T22:40:11.299497+08:00,2026-08-09T23:16:53.419264+08:00,false,false,A,observed_production_traffic,structured_route_exact+normalized_unique_path,PENDING_HUMAN_DESIGN,PENDING_HUMAN_DESIGN,PENDING_HUMAN_DESIGN,PENDING_HUMAN_SIGNOFF,2026-07-11T00:00:00+08:00,2026-08-10T10:15:00+08:00
LEGACY-API-0308,S04,GET,/api/admin/delivery-lineage,api_delivery_lineage_list,delivery_lineage,ai_crm_next,none,2,0,2,0,2026-07-25T01:13:26.334320+08:00,2026-07-25T01:13:55.638074+08:00,false,false,A,observed_production_traffic,normalized_unique_path,PENDING_HUMAN_DESIGN,PENDING_HUMAN_DESIGN,PENDING_HUMAN_DESIGN,PENDING_HUMAN_SIGNOFF,2026-07-11T00:00:00+08:00,2026-08-10T10:15:00+08:00
LEGACY-API-0309,S04,GET,/api/admin/delivery-lineage/by-trace/{trace_id},api_delivery_lineage_by_trace,delivery_lineage,ai_crm_next,none,0,0,0,0,,,false,false,B,zero_observed_traffic_and_no_ui_reference,no_observed_match,PENDING_HUMAN_DESIGN,PENDING_HUMAN_DESIGN,PENDING_HUMAN_DESIGN,PENDING_HUMAN_SIGNOFF,2026-07-11T00:00:00+08:00,2026-08-10T10:15:00+08:00
LEGACY-API-0310,S04,GET,/api/admin/delivery-lineage/by-unionid/{unionid},api_delivery_lineage_by_unionid,delivery_lineage,ai_crm_next,none,0,0,0,0,,,false,false,B,zero_observed_traffic_and_no_ui_reference,no_observed_match,PENDING_HUMAN_DESIGN,PENDING_HUMAN_DESIGN,PENDING_HUMAN_DESIGN,PENDING_HUMAN_SIGNOFF,2026-07-11T00:00:00+08:00,2026-08-10T10:15:00+08:00
LEGACY-API-0311,S04,GET,/api/admin/delivery-lineage/metrics/daily,api_delivery_lineage_daily_metrics,delivery_lineage,ai_crm_next,none,0,0,0,0,,,false,false,B,zero_observed_traffic_and_no_ui_reference,no_observed_match,PENDING_HUMAN_DESIGN,PENDING_HUMAN_DESIGN,PENDING_HUMAN_DESIGN,PENDING_HUMAN_SIGNOFF,2026-07-11T00:00:00+08:00,2026-08-10T10:15:00+08:00
LEGACY-API-0312,S04,GET,/api/admin/delivery-lineage/{lineage_id},api_delivery_lineage_detail,delivery_lineage,ai_crm_next,none,0,0,0,0,,,false,false,B,zero_observed_traffic_and_no_ui_reference,no_observed_match,PENDING_HUMAN_DESIGN,PENDING_HUMAN_DESIGN,PENDING_HUMAN_DESIGN,PENDING_HUMAN_SIGNOFF,2026-07-11T00:00:00+08:00,2026-08-10T10:15:00+08:00
LEGACY-API-0313,S04,POST,/api/admin/direct-send/wecom-private,create_admin_direct_wecom_private_send,ai_assist,ai_crm_next,none,3,0,3,0,2026-07-13T17:59:23.559171+08:00,2026-07-13T17:59:39.884540+08:00,false,false,A,observed_production_traffic,normalized_unique_path,PENDING_HUMAN_DESIGN,PENDING_HUMAN_DESIGN,PENDING_HUMAN_DESIGN,PENDING_HUMAN_SIGNOFF,2026-07-11T00:00:00+08:00,2026-08-10T10:15:00+08:00
LEGACY-API-0314,S04,GET,/api/admin/execution-runtime,get_execution_runtime,platform_foundation,ai_crm_next,none,8,8,0,0,2026-07-28T18:41:39.368541+08:00,2026-07-29T01:50:59.142388+08:00,false,false,A,observed_production_traffic,structured_route_exact,PENDING_HUMAN_DESIGN,PENDING_HUMAN_DESIGN,PENDING_HUMAN_DESIGN,PENDING_HUMAN_SIGNOFF,2026-07-11T00:00:00+08:00,2026-08-10T10:15:00+08:00
LEGACY-API-0315,S04,GET,/api/admin/executions/{execution_id},get_execution_timeline,platform_foundation,ai_crm_next,none,1,1,0,0,2026-08-05T08:58:48.673631+08:00,2026-08-05T08:58:48.673631+08:00,false,false,A,observed_production_traffic,structured_route_exact,PENDING_HUMAN_DESIGN,PENDING_HUMAN_DESIGN,PENDING_HUMAN_DESIGN,PENDING_HUMAN_SIGNOFF,2026-07-11T00:00:00+08:00,2026-08-10T10:15:00+08:00
LEGACY-API-0316,S04,POST,/api/admin/exports,create_admin_export,commerce,ai_crm_next,none,0,0,0,0,,,true,false,A,ui_referenced_with_zero_observed_traffic,no_observed_match,PENDING_HUMAN_DESIGN,PENDING_HUMAN_DESIGN,PENDING_HUMAN_DESIGN,PENDING_HUMAN_SIGNOFF,2026-07-11T00:00:00+08:00,2026-08-10T10:15:00+08:00
LEGACY-API-0317,S04,GET,/api/admin/exports/{job_id},get_admin_export,commerce,ai_crm_next,none,0,0,0,0,,,true,false,A,ui_referenced_with_zero_observed_traffic,no_observed_match,PENDING_HUMAN_DESIGN,PENDING_HUMAN_DESIGN,PENDING_HUMAN_DESIGN,PENDING_HUMAN_SIGNOFF,2026-07-11T00:00:00+08:00,2026-08-10T10:15:00+08:00
LEGACY-API-0318,S03,GET,/api/admin/external-effects/diagnostics,external_effect_diagnostics,platform_foundation,ai_crm_next,staging_disabled,0,0,0,0,,,true,false,A,ui_referenced_with_zero_observed_traffic,no_observed_match,PENDING_HUMAN_DESIGN,PENDING_HUMAN_DESIGN,PENDING_HUMAN_DESIGN,PENDING_HUMAN_SIGNOFF,2026-07-11T00:00:00+08:00,2026-08-10T10:15:00+08:00
LEGACY-API-0319,S03,GET,/api/admin/external-effects/jobs,list_external_effect_jobs,platform_foundation,ai_crm_next,staging_disabled,7,0,7,0,2026-07-13T14:36:15.002586+08:00,2026-07-15T09:45:58.783303+08:00,true,false,A,observed_production_traffic,normalized_unique_path,PENDING_HUMAN_DESIGN,PENDING_HUMAN_DESIGN,PENDING_HUMAN_DESIGN,PENDING_HUMAN_SIGNOFF,2026-07-11T00:00:00+08:00,2026-08-10T10:15:00+08:00
LEGACY-API-0320,S03,GET,/api/admin/external-effects/jobs/{job_id},get_external_effect_job,platform_foundation,ai_crm_next,staging_disabled,0,0,0,0,,,false,false,B,zero_observed_traffic_and_no_ui_reference,no_observed_match,PENDING_HUMAN_DESIGN,PENDING_HUMAN_DESIGN,PENDING_HUMAN_DESIGN,PENDING_HUMAN_SIGNOFF,2026-07-11T00:00:00+08:00,2026-08-10T10:15:00+08:00
LEGACY-API-0321,S03,POST,/api/admin/external-effects/jobs/{job_id}/cancel,cancel_external_effect_job,platform_foundation,ai_crm_next,staging_disabled,0,0,0,0,,,true,false,A,ui_referenced_with_zero_observed_traffic,no_observed_match,PENDING_HUMAN_DESIGN,PENDING_HUMAN_DESIGN,PENDING_HUMAN_DESIGN,PENDING_HUMAN_SIGNOFF,2026-07-11T00:00:00+08:00,2026-08-10T10:15:00+08:00
LEGACY-API-0322,S03,POST,/api/admin/external-effects/jobs/{job_id}/retry,retry_external_effect_job,platform_foundation,ai_crm_next,staging_disabled,0,0,0,0,,,true,false,A,ui_referenced_with_zero_observed_traffic,no_observed_match,PENDING_HUMAN_DESIGN,PENDING_HUMAN_DESIGN,PENDING_HUMAN_DESIGN,PENDING_HUMAN_SIGNOFF,2026-07-11T00:00:00+08:00,2026-08-10T10:15:00+08:00
LEGACY-API-0323,S03,POST,/api/admin/external-effects/run-due,run_external_effect_due,platform_foundation,ai_crm_next,staging_disabled,0,0,0,0,,,true,false,A,ui_referenced_with_zero_observed_traffic,no_observed_match,PENDING_HUMAN_DESIGN,PENDING_HUMAN_DESIGN,PENDING_HUMAN_DESIGN,PENDING_HUMAN_SIGNOFF,2026-07-11T00:00:00+08:00,2026-08-10T10:15:00+08:00
LEGACY-API-0324,S03,POST,/api/admin/external-effects/run-due/preview,preview_external_effect_run_due,platform_foundation,ai_crm_next,staging_disabled,0,0,0,0,,,false,false,B,zero_observed_traffic_and_no_ui_reference,no_observed_match,PENDING_HUMAN_DESIGN,PENDING_HUMAN_DESIGN,PENDING_HUMAN_DESIGN,PENDING_HUMAN_SIGNOFF,2026-07-11T00:00:00+08:00,2026-08-10T10:15:00+08:00
LEGACY-API-0325,S03,POST,/api/admin/external-effects/test-loopback/jobs,create_external_effect_test_loopback_job,platform_foundation,ai_crm_next,staging_disabled,0,0,0,0,,,false,false,B,zero_observed_traffic_and_no_ui_reference,no_observed_match,PENDING_HUMAN_DESIGN,PENDING_HUMAN_DESIGN,PENDING_HUMAN_DESIGN,PENDING_HUMAN_SIGNOFF,2026-07-11T00:00:00+08:00,2026-08-10T10:15:00+08:00
LEGACY-API-0326,S03,GET,/api/admin/external-effects/test-receipts,list_external_effect_test_receipts,platform_foundation,ai_crm_next,staging_disabled,0,0,0,0,,,false,false,B,zero_observed_traffic_and_no_ui_reference,no_observed_match,PENDING_HUMAN_DESIGN,PENDING_HUMAN_DESIGN,PENDING_HUMAN_DESIGN,PENDING_HUMAN_SIGNOFF,2026-07-11T00:00:00+08:00,2026-08-10T10:15:00+08:00
LEGACY-API-0327,S03,GET,/api/admin/external-effects/test-receipts/{receipt_id},get_external_effect_test_receipt,platform_foundation,ai_crm_next,staging_disabled,0,0,0,0,,,false,false,B,zero_observed_traffic_and_no_ui_reference,no_observed_match,PENDING_HUMAN_DESIGN,PENDING_HUMAN_DESIGN,PENDING_HUMAN_DESIGN,PENDING_HUMAN_SIGNOFF,2026-07-11T00:00:00+08:00,2026-08-10T10:15:00+08:00
LEGACY-API-0328,S03,GET,/api/admin/external-effects/troubleshooting/jobs,list_external_effect_troubleshooting_jobs,platform_foundation,ai_crm_next,staging_disabled,6,0,6,0,2026-07-13T14:35:33.108038+08:00,2026-07-22T21:07:59.895567+08:00,false,false,A,observed_production_traffic,normalized_unique_path,PENDING_HUMAN_DESIGN,PENDING_HUMAN_DESIGN,PENDING_HUMAN_DESIGN,PENDING_HUMAN_SIGNOFF,2026-07-11T00:00:00+08:00,2026-08-10T10:15:00+08:00
LEGACY-API-0329,S03,GET,/api/admin/external-effects/troubleshooting/jobs/{job_id},get_external_effect_troubleshooting_job,platform_foundation,ai_crm_next,staging_disabled,1,0,1,0,2026-07-13T14:35:36.946136+08:00,2026-07-13T14:35:36.946136+08:00,false,false,A,observed_production_traffic,normalized_unique_path,PENDING_HUMAN_DESIGN,PENDING_HUMAN_DESIGN,PENDING_HUMAN_DESIGN,PENDING_HUMAN_SIGNOFF,2026-07-11T00:00:00+08:00,2026-08-10T10:15:00+08:00
LEGACY-API-0330,S03,GET,/api/admin/external-effects/troubleshooting/summary,external_effect_troubleshooting_summary,platform_foundation,ai_crm_next,staging_disabled,0,0,0,0,,,false,false,B,zero_observed_traffic_and_no_ui_reference,no_observed_match,PENDING_HUMAN_DESIGN,PENDING_HUMAN_DESIGN,PENDING_HUMAN_DESIGN,PENDING_HUMAN_SIGNOFF,2026-07-11T00:00:00+08:00,2026-08-10T10:15:00+08:00
LEGACY-API-0331,S04,GET,/api/admin/group-invite-bindings,list_group_invite_bindings,media_library,ai_crm_next,none,4,0,4,0,2026-07-15T22:32:15.523148+08:00,2026-07-22T19:18:03.433199+08:00,false,false,A,observed_production_traffic,normalized_unique_path,PENDING_HUMAN_DESIGN,PENDING_HUMAN_DESIGN,PENDING_HUMAN_DESIGN,PENDING_HUMAN_SIGNOFF,2026-07-11T00:00:00+08:00,2026-08-10T10:15:00+08:00
LEGACY-API-0332,S04,POST,/api/admin/group-invite-bindings/ensure,ensure_group_invite_binding,media_library,ai_crm_next,none,5,3,2,0,2026-07-22T19:16:31.284208+08:00,2026-08-05T23:27:00.295949+08:00,true,false,A,observed_production_traffic,structured_route_exact+normalized_unique_path,PENDING_HUMAN_DESIGN,PENDING_HUMAN_DESIGN,PENDING_HUMAN_DESIGN,PENDING_HUMAN_SIGNOFF,2026-07-11T00:00:00+08:00,2026-08-10T10:15:00+08:00
LEGACY-API-0333,S04,GET,/api/admin/group-invite-bindings/{item_id},get_group_invite_binding,media_library,ai_crm_next,none,0,0,0,0,,,false,false,B,zero_observed_traffic_and_no_ui_reference,no_observed_match,PENDING_HUMAN_DESIGN,PENDING_HUMAN_DESIGN,PENDING_HUMAN_DESIGN,PENDING_HUMAN_SIGNOFF,2026-07-11T00:00:00+08:00,2026-08-10T10:15:00+08:00
LEGACY-API-0334,S04,PUT,/api/admin/group-invite-bindings/{item_id},update_group_invite_binding,media_library,ai_crm_next,none,0,0,0,0,,,false,false,B,zero_observed_traffic_and_no_ui_reference,no_observed_match,PENDING_HUMAN_DESIGN,PENDING_HUMAN_DESIGN,PENDING_HUMAN_DESIGN,PENDING_HUMAN_SIGNOFF,2026-07-11T00:00:00+08:00,2026-08-10T10:15:00+08:00
LEGACY-API-0335,S04,GET,/api/admin/group-invite-library,list_group_invites,media_library,ai_crm_next,none,12,0,12,0,2026-07-15T15:50:03.681955+08:00,2026-07-15T18:45:17.914915+08:00,false,false,A,observed_production_traffic,normalized_unique_path,PENDING_HUMAN_DESIGN,PENDING_HUMAN_DESIGN,PENDING_HUMAN_DESIGN,PENDING_HUMAN_SIGNOFF,2026-07-11T00:00:00+08:00,2026-08-10T10:15:00+08:00
LEGACY-API-0336,S04,POST,/api/admin/group-invite-library,create_group_invite,media_library,ai_crm_next,none,0,0,0,0,,,false,false,B,zero_observed_traffic_and_no_ui_reference,no_observed_match,PENDING_HUMAN_DESIGN,PENDING_HUMAN_DESIGN,PENDING_HUMAN_DESIGN,PENDING_HUMAN_SIGNOFF,2026-07-11T00:00:00+08:00,2026-08-10T10:15:00+08:00
LEGACY-API-0337,S04,DELETE,/api/admin/group-invite-library/{item_id},delete_group_invite,media_library,ai_crm_next,none,0,0,0,0,,,false,false,B,zero_observed_traffic_and_no_ui_reference,no_observed_match,PENDING_HUMAN_DESIGN,PENDING_HUMAN_DESIGN,PENDING_HUMAN_DESIGN,PENDING_HUMAN_SIGNOFF,2026-07-11T00:00:00+08:00,2026-08-10T10:15:00+08:00
LEGACY-API-0338,S04,GET,/api/admin/group-invite-library/{item_id},get_group_invite,media_library,ai_crm_next,none,0,0,0,0,,,false,false,B,zero_observed_traffic_and_no_ui_reference,no_observed_match,PENDING_HUMAN_DESIGN,PENDING_HUMAN_DESIGN,PENDING_HUMAN_DESIGN,PENDING_HUMAN_SIGNOFF,2026-07-11T00:00:00+08:00,2026-08-10T10:15:00+08:00
LEGACY-API-0339,S04,PUT,/api/admin/group-invite-library/{item_id},update_group_invite,media_library,ai_crm_next,none,0,0,0,0,,,false,false,B,zero_observed_traffic_and_no_ui_reference,no_observed_match,PENDING_HUMAN_DESIGN,PENDING_HUMAN_DESIGN,PENDING_HUMAN_DESIGN,PENDING_HUMAN_SIGNOFF,2026-07-11T00:00:00+08:00,2026-08-10T10:15:00+08:00
LEGACY-API-0340,S04,GET,/api/admin/hxc-dashboard,get_hxc_dashboard,hxc_dashboard,ai_crm_next,none,0,0,0,0,,,false,false,B,zero_observed_traffic_and_no_ui_reference,no_observed_match,PENDING_HUMAN_DESIGN,PENDING_HUMAN_DESIGN,PENDING_HUMAN_DESIGN,PENDING_HUMAN_SIGNOFF,2026-07-11T00:00:00+08:00,2026-08-10T10:15:00+08:00
LEGACY-API-0341,S04,OPTIONS,/api/admin/hxc-dashboard/broadcast,hxc_dashboard_broadcast_options,hxc_dashboard,ai_crm_next,none,0,0,0,0,,,false,false,B,zero_observed_traffic_and_no_ui_reference,no_observed_match,PENDING_HUMAN_DESIGN,PENDING_HUMAN_DESIGN,PENDING_HUMAN_DESIGN,PENDING_HUMAN_SIGNOFF,2026-07-11T00:00:00+08:00,2026-08-10T10:15:00+08:00
LEGACY-API-0342,S04,POST,/api/admin/hxc-dashboard/broadcast,plan_hxc_dashboard_broadcast,hxc_dashboard,ai_crm_next,none,0,0,0,0,,,false,false,B,zero_observed_traffic_and_no_ui_reference,no_observed_match,PENDING_HUMAN_DESIGN,PENDING_HUMAN_DESIGN,PENDING_HUMAN_DESIGN,PENDING_HUMAN_SIGNOFF,2026-07-11T00:00:00+08:00,2026-08-10T10:15:00+08:00
LEGACY-API-0343,S04,POST,/api/admin/hxc-dashboard/broadcast-tasks,create_hxc_broadcast_task,hxc_dashboard,ai_crm_next,none,0,0,0,0,,,true,false,A,ui_referenced_with_zero_observed_traffic,no_observed_match,PENDING_HUMAN_DESIGN,PENDING_HUMAN_DESIGN,PENDING_HUMAN_DESIGN,PENDING_HUMAN_SIGNOFF,2026-07-11T00:00:00+08:00,2026-08-10T10:15:00+08:00
LEGACY-API-0344,S04,OPTIONS,/api/admin/hxc-dashboard/refresh,hxc_dashboard_refresh_options,hxc_dashboard,ai_crm_next,none,0,0,0,0,,,true,false,A,ui_referenced_with_zero_observed_traffic,no_observed_match,PENDING_HUMAN_DESIGN,PENDING_HUMAN_DESIGN,PENDING_HUMAN_DESIGN,PENDING_HUMAN_SIGNOFF,2026-07-11T00:00:00+08:00,2026-08-10T10:15:00+08:00
LEGACY-API-0345,S04,POST,/api/admin/hxc-dashboard/refresh,plan_hxc_dashboard_refresh,hxc_dashboard,ai_crm_next,none,0,0,0,0,,,true,false,A,ui_referenced_with_zero_observed_traffic,no_observed_match,PENDING_HUMAN_DESIGN,PENDING_HUMAN_DESIGN,PENDING_HUMAN_DESIGN,PENDING_HUMAN_SIGNOFF,2026-07-11T00:00:00+08:00,2026-08-10T10:15:00+08:00
LEGACY-API-0346,S04,OPTIONS,/api/admin/hxc-dashboard/refresh-directory,hxc_dashboard_refresh_directory_options,hxc_dashboard,ai_crm_next,none,0,0,0,0,,,true,false,A,ui_referenced_with_zero_observed_traffic,no_observed_match,PENDING_HUMAN_DESIGN,PENDING_HUMAN_DESIGN,PENDING_HUMAN_DESIGN,PENDING_HUMAN_SIGNOFF,2026-07-11T00:00:00+08:00,2026-08-10T10:15:00+08:00
LEGACY-API-0347,S04,POST,/api/admin/hxc-dashboard/refresh-directory,plan_hxc_dashboard_refresh_directory,hxc_dashboard,ai_crm_next,none,0,0,0,0,,,true,false,A,ui_referenced_with_zero_observed_traffic,no_observed_match,PENDING_HUMAN_DESIGN,PENDING_HUMAN_DESIGN,PENDING_HUMAN_DESIGN,PENDING_HUMAN_SIGNOFF,2026-07-11T00:00:00+08:00,2026-08-10T10:15:00+08:00
LEGACY-API-0348,S04,GET,/api/admin/hxc-dashboard/send-config,get_hxc_send_config,hxc_dashboard,ai_crm_next,none,0,0,0,0,,,true,false,A,ui_referenced_with_zero_observed_traffic,no_observed_match,PENDING_HUMAN_DESIGN,PENDING_HUMAN_DESIGN,PENDING_HUMAN_DESIGN,PENDING_HUMAN_SIGNOFF,2026-07-11T00:00:00+08:00,2026-08-10T10:15:00+08:00
LEGACY-API-0349,S04,OPTIONS,/api/admin/hxc-dashboard/send-config,hxc_send_config_options,hxc_dashboard,ai_crm_next,none,0,0,0,0,,,true,false,A,ui_referenced_with_zero_observed_traffic,no_observed_match,PENDING_HUMAN_DESIGN,PENDING_HUMAN_DESIGN,PENDING_HUMAN_DESIGN,PENDING_HUMAN_SIGNOFF,2026-07-11T00:00:00+08:00,2026-08-10T10:15:00+08:00
LEGACY-API-0350,S04,POST,/api/admin/hxc-dashboard/send-config,upsert_hxc_send_config,hxc_dashboard,ai_crm_next,none,0,0,0,0,,,true,false,A,ui_referenced_with_zero_observed_traffic,no_observed_match,PENDING_HUMAN_DESIGN,PENDING_HUMAN_DESIGN,PENDING_HUMAN_DESIGN,PENDING_HUMAN_SIGNOFF,2026-07-11T00:00:00+08:00,2026-08-10T10:15:00+08:00
LEGACY-API-0351,S04,DELETE,/api/admin/hxc-dashboard/send-config/{sender_userid},delete_hxc_send_config,hxc_dashboard,ai_crm_next,none,0,0,0,0,,,true,false,A,ui_referenced_with_zero_observed_traffic,no_observed_match,PENDING_HUMAN_DESIGN,PENDING_HUMAN_DESIGN,PENDING_HUMAN_DESIGN,PENDING_HUMAN_SIGNOFF,2026-07-11T00:00:00+08:00,2026-08-10T10:15:00+08:00
LEGACY-API-0352,S04,OPTIONS,/api/admin/hxc-dashboard/send-config/{sender_userid},hxc_send_config_delete_options,hxc_dashboard,ai_crm_next,none,0,0,0,0,,,true,false,A,ui_referenced_with_zero_observed_traffic,no_observed_match,PENDING_HUMAN_DESIGN,PENDING_HUMAN_DESIGN,PENDING_HUMAN_DESIGN,PENDING_HUMAN_SIGNOFF,2026-07-11T00:00:00+08:00,2026-08-10T10:15:00+08:00
LEGACY-API-0353,S04,"GET,POST",/api/admin/hxc-dashboard/{unknown_path:path},hxc_dashboard_unknown_path,hxc_dashboard,ai_crm_next,none,0,0,0,0,,,false,false,B,zero_observed_traffic_and_no_ui_reference,no_observed_match,PENDING_HUMAN_DESIGN,PENDING_HUMAN_DESIGN,PENDING_HUMAN_DESIGN,PENDING_HUMAN_SIGNOFF,2026-07-11T00:00:00+08:00,2026-08-10T10:15:00+08:00
LEGACY-API-0354,S02,GET,/api/admin/identity/links/{identity_key},admin_identity_links,identity_contact,ai_crm_next,none,0,0,0,0,,,false,false,B,zero_observed_traffic_and_no_ui_reference,no_observed_match,PENDING_HUMAN_DESIGN,PENDING_HUMAN_DESIGN,PENDING_HUMAN_DESIGN,PENDING_HUMAN_SIGNOFF,2026-07-11T00:00:00+08:00,2026-08-10T10:15:00+08:00
LEGACY-API-0355,S02,GET,/api/admin/identity/resolve,admin_resolve_identity,identity_contact,ai_crm_next,none,39,0,39,0,2026-07-14T12:12:28.729597+08:00,2026-07-16T14:25:56.741314+08:00,false,false,A,observed_production_traffic,normalized_unique_path,PENDING_HUMAN_DESIGN,PENDING_HUMAN_DESIGN,PENDING_HUMAN_DESIGN,PENDING_HUMAN_SIGNOFF,2026-07-11T00:00:00+08:00,2026-08-10T10:15:00+08:00
LEGACY-API-0356,S04,GET,/api/admin/image-library,list_images,media_library,ai_crm_next,none,59,45,14,0,2026-07-12T19:36:37.594961+08:00,2026-08-05T11:26:06.791488+08:00,true,false,A,observed_production_traffic,structured_route_exact+normalized_unique_path,PENDING_HUMAN_DESIGN,PENDING_HUMAN_DESIGN,PENDING_HUMAN_DESIGN,PENDING_HUMAN_SIGNOFF,2026-07-11T00:00:00+08:00,2026-08-10T10:15:00+08:00
LEGACY-API-0357,S04,POST,/api/admin/image-library,create_image,media_library,ai_crm_next,none,0,0,0,0,,,true,false,A,ui_referenced_with_zero_observed_traffic,no_observed_match,PENDING_HUMAN_DESIGN,PENDING_HUMAN_DESIGN,PENDING_HUMAN_DESIGN,PENDING_HUMAN_SIGNOFF,2026-07-11T00:00:00+08:00,2026-08-10T10:15:00+08:00
LEGACY-API-0358,S04,GET,/api/admin/image-library/facets,list_image_facets,media_library,ai_crm_next,none,27,18,9,0,2026-07-13T14:02:20.084572+08:00,2026-08-05T11:25:39.706416+08:00,true,false,A,observed_production_traffic,structured_route_exact+normalized_unique_path,PENDING_HUMAN_DESIGN,PENDING_HUMAN_DESIGN,PENDING_HUMAN_DESIGN,PENDING_HUMAN_SIGNOFF,2026-07-11T00:00:00+08:00,2026-08-10T10:15:00+08:00
LEGACY-API-0359,S04,POST,/api/admin/image-library/from-base64,image_from_base64,media_library,ai_crm_next,none,0,0,0,0,,,false,false,B,zero_observed_traffic_and_no_ui_reference,no_observed_match,PENDING_HUMAN_DESIGN,PENDING_HUMAN_DESIGN,PENDING_HUMAN_DESIGN,PENDING_HUMAN_SIGNOFF,2026-07-11T00:00:00+08:00,2026-08-10T10:15:00+08:00
LEGACY-API-0360,S04,POST,/api/admin/image-library/from-url,image_from_url,media_library,ai_crm_next,none,0,0,0,0,,,false,false,B,zero_observed_traffic_and_no_ui_reference,no_observed_match,PENDING_HUMAN_DESIGN,PENDING_HUMAN_DESIGN,PENDING_HUMAN_DESIGN,PENDING_HUMAN_SIGNOFF,2026-07-11T00:00:00+08:00,2026-08-10T10:15:00+08:00
LEGACY-API-0361,S04,POST,/api/admin/image-library/upload,upload_image,media_library,ai_crm_next,none,35,33,2,0,2026-07-14T20:42:26.426054+08:00,2026-08-06T00:03:21.202809+08:00,true,false,A,observed_production_traffic,structured_route_exact+normalized_unique_path,PENDING_HUMAN_DESIGN,PENDING_HUMAN_DESIGN,PENDING_HUMAN_DESIGN,PENDING_HUMAN_SIGNOFF,2026-07-11T00:00:00+08:00,2026-08-10T10:15:00+08:00
LEGACY-API-0362,S04,DELETE,/api/admin/image-library/{image_id},delete_image,media_library,ai_crm_next,none,0,0,0,0,,,true,false,A,ui_referenced_with_zero_observed_traffic,no_observed_match,PENDING_HUMAN_DESIGN,PENDING_HUMAN_DESIGN,PENDING_HUMAN_DESIGN,PENDING_HUMAN_SIGNOFF,2026-07-11T00:00:00+08:00,2026-08-10T10:15:00+08:00
LEGACY-API-0363,S04,GET,/api/admin/image-library/{image_id},get_image,media_library,ai_crm_next,none,0,0,0,0,,,true,false,A,ui_referenced_with_zero_observed_traffic,no_observed_match,PENDING_HUMAN_DESIGN,PENDING_HUMAN_DESIGN,PENDING_HUMAN_DESIGN,PENDING_HUMAN_SIGNOFF,2026-07-11T00:00:00+08:00,2026-08-10T10:15:00+08:00
LEGACY-API-0364,S04,PUT,/api/admin/image-library/{image_id},update_image,media_library,ai_crm_next,none,1,1,0,0,2026-07-30T16:31:34.799537+08:00,2026-07-30T16:31:34.799537+08:00,true,false,A,observed_production_traffic,structured_route_exact,PENDING_HUMAN_DESIGN,PENDING_HUMAN_DESIGN,PENDING_HUMAN_DESIGN,PENDING_HUMAN_SIGNOFF,2026-07-11T00:00:00+08:00,2026-08-10T10:15:00+08:00
LEGACY-API-0365,S04,GET,/api/admin/image-library/{image_id}/thumbnail,get_image_thumbnail,media_library,ai_crm_next,none,0,0,0,0,,,false,false,B,zero_observed_traffic_and_no_ui_reference,no_observed_match,PENDING_HUMAN_DESIGN,PENDING_HUMAN_DESIGN,PENDING_HUMAN_DESIGN,PENDING_HUMAN_SIGNOFF,2026-07-11T00:00:00+08:00,2026-08-10T10:15:00+08:00
LEGACY-API-0366,S04,GET,/api/admin/image-library/{image_id}/variants/{variant_key},get_image_variant,media_library,ai_crm_next,none,114,111,3,0,2026-07-14T20:42:27.813405+08:00,2026-08-05T22:54:11.113932+08:00,false,false,A,observed_production_traffic,structured_route_exact+normalized_unique_path,PENDING_HUMAN_DESIGN,PENDING_HUMAN_DESIGN,PENDING_HUMAN_DESIGN,PENDING_HUMAN_SIGNOFF,2026-07-11T00:00:00+08:00,2026-08-10T10:15:00+08:00
LEGACY-API-0367,S04,GET,/api/admin/internal-events,list_internal_events,platform_foundation,ai_crm_next,none,292,169,123,0,2026-07-11T11:03:39.459083+08:00,2026-08-09T23:16:52.817843+08:00,false,false,A,observed_production_traffic,structured_route_exact+normalized_unique_path,PENDING_HUMAN_DESIGN,PENDING_HUMAN_DESIGN,PENDING_HUMAN_DESIGN,PENDING_HUMAN_SIGNOFF,2026-07-11T00:00:00+08:00,2026-08-10T10:15:00+08:00
LEGACY-API-0368,S04,GET,/api/admin/internal-events/diagnostics,internal_events_diagnostics,platform_foundation,ai_crm_next,none,8,0,8,0,2026-07-13T14:36:41.303532+08:00,2026-07-25T01:13:58.756151+08:00,false,false,A,observed_production_traffic,normalized_unique_path,PENDING_HUMAN_DESIGN,PENDING_HUMAN_DESIGN,PENDING_HUMAN_DESIGN,PENDING_HUMAN_SIGNOFF,2026-07-11T00:00:00+08:00,2026-08-10T10:15:00+08:00
LEGACY-API-0369,S04,POST,/api/admin/internal-events/run-due,run_internal_event_due,platform_foundation,ai_crm_next,none,0,0,0,0,,,false,false,B,zero_observed_traffic_and_no_ui_reference,no_observed_match,PENDING_HUMAN_DESIGN,PENDING_HUMAN_DESIGN,PENDING_HUMAN_DESIGN,PENDING_HUMAN_SIGNOFF,2026-07-11T00:00:00+08:00,2026-08-10T10:15:00+08:00
LEGACY-API-0370,S04,POST,/api/admin/internal-events/run-due/preview,preview_internal_event_run_due,platform_foundation,ai_crm_next,none,0,0,0,0,,,false,false,B,zero_observed_traffic_and_no_ui_reference,no_observed_match,PENDING_HUMAN_DESIGN,PENDING_HUMAN_DESIGN,PENDING_HUMAN_DESIGN,PENDING_HUMAN_SIGNOFF,2026-07-11T00:00:00+08:00,2026-08-10T10:15:00+08:00
LEGACY-API-0371,S04,GET,/api/admin/internal-events/{event_id},get_internal_event,platform_foundation,ai_crm_next,none,3,0,3,0,2026-07-12T12:35:37.202252+08:00,2026-07-13T14:48:32.575543+08:00,false,false,A,observed_production_traffic,normalized_unique_path,PENDING_HUMAN_DESIGN,PENDING_HUMAN_DESIGN,PENDING_HUMAN_DESIGN,PENDING_HUMAN_SIGNOFF,2026-07-11T00:00:00+08:00,2026-08-10T10:15:00+08:00
LEGACY-API-0372,S04,POST,/api/admin/internal-events/{event_id}/consumers/{consumer_name}/retry,retry_internal_event_consumer,platform_foundation,ai_crm_next,none,0,0,0,0,,,false,false,B,zero_observed_traffic_and_no_ui_reference,no_observed_match,PENDING_HUMAN_DESIGN,PENDING_HUMAN_DESIGN,PENDING_HUMAN_DESIGN,PENDING_HUMAN_SIGNOFF,2026-07-11T00:00:00+08:00,2026-08-10T10:15:00+08:00
LEGACY-API-0373,S04,POST,/api/admin/internal-events/{event_id}/consumers/{consumer_name}/run,run_internal_event_consumer,platform_foundation,ai_crm_next,none,0,0,0,0,,,false,false,B,zero_observed_traffic_and_no_ui_reference,no_observed_match,PENDING_HUMAN_DESIGN,PENDING_HUMAN_DESIGN,PENDING_HUMAN_DESIGN,PENDING_HUMAN_SIGNOFF,2026-07-11T00:00:00+08:00,2026-08-10T10:15:00+08:00
LEGACY-API-0374,S04,POST,/api/admin/internal-events/{event_id}/consumers/{consumer_name}/skip,skip_internal_event_consumer,platform_foundation,ai_crm_next,none,0,0,0,0,,,false,false,B,zero_observed_traffic_and_no_ui_reference,no_observed_match,PENDING_HUMAN_DESIGN,PENDING_HUMAN_DESIGN,PENDING_HUMAN_DESIGN,PENDING_HUMAN_SIGNOFF,2026-07-11T00:00:00+08:00,2026-08-10T10:15:00+08:00
LEGACY-API-0375,S04,GET,/api/admin/internal-events/{event_id}/reconciliation,get_internal_event_reconciliation,platform_foundation,ai_crm_next,none,0,0,0,0,,,false,false,B,zero_observed_traffic_and_no_ui_reference,no_observed_match,PENDING_HUMAN_DESIGN,PENDING_HUMAN_DESIGN,PENDING_HUMAN_DESIGN,PENDING_HUMAN_SIGNOFF,2026-07-11T00:00:00+08:00,2026-08-10T10:15:00+08:00
LEGACY-API-0376,S02,GET,/api/admin/jobs/archive-sync,api_admin_jobs_archive_sync,admin_jobs,ai_crm_next,none,0,0,0,0,,,false,false,B,zero_observed_traffic_and_no_ui_reference,no_observed_match,PENDING_HUMAN_DESIGN,PENDING_HUMAN_DESIGN,PENDING_HUMAN_DESIGN,PENDING_HUMAN_SIGNOFF,2026-07-11T00:00:00+08:00,2026-08-10T10:15:00+08:00
LEGACY-API-0377,S02,POST,/api/admin/jobs/archive-sync/run,api_admin_jobs_archive_sync_run,admin_jobs,ai_crm_next,none,0,0,0,0,,,true,false,A,ui_referenced_with_zero_observed_traffic,no_observed_match,PENDING_HUMAN_DESIGN,PENDING_HUMAN_DESIGN,PENDING_HUMAN_DESIGN,PENDING_HUMAN_SIGNOFF,2026-07-11T00:00:00+08:00,2026-08-10T10:15:00+08:00
LEGACY-API-0378,S02,GET,/api/admin/jobs/callbacks,api_admin_jobs_callbacks,admin_jobs,ai_crm_next,none,0,0,0,0,,,false,false,B,zero_observed_traffic_and_no_ui_reference,no_observed_match,PENDING_HUMAN_DESIGN,PENDING_HUMAN_DESIGN,PENDING_HUMAN_DESIGN,PENDING_HUMAN_SIGNOFF,2026-07-11T00:00:00+08:00,2026-08-10T10:15:00+08:00
LEGACY-API-0379,S02,GET,/api/admin/jobs/deferred-jobs,api_admin_jobs_deferred_jobs,admin_jobs,ai_crm_next,none,0,0,0,0,,,false,false,B,zero_observed_traffic_and_no_ui_reference,no_observed_match,PENDING_HUMAN_DESIGN,PENDING_HUMAN_DESIGN,PENDING_HUMAN_DESIGN,PENDING_HUMAN_SIGNOFF,2026-07-11T00:00:00+08:00,2026-08-10T10:15:00+08:00
LEGACY-API-0380,S02,GET,/api/admin/jobs/message-batches,api_admin_jobs_message_batches,admin_jobs,ai_crm_next,none,0,0,0,0,,,false,false,B,zero_observed_traffic_and_no_ui_reference,no_observed_match,PENDING_HUMAN_DESIGN,PENDING_HUMAN_DESIGN,PENDING_HUMAN_DESIGN,PENDING_HUMAN_SIGNOFF,2026-07-11T00:00:00+08:00,2026-08-10T10:15:00+08:00
LEGACY-API-0381,S02,GET,/api/admin/jobs/message-batches/{batch_id},api_admin_jobs_message_batch_detail,admin_jobs,ai_crm_next,none,0,0,0,0,,,false,false,B,zero_observed_traffic_and_no_ui_reference,no_observed_match,PENDING_HUMAN_DESIGN,PENDING_HUMAN_DESIGN,PENDING_HUMAN_DESIGN,PENDING_HUMAN_SIGNOFF,2026-07-11T00:00:00+08:00,2026-08-10T10:15:00+08:00
LEGACY-API-0382,S02,POST,/api/admin/jobs/message-batches/{batch_id}/ack,api_admin_jobs_message_batch_ack,admin_jobs,ai_crm_next,none,0,0,0,0,,,true,false,A,ui_referenced_with_zero_observed_traffic,no_observed_match,PENDING_HUMAN_DESIGN,PENDING_HUMAN_DESIGN,PENDING_HUMAN_DESIGN,PENDING_HUMAN_SIGNOFF,2026-07-11T00:00:00+08:00,2026-08-10T10:15:00+08:00
LEGACY-API-0383,S02,POST,/api/admin/jobs/order-identity-repair/run,api_admin_jobs_order_identity_repair_run,admin_jobs,retired,none,0,0,0,0,,,true,true,C,retired_or_blocked_marker_and_zero_traffic,no_observed_match,PENDING_HUMAN_DESIGN,PENDING_HUMAN_DESIGN,PENDING_HUMAN_DESIGN,PENDING_HUMAN_SIGNOFF,2026-07-11T00:00:00+08:00,2026-08-10T10:15:00+08:00
LEGACY-API-0384,S02,GET,/api/admin/jobs/summary,api_admin_jobs_summary,admin_jobs,ai_crm_next,none,2,0,2,0,2026-07-25T01:13:33.226737+08:00,2026-07-25T01:13:59.278700+08:00,false,false,A,observed_production_traffic,normalized_unique_path,PENDING_HUMAN_DESIGN,PENDING_HUMAN_DESIGN,PENDING_HUMAN_DESIGN,PENDING_HUMAN_SIGNOFF,2026-07-11T00:00:00+08:00,2026-08-10T10:15:00+08:00
LEGACY-API-0385,S02,GET,/api/admin/jobs/webhook-deliveries,api_admin_jobs_webhook_deliveries,admin_jobs,ai_crm_next,none,0,0,0,0,,,false,false,B,zero_observed_traffic_and_no_ui_reference,no_observed_match,PENDING_HUMAN_DESIGN,PENDING_HUMAN_DESIGN,PENDING_HUMAN_DESIGN,PENDING_HUMAN_SIGNOFF,2026-07-11T00:00:00+08:00,2026-08-10T10:15:00+08:00
LEGACY-API-0386,S03,GET,/api/admin/material-assets,list_material_assets,send_content,ai_crm_next,none,0,0,0,0,,,false,false,B,zero_observed_traffic_and_no_ui_reference,no_observed_match,PENDING_HUMAN_DESIGN,PENDING_HUMAN_DESIGN,PENDING_HUMAN_DESIGN,PENDING_HUMAN_SIGNOFF,2026-07-11T00:00:00+08:00,2026-08-10T10:15:00+08:00
LEGACY-API-0387,S03,POST,/api/admin/material-assets/validate,validate_material_assets,send_content,ai_crm_next,none,0,0,0,0,,,false,false,B,zero_observed_traffic_and_no_ui_reference,no_observed_match,PENDING_HUMAN_DESIGN,PENDING_HUMAN_DESIGN,PENDING_HUMAN_DESIGN,PENDING_HUMAN_SIGNOFF,2026-07-11T00:00:00+08:00,2026-08-10T10:15:00+08:00
LEGACY-API-0388,S03,GET,/api/admin/material-assets/{material_asset_id}/usage,get_material_asset_usage,send_content,ai_crm_next,none,0,0,0,0,,,false,false,B,zero_observed_traffic_and_no_ui_reference,no_observed_match,PENDING_HUMAN_DESIGN,PENDING_HUMAN_DESIGN,PENDING_HUMAN_DESIGN,PENDING_HUMAN_SIGNOFF,2026-07-11T00:00:00+08:00,2026-08-10T10:15:00+08:00
LEGACY-API-0389,S03,GET,/api/admin/material-picker/items,list_material_picker_items,send_content,ai_crm_next,none,9,5,4,0,2026-07-14T20:37:35.895539+08:00,2026-08-05T22:54:25.872123+08:00,true,false,A,observed_production_traffic,structured_route_exact+normalized_unique_path,PENDING_HUMAN_DESIGN,PENDING_HUMAN_DESIGN,PENDING_HUMAN_DESIGN,PENDING_HUMAN_SIGNOFF,2026-07-11T00:00:00+08:00,2026-08-10T10:15:00+08:00
LEGACY-API-0390,S04,GET,/api/admin/miniprogram-library,list_miniprograms,media_library,ai_crm_next,none,20,11,9,0,2026-07-12T18:02:58.757891+08:00,2026-08-05T09:50:53.731836+08:00,true,false,A,observed_production_traffic,structured_route_exact+normalized_unique_path,PENDING_HUMAN_DESIGN,PENDING_HUMAN_DESIGN,PENDING_HUMAN_DESIGN,PENDING_HUMAN_SIGNOFF,2026-07-11T00:00:00+08:00,2026-08-10T10:15:00+08:00
LEGACY-API-0391,S04,POST,/api/admin/miniprogram-library,create_miniprogram,media_library,ai_crm_next,none,1,0,1,0,2026-07-12T19:37:30.339837+08:00,2026-07-12T19:37:30.339837+08:00,true,false,A,observed_production_traffic,normalized_unique_path,PENDING_HUMAN_DESIGN,PENDING_HUMAN_DESIGN,PENDING_HUMAN_DESIGN,PENDING_HUMAN_SIGNOFF,2026-07-11T00:00:00+08:00,2026-08-10T10:15:00+08:00
LEGACY-API-0392,S04,DELETE,/api/admin/miniprogram-library/{item_id},delete_miniprogram,media_library,ai_crm_next,none,0,0,0,0,,,true,false,A,ui_referenced_with_zero_observed_traffic,no_observed_match,PENDING_HUMAN_DESIGN,PENDING_HUMAN_DESIGN,PENDING_HUMAN_DESIGN,PENDING_HUMAN_SIGNOFF,2026-07-11T00:00:00+08:00,2026-08-10T10:15:00+08:00
LEGACY-API-0393,S04,GET,/api/admin/miniprogram-library/{item_id},get_miniprogram,media_library,ai_crm_next,none,0,0,0,0,,,true,false,A,ui_referenced_with_zero_observed_traffic,no_observed_match,PENDING_HUMAN_DESIGN,PENDING_HUMAN_DESIGN,PENDING_HUMAN_DESIGN,PENDING_HUMAN_SIGNOFF,2026-07-11T00:00:00+08:00,2026-08-10T10:15:00+08:00
LEGACY-API-0394,S04,PUT,/api/admin/miniprogram-library/{item_id},update_miniprogram,media_library,ai_crm_next,none,0,0,0,0,,,true,false,A,ui_referenced_with_zero_observed_traffic,no_observed_match,PENDING_HUMAN_DESIGN,PENDING_HUMAN_DESIGN,PENDING_HUMAN_DESIGN,PENDING_HUMAN_SIGNOFF,2026-07-11T00:00:00+08:00,2026-08-10T10:15:00+08:00
LEGACY-API-0395,S04,POST,/api/admin/miniprogram-library/{item_id}/test-resolve,test_resolve_miniprogram,media_library,ai_crm_next,none,0,0,0,0,,,true,false,A,ui_referenced_with_zero_observed_traffic,no_observed_match,PENDING_HUMAN_DESIGN,PENDING_HUMAN_DESIGN,PENDING_HUMAN_DESIGN,PENDING_HUMAN_SIGNOFF,2026-07-11T00:00:00+08:00,2026-08-10T10:15:00+08:00
LEGACY-API-0396,S04,GET,/api/admin/operation-cycles/action-requests/{request_id}/result,get_operation_cycle_action_request_result,operation_cycles,ai_crm_next,none,0,0,0,0,,,false,false,B,zero_observed_traffic_and_no_ui_reference,no_observed_match,PENDING_HUMAN_DESIGN,PENDING_HUMAN_DESIGN,PENDING_HUMAN_DESIGN,PENDING_HUMAN_SIGNOFF,2026-07-11T00:00:00+08:00,2026-08-10T10:15:00+08:00
LEGACY-API-0397,S04,GET,/api/admin/operation-cycles/runs/{run_key},get_operation_cycle_run,operation_cycles,ai_crm_next,none,1,1,0,0,2026-07-28T23:09:34.077158+08:00,2026-07-28T23:09:34.077158+08:00,false,false,A,observed_production_traffic,structured_route_exact,PENDING_HUMAN_DESIGN,PENDING_HUMAN_DESIGN,PENDING_HUMAN_DESIGN,PENDING_HUMAN_SIGNOFF,2026-07-11T00:00:00+08:00,2026-08-10T10:15:00+08:00
LEGACY-API-0398,S04,GET,/api/admin/operation-cycles/strategies,list_operation_cycle_strategies,operation_cycles,ai_crm_next,none,196,139,57,0,2026-07-14T17:06:43.653541+08:00,2026-08-09T23:16:53.405814+08:00,false,false,A,observed_production_traffic,structured_route_exact+normalized_unique_path,PENDING_HUMAN_DESIGN,PENDING_HUMAN_DESIGN,PENDING_HUMAN_DESIGN,PENDING_HUMAN_SIGNOFF,2026-07-11T00:00:00+08:00,2026-08-10T10:15:00+08:00
LEGACY-API-0399,S04,GET,/api/admin/operation-cycles/strategies/{strategy_key},get_operation_cycle_strategy,operation_cycles,ai_crm_next,none,1,1,0,0,2026-07-28T11:53:35.094427+08:00,2026-07-28T11:53:35.094427+08:00,false,false,A,observed_production_traffic,structured_route_exact,PENDING_HUMAN_DESIGN,PENDING_HUMAN_DESIGN,PENDING_HUMAN_DESIGN,PENDING_HUMAN_SIGNOFF,2026-07-11T00:00:00+08:00,2026-08-10T10:15:00+08:00
LEGACY-API-0400,S04,POST,/api/admin/operation-cycles/strategies/{strategy_key}/actions/{action_key}/start,start_operation_cycle_action,operation_cycles,ai_crm_next,none,0,0,0,0,,,true,false,A,ui_referenced_with_zero_observed_traffic,no_observed_match,PENDING_HUMAN_DESIGN,PENDING_HUMAN_DESIGN,PENDING_HUMAN_DESIGN,PENDING_HUMAN_SIGNOFF,2026-07-11T00:00:00+08:00,2026-08-10T10:15:00+08:00
LEGACY-API-0401,S04,GET,/api/admin/operation-cycles/strategies/{strategy_key}/current-action,get_operation_cycle_current_action,operation_cycles,ai_crm_next,none,0,0,0,0,,,false,false,B,zero_observed_traffic_and_no_ui_reference,no_observed_match,PENDING_HUMAN_DESIGN,PENDING_HUMAN_DESIGN,PENDING_HUMAN_DESIGN,PENDING_HUMAN_SIGNOFF,2026-07-11T00:00:00+08:00,2026-08-10T10:15:00+08:00
LEGACY-API-0402,S04,GET,/api/admin/operation-cycles/strategies/{strategy_key}/runs,list_operation_cycle_strategy_runs,operation_cycles,ai_crm_next,none,0,0,0,0,,,false,false,B,zero_observed_traffic_and_no_ui_reference,no_observed_match,PENDING_HUMAN_DESIGN,PENDING_HUMAN_DESIGN,PENDING_HUMAN_DESIGN,PENDING_HUMAN_SIGNOFF,2026-07-11T00:00:00+08:00,2026-08-10T10:15:00+08:00
LEGACY-API-0403,S04,GET,/api/admin/operation-cycles/strategies/{strategy_key}/strategy-change-proposals,list_operation_cycle_strategy_change_proposals,operation_cycles,ai_crm_next,none,0,0,0,0,,,false,false,B,zero_observed_traffic_and_no_ui_reference,no_observed_match,PENDING_HUMAN_DESIGN,PENDING_HUMAN_DESIGN,PENDING_HUMAN_DESIGN,PENDING_HUMAN_SIGNOFF,2026-07-11T00:00:00+08:00,2026-08-10T10:15:00+08:00
LEGACY-API-0404,S04,POST,/api/admin/operation-cycles/strategy-change-proposals/{proposal_id}/decision,decide_operation_cycle_strategy_change_proposal,operation_cycles,ai_crm_next,none,2,2,0,0,2026-07-29T22:10:13.850968+08:00,2026-07-29T22:12:22.185684+08:00,true,false,A,observed_production_traffic,structured_route_exact,PENDING_HUMAN_DESIGN,PENDING_HUMAN_DESIGN,PENDING_HUMAN_DESIGN,PENDING_HUMAN_SIGNOFF,2026-07-11T00:00:00+08:00,2026-08-10T10:15:00+08:00
LEGACY-API-0405,S04,GET,/api/admin/orders,list_admin_orders,commerce,ai_crm_next,none,159,102,57,0,2026-07-12T12:20:48.734095+08:00,2026-08-09T22:38:57.949488+08:00,true,false,A,observed_production_traffic,structured_route_exact+normalized_unique_path,PENDING_HUMAN_DESIGN,PENDING_HUMAN_DESIGN,PENDING_HUMAN_DESIGN,PENDING_HUMAN_SIGNOFF,2026-07-11T00:00:00+08:00,2026-08-10T10:15:00+08:00
LEGACY-API-0406,S04,GET,/api/admin/orders/{order_no},get_admin_order,commerce,ai_crm_next,none,0,0,0,0,,,false,false,B,zero_observed_traffic_and_no_ui_reference,no_observed_match,PENDING_HUMAN_DESIGN,PENDING_HUMAN_DESIGN,PENDING_HUMAN_DESIGN,PENDING_HUMAN_SIGNOFF,2026-07-11T00:00:00+08:00,2026-08-10T10:15:00+08:00
LEGACY-API-0407,S04,GET,/api/admin/orders/{order_no}/items,get_admin_order_items,commerce,ai_crm_next,none,0,0,0,0,,,false,false,B,zero_observed_traffic_and_no_ui_reference,no_observed_match,PENDING_HUMAN_DESIGN,PENDING_HUMAN_DESIGN,PENDING_HUMAN_DESIGN,PENDING_HUMAN_SIGNOFF,2026-07-11T00:00:00+08:00,2026-08-10T10:15:00+08:00
LEGACY-API-0408,S04,POST,/api/admin/owner-migration/execute,execute_owner_migration,owner_migration,ai_crm_next,none,0,0,0,0,,,true,false,A,ui_referenced_with_zero_observed_traffic,no_observed_match,PENDING_HUMAN_DESIGN,PENDING_HUMAN_DESIGN,PENDING_HUMAN_DESIGN,PENDING_HUMAN_SIGNOFF,2026-07-11T00:00:00+08:00,2026-08-10T10:15:00+08:00
LEGACY-API-0409,S04,POST,/api/admin/owner-migration/import,import_owner_migration,owner_migration,ai_crm_next,none,0,0,0,0,,,true,false,A,ui_referenced_with_zero_observed_traffic,no_observed_match,PENDING_HUMAN_DESIGN,PENDING_HUMAN_DESIGN,PENDING_HUMAN_DESIGN,PENDING_HUMAN_SIGNOFF,2026-07-11T00:00:00+08:00,2026-08-10T10:15:00+08:00
LEGACY-API-0410,S04,POST,/api/admin/owner-migration/preview,preview_owner_migration,owner_migration,ai_crm_next,none,0,0,0,0,,,true,false,A,ui_referenced_with_zero_observed_traffic,no_observed_match,PENDING_HUMAN_DESIGN,PENDING_HUMAN_DESIGN,PENDING_HUMAN_DESIGN,PENDING_HUMAN_SIGNOFF,2026-07-11T00:00:00+08:00,2026-08-10T10:15:00+08:00
LEGACY-API-0411,S04,GET,/api/admin/owner-migration/results/{result_id}.xlsx,owner_migration_result_file,owner_migration,ai_crm_next,none,0,0,0,0,,,true,false,A,ui_referenced_with_zero_observed_traffic,no_observed_match,PENDING_HUMAN_DESIGN,PENDING_HUMAN_DESIGN,PENDING_HUMAN_DESIGN,PENDING_HUMAN_SIGNOFF,2026-07-11T00:00:00+08:00,2026-08-10T10:15:00+08:00
LEGACY-API-0412,S04,GET,/api/admin/owner-migration/sessions/{session_id}/errors.xlsx,owner_migration_session_errors,owner_migration,ai_crm_next,none,0,0,0,0,,,true,false,A,ui_referenced_with_zero_observed_traffic,no_observed_match,PENDING_HUMAN_DESIGN,PENDING_HUMAN_DESIGN,PENDING_HUMAN_DESIGN,PENDING_HUMAN_SIGNOFF,2026-07-11T00:00:00+08:00,2026-08-10T10:15:00+08:00
LEGACY-API-0413,S04,GET,/api/admin/owner-migration/template.xlsx,owner_migration_template,owner_migration,ai_crm_next,none,0,0,0,0,,,true,false,A,ui_referenced_with_zero_observed_traffic,no_observed_match,PENDING_HUMAN_DESIGN,PENDING_HUMAN_DESIGN,PENDING_HUMAN_DESIGN,PENDING_HUMAN_SIGNOFF,2026-07-11T00:00:00+08:00,2026-08-10T10:15:00+08:00
LEGACY-API-0414,S04,POST,/api/admin/owner-migration/transfer-result,owner_migration_transfer_result,owner_migration,ai_crm_next,none,0,0,0,0,,,false,false,B,zero_observed_traffic_and_no_ui_reference,no_observed_match,PENDING_HUMAN_DESIGN,PENDING_HUMAN_DESIGN,PENDING_HUMAN_DESIGN,PENDING_HUMAN_SIGNOFF,2026-07-11T00:00:00+08:00,2026-08-10T10:15:00+08:00
LEGACY-API-0415,S04,GET,/api/admin/payments,list_admin_payments,commerce,ai_crm_next,staging_disabled,0,0,0,0,,,false,false,B,zero_observed_traffic_and_no_ui_reference,no_observed_match,PENDING_HUMAN_DESIGN,PENDING_HUMAN_DESIGN,PENDING_HUMAN_DESIGN,PENDING_HUMAN_SIGNOFF,2026-07-11T00:00:00+08:00,2026-08-10T10:15:00+08:00
LEGACY-API-0416,S03,GET,/api/admin/push-center/jobs,push_center_jobs,platform_foundation,ai_crm_next,none,245,139,106,0,2026-07-11T11:03:39.053314+08:00,2026-08-09T23:16:52.117354+08:00,true,false,A,observed_production_traffic,structured_route_exact+normalized_unique_path,PENDING_HUMAN_DESIGN,PENDING_HUMAN_DESIGN,PENDING_HUMAN_DESIGN,PENDING_HUMAN_SIGNOFF,2026-07-11T00:00:00+08:00,2026-08-10T10:15:00+08:00
LEGACY-API-0417,S03,GET,/api/admin/push-center/jobs/{job_id},push_center_job_detail,platform_foundation,ai_crm_next,none,0,0,0,0,,,false,false,B,zero_observed_traffic_and_no_ui_reference,no_observed_match,PENDING_HUMAN_DESIGN,PENDING_HUMAN_DESIGN,PENDING_HUMAN_DESIGN,PENDING_HUMAN_SIGNOFF,2026-07-11T00:00:00+08:00,2026-08-10T10:15:00+08:00
LEGACY-API-0418,S03,POST,/api/admin/push-center/jobs/{job_id}/cancel,push_center_cancel_job,platform_foundation,ai_crm_next,none,0,0,0,0,,,false,false,B,zero_observed_traffic_and_no_ui_reference,no_observed_match,PENDING_HUMAN_DESIGN,PENDING_HUMAN_DESIGN,PENDING_HUMAN_DESIGN,PENDING_HUMAN_SIGNOFF,2026-07-11T00:00:00+08:00,2026-08-10T10:15:00+08:00
LEGACY-API-0419,S03,GET,/api/admin/push-center/jobs/{job_id}/reconciliation,push_center_job_reconciliation,platform_foundation,ai_crm_next,none,0,0,0,0,,,true,false,A,ui_referenced_with_zero_observed_traffic,no_observed_match,PENDING_HUMAN_DESIGN,PENDING_HUMAN_DESIGN,PENDING_HUMAN_DESIGN,PENDING_HUMAN_SIGNOFF,2026-07-11T00:00:00+08:00,2026-08-10T10:15:00+08:00
LEGACY-API-0420,S03,POST,/api/admin/push-center/jobs/{job_id}/retry,push_center_retry_job,platform_foundation,ai_crm_next,none,0,0,0,0,,,false,false,B,zero_observed_traffic_and_no_ui_reference,no_observed_match,PENDING_HUMAN_DESIGN,PENDING_HUMAN_DESIGN,PENDING_HUMAN_DESIGN,PENDING_HUMAN_SIGNOFF,2026-07-11T00:00:00+08:00,2026-08-10T10:15:00+08:00
LEGACY-API-0421,S03,GET,/api/admin/push-center/sections,push_center_sections,platform_foundation,ai_crm_next,none,0,0,0,0,,,true,false,A,ui_referenced_with_zero_observed_traffic,no_observed_match,PENDING_HUMAN_DESIGN,PENDING_HUMAN_DESIGN,PENDING_HUMAN_DESIGN,PENDING_HUMAN_SIGNOFF,2026-07-11T00:00:00+08:00,2026-08-10T10:15:00+08:00
LEGACY-API-0422,S03,GET,/api/admin/push-center/stats,push_center_stats,platform_foundation,ai_crm_next,none,244,139,105,0,2026-07-11T11:03:31.855625+08:00,2026-08-09T23:16:51.395358+08:00,true,false,A,observed_production_traffic,structured_route_exact+normalized_unique_path,PENDING_HUMAN_DESIGN,PENDING_HUMAN_DESIGN,PENDING_HUMAN_DESIGN,PENDING_HUMAN_SIGNOFF,2026-07-11T00:00:00+08:00,2026-08-10T10:15:00+08:00
LEGACY-API-0423,S04,GET,/api/admin/questionnaires,list_questionnaires,questionnaire,ai_crm_next,none,61,42,19,0,2026-07-13T14:04:39.057619+08:00,2026-08-10T00:08:20.522009+08:00,true,false,A,observed_production_traffic,structured_route_exact+normalized_unique_path,PENDING_HUMAN_DESIGN,PENDING_HUMAN_DESIGN,PENDING_HUMAN_DESIGN,PENDING_HUMAN_SIGNOFF,2026-07-11T00:00:00+08:00,2026-08-10T10:15:00+08:00
LEGACY-API-0424,S04,POST,/api/admin/questionnaires,create_questionnaire,questionnaire,ai_crm_next,none,10,0,10,0,2026-07-17T17:18:35.909177+08:00,2026-07-17T17:52:26.278609+08:00,true,false,A,observed_production_traffic,normalized_unique_path,PENDING_HUMAN_DESIGN,PENDING_HUMAN_DESIGN,PENDING_HUMAN_DESIGN,PENDING_HUMAN_SIGNOFF,2026-07-11T00:00:00+08:00,2026-08-10T10:15:00+08:00
LEGACY-API-0425,S04,GET,/api/admin/questionnaires/preflight,questionnaire_preflight,questionnaire,ai_crm_next,none,2,0,2,0,2026-07-17T17:20:24.713539+08:00,2026-07-17T17:20:30.713355+08:00,false,false,A,observed_production_traffic,normalized_unique_path,PENDING_HUMAN_DESIGN,PENDING_HUMAN_DESIGN,PENDING_HUMAN_DESIGN,PENDING_HUMAN_SIGNOFF,2026-07-11T00:00:00+08:00,2026-08-10T10:15:00+08:00
LEGACY-API-0426,S04,DELETE,/api/admin/questionnaires/{questionnaire_id},delete_questionnaire,questionnaire,ai_crm_next,none,8,8,0,0,2026-08-09T23:28:59.579994+08:00,2026-08-09T23:29:27.923302+08:00,true,false,A,observed_production_traffic,structured_route_exact,PENDING_HUMAN_DESIGN,PENDING_HUMAN_DESIGN,PENDING_HUMAN_DESIGN,PENDING_HUMAN_SIGNOFF,2026-07-11T00:00:00+08:00,2026-08-10T10:15:00+08:00
LEGACY-API-0427,S04,GET,/api/admin/questionnaires/{questionnaire_id},get_questionnaire,questionnaire,ai_crm_next,none,2,0,2,0,2026-07-15T09:42:15.210795+08:00,2026-07-15T09:42:15.589958+08:00,true,false,A,observed_production_traffic,normalized_unique_path,PENDING_HUMAN_DESIGN,PENDING_HUMAN_DESIGN,PENDING_HUMAN_DESIGN,PENDING_HUMAN_SIGNOFF,2026-07-11T00:00:00+08:00,2026-08-10T10:15:00+08:00
LEGACY-API-0428,S04,PATCH,/api/admin/questionnaires/{questionnaire_id},update_questionnaire,questionnaire,ai_crm_next,none,0,0,0,0,,,true,false,A,ui_referenced_with_zero_observed_traffic,no_observed_match,PENDING_HUMAN_DESIGN,PENDING_HUMAN_DESIGN,PENDING_HUMAN_DESIGN,PENDING_HUMAN_SIGNOFF,2026-07-11T00:00:00+08:00,2026-08-10T10:15:00+08:00
LEGACY-API-0429,S04,PUT,/api/admin/questionnaires/{questionnaire_id},update_questionnaire,questionnaire,ai_crm_next,none,8,8,0,0,2026-08-09T21:42:39.196151+08:00,2026-08-09T23:01:45.878386+08:00,true,false,A,observed_production_traffic,structured_route_exact,PENDING_HUMAN_DESIGN,PENDING_HUMAN_DESIGN,PENDING_HUMAN_DESIGN,PENDING_HUMAN_SIGNOFF,2026-07-11T00:00:00+08:00,2026-08-10T10:15:00+08:00
LEGACY-API-0430,S04,POST,/api/admin/questionnaires/{questionnaire_id}/disable,disable_questionnaire,questionnaire,ai_crm_next,none,4,4,0,0,2026-08-09T23:28:54.650326+08:00,2026-08-09T23:29:18.006852+08:00,true,false,A,observed_production_traffic,structured_route_exact,PENDING_HUMAN_DESIGN,PENDING_HUMAN_DESIGN,PENDING_HUMAN_DESIGN,PENDING_HUMAN_SIGNOFF,2026-07-11T00:00:00+08:00,2026-08-10T10:15:00+08:00
LEGACY-API-0431,S04,POST,/api/admin/questionnaires/{questionnaire_id}/duplicate,duplicate_questionnaire,questionnaire,ai_crm_next,none,4,4,0,0,2026-08-09T21:41:55.642257+08:00,2026-08-09T22:58:26.580934+08:00,true,false,A,observed_production_traffic,structured_route_exact,PENDING_HUMAN_DESIGN,PENDING_HUMAN_DESIGN,PENDING_HUMAN_DESIGN,PENDING_HUMAN_SIGNOFF,2026-07-11T00:00:00+08:00,2026-08-10T10:15:00+08:00
LEGACY-API-0432,S04,POST,/api/admin/questionnaires/{questionnaire_id}/enable,enable_questionnaire,questionnaire,ai_crm_next,none,0,0,0,0,,,false,false,B,zero_observed_traffic_and_no_ui_reference,no_observed_match,PENDING_HUMAN_DESIGN,PENDING_HUMAN_DESIGN,PENDING_HUMAN_DESIGN,PENDING_HUMAN_SIGNOFF,2026-07-11T00:00:00+08:00,2026-08-10T10:15:00+08:00
LEGACY-API-0433,S04,GET,/api/admin/questionnaires/{questionnaire_id}/export,export_questionnaire,questionnaire,ai_crm_next,none,6,4,2,0,2026-07-16T20:10:13.522660+08:00,2026-08-06T18:00:02.870602+08:00,true,false,A,observed_production_traffic,structured_route_exact+normalized_unique_path,PENDING_HUMAN_DESIGN,PENDING_HUMAN_DESIGN,PENDING_HUMAN_DESIGN,PENDING_HUMAN_SIGNOFF,2026-07-11T00:00:00+08:00,2026-08-10T10:15:00+08:00
LEGACY-API-0434,S04,POST,/api/admin/questionnaires/{questionnaire_id}/export/preview,export_questionnaire_preview,questionnaire,ai_crm_next,none,0,0,0,0,,,false,false,B,zero_observed_traffic_and_no_ui_reference,no_observed_match,PENDING_HUMAN_DESIGN,PENDING_HUMAN_DESIGN,PENDING_HUMAN_DESIGN,PENDING_HUMAN_SIGNOFF,2026-07-11T00:00:00+08:00,2026-08-10T10:15:00+08:00
LEGACY-API-0435,S04,GET,/api/admin/questionnaires/{questionnaire_id}/latest-submit-debug,latest_submit_debug,questionnaire,ai_crm_next,none,0,0,0,0,,,false,false,B,zero_observed_traffic_and_no_ui_reference,no_observed_match,PENDING_HUMAN_DESIGN,PENDING_HUMAN_DESIGN,PENDING_HUMAN_DESIGN,PENDING_HUMAN_SIGNOFF,2026-07-11T00:00:00+08:00,2026-08-10T10:15:00+08:00
LEGACY-API-0436,S04,GET,/api/admin/questionnaires/{questionnaire_id}/operations,get_questionnaire_operations,questionnaire,ai_crm_next,none,3,0,3,0,2026-07-15T10:04:24.536895+08:00,2026-07-15T10:07:12.622846+08:00,false,false,A,observed_production_traffic,normalized_unique_path,PENDING_HUMAN_DESIGN,PENDING_HUMAN_DESIGN,PENDING_HUMAN_DESIGN,PENDING_HUMAN_SIGNOFF,2026-07-11T00:00:00+08:00,2026-08-10T10:15:00+08:00
LEGACY-API-0437,S04,PUT,/api/admin/questionnaires/{questionnaire_id}/operations/completion,save_questionnaire_completion_operations,questionnaire,ai_crm_next,none,3,3,0,0,2026-08-10T00:01:34.345043+08:00,2026-08-10T00:02:23.841328+08:00,true,false,A,observed_production_traffic,structured_route_exact,PENDING_HUMAN_DESIGN,PENDING_HUMAN_DESIGN,PENDING_HUMAN_DESIGN,PENDING_HUMAN_SIGNOFF,2026-07-11T00:00:00+08:00,2026-08-10T10:15:00+08:00
LEGACY-API-0438,S04,PUT,/api/admin/questionnaires/{questionnaire_id}/operations/external-push,save_questionnaire_external_push_operations,questionnaire,ai_crm_next,none,2,2,0,0,2026-08-10T00:02:16.946500+08:00,2026-08-10T00:02:21.031333+08:00,true,false,A,observed_production_traffic,structured_route_exact,PENDING_HUMAN_DESIGN,PENDING_HUMAN_DESIGN,PENDING_HUMAN_DESIGN,PENDING_HUMAN_SIGNOFF,2026-07-11T00:00:00+08:00,2026-08-10T10:15:00+08:00
LEGACY-API-0439,S04,POST,/api/admin/questionnaires/{questionnaire_id}/operations/external-push/test,test_questionnaire_external_push_operations,questionnaire,ai_crm_next,none,0,0,0,0,,,true,false,A,ui_referenced_with_zero_observed_traffic,no_observed_match,PENDING_HUMAN_DESIGN,PENDING_HUMAN_DESIGN,PENDING_HUMAN_DESIGN,PENDING_HUMAN_SIGNOFF,2026-07-11T00:00:00+08:00,2026-08-10T10:15:00+08:00
LEGACY-API-0440,S04,POST,/api/admin/questionnaires/{questionnaire_id}/publish,publish_questionnaire,questionnaire,ai_crm_next,none,0,0,0,0,,,false,false,B,zero_observed_traffic_and_no_ui_reference,no_observed_match,PENDING_HUMAN_DESIGN,PENDING_HUMAN_DESIGN,PENDING_HUMAN_DESIGN,PENDING_HUMAN_SIGNOFF,2026-07-11T00:00:00+08:00,2026-08-10T10:15:00+08:00
LEGACY-API-0441,S04,GET,/api/admin/questionnaires/{questionnaire_id}/questions,get_questionnaire_questions,questionnaire,ai_crm_next,none,0,0,0,0,,,false,false,B,zero_observed_traffic_and_no_ui_reference,no_observed_match,PENDING_HUMAN_DESIGN,PENDING_HUMAN_DESIGN,PENDING_HUMAN_DESIGN,PENDING_HUMAN_SIGNOFF,2026-07-11T00:00:00+08:00,2026-08-10T10:15:00+08:00
LEGACY-API-0442,S04,GET,/api/admin/questionnaires/{questionnaire_id}/results,get_questionnaire_results,questionnaire,ai_crm_next,none,0,0,0,0,,,false,false,B,zero_observed_traffic_and_no_ui_reference,no_observed_match,PENDING_HUMAN_DESIGN,PENDING_HUMAN_DESIGN,PENDING_HUMAN_DESIGN,PENDING_HUMAN_SIGNOFF,2026-07-11T00:00:00+08:00,2026-08-10T10:15:00+08:00
LEGACY-API-0443,S04,GET,/api/admin/questionnaires/{questionnaire_id}/share,get_questionnaire_share,questionnaire,ai_crm_next,none,9,5,4,0,2026-07-13T14:29:47.015859+08:00,2026-08-09T23:35:18.321014+08:00,false,false,A,observed_production_traffic,structured_route_exact+normalized_unique_path,PENDING_HUMAN_DESIGN,PENDING_HUMAN_DESIGN,PENDING_HUMAN_DESIGN,PENDING_HUMAN_SIGNOFF,2026-07-11T00:00:00+08:00,2026-08-10T10:15:00+08:00
LEGACY-API-0444,S04,GET,/api/admin/questionnaires/{questionnaire_id}/submissions,get_questionnaire_submissions,questionnaire,ai_crm_next,none,4,0,4,0,2026-07-15T09:41:13.597835+08:00,2026-07-15T09:41:31.736525+08:00,false,false,A,observed_production_traffic,normalized_unique_path,PENDING_HUMAN_DESIGN,PENDING_HUMAN_DESIGN,PENDING_HUMAN_DESIGN,PENDING_HUMAN_SIGNOFF,2026-07-11T00:00:00+08:00,2026-08-10T10:15:00+08:00
LEGACY-API-0445,S04,GET,/api/admin/radar-links,list_radar_links,radar_links,ai_crm_next,none,52,27,25,0,2026-07-13T14:02:04.417339+08:00,2026-08-05T09:29:09.652471+08:00,true,false,A,observed_production_traffic,structured_route_exact+normalized_unique_path,PENDING_HUMAN_DESIGN,PENDING_HUMAN_DESIGN,PENDING_HUMAN_DESIGN,PENDING_HUMAN_SIGNOFF,2026-07-11T00:00:00+08:00,2026-08-10T10:15:00+08:00
LEGACY-API-0446,S04,POST,/api/admin/radar-links,create_radar_link,radar_links,ai_crm_next,none,4,0,4,0,2026-07-15T22:32:32.139336+08:00,2026-07-23T23:15:44.175997+08:00,true,false,A,observed_production_traffic,normalized_unique_path,PENDING_HUMAN_DESIGN,PENDING_HUMAN_DESIGN,PENDING_HUMAN_DESIGN,PENDING_HUMAN_SIGNOFF,2026-07-11T00:00:00+08:00,2026-08-10T10:15:00+08:00
LEGACY-API-0447,S04,GET,/api/admin/radar-links/new/options,get_radar_link_new_options,radar_links,ai_crm_next,none,11,3,8,0,2026-07-13T14:08:18.516120+08:00,2026-08-03T16:21:00.469025+08:00,true,false,A,observed_production_traffic,structured_route_exact+normalized_unique_path,PENDING_HUMAN_DESIGN,PENDING_HUMAN_DESIGN,PENDING_HUMAN_DESIGN,PENDING_HUMAN_SIGNOFF,2026-07-11T00:00:00+08:00,2026-08-10T10:15:00+08:00
LEGACY-API-0448,S04,POST,/api/admin/radar-links/pdf-uploads/initiate,initiate_radar_pdf_upload,radar_links,ai_crm_next,none,0,0,0,0,,,true,false,A,ui_referenced_with_zero_observed_traffic,no_observed_match,PENDING_HUMAN_DESIGN,PENDING_HUMAN_DESIGN,PENDING_HUMAN_DESIGN,PENDING_HUMAN_SIGNOFF,2026-07-11T00:00:00+08:00,2026-08-10T10:15:00+08:00
LEGACY-API-0449,S04,POST,/api/admin/radar-links/pdf-uploads/{upload_id}/complete,complete_radar_pdf_upload,radar_links,ai_crm_next,none,0,0,0,0,,,true,false,A,ui_referenced_with_zero_observed_traffic,no_observed_match,PENDING_HUMAN_DESIGN,PENDING_HUMAN_DESIGN,PENDING_HUMAN_DESIGN,PENDING_HUMAN_SIGNOFF,2026-07-11T00:00:00+08:00,2026-08-10T10:15:00+08:00
LEGACY-API-0450,S04,PUT,/api/admin/radar-links/pdf-uploads/{upload_id}/parts/{part_no},upload_radar_pdf_part,radar_links,ai_crm_next,none,0,0,0,0,,,true,false,A,ui_referenced_with_zero_observed_traffic,no_observed_match,PENDING_HUMAN_DESIGN,PENDING_HUMAN_DESIGN,PENDING_HUMAN_DESIGN,PENDING_HUMAN_SIGNOFF,2026-07-11T00:00:00+08:00,2026-08-10T10:15:00+08:00
LEGACY-API-0451,S04,POST,/api/admin/radar-links/upload-image,upload_radar_image,radar_links,ai_crm_next,none,0,0,0,0,,,false,false,B,zero_observed_traffic_and_no_ui_reference,no_observed_match,PENDING_HUMAN_DESIGN,PENDING_HUMAN_DESIGN,PENDING_HUMAN_DESIGN,PENDING_HUMAN_SIGNOFF,2026-07-11T00:00:00+08:00,2026-08-10T10:15:00+08:00
LEGACY-API-0452,S04,POST,/api/admin/radar-links/upload-pdf,upload_radar_pdf,radar_links,ai_crm_next,none,0,0,0,0,,,false,false,B,zero_observed_traffic_and_no_ui_reference,no_observed_match,PENDING_HUMAN_DESIGN,PENDING_HUMAN_DESIGN,PENDING_HUMAN_DESIGN,PENDING_HUMAN_SIGNOFF,2026-07-11T00:00:00+08:00,2026-08-10T10:15:00+08:00
LEGACY-API-0453,S04,GET,/api/admin/radar-links/{link_id},get_radar_link,radar_links,ai_crm_next,none,4,1,3,0,2026-07-16T14:40:20.189561+08:00,2026-08-03T16:19:04.693595+08:00,true,false,A,observed_production_traffic,structured_route_exact+normalized_unique_path,PENDING_HUMAN_DESIGN,PENDING_HUMAN_DESIGN,PENDING_HUMAN_DESIGN,PENDING_HUMAN_SIGNOFF,2026-07-11T00:00:00+08:00,2026-08-10T10:15:00+08:00
LEGACY-API-0454,S04,PATCH,/api/admin/radar-links/{link_id},update_radar_link,radar_links,ai_crm_next,none,0,0,0,0,,,true,false,A,ui_referenced_with_zero_observed_traffic,no_observed_match,PENDING_HUMAN_DESIGN,PENDING_HUMAN_DESIGN,PENDING_HUMAN_DESIGN,PENDING_HUMAN_SIGNOFF,2026-07-11T00:00:00+08:00,2026-08-10T10:15:00+08:00
LEGACY-API-0455,S04,POST,/api/admin/radar-links/{link_id}/disable,disable_radar_link,radar_links,ai_crm_next,none,1,0,1,0,2026-07-22T23:09:35.414060+08:00,2026-07-22T23:09:35.414060+08:00,true,false,A,observed_production_traffic,normalized_unique_path,PENDING_HUMAN_DESIGN,PENDING_HUMAN_DESIGN,PENDING_HUMAN_DESIGN,PENDING_HUMAN_SIGNOFF,2026-07-11T00:00:00+08:00,2026-08-10T10:15:00+08:00
LEGACY-API-0456,S04,POST,/api/admin/radar-links/{link_id}/enable,enable_radar_link,radar_links,ai_crm_next,none,0,0,0,0,,,true,false,A,ui_referenced_with_zero_observed_traffic,no_observed_match,PENDING_HUMAN_DESIGN,PENDING_HUMAN_DESIGN,PENDING_HUMAN_DESIGN,PENDING_HUMAN_SIGNOFF,2026-07-11T00:00:00+08:00,2026-08-10T10:15:00+08:00
LEGACY-API-0457,S04,GET,/api/admin/radar-links/{link_id}/events,list_radar_link_events,radar_links,ai_crm_next,none,4,1,3,0,2026-07-15T23:02:41.360724+08:00,2026-08-03T16:19:21.256714+08:00,true,false,A,observed_production_traffic,structured_route_exact+normalized_unique_path,PENDING_HUMAN_DESIGN,PENDING_HUMAN_DESIGN,PENDING_HUMAN_DESIGN,PENDING_HUMAN_SIGNOFF,2026-07-11T00:00:00+08:00,2026-08-10T10:15:00+08:00
LEGACY-API-0458,S04,GET,/api/admin/radar-links/{link_id}/events/export,export_radar_link_events,radar_links,ai_crm_next,none,0,0,0,0,,,true,false,A,ui_referenced_with_zero_observed_traffic,no_observed_match,PENDING_HUMAN_DESIGN,PENDING_HUMAN_DESIGN,PENDING_HUMAN_DESIGN,PENDING_HUMAN_SIGNOFF,2026-07-11T00:00:00+08:00,2026-08-10T10:15:00+08:00
LEGACY-API-0459,S04,GET,/api/admin/radar-links/{link_id}/pdf/processing-status,get_radar_pdf_processing_status,radar_links,ai_crm_next,none,0,0,0,0,,,false,false,B,zero_observed_traffic_and_no_ui_reference,no_observed_match,PENDING_HUMAN_DESIGN,PENDING_HUMAN_DESIGN,PENDING_HUMAN_DESIGN,PENDING_HUMAN_SIGNOFF,2026-07-11T00:00:00+08:00,2026-08-10T10:15:00+08:00
LEGACY-API-0460,S04,POST,/api/admin/radar-links/{link_id}/pdf/reprocess,reprocess_radar_pdf_preview,radar_links,ai_crm_next,none,0,0,0,0,,,false,false,B,zero_observed_traffic_and_no_ui_reference,no_observed_match,PENDING_HUMAN_DESIGN,PENDING_HUMAN_DESIGN,PENDING_HUMAN_DESIGN,PENDING_HUMAN_SIGNOFF,2026-07-11T00:00:00+08:00,2026-08-10T10:15:00+08:00
LEGACY-API-0461,S04,GET,/api/admin/radar-links/{link_id}/share,get_radar_link_share,radar_links,ai_crm_next,none,11,4,7,0,2026-07-13T14:31:04.090118+08:00,2026-08-03T16:20:51.268640+08:00,true,false,A,observed_production_traffic,structured_route_exact+normalized_unique_path,PENDING_HUMAN_DESIGN,PENDING_HUMAN_DESIGN,PENDING_HUMAN_DESIGN,PENDING_HUMAN_SIGNOFF,2026-07-11T00:00:00+08:00,2026-08-10T10:15:00+08:00
LEGACY-API-0462,S04,GET,/api/admin/radar-links/{link_id}/stats,get_radar_link_stats,radar_links,ai_crm_next,none,0,0,0,0,,,false,false,B,zero_observed_traffic_and_no_ui_reference,no_observed_match,PENDING_HUMAN_DESIGN,PENDING_HUMAN_DESIGN,PENDING_HUMAN_DESIGN,PENDING_HUMAN_SIGNOFF,2026-07-11T00:00:00+08:00,2026-08-10T10:15:00+08:00
LEGACY-API-0463,S04,GET,/api/admin/refunds,list_admin_refunds,commerce,ai_crm_next,none,0,0,0,0,,,true,false,A,ui_referenced_with_zero_observed_traffic,no_observed_match,PENDING_HUMAN_DESIGN,PENDING_HUMAN_DESIGN,PENDING_HUMAN_DESIGN,PENDING_HUMAN_SIGNOFF,2026-07-11T00:00:00+08:00,2026-08-10T10:15:00+08:00
LEGACY-API-0464,S04,POST,/api/admin/refunds,create_admin_refund,commerce,ai_crm_next,none,0,0,0,0,,,true,false,A,ui_referenced_with_zero_observed_traffic,no_observed_match,PENDING_HUMAN_DESIGN,PENDING_HUMAN_DESIGN,PENDING_HUMAN_DESIGN,PENDING_HUMAN_SIGNOFF,2026-07-11T00:00:00+08:00,2026-08-10T10:15:00+08:00
LEGACY-API-0465,S03,POST,/api/admin/send-content/preview,preview_send_content,send_content,ai_crm_next,none,1167,1095,72,0,2026-07-12T19:53:20.284983+08:00,2026-08-09T23:31:32.815270+08:00,true,false,A,observed_production_traffic,structured_route_exact+normalized_unique_path,PENDING_HUMAN_DESIGN,PENDING_HUMAN_DESIGN,PENDING_HUMAN_DESIGN,PENDING_HUMAN_SIGNOFF,2026-07-11T00:00:00+08:00,2026-08-10T10:15:00+08:00
LEGACY-API-0466,S03,POST,/api/admin/send-content/validate,validate_send_content,send_content,ai_crm_next,none,6,4,2,0,2026-07-14T20:44:20.908681+08:00,2026-08-05T16:15:51.428251+08:00,true,false,A,observed_production_traffic,structured_route_exact+normalized_unique_path,PENDING_HUMAN_DESIGN,PENDING_HUMAN_DESIGN,PENDING_HUMAN_DESIGN,PENDING_HUMAN_SIGNOFF,2026-07-11T00:00:00+08:00,2026-08-10T10:15:00+08:00
LEGACY-API-0467,S04,GET,/api/admin/service-period-products,list_service_period_products,service_period,ai_crm_next,none,2,0,2,0,2026-07-12T12:33:40.232208+08:00,2026-07-13T14:48:16.634488+08:00,true,false,A,observed_production_traffic,normalized_unique_path,PENDING_HUMAN_DESIGN,PENDING_HUMAN_DESIGN,PENDING_HUMAN_DESIGN,PENDING_HUMAN_SIGNOFF,2026-07-11T00:00:00+08:00,2026-08-10T10:15:00+08:00
LEGACY-API-0468,S04,POST,/api/admin/service-period-products,create_service_period_product,service_period,ai_crm_next,none,1,1,0,0,2026-07-30T20:59:42.761411+08:00,2026-07-30T20:59:42.761411+08:00,true,false,A,observed_production_traffic,structured_route_exact,PENDING_HUMAN_DESIGN,PENDING_HUMAN_DESIGN,PENDING_HUMAN_DESIGN,PENDING_HUMAN_SIGNOFF,2026-07-11T00:00:00+08:00,2026-08-10T10:15:00+08:00
LEGACY-API-0469,S04,GET,/api/admin/service-period-products/membership-configs,list_service_period_membership_configs,service_period,ai_crm_next,none,22,13,9,0,2026-07-13T14:08:21.190655+08:00,2026-08-07T17:49:25.005835+08:00,false,false,A,observed_production_traffic,structured_route_exact+normalized_unique_path,PENDING_HUMAN_DESIGN,PENDING_HUMAN_DESIGN,PENDING_HUMAN_DESIGN,PENDING_HUMAN_SIGNOFF,2026-07-11T00:00:00+08:00,2026-08-10T10:15:00+08:00
LEGACY-API-0470,S04,DELETE,/api/admin/service-period-products/{service_product_id},delete_service_period_product,service_period,ai_crm_next,none,0,0,0,0,,,true,false,A,ui_referenced_with_zero_observed_traffic,no_observed_match,PENDING_HUMAN_DESIGN,PENDING_HUMAN_DESIGN,PENDING_HUMAN_DESIGN,PENDING_HUMAN_SIGNOFF,2026-07-11T00:00:00+08:00,2026-08-10T10:15:00+08:00
LEGACY-API-0471,S04,GET,/api/admin/service-period-products/{service_product_id},get_service_period_product,service_period,ai_crm_next,none,1,0,1,0,2026-07-14T12:14:22.895542+08:00,2026-07-14T12:14:22.895542+08:00,true,false,A,observed_production_traffic,normalized_unique_path,PENDING_HUMAN_DESIGN,PENDING_HUMAN_DESIGN,PENDING_HUMAN_DESIGN,PENDING_HUMAN_SIGNOFF,2026-07-11T00:00:00+08:00,2026-08-10T10:15:00+08:00
LEGACY-API-0472,S04,PUT,/api/admin/service-period-products/{service_product_id},update_service_period_product,service_period,ai_crm_next,none,7,5,2,0,2026-07-16T15:26:42.467979+08:00,2026-07-30T21:16:42.323951+08:00,true,false,A,observed_production_traffic,structured_route_exact+normalized_unique_path,PENDING_HUMAN_DESIGN,PENDING_HUMAN_DESIGN,PENDING_HUMAN_DESIGN,PENDING_HUMAN_SIGNOFF,2026-07-11T00:00:00+08:00,2026-08-10T10:15:00+08:00
LEGACY-API-0473,S04,POST,/api/admin/service-period-products/{service_product_id}/copy,copy_service_period_product,service_period,ai_crm_next,none,0,0,0,0,,,true,false,A,ui_referenced_with_zero_observed_traffic,no_observed_match,PENDING_HUMAN_DESIGN,PENDING_HUMAN_DESIGN,PENDING_HUMAN_DESIGN,PENDING_HUMAN_SIGNOFF,2026-07-11T00:00:00+08:00,2026-08-10T10:15:00+08:00
LEGACY-API-0474,S04,POST,/api/admin/service-period-products/{service_product_id}/disable,disable_service_period_product,service_period,ai_crm_next,none,0,0,0,0,,,true,false,A,ui_referenced_with_zero_observed_traffic,no_observed_match,PENDING_HUMAN_DESIGN,PENDING_HUMAN_DESIGN,PENDING_HUMAN_DESIGN,PENDING_HUMAN_SIGNOFF,2026-07-11T00:00:00+08:00,2026-08-10T10:15:00+08:00
LEGACY-API-0475,S04,POST,/api/admin/service-period-products/{service_product_id}/enable,enable_service_period_product,service_period,ai_crm_next,none,0,0,0,0,,,true,false,A,ui_referenced_with_zero_observed_traffic,no_observed_match,PENDING_HUMAN_DESIGN,PENDING_HUMAN_DESIGN,PENDING_HUMAN_DESIGN,PENDING_HUMAN_SIGNOFF,2026-07-11T00:00:00+08:00,2026-08-10T10:15:00+08:00
LEGACY-API-0476,S04,GET,/api/admin/service-period-products/{service_product_id}/member-grid/access,service_period_member_grid_access,service_period,ai_crm_next,none,25,21,4,0,2026-07-16T15:50:20.552097+08:00,2026-08-09T00:45:18.988841+08:00,true,false,A,observed_production_traffic,structured_route_exact+normalized_unique_path,PENDING_HUMAN_DESIGN,PENDING_HUMAN_DESIGN,PENDING_HUMAN_DESIGN,PENDING_HUMAN_SIGNOFF,2026-07-11T00:00:00+08:00,2026-08-10T10:15:00+08:00
LEGACY-API-0477,S04,POST,/api/admin/service-period-products/{service_product_id}/member-grid/collaborators,create_service_period_member_grid_collaborator,service_period,ai_crm_next,none,0,0,0,0,,,true,false,A,ui_referenced_with_zero_observed_traffic,no_observed_match,PENDING_HUMAN_DESIGN,PENDING_HUMAN_DESIGN,PENDING_HUMAN_DESIGN,PENDING_HUMAN_SIGNOFF,2026-07-11T00:00:00+08:00,2026-08-10T10:15:00+08:00
LEGACY-API-0478,S04,DELETE,/api/admin/service-period-products/{service_product_id}/member-grid/collaborators/{collaborator_id},delete_service_period_member_grid_collaborator,service_period,ai_crm_next,none,0,0,0,0,,,true,false,A,ui_referenced_with_zero_observed_traffic,no_observed_match,PENDING_HUMAN_DESIGN,PENDING_HUMAN_DESIGN,PENDING_HUMAN_DESIGN,PENDING_HUMAN_SIGNOFF,2026-07-11T00:00:00+08:00,2026-08-10T10:15:00+08:00
LEGACY-API-0479,S04,PUT,/api/admin/service-period-products/{service_product_id}/member-grid/collaborators/{collaborator_id},update_service_period_member_grid_collaborator,service_period,ai_crm_next,none,0,0,0,0,,,true,false,A,ui_referenced_with_zero_observed_traffic,no_observed_match,PENDING_HUMAN_DESIGN,PENDING_HUMAN_DESIGN,PENDING_HUMAN_DESIGN,PENDING_HUMAN_SIGNOFF,2026-07-11T00:00:00+08:00,2026-08-10T10:15:00+08:00
LEGACY-API-0480,S04,PUT,/api/admin/service-period-products/{service_product_id}/member-grid/external-share,update_service_period_member_grid_external_share,service_period,ai_crm_next,none,1,0,1,0,2026-07-16T15:50:29.334254+08:00,2026-07-16T15:50:29.334254+08:00,true,false,A,observed_production_traffic,normalized_unique_path,PENDING_HUMAN_DESIGN,PENDING_HUMAN_DESIGN,PENDING_HUMAN_DESIGN,PENDING_HUMAN_SIGNOFF,2026-07-11T00:00:00+08:00,2026-08-10T10:15:00+08:00
LEGACY-API-0481,S04,POST,/api/admin/service-period-products/{service_product_id}/member-grid/query,query_service_period_member_grid,service_period,ai_crm_next,none,46,21,25,0,2026-07-16T00:41:23.442541+08:00,2026-08-09T00:45:19.548863+08:00,true,false,A,observed_production_traffic,structured_route_exact+normalized_unique_path,PENDING_HUMAN_DESIGN,PENDING_HUMAN_DESIGN,PENDING_HUMAN_DESIGN,PENDING_HUMAN_SIGNOFF,2026-07-11T00:00:00+08:00,2026-08-10T10:15:00+08:00
LEGACY-API-0482,S04,GET,/api/admin/service-period-products/{service_product_id}/member-grid/schema,service_period_member_grid_schema,service_period,ai_crm_next,none,35,21,14,0,2026-07-16T00:41:23.203929+08:00,2026-08-09T00:45:18.978375+08:00,true,false,A,observed_production_traffic,structured_route_exact+normalized_unique_path,PENDING_HUMAN_DESIGN,PENDING_HUMAN_DESIGN,PENDING_HUMAN_DESIGN,PENDING_HUMAN_SIGNOFF,2026-07-11T00:00:00+08:00,2026-08-10T10:15:00+08:00
LEGACY-API-0483,S04,GET,/api/admin/service-period-products/{service_product_id}/member-grid/share-settings,get_service_period_member_grid_share_settings,service_period,ai_crm_next,none,2,0,2,0,2026-07-16T15:50:24.853432+08:00,2026-07-22T22:47:16.884770+08:00,true,false,A,observed_production_traffic,normalized_unique_path,PENDING_HUMAN_DESIGN,PENDING_HUMAN_DESIGN,PENDING_HUMAN_DESIGN,PENDING_HUMAN_SIGNOFF,2026-07-11T00:00:00+08:00,2026-08-10T10:15:00+08:00
LEGACY-API-0484,S04,GET,/api/admin/service-period-products/{service_product_id}/member-views,list_service_period_member_views,service_period,ai_crm_next,none,34,21,13,0,2026-07-16T00:41:23.323289+08:00,2026-08-09T00:45:18.983894+08:00,true,false,A,observed_production_traffic,structured_route_exact+normalized_unique_path,PENDING_HUMAN_DESIGN,PENDING_HUMAN_DESIGN,PENDING_HUMAN_DESIGN,PENDING_HUMAN_SIGNOFF,2026-07-11T00:00:00+08:00,2026-08-10T10:15:00+08:00
LEGACY-API-0485,S04,POST,/api/admin/service-period-products/{service_product_id}/member-views,create_service_period_member_view,service_period,ai_crm_next,none,0,0,0,0,,,true,false,A,ui_referenced_with_zero_observed_traffic,no_observed_match,PENDING_HUMAN_DESIGN,PENDING_HUMAN_DESIGN,PENDING_HUMAN_DESIGN,PENDING_HUMAN_SIGNOFF,2026-07-11T00:00:00+08:00,2026-08-10T10:15:00+08:00
LEGACY-API-0486,S04,DELETE,/api/admin/service-period-products/{service_product_id}/member-views/{view_id},delete_service_period_member_view,service_period,ai_crm_next,none,0,0,0,0,,,true,false,A,ui_referenced_with_zero_observed_traffic,no_observed_match,PENDING_HUMAN_DESIGN,PENDING_HUMAN_DESIGN,PENDING_HUMAN_DESIGN,PENDING_HUMAN_SIGNOFF,2026-07-11T00:00:00+08:00,2026-08-10T10:15:00+08:00
LEGACY-API-0487,S04,PUT,/api/admin/service-period-products/{service_product_id}/member-views/{view_id},update_service_period_member_view,service_period,ai_crm_next,none,0,0,0,0,,,true,false,A,ui_referenced_with_zero_observed_traffic,no_observed_match,PENDING_HUMAN_DESIGN,PENDING_HUMAN_DESIGN,PENDING_HUMAN_DESIGN,PENDING_HUMAN_SIGNOFF,2026-07-11T00:00:00+08:00,2026-08-10T10:15:00+08:00
LEGACY-API-0488,S04,GET,/api/admin/service-period-products/{service_product_id}/members,service_period_product_members,service_period,ai_crm_next,none,47,0,47,0,2026-07-11T01:03:27.274288+08:00,2026-07-16T14:40:41.777580+08:00,false,false,A,observed_production_traffic,normalized_unique_path,PENDING_HUMAN_DESIGN,PENDING_HUMAN_DESIGN,PENDING_HUMAN_DESIGN,PENDING_HUMAN_SIGNOFF,2026-07-11T00:00:00+08:00,2026-08-10T10:15:00+08:00
LEGACY-API-0489,S04,PUT,/api/admin/service-period-products/{service_product_id}/members/{unionid}/alliance,update_service_period_member_alliance,service_period,ai_crm_next,none,1,0,1,0,2026-07-16T02:53:55.710761+08:00,2026-07-16T02:53:55.710761+08:00,true,false,A,observed_production_traffic,normalized_unique_path,PENDING_HUMAN_DESIGN,PENDING_HUMAN_DESIGN,PENDING_HUMAN_DESIGN,PENDING_HUMAN_SIGNOFF,2026-07-11T00:00:00+08:00,2026-08-10T10:15:00+08:00
LEGACY-API-0490,S04,PUT,/api/admin/service-period-products/{service_product_id}/members/{unionid}/remark,update_service_period_member_remark,service_period,ai_crm_next,none,6,0,6,0,2026-07-16T13:43:07.211126+08:00,2026-07-16T22:42:18.985471+08:00,true,false,A,observed_production_traffic,normalized_unique_path,PENDING_HUMAN_DESIGN,PENDING_HUMAN_DESIGN,PENDING_HUMAN_DESIGN,PENDING_HUMAN_SIGNOFF,2026-07-11T00:00:00+08:00,2026-08-10T10:15:00+08:00
LEGACY-API-0491,S04,GET,/api/admin/service-period-products/{service_product_id}/share,share_service_period_product,service_period,ai_crm_next,none,10,7,3,0,2026-07-13T14:30:48.094810+08:00,2026-08-04T18:27:41.135184+08:00,true,false,A,observed_production_traffic,structured_route_exact+normalized_unique_path,PENDING_HUMAN_DESIGN,PENDING_HUMAN_DESIGN,PENDING_HUMAN_DESIGN,PENDING_HUMAN_SIGNOFF,2026-07-11T00:00:00+08:00,2026-08-10T10:15:00+08:00
LEGACY-API-0492,S04,GET,/api/admin/service-period-products/{service_product_id}/stats,service_period_product_stats,service_period,ai_crm_next,none,44,0,44,0,2026-07-11T01:03:27.209624+08:00,2026-07-15T21:38:14.049271+08:00,false,false,A,observed_production_traffic,normalized_unique_path,PENDING_HUMAN_DESIGN,PENDING_HUMAN_DESIGN,PENDING_HUMAN_DESIGN,PENDING_HUMAN_SIGNOFF,2026-07-11T00:00:00+08:00,2026-08-10T10:15:00+08:00
LEGACY-API-0493,S03,POST,/api/admin/user-ops/batch-send/execute,user_ops_batch_send_execute,ops_enrollment,ai_crm_next,none,2,2,0,0,2026-08-05T15:45:44.880994+08:00,2026-08-05T16:16:03.894632+08:00,true,false,A,observed_production_traffic,structured_route_exact,PENDING_HUMAN_DESIGN,PENDING_HUMAN_DESIGN,PENDING_HUMAN_DESIGN,PENDING_HUMAN_SIGNOFF,2026-07-11T00:00:00+08:00,2026-08-10T10:15:00+08:00
LEGACY-API-0494,S03,POST,/api/admin/user-ops/batch-send/preview,user_ops_batch_send_preview,ops_enrollment,ai_crm_next,none,3,3,0,0,2026-08-05T15:45:23.981340+08:00,2026-08-05T16:15:52.388492+08:00,true,false,A,observed_production_traffic,structured_route_exact,PENDING_HUMAN_DESIGN,PENDING_HUMAN_DESIGN,PENDING_HUMAN_DESIGN,PENDING_HUMAN_SIGNOFF,2026-07-11T00:00:00+08:00,2026-08-10T10:15:00+08:00
LEGACY-API-0495,S03,POST,/api/admin/user-ops/broadcast/preview,user_ops_broadcast_preview,ops_enrollment,ai_crm_next,none,0,0,0,0,,,false,false,B,zero_observed_traffic_and_no_ui_reference,no_observed_match,PENDING_HUMAN_DESIGN,PENDING_HUMAN_DESIGN,PENDING_HUMAN_DESIGN,PENDING_HUMAN_SIGNOFF,2026-07-11T00:00:00+08:00,2026-08-10T10:15:00+08:00
LEGACY-API-0496,S03,GET,/api/admin/user-ops/cards,user_ops_cards,ops_enrollment,ai_crm_next,none,0,0,0,0,,,false,false,B,zero_observed_traffic_and_no_ui_reference,no_observed_match,PENDING_HUMAN_DESIGN,PENDING_HUMAN_DESIGN,PENDING_HUMAN_DESIGN,PENDING_HUMAN_SIGNOFF,2026-07-11T00:00:00+08:00,2026-08-10T10:15:00+08:00
LEGACY-API-0497,S03,GET,/api/admin/user-ops/customers,user_ops_customers,ops_enrollment,ai_crm_next,none,0,0,0,0,,,false,false,B,zero_observed_traffic_and_no_ui_reference,no_observed_match,PENDING_HUMAN_DESIGN,PENDING_HUMAN_DESIGN,PENDING_HUMAN_DESIGN,PENDING_HUMAN_SIGNOFF,2026-07-11T00:00:00+08:00,2026-08-10T10:15:00+08:00
LEGACY-API-0498,S03,GET,/api/admin/user-ops/customers/{unionid},user_ops_customer_detail,ops_enrollment,ai_crm_next,none,0,0,0,0,,,false,false,B,zero_observed_traffic_and_no_ui_reference,no_observed_match,PENDING_HUMAN_DESIGN,PENDING_HUMAN_DESIGN,PENDING_HUMAN_DESIGN,PENDING_HUMAN_SIGNOFF,2026-07-11T00:00:00+08:00,2026-08-10T10:15:00+08:00
LEGACY-API-0499,S03,GET,/api/admin/user-ops/customers/{unionid}/timeline,user_ops_customer_timeline,ops_enrollment,ai_crm_next,none,0,0,0,0,,,false,false,B,zero_observed_traffic_and_no_ui_reference,no_observed_match,PENDING_HUMAN_DESIGN,PENDING_HUMAN_DESIGN,PENDING_HUMAN_DESIGN,PENDING_HUMAN_SIGNOFF,2026-07-11T00:00:00+08:00,2026-08-10T10:15:00+08:00
LEGACY-API-0500,S03,POST,/api/admin/user-ops/do-not-disturb,user_ops_do_not_disturb,ops_enrollment,ai_crm_next,none,0,0,0,0,,,true,false,A,ui_referenced_with_zero_observed_traffic,no_observed_match,PENDING_HUMAN_DESIGN,PENDING_HUMAN_DESIGN,PENDING_HUMAN_DESIGN,PENDING_HUMAN_SIGNOFF,2026-07-11T00:00:00+08:00,2026-08-10T10:15:00+08:00
LEGACY-API-0501,S03,GET,/api/admin/user-ops/export,user_ops_export_stub,ops_enrollment,ai_crm_next,none,0,0,0,0,,,true,false,A,ui_referenced_with_zero_observed_traffic,no_observed_match,PENDING_HUMAN_DESIGN,PENDING_HUMAN_DESIGN,PENDING_HUMAN_DESIGN,PENDING_HUMAN_SIGNOFF,2026-07-11T00:00:00+08:00,2026-08-10T10:15:00+08:00
LEGACY-API-0502,S03,POST,/api/admin/user-ops/export/preview,user_ops_export_preview,ops_enrollment,ai_crm_next,none,0,0,0,0,,,false,false,B,zero_observed_traffic_and_no_ui_reference,no_observed_match,PENDING_HUMAN_DESIGN,PENDING_HUMAN_DESIGN,PENDING_HUMAN_DESIGN,PENDING_HUMAN_SIGNOFF,2026-07-11T00:00:00+08:00,2026-08-10T10:15:00+08:00
LEGACY-API-0503,S03,GET,/api/admin/user-ops/filters,user_ops_filters,ops_enrollment,ai_crm_next,none,0,0,0,0,,,false,false,B,zero_observed_traffic_and_no_ui_reference,no_observed_match,PENDING_HUMAN_DESIGN,PENDING_HUMAN_DESIGN,PENDING_HUMAN_DESIGN,PENDING_HUMAN_SIGNOFF,2026-07-11T00:00:00+08:00,2026-08-10T10:15:00+08:00
LEGACY-API-0504,S03,GET,/api/admin/user-ops/list,user_ops_list,ops_enrollment,ai_crm_next,none,3,0,3,0,2026-07-13T14:07:57.258815+08:00,2026-07-13T17:56:06.503567+08:00,true,false,A,observed_production_traffic,normalized_unique_path,PENDING_HUMAN_DESIGN,PENDING_HUMAN_DESIGN,PENDING_HUMAN_DESIGN,PENDING_HUMAN_SIGNOFF,2026-07-11T00:00:00+08:00,2026-08-10T10:15:00+08:00
LEGACY-API-0505,S03,GET,/api/admin/user-ops/overview,user_ops_overview,ops_enrollment,ai_crm_next,none,3,0,3,0,2026-07-13T14:07:57.258623+08:00,2026-07-13T17:56:06.497903+08:00,true,false,A,observed_production_traffic,normalized_unique_path,PENDING_HUMAN_DESIGN,PENDING_HUMAN_DESIGN,PENDING_HUMAN_DESIGN,PENDING_HUMAN_SIGNOFF,2026-07-11T00:00:00+08:00,2026-08-10T10:15:00+08:00
LEGACY-API-0506,S03,GET,/api/admin/user-ops/send-records,user_ops_send_records,ops_enrollment,ai_crm_next,none,231,139,92,0,2026-07-11T11:03:39.790539+08:00,2026-08-09T23:16:53.251441+08:00,true,false,A,observed_production_traffic,structured_route_exact+normalized_unique_path,PENDING_HUMAN_DESIGN,PENDING_HUMAN_DESIGN,PENDING_HUMAN_DESIGN,PENDING_HUMAN_SIGNOFF,2026-07-11T00:00:00+08:00,2026-08-10T10:15:00+08:00
LEGACY-API-0507,S03,GET,/api/admin/user-ops/send-records/{record_id},user_ops_send_record_detail,ops_enrollment,ai_crm_next,none,0,0,0,0,,,true,false,A,ui_referenced_with_zero_observed_traffic,no_observed_match,PENDING_HUMAN_DESIGN,PENDING_HUMAN_DESIGN,PENDING_HUMAN_DESIGN,PENDING_HUMAN_SIGNOFF,2026-07-11T00:00:00+08:00,2026-08-10T10:15:00+08:00
LEGACY-API-0508,S03,POST,/api/admin/user-ops/send-records/{record_id}/refresh,user_ops_send_record_refresh,ops_enrollment,ai_crm_next,none,0,0,0,0,,,true,false,A,ui_referenced_with_zero_observed_traffic,no_observed_match,PENDING_HUMAN_DESIGN,PENDING_HUMAN_DESIGN,PENDING_HUMAN_DESIGN,PENDING_HUMAN_SIGNOFF,2026-07-11T00:00:00+08:00,2026-08-10T10:15:00+08:00
LEGACY-API-0509,S04,GET,/api/admin/webhook-inbox/items,list_webhook_inbox_items,platform_foundation,ai_crm_next,none,225,153,72,0,2026-07-11T11:49:57.593425+08:00,2026-08-09T23:17:33.079283+08:00,false,false,A,observed_production_traffic,structured_route_exact+normalized_unique_path,PENDING_HUMAN_DESIGN,PENDING_HUMAN_DESIGN,PENDING_HUMAN_DESIGN,PENDING_HUMAN_SIGNOFF,2026-07-11T00:00:00+08:00,2026-08-10T10:15:00+08:00
LEGACY-API-0510,S04,GET,/api/admin/webhook-inbox/metrics,webhook_inbox_metrics,platform_foundation,ai_crm_next,none,228,153,75,0,2026-07-11T11:49:57.588433+08:00,2026-08-09T23:17:33.074018+08:00,false,false,A,observed_production_traffic,structured_route_exact+normalized_unique_path,PENDING_HUMAN_DESIGN,PENDING_HUMAN_DESIGN,PENDING_HUMAN_DESIGN,PENDING_HUMAN_SIGNOFF,2026-07-11T00:00:00+08:00,2026-08-10T10:15:00+08:00
LEGACY-API-0511,S04,POST,/api/admin/webhook-inbox/run-due,run_webhook_inbox_due,platform_foundation,ai_crm_next,staging_disabled,0,0,0,0,,,false,false,B,zero_observed_traffic_and_no_ui_reference,no_observed_match,PENDING_HUMAN_DESIGN,PENDING_HUMAN_DESIGN,PENDING_HUMAN_DESIGN,PENDING_HUMAN_SIGNOFF,2026-07-11T00:00:00+08:00,2026-08-10T10:15:00+08:00
LEGACY-API-0512,S04,GET,/api/admin/webhook-inbox/{inbox_id},get_webhook_inbox_item,platform_foundation,ai_crm_next,none,220,153,67,0,2026-07-11T11:49:57.595088+08:00,2026-08-09T23:17:33.082362+08:00,false,false,A,observed_production_traffic,structured_route_exact+normalized_unique_path,PENDING_HUMAN_DESIGN,PENDING_HUMAN_DESIGN,PENDING_HUMAN_DESIGN,PENDING_HUMAN_SIGNOFF,2026-07-11T00:00:00+08:00,2026-08-10T10:15:00+08:00
LEGACY-API-0513,S04,POST,/api/admin/webhook-inbox/{inbox_id}/dispatch,dispatch_webhook_inbox_item,platform_foundation,ai_crm_next,staging_disabled,0,0,0,0,,,false,false,B,zero_observed_traffic_and_no_ui_reference,no_observed_match,PENDING_HUMAN_DESIGN,PENDING_HUMAN_DESIGN,PENDING_HUMAN_DESIGN,PENDING_HUMAN_SIGNOFF,2026-07-11T00:00:00+08:00,2026-08-10T10:15:00+08:00
LEGACY-API-0514,S04,POST,/api/admin/webhook-inbox/{inbox_id}/retry,retry_webhook_inbox_item,platform_foundation,ai_crm_next,none,0,0,0,0,,,false,false,B,zero_observed_traffic_and_no_ui_reference,no_observed_match,PENDING_HUMAN_DESIGN,PENDING_HUMAN_DESIGN,PENDING_HUMAN_DESIGN,PENDING_HUMAN_SIGNOFF,2026-07-11T00:00:00+08:00,2026-08-10T10:15:00+08:00
LEGACY-API-0515,S04,POST,/api/admin/webhook-inbox/{inbox_id}/skip,skip_webhook_inbox_item,platform_foundation,ai_crm_next,none,0,0,0,0,,,false,false,B,zero_observed_traffic_and_no_ui_reference,no_observed_match,PENDING_HUMAN_DESIGN,PENDING_HUMAN_DESIGN,PENDING_HUMAN_DESIGN,PENDING_HUMAN_SIGNOFF,2026-07-11T00:00:00+08:00,2026-08-10T10:15:00+08:00
LEGACY-API-0516,S04,GET,/api/admin/webhooks/events,list_admin_webhook_events,commerce,ai_crm_next,none,0,0,0,0,,,false,false,B,zero_observed_traffic_and_no_ui_reference,no_observed_match,PENDING_HUMAN_DESIGN,PENDING_HUMAN_DESIGN,PENDING_HUMAN_DESIGN,PENDING_HUMAN_SIGNOFF,2026-07-11T00:00:00+08:00,2026-08-10T10:15:00+08:00
LEGACY-API-0517,S04,POST,/api/admin/webhooks/replay,replay_admin_webhook,commerce,ai_crm_next,none,0,0,0,0,,,false,false,B,zero_observed_traffic_and_no_ui_reference,no_observed_match,PENDING_HUMAN_DESIGN,PENDING_HUMAN_DESIGN,PENDING_HUMAN_DESIGN,PENDING_HUMAN_SIGNOFF,2026-07-11T00:00:00+08:00,2026-08-10T10:15:00+08:00
LEGACY-API-0518,S04,POST,/api/admin/wechat-pay/order-exports,export_wechat_admin_orders,commerce,ai_crm_next,none,0,0,0,0,,,true,false,A,ui_referenced_with_zero_observed_traffic,no_observed_match,PENDING_HUMAN_DESIGN,PENDING_HUMAN_DESIGN,PENDING_HUMAN_DESIGN,PENDING_HUMAN_SIGNOFF,2026-07-11T00:00:00+08:00,2026-08-10T10:15:00+08:00
LEGACY-API-0519,S04,GET,/api/admin/wechat-pay/order-exports/{job_id},deprecated_wechat_admin_order_export_job,commerce,ai_crm_next,none,0,0,0,0,,,false,false,B,zero_observed_traffic_and_no_ui_reference,no_observed_match,PENDING_HUMAN_DESIGN,PENDING_HUMAN_DESIGN,PENDING_HUMAN_DESIGN,PENDING_HUMAN_SIGNOFF,2026-07-11T00:00:00+08:00,2026-08-10T10:15:00+08:00
LEGACY-API-0520,S04,GET,/api/admin/wechat-pay/order-exports/{job_id}/download,deprecated_wechat_admin_order_export_job,commerce,ai_crm_next,none,0,0,0,0,,,false,false,B,zero_observed_traffic_and_no_ui_reference,no_observed_match,PENDING_HUMAN_DESIGN,PENDING_HUMAN_DESIGN,PENDING_HUMAN_DESIGN,PENDING_HUMAN_SIGNOFF,2026-07-11T00:00:00+08:00,2026-08-10T10:15:00+08:00
LEGACY-API-0521,S04,GET,/api/admin/wechat-pay/orders,list_wechat_admin_order_page,commerce,ai_crm_next,none,0,0,0,0,,,true,false,A,ui_referenced_with_zero_observed_traffic,no_observed_match,PENDING_HUMAN_DESIGN,PENDING_HUMAN_DESIGN,PENDING_HUMAN_DESIGN,PENDING_HUMAN_SIGNOFF,2026-07-11T00:00:00+08:00,2026-08-10T10:15:00+08:00
LEGACY-API-0522,S04,GET,/api/admin/wechat-pay/orders/{order_id}/external-push-deliveries,list_wechat_order_external_push_deliveries,commerce,ai_crm_next,none,0,0,0,0,,,false,false,B,zero_observed_traffic_and_no_ui_reference,no_observed_match,PENDING_HUMAN_DESIGN,PENDING_HUMAN_DESIGN,PENDING_HUMAN_DESIGN,PENDING_HUMAN_SIGNOFF,2026-07-11T00:00:00+08:00,2026-08-10T10:15:00+08:00
LEGACY-API-0523,S04,POST,/api/admin/wechat-pay/orders/{order_id}/external-push-deliveries/{delivery_id}/retry,retry_wechat_order_external_push_delivery,commerce,ai_crm_next,none,0,0,0,0,,,false,false,B,zero_observed_traffic_and_no_ui_reference,no_observed_match,PENDING_HUMAN_DESIGN,PENDING_HUMAN_DESIGN,PENDING_HUMAN_DESIGN,PENDING_HUMAN_SIGNOFF,2026-07-11T00:00:00+08:00,2026-08-10T10:15:00+08:00
LEGACY-API-0524,S04,POST,/api/admin/wechat-pay/orders/{order_id}/refunds,request_wechat_admin_refund,commerce,ai_crm_next,none,9,6,3,0,2026-07-23T11:41:32.824535+08:00,2026-08-05T22:14:23.846545+08:00,true,false,A,observed_production_traffic,structured_route_exact+normalized_unique_path,PENDING_HUMAN_DESIGN,PENDING_HUMAN_DESIGN,PENDING_HUMAN_DESIGN,PENDING_HUMAN_SIGNOFF,2026-07-11T00:00:00+08:00,2026-08-10T10:15:00+08:00
LEGACY-API-0525,S04,GET,/api/admin/wechat-pay/products,list_products,commerce,ai_crm_next,none,15,12,3,0,2026-07-13T16:34:39.038046+08:00,2026-08-08T00:15:32.678276+08:00,true,false,A,observed_production_traffic,structured_route_exact+normalized_unique_path,PENDING_HUMAN_DESIGN,PENDING_HUMAN_DESIGN,PENDING_HUMAN_DESIGN,PENDING_HUMAN_SIGNOFF,2026-07-11T00:00:00+08:00,2026-08-10T10:15:00+08:00
LEGACY-API-0526,S04,POST,/api/admin/wechat-pay/products,create_product,commerce,ai_crm_next,none,13,13,0,0,2026-07-29T10:05:40.890787+08:00,2026-08-07T23:43:56.088647+08:00,true,false,A,observed_production_traffic,structured_route_exact,PENDING_HUMAN_DESIGN,PENDING_HUMAN_DESIGN,PENDING_HUMAN_DESIGN,PENDING_HUMAN_SIGNOFF,2026-07-11T00:00:00+08:00,2026-08-10T10:15:00+08:00
LEGACY-API-0527,S04,GET,/api/admin/wechat-pay/products/lead-channels,list_product_lead_channels,commerce,ai_crm_next,none,80,57,23,0,2026-07-13T14:08:19.870325+08:00,2026-08-07T23:43:56.362474+08:00,false,false,A,observed_production_traffic,structured_route_exact+normalized_unique_path,PENDING_HUMAN_DESIGN,PENDING_HUMAN_DESIGN,PENDING_HUMAN_DESIGN,PENDING_HUMAN_SIGNOFF,2026-07-11T00:00:00+08:00,2026-08-10T10:15:00+08:00
LEGACY-API-0528,S04,GET,/api/admin/wechat-pay/products/lead-plans,deprecated_product_lead_plans,commerce,ai_crm_next,none,0,0,0,0,,,false,false,B,zero_observed_traffic_and_no_ui_reference,no_observed_match,PENDING_HUMAN_DESIGN,PENDING_HUMAN_DESIGN,PENDING_HUMAN_DESIGN,PENDING_HUMAN_SIGNOFF,2026-07-11T00:00:00+08:00,2026-08-10T10:15:00+08:00
LEGACY-API-0529,S04,DELETE,/api/admin/wechat-pay/products/{product_id},delete_product,commerce,ai_crm_next,none,3,3,0,0,2026-07-29T10:21:52.292067+08:00,2026-08-08T00:15:32.623199+08:00,true,false,A,observed_production_traffic,structured_route_exact,PENDING_HUMAN_DESIGN,PENDING_HUMAN_DESIGN,PENDING_HUMAN_DESIGN,PENDING_HUMAN_SIGNOFF,2026-07-11T00:00:00+08:00,2026-08-10T10:15:00+08:00
LEGACY-API-0530,S04,GET,/api/admin/wechat-pay/products/{product_id},get_product,commerce,ai_crm_next,none,0,0,0,0,,,true,false,A,ui_referenced_with_zero_observed_traffic,no_observed_match,PENDING_HUMAN_DESIGN,PENDING_HUMAN_DESIGN,PENDING_HUMAN_DESIGN,PENDING_HUMAN_SIGNOFF,2026-07-11T00:00:00+08:00,2026-08-10T10:15:00+08:00
LEGACY-API-0531,S04,PUT,/api/admin/wechat-pay/products/{product_id},update_product,commerce,ai_crm_next,none,38,36,2,0,2026-07-15T14:21:12.124831+08:00,2026-08-08T00:10:37.490989+08:00,true,false,A,observed_production_traffic,structured_route_exact+normalized_unique_path,PENDING_HUMAN_DESIGN,PENDING_HUMAN_DESIGN,PENDING_HUMAN_DESIGN,PENDING_HUMAN_SIGNOFF,2026-07-11T00:00:00+08:00,2026-08-10T10:15:00+08:00
LEGACY-API-0532,S04,POST,/api/admin/wechat-pay/products/{product_id}/copy,copy_product,commerce,ai_crm_next,none,5,4,1,0,2026-07-13T16:34:38.948182+08:00,2026-08-08T00:15:25.588963+08:00,true,false,A,observed_production_traffic,structured_route_exact+normalized_unique_path,PENDING_HUMAN_DESIGN,PENDING_HUMAN_DESIGN,PENDING_HUMAN_DESIGN,PENDING_HUMAN_SIGNOFF,2026-07-11T00:00:00+08:00,2026-08-10T10:15:00+08:00
LEGACY-API-0533,S04,POST,/api/admin/wechat-pay/products/{product_id}/disable,disable_product,commerce,ai_crm_next,none,0,0,0,0,,,true,false,A,ui_referenced_with_zero_observed_traffic,no_observed_match,PENDING_HUMAN_DESIGN,PENDING_HUMAN_DESIGN,PENDING_HUMAN_DESIGN,PENDING_HUMAN_SIGNOFF,2026-07-11T00:00:00+08:00,2026-08-10T10:15:00+08:00
LEGACY-API-0534,S04,POST,/api/admin/wechat-pay/products/{product_id}/enable,enable_product,commerce,ai_crm_next,none,5,4,1,0,2026-07-13T16:34:40.601540+08:00,2026-08-04T19:58:19.854042+08:00,true,false,A,observed_production_traffic,structured_route_exact+normalized_unique_path,PENDING_HUMAN_DESIGN,PENDING_HUMAN_DESIGN,PENDING_HUMAN_DESIGN,PENDING_HUMAN_SIGNOFF,2026-07-11T00:00:00+08:00,2026-08-10T10:15:00+08:00
LEGACY-API-0535,S04,GET,/api/admin/wechat-pay/products/{product_id}/external-push,get_product_external_push,commerce,ai_crm_next,none,63,44,19,0,2026-07-13T14:08:38.101680+08:00,2026-08-07T23:43:56.372900+08:00,true,false,A,observed_production_traffic,structured_route_exact+normalized_unique_path,PENDING_HUMAN_DESIGN,PENDING_HUMAN_DESIGN,PENDING_HUMAN_DESIGN,PENDING_HUMAN_SIGNOFF,2026-07-11T00:00:00+08:00,2026-08-10T10:15:00+08:00
LEGACY-API-0536,S04,PUT,/api/admin/wechat-pay/products/{product_id}/external-push,save_product_external_push,commerce,ai_crm_next,none,44,37,7,0,2026-07-15T14:21:12.266487+08:00,2026-08-08T00:10:37.549369+08:00,true,false,A,observed_production_traffic,structured_route_exact+normalized_unique_path,PENDING_HUMAN_DESIGN,PENDING_HUMAN_DESIGN,PENDING_HUMAN_DESIGN,PENDING_HUMAN_SIGNOFF,2026-07-11T00:00:00+08:00,2026-08-10T10:15:00+08:00
LEGACY-API-0537,S04,POST,/api/admin/wechat-pay/products/{product_id}/external-push/test,test_product_external_push,commerce,ai_crm_next,none,0,0,0,0,,,true,false,A,ui_referenced_with_zero_observed_traffic,no_observed_match,PENDING_HUMAN_DESIGN,PENDING_HUMAN_DESIGN,PENDING_HUMAN_DESIGN,PENDING_HUMAN_SIGNOFF,2026-07-11T00:00:00+08:00,2026-08-10T10:15:00+08:00
LEGACY-API-0538,S04,GET,/api/admin/wechat-pay/products/{product_id}/share,share_product,commerce,ai_crm_next,none,68,59,9,0,2026-07-11T12:25:29.292884+08:00,2026-08-08T00:15:41.585109+08:00,true,false,A,observed_production_traffic,structured_route_exact+normalized_unique_path,PENDING_HUMAN_DESIGN,PENDING_HUMAN_DESIGN,PENDING_HUMAN_DESIGN,PENDING_HUMAN_SIGNOFF,2026-07-11T00:00:00+08:00,2026-08-10T10:15:00+08:00
LEGACY-API-0539,S04,GET,/api/admin/wechat-pay/transactions,list_wechat_transactions,commerce,ai_crm_next,none,9,0,9,0,2026-07-13T14:08:22.461584+08:00,2026-07-14T15:35:06.039001+08:00,false,false,A,observed_production_traffic,normalized_unique_path,PENDING_HUMAN_DESIGN,PENDING_HUMAN_DESIGN,PENDING_HUMAN_DESIGN,PENDING_HUMAN_SIGNOFF,2026-07-11T00:00:00+08:00,2026-08-10T10:15:00+08:00
LEGACY-API-0540,S04,GET,/api/admin/wechat-pay/transactions/{order_no},get_wechat_transaction,commerce,ai_crm_next,none,0,0,0,0,,,false,false,B,zero_observed_traffic_and_no_ui_reference,no_observed_match,PENDING_HUMAN_DESIGN,PENDING_HUMAN_DESIGN,PENDING_HUMAN_DESIGN,PENDING_HUMAN_SIGNOFF,2026-07-11T00:00:00+08:00,2026-08-10T10:15:00+08:00
LEGACY-API-0541,S04,"DELETE,GET,PATCH,POST,PUT",/api/admin/wechat-pay/{path:path},admin_wechat_pay_unknown,commerce,ai_crm_next,none,0,0,0,0,,,false,false,B,zero_observed_traffic_and_no_ui_reference,no_observed_match,PENDING_HUMAN_DESIGN,PENDING_HUMAN_DESIGN,PENDING_HUMAN_DESIGN,PENDING_HUMAN_SIGNOFF,2026-07-11T00:00:00+08:00,2026-08-10T10:15:00+08:00
LEGACY-API-0542,S04,OPTIONS,/api/admin/wechat-pay/{path:path},admin_wechat_pay_options,commerce,ai_crm_next,none,0,0,0,0,,,false,false,B,zero_observed_traffic_and_no_ui_reference,no_observed_match,PENDING_HUMAN_DESIGN,PENDING_HUMAN_DESIGN,PENDING_HUMAN_DESIGN,PENDING_HUMAN_SIGNOFF,2026-07-11T00:00:00+08:00,2026-08-10T10:15:00+08:00
LEGACY-API-0543,S04,GET,/api/admin/wechat-shop/events,list_admin_wechat_shop_events,commerce,ai_crm_next,none,0,0,0,0,,,false,false,B,zero_observed_traffic_and_no_ui_reference,no_observed_match,PENDING_HUMAN_DESIGN,PENDING_HUMAN_DESIGN,PENDING_HUMAN_DESIGN,PENDING_HUMAN_SIGNOFF,2026-07-11T00:00:00+08:00,2026-08-10T10:15:00+08:00
LEGACY-API-0544,S04,POST,/api/admin/wechat-shop/orders/{order_id}/sync,sync_admin_wechat_shop_order,commerce,ai_crm_next,none,0,0,0,0,,,false,false,B,zero_observed_traffic_and_no_ui_reference,no_observed_match,PENDING_HUMAN_DESIGN,PENDING_HUMAN_DESIGN,PENDING_HUMAN_DESIGN,PENDING_HUMAN_SIGNOFF,2026-07-11T00:00:00+08:00,2026-08-10T10:15:00+08:00
LEGACY-API-0545,S04,GET,/api/admin/wechat-shop/sync-runs,list_admin_wechat_shop_sync_runs,commerce,ai_crm_next,none,0,0,0,0,,,false,false,B,zero_observed_traffic_and_no_ui_reference,no_observed_match,PENDING_HUMAN_DESIGN,PENDING_HUMAN_DESIGN,PENDING_HUMAN_DESIGN,PENDING_HUMAN_SIGNOFF,2026-07-11T00:00:00+08:00,2026-08-10T10:15:00+08:00
LEGACY-API-0546,S03,"GET,POST",/api/admin/wecom-customer-acquisition-links,wecom_customer_acquisition_links,automation_engine,ai_crm_next,staging_disabled,0,0,0,0,,,true,false,A,ui_referenced_with_zero_observed_traffic,no_observed_match,PENDING_HUMAN_DESIGN,PENDING_HUMAN_DESIGN,PENDING_HUMAN_DESIGN,PENDING_HUMAN_SIGNOFF,2026-07-11T00:00:00+08:00,2026-08-10T10:15:00+08:00
LEGACY-API-0547,S03,"DELETE,GET,PATCH",/api/admin/wecom-customer-acquisition-links/{link_id},wecom_customer_acquisition_link_detail,automation_engine,ai_crm_next,staging_disabled,0,0,0,0,,,true,false,A,ui_referenced_with_zero_observed_traffic,no_observed_match,PENDING_HUMAN_DESIGN,PENDING_HUMAN_DESIGN,PENDING_HUMAN_DESIGN,PENDING_HUMAN_SIGNOFF,2026-07-11T00:00:00+08:00,2026-08-10T10:15:00+08:00
LEGACY-API-0548,S03,POST,/api/admin/wecom-customer-acquisition-links/{link_id}/{action},wecom_customer_acquisition_link_action,automation_engine,ai_crm_next,staging_disabled,0,0,0,0,,,true,false,A,ui_referenced_with_zero_observed_traffic,no_observed_match,PENDING_HUMAN_DESIGN,PENDING_HUMAN_DESIGN,PENDING_HUMAN_DESIGN,PENDING_HUMAN_SIGNOFF,2026-07-11T00:00:00+08:00,2026-08-10T10:15:00+08:00
LEGACY-API-0549,S04,GET,/api/admin/wecom/callback/reconciliation,wecom_callback_reconciliation,platform_foundation,ai_crm_next,none,220,153,67,0,2026-07-11T11:49:57.597309+08:00,2026-08-09T23:17:33.085120+08:00,false,false,A,observed_production_traffic,structured_route_exact+normalized_unique_path,PENDING_HUMAN_DESIGN,PENDING_HUMAN_DESIGN,PENDING_HUMAN_DESIGN,PENDING_HUMAN_SIGNOFF,2026-07-11T00:00:00+08:00,2026-08-10T10:15:00+08:00
LEGACY-API-0550,S03,GET,/api/admin/wecom/execution-diagnostics,wecom_execution_diagnostics,platform_foundation,ai_crm_next,staging_disabled,0,0,0,0,,,false,false,B,zero_observed_traffic_and_no_ui_reference,no_observed_match,PENDING_HUMAN_DESIGN,PENDING_HUMAN_DESIGN,PENDING_HUMAN_DESIGN,PENDING_HUMAN_SIGNOFF,2026-07-11T00:00:00+08:00,2026-08-10T10:15:00+08:00
LEGACY-API-0551,S02,GET,/api/admin/wecom/tag-groups,list_admin_wecom_tag_groups_read_model,customer_tags,ai_crm_next,staging_disabled,231,139,92,0,2026-07-11T11:03:39.570052+08:00,2026-08-09T23:16:52.883213+08:00,true,false,A,observed_production_traffic,structured_route_exact+normalized_unique_path,PENDING_HUMAN_DESIGN,PENDING_HUMAN_DESIGN,PENDING_HUMAN_DESIGN,PENDING_HUMAN_SIGNOFF,2026-07-11T00:00:00+08:00,2026-08-10T10:15:00+08:00
LEGACY-API-0552,S02,POST,/api/admin/wecom/tag-groups,create_admin_wecom_tag_group_command,customer_tags,ai_crm_next,staging_disabled,2,2,0,0,2026-08-04T09:56:26.785915+08:00,2026-08-05T23:31:17.156427+08:00,true,false,A,observed_production_traffic,structured_route_exact,PENDING_HUMAN_DESIGN,PENDING_HUMAN_DESIGN,PENDING_HUMAN_DESIGN,PENDING_HUMAN_SIGNOFF,2026-07-11T00:00:00+08:00,2026-08-10T10:15:00+08:00
LEGACY-API-0553,S02,"DELETE,PATCH,PUT",/api/admin/wecom/tag-groups/{group_id},mutate_admin_wecom_tag_group_command,customer_tags,ai_crm_next,staging_disabled,0,0,0,0,,,true,false,A,ui_referenced_with_zero_observed_traffic,no_observed_match,PENDING_HUMAN_DESIGN,PENDING_HUMAN_DESIGN,PENDING_HUMAN_DESIGN,PENDING_HUMAN_SIGNOFF,2026-07-11T00:00:00+08:00,2026-08-10T10:15:00+08:00
LEGACY-API-0554,S02,GET,/api/admin/wecom/tag-groups/{group_id},get_admin_wecom_tag_group_read_model,customer_tags,ai_crm_next,staging_disabled,0,0,0,0,,,true,false,A,ui_referenced_with_zero_observed_traffic,no_observed_match,PENDING_HUMAN_DESIGN,PENDING_HUMAN_DESIGN,PENDING_HUMAN_DESIGN,PENDING_HUMAN_SIGNOFF,2026-07-11T00:00:00+08:00,2026-08-10T10:15:00+08:00
LEGACY-API-0555,S02,GET,/api/admin/wecom/tags,list_admin_wecom_tags_read_model,customer_tags,ai_crm_next,staging_disabled,359,242,117,0,2026-07-11T11:03:39.517653+08:00,2026-08-10T00:08:20.496095+08:00,true,false,A,observed_production_traffic,structured_route_exact+normalized_unique_path,PENDING_HUMAN_DESIGN,PENDING_HUMAN_DESIGN,PENDING_HUMAN_DESIGN,PENDING_HUMAN_SIGNOFF,2026-07-11T00:00:00+08:00,2026-08-10T10:15:00+08:00
LEGACY-API-0556,S02,POST,/api/admin/wecom/tags,create_admin_wecom_tag_command,customer_tags,ai_crm_next,staging_disabled,0,0,0,0,,,true,false,A,ui_referenced_with_zero_observed_traffic,no_observed_match,PENDING_HUMAN_DESIGN,PENDING_HUMAN_DESIGN,PENDING_HUMAN_DESIGN,PENDING_HUMAN_SIGNOFF,2026-07-11T00:00:00+08:00,2026-08-10T10:15:00+08:00
LEGACY-API-0557,S02,GET,/api/admin/wecom/tags/live/gate,list_wecom_tags_live_gate,customer_tags,ai_crm_next,staging_disabled,0,0,0,0,,,false,false,B,zero_observed_traffic_and_no_ui_reference,no_observed_match,PENDING_HUMAN_DESIGN,PENDING_HUMAN_DESIGN,PENDING_HUMAN_DESIGN,PENDING_HUMAN_SIGNOFF,2026-07-11T00:00:00+08:00,2026-08-10T10:15:00+08:00
LEGACY-API-0558,S02,POST,/api/admin/wecom/tags/live/mark,mark_tags_live,customer_tags,ai_crm_next,staging_disabled,0,0,0,0,,,false,false,B,zero_observed_traffic_and_no_ui_reference,no_observed_match,PENDING_HUMAN_DESIGN,PENDING_HUMAN_DESIGN,PENDING_HUMAN_DESIGN,PENDING_HUMAN_SIGNOFF,2026-07-11T00:00:00+08:00,2026-08-10T10:15:00+08:00
LEGACY-API-0559,S02,POST,/api/admin/wecom/tags/live/unmark,unmark_tags_live,customer_tags,ai_crm_next,staging_disabled,0,0,0,0,,,false,false,B,zero_observed_traffic_and_no_ui_reference,no_observed_match,PENDING_HUMAN_DESIGN,PENDING_HUMAN_DESIGN,PENDING_HUMAN_DESIGN,PENDING_HUMAN_SIGNOFF,2026-07-11T00:00:00+08:00,2026-08-10T10:15:00+08:00
LEGACY-API-0560,S02,POST,/api/admin/wecom/tags/sync,sync_admin_wecom_tags_command,customer_tags,ai_crm_next,staging_disabled,0,0,0,0,,,true,false,A,ui_referenced_with_zero_observed_traffic,no_observed_match,PENDING_HUMAN_DESIGN,PENDING_HUMAN_DESIGN,PENDING_HUMAN_DESIGN,PENDING_HUMAN_SIGNOFF,2026-07-11T00:00:00+08:00,2026-08-10T10:15:00+08:00
LEGACY-API-0561,S02,POST,/api/admin/wecom/tags/sync-due,sync_admin_wecom_tags_command,customer_tags,ai_crm_next,staging_disabled,0,0,0,0,,,false,false,B,zero_observed_traffic_and_no_ui_reference,no_observed_match,PENDING_HUMAN_DESIGN,PENDING_HUMAN_DESIGN,PENDING_HUMAN_DESIGN,PENDING_HUMAN_SIGNOFF,2026-07-11T00:00:00+08:00,2026-08-10T10:15:00+08:00
LEGACY-API-0562,S02,"DELETE,PATCH,PUT",/api/admin/wecom/tags/{tag_id},mutate_admin_wecom_tag_command,customer_tags,ai_crm_next,staging_disabled,0,0,0,0,,,true,false,A,ui_referenced_with_zero_observed_traffic,no_observed_match,PENDING_HUMAN_DESIGN,PENDING_HUMAN_DESIGN,PENDING_HUMAN_DESIGN,PENDING_HUMAN_SIGNOFF,2026-07-11T00:00:00+08:00,2026-08-10T10:15:00+08:00
LEGACY-API-0563,S02,GET,/api/admin/wecom/tags/{tag_id},get_admin_wecom_tag_read_model,customer_tags,ai_crm_next,staging_disabled,0,0,0,0,,,true,false,A,ui_referenced_with_zero_observed_traffic,no_observed_match,PENDING_HUMAN_DESIGN,PENDING_HUMAN_DESIGN,PENDING_HUMAN_DESIGN,PENDING_HUMAN_SIGNOFF,2026-07-11T00:00:00+08:00,2026-08-10T10:15:00+08:00
LEGACY-API-0564,S04,POST,/api/ai-assist/external/campaign-preparations,create_external_campaign_preparation,ai_assist,ai_crm_next,none,0,0,0,0,,,false,false,B,zero_observed_traffic_and_no_ui_reference,no_observed_match,PENDING_HUMAN_DESIGN,PENDING_HUMAN_DESIGN,PENDING_HUMAN_DESIGN,PENDING_HUMAN_SIGNOFF,2026-07-11T00:00:00+08:00,2026-08-10T10:15:00+08:00
LEGACY-API-0565,S04,GET,/api/ai-assist/external/campaign-preparations/{preparation_id},get_external_campaign_preparation,ai_assist,ai_crm_next,none,0,0,0,0,,,false,false,B,zero_observed_traffic_and_no_ui_reference,no_observed_match,PENDING_HUMAN_DESIGN,PENDING_HUMAN_DESIGN,PENDING_HUMAN_DESIGN,PENDING_HUMAN_SIGNOFF,2026-07-11T00:00:00+08:00,2026-08-10T10:15:00+08:00
LEGACY-API-0566,S04,POST,/api/ai-assist/external/campaign-preparations/{preparation_id}/commit,commit_external_campaign_preparation,ai_assist,ai_crm_next,none,0,0,0,0,,,false,false,B,zero_observed_traffic_and_no_ui_reference,no_observed_match,PENDING_HUMAN_DESIGN,PENDING_HUMAN_DESIGN,PENDING_HUMAN_DESIGN,PENDING_HUMAN_SIGNOFF,2026-07-11T00:00:00+08:00,2026-08-10T10:15:00+08:00
LEGACY-API-0567,S04,POST,/api/ai-assist/external/campaigns,create_external_campaigns,ai_assist,ai_crm_next,none,31,2,29,0,2026-07-12T18:59:36.678391+08:00,2026-07-28T15:40:50.725701+08:00,false,false,A,observed_production_traffic,structured_route_exact+normalized_unique_path,PENDING_HUMAN_DESIGN,PENDING_HUMAN_DESIGN,PENDING_HUMAN_DESIGN,PENDING_HUMAN_SIGNOFF,2026-07-11T00:00:00+08:00,2026-08-10T10:15:00+08:00
LEGACY-API-0568,S04,GET,/api/ai-assist/external/campaigns/{campaign_code},get_external_campaign,ai_assist,ai_crm_next,none,1,0,1,0,2026-07-12T18:56:29.240430+08:00,2026-07-12T18:56:29.240430+08:00,false,false,A,observed_production_traffic,normalized_unique_path,PENDING_HUMAN_DESIGN,PENDING_HUMAN_DESIGN,PENDING_HUMAN_DESIGN,PENDING_HUMAN_SIGNOFF,2026-07-11T00:00:00+08:00,2026-08-10T10:15:00+08:00
LEGACY-API-0569,S04,POST,/api/ai/agents/{agent_code}/audience-webhook,api.ai_automation_agent_audience_webhook,automation_agents,ai_crm_next,none,10,0,10,0,2026-07-11T00:19:03.299236+08:00,2026-07-13T14:18:11.565056+08:00,false,false,A,observed_production_traffic,normalized_unique_path,PENDING_HUMAN_DESIGN,PENDING_HUMAN_DESIGN,PENDING_HUMAN_DESIGN,PENDING_HUMAN_SIGNOFF,2026-07-11T00:00:00+08:00,2026-08-10T10:15:00+08:00
LEGACY-API-0570,S03,GET,/api/ai/audience/health,api.ai_audience_health,ai_audience_ops,ai_crm_next,none,2,1,1,0,2026-07-23T19:16:16.200129+08:00,2026-08-01T15:21:11.029927+08:00,false,false,A,observed_production_traffic,structured_route_exact+normalized_unique_path,PENDING_HUMAN_DESIGN,PENDING_HUMAN_DESIGN,PENDING_HUMAN_DESIGN,PENDING_HUMAN_SIGNOFF,2026-07-11T00:00:00+08:00,2026-08-10T10:15:00+08:00
LEGACY-API-0571,S03,PATCH,/api/ai/audience/outbound-subscriptions/{subscription_id},api.ai_audience_update_outbound_subscription,ai_audience_ops,ai_crm_next,none,0,0,0,0,,,true,false,A,ui_referenced_with_zero_observed_traffic,no_observed_match,PENDING_HUMAN_DESIGN,PENDING_HUMAN_DESIGN,PENDING_HUMAN_DESIGN,PENDING_HUMAN_SIGNOFF,2026-07-11T00:00:00+08:00,2026-08-10T10:15:00+08:00
LEGACY-API-0572,S03,POST,/api/ai/audience/outbound-subscriptions/{subscription_id}/pause,api.ai_audience_pause_outbound_subscription,ai_audience_ops,ai_crm_next,none,0,0,0,0,,,true,false,A,ui_referenced_with_zero_observed_traffic,no_observed_match,PENDING_HUMAN_DESIGN,PENDING_HUMAN_DESIGN,PENDING_HUMAN_DESIGN,PENDING_HUMAN_SIGNOFF,2026-07-11T00:00:00+08:00,2026-08-10T10:15:00+08:00
LEGACY-API-0573,S03,GET,/api/ai/audience/packages,api.ai_audience_list_packages,ai_audience_ops,ai_crm_next,none,1,0,1,0,2026-07-23T19:16:16.369735+08:00,2026-07-23T19:16:16.369735+08:00,false,false,A,observed_production_traffic,normalized_unique_path,PENDING_HUMAN_DESIGN,PENDING_HUMAN_DESIGN,PENDING_HUMAN_DESIGN,PENDING_HUMAN_SIGNOFF,2026-07-11T00:00:00+08:00,2026-08-10T10:15:00+08:00
LEGACY-API-0574,S03,POST,/api/ai/audience/packages,api.ai_audience_create_package,ai_audience_ops,ai_crm_next,none,0,0,0,0,,,false,false,B,zero_observed_traffic_and_no_ui_reference,no_observed_match,PENDING_HUMAN_DESIGN,PENDING_HUMAN_DESIGN,PENDING_HUMAN_DESIGN,PENDING_HUMAN_SIGNOFF,2026-07-11T00:00:00+08:00,2026-08-10T10:15:00+08:00
LEGACY-API-0575,S03,GET,/api/ai/audience/packages/{package_id},api.ai_audience_get_package,ai_audience_ops,ai_crm_next,none,0,0,0,0,,,false,false,B,zero_observed_traffic_and_no_ui_reference,no_observed_match,PENDING_HUMAN_DESIGN,PENDING_HUMAN_DESIGN,PENDING_HUMAN_DESIGN,PENDING_HUMAN_SIGNOFF,2026-07-11T00:00:00+08:00,2026-08-10T10:15:00+08:00
LEGACY-API-0576,S03,POST,/api/ai/audience/packages/{package_id}/archive,api.ai_audience_archive_package,ai_audience_ops,ai_crm_next,none,0,0,0,0,,,false,false,B,zero_observed_traffic_and_no_ui_reference,no_observed_match,PENDING_HUMAN_DESIGN,PENDING_HUMAN_DESIGN,PENDING_HUMAN_DESIGN,PENDING_HUMAN_SIGNOFF,2026-07-11T00:00:00+08:00,2026-08-10T10:15:00+08:00
LEGACY-API-0577,S03,GET,/api/ai/audience/packages/{package_id}/events,api.ai_audience_package_events,ai_audience_ops,ai_crm_next,none,0,0,0,0,,,false,false,B,zero_observed_traffic_and_no_ui_reference,no_observed_match,PENDING_HUMAN_DESIGN,PENDING_HUMAN_DESIGN,PENDING_HUMAN_DESIGN,PENDING_HUMAN_SIGNOFF,2026-07-11T00:00:00+08:00,2026-08-10T10:15:00+08:00
LEGACY-API-0578,S03,GET,/api/ai/audience/packages/{package_id}/external-effects,api.ai_audience_package_external_effects,ai_audience_ops,ai_crm_next,staging_disabled,0,0,0,0,,,false,false,B,zero_observed_traffic_and_no_ui_reference,no_observed_match,PENDING_HUMAN_DESIGN,PENDING_HUMAN_DESIGN,PENDING_HUMAN_DESIGN,PENDING_HUMAN_SIGNOFF,2026-07-11T00:00:00+08:00,2026-08-10T10:15:00+08:00
LEGACY-API-0579,S03,GET,/api/ai/audience/packages/{package_id}/members,api.ai_audience_package_members,ai_audience_ops,ai_crm_next,none,0,0,0,0,,,false,false,B,zero_observed_traffic_and_no_ui_reference,no_observed_match,PENDING_HUMAN_DESIGN,PENDING_HUMAN_DESIGN,PENDING_HUMAN_DESIGN,PENDING_HUMAN_SIGNOFF,2026-07-11T00:00:00+08:00,2026-08-10T10:15:00+08:00
LEGACY-API-0580,S03,GET,/api/ai/audience/packages/{package_id}/outbound-subscriptions,api.ai_audience_list_outbound_subscriptions,ai_audience_ops,ai_crm_next,none,1,0,1,0,2026-07-13T14:35:14.516187+08:00,2026-07-13T14:35:14.516187+08:00,true,false,A,observed_production_traffic,normalized_unique_path,PENDING_HUMAN_DESIGN,PENDING_HUMAN_DESIGN,PENDING_HUMAN_DESIGN,PENDING_HUMAN_SIGNOFF,2026-07-11T00:00:00+08:00,2026-08-10T10:15:00+08:00
LEGACY-API-0581,S03,POST,/api/ai/audience/packages/{package_id}/outbound-subscriptions,api.ai_audience_create_outbound_subscription,ai_audience_ops,ai_crm_next,none,0,0,0,0,,,true,false,A,ui_referenced_with_zero_observed_traffic,no_observed_match,PENDING_HUMAN_DESIGN,PENDING_HUMAN_DESIGN,PENDING_HUMAN_DESIGN,PENDING_HUMAN_SIGNOFF,2026-07-11T00:00:00+08:00,2026-08-10T10:15:00+08:00
LEGACY-API-0582,S03,POST,/api/ai/audience/packages/{package_id}/pause,api.ai_audience_pause_package,ai_audience_ops,ai_crm_next,none,0,0,0,0,,,false,false,B,zero_observed_traffic_and_no_ui_reference,no_observed_match,PENDING_HUMAN_DESIGN,PENDING_HUMAN_DESIGN,PENDING_HUMAN_DESIGN,PENDING_HUMAN_SIGNOFF,2026-07-11T00:00:00+08:00,2026-08-10T10:15:00+08:00
LEGACY-API-0583,S03,POST,/api/ai/audience/packages/{package_id}/preview,api.ai_audience_preview_package,ai_audience_ops,ai_crm_next,none,0,0,0,0,,,false,false,B,zero_observed_traffic_and_no_ui_reference,no_observed_match,PENDING_HUMAN_DESIGN,PENDING_HUMAN_DESIGN,PENDING_HUMAN_DESIGN,PENDING_HUMAN_SIGNOFF,2026-07-11T00:00:00+08:00,2026-08-10T10:15:00+08:00
LEGACY-API-0584,S03,POST,/api/ai/audience/packages/{package_id}/publish,api.ai_audience_publish_package,ai_audience_ops,ai_crm_next,none,0,0,0,0,,,false,false,B,zero_observed_traffic_and_no_ui_reference,no_observed_match,PENDING_HUMAN_DESIGN,PENDING_HUMAN_DESIGN,PENDING_HUMAN_DESIGN,PENDING_HUMAN_SIGNOFF,2026-07-11T00:00:00+08:00,2026-08-10T10:15:00+08:00
LEGACY-API-0585,S03,POST,/api/ai/audience/packages/{package_id}/refresh,api.ai_audience_refresh_package,ai_audience_ops,ai_crm_next,none,0,0,0,0,,,false,false,B,zero_observed_traffic_and_no_ui_reference,no_observed_match,PENDING_HUMAN_DESIGN,PENDING_HUMAN_DESIGN,PENDING_HUMAN_DESIGN,PENDING_HUMAN_SIGNOFF,2026-07-11T00:00:00+08:00,2026-08-10T10:15:00+08:00
LEGACY-API-0586,S03,GET,/api/ai/audience/packages/{package_id}/runs,api.ai_audience_package_runs,ai_audience_ops,ai_crm_next,none,1,0,1,0,2026-07-13T14:35:14.551237+08:00,2026-07-13T14:35:14.551237+08:00,false,false,A,observed_production_traffic,normalized_unique_path,PENDING_HUMAN_DESIGN,PENDING_HUMAN_DESIGN,PENDING_HUMAN_DESIGN,PENDING_HUMAN_SIGNOFF,2026-07-11T00:00:00+08:00,2026-08-10T10:15:00+08:00
LEGACY-API-0587,S03,POST,/api/ai/audience/packages/{package_id}/versions,api.ai_audience_create_version,ai_audience_ops,ai_crm_next,none,0,0,0,0,,,false,false,B,zero_observed_traffic_and_no_ui_reference,no_observed_match,PENDING_HUMAN_DESIGN,PENDING_HUMAN_DESIGN,PENDING_HUMAN_DESIGN,PENDING_HUMAN_SIGNOFF,2026-07-11T00:00:00+08:00,2026-08-10T10:15:00+08:00
LEGACY-API-0588,S03,POST,/api/ai/audience/packages/{package_key}/webhook,api.ai_audience_inbound_webhook,ai_audience_ops,ai_crm_next,staging_disabled,1,0,1,0,2026-07-13T18:05:33.952568+08:00,2026-07-13T18:05:33.952568+08:00,true,false,A,observed_production_traffic,normalized_unique_path,PENDING_HUMAN_DESIGN,PENDING_HUMAN_DESIGN,PENDING_HUMAN_DESIGN,PENDING_HUMAN_SIGNOFF,2026-07-11T00:00:00+08:00,2026-08-10T10:15:00+08:00
LEGACY-API-0589,S03,GET,/api/ai/audience/schema-catalog,api.ai_audience_schema_catalog,ai_audience_ops,ai_crm_next,none,0,0,0,0,,,false,false,B,zero_observed_traffic_and_no_ui_reference,no_observed_match,PENDING_HUMAN_DESIGN,PENDING_HUMAN_DESIGN,PENDING_HUMAN_DESIGN,PENDING_HUMAN_SIGNOFF,2026-07-11T00:00:00+08:00,2026-08-10T10:15:00+08:00
LEGACY-API-0590,S03,POST,/api/ai/audience/source-dirty,api.ai_audience_source_dirty,ai_audience_ops,ai_crm_next,none,0,0,0,0,,,false,false,B,zero_observed_traffic_and_no_ui_reference,no_observed_match,PENDING_HUMAN_DESIGN,PENDING_HUMAN_DESIGN,PENDING_HUMAN_DESIGN,PENDING_HUMAN_SIGNOFF,2026-07-11T00:00:00+08:00,2026-08-10T10:15:00+08:00
LEGACY-API-0591,S03,POST,/api/ai/audience/test-agent/webhook,api.ai_audience_test_agent_webhook,ai_audience_ops,ai_crm_next,staging_disabled,3,3,0,0,2026-08-03T15:52:51.279908+08:00,2026-08-03T15:55:50.666374+08:00,false,false,A,observed_production_traffic,structured_route_exact,PENDING_HUMAN_DESIGN,PENDING_HUMAN_DESIGN,PENDING_HUMAN_DESIGN,PENDING_HUMAN_SIGNOFF,2026-07-11T00:00:00+08:00,2026-08-10T10:15:00+08:00
LEGACY-API-0592,S03,POST,/api/ai/audience/ticks/daily,api.ai_audience_daily_tick,ai_audience_ops,ai_crm_next,none,0,0,0,0,,,false,false,B,zero_observed_traffic_and_no_ui_reference,no_observed_match,PENDING_HUMAN_DESIGN,PENDING_HUMAN_DESIGN,PENDING_HUMAN_DESIGN,PENDING_HUMAN_SIGNOFF,2026-07-11T00:00:00+08:00,2026-08-10T10:15:00+08:00
LEGACY-API-0593,S03,POST,/api/ai/audience/ticks/incremental,api.ai_audience_incremental_tick,ai_audience_ops,ai_crm_next,none,0,0,0,0,,,false,false,B,zero_observed_traffic_and_no_ui_reference,no_observed_match,PENDING_HUMAN_DESIGN,PENDING_HUMAN_DESIGN,PENDING_HUMAN_DESIGN,PENDING_HUMAN_SIGNOFF,2026-07-11T00:00:00+08:00,2026-08-10T10:15:00+08:00
LEGACY-API-0594,S04,OPTIONS,/api/alipay/notify,alipay_notify_options,commerce,ai_crm_next,none,0,0,0,0,,,false,false,B,zero_observed_traffic_and_no_ui_reference,no_observed_match,PENDING_HUMAN_DESIGN,PENDING_HUMAN_DESIGN,PENDING_HUMAN_DESIGN,PENDING_HUMAN_SIGNOFF,2026-07-11T00:00:00+08:00,2026-08-10T10:15:00+08:00
LEGACY-API-0595,S04,POST,/api/alipay/notify,alipay_notify,commerce,ai_crm_next,none,0,0,0,0,,,false,false,B,zero_observed_traffic_and_no_ui_reference,no_observed_match,PENDING_HUMAN_DESIGN,PENDING_HUMAN_DESIGN,PENDING_HUMAN_DESIGN,PENDING_HUMAN_SIGNOFF,2026-07-11T00:00:00+08:00,2026-08-10T10:15:00+08:00
LEGACY-API-0596,S04,GET,/api/alipay/return,alipay_return,commerce,ai_crm_next,none,0,0,0,0,,,false,false,B,zero_observed_traffic_and_no_ui_reference,no_observed_match,PENDING_HUMAN_DESIGN,PENDING_HUMAN_DESIGN,PENDING_HUMAN_DESIGN,PENDING_HUMAN_SIGNOFF,2026-07-11T00:00:00+08:00,2026-08-10T10:15:00+08:00
LEGACY-API-0597,S04,OPTIONS,/api/alipay/return,alipay_return_options,commerce,ai_crm_next,none,0,0,0,0,,,false,false,B,zero_observed_traffic_and_no_ui_reference,no_observed_match,PENDING_HUMAN_DESIGN,PENDING_HUMAN_DESIGN,PENDING_HUMAN_DESIGN,PENDING_HUMAN_SIGNOFF,2026-07-11T00:00:00+08:00,2026-08-10T10:15:00+08:00
LEGACY-API-0598,S04,"DELETE,GET,PATCH,POST,PUT",/api/alipay/{path:path},alipay_unknown,commerce,ai_crm_next,none,0,0,0,0,,,false,true,C,retired_or_blocked_marker_and_zero_traffic,no_observed_match,PENDING_HUMAN_DESIGN,PENDING_HUMAN_DESIGN,PENDING_HUMAN_DESIGN,PENDING_HUMAN_SIGNOFF,2026-07-11T00:00:00+08:00,2026-08-10T10:15:00+08:00
LEGACY-API-0599,S04,GET,/api/archive/health,archive_health,message_archive,ai_crm_next,none,0,0,0,0,,,false,false,B,zero_observed_traffic_and_no_ui_reference,no_observed_match,PENDING_HUMAN_DESIGN,PENDING_HUMAN_DESIGN,PENDING_HUMAN_DESIGN,PENDING_HUMAN_SIGNOFF,2026-07-11T00:00:00+08:00,2026-08-10T10:15:00+08:00
LEGACY-API-0600,S04,POST,/api/archive/sync,archive_sync,message_archive,ai_crm_next,none,0,0,0,0,,,false,false,B,zero_observed_traffic_and_no_ui_reference,no_observed_match,PENDING_HUMAN_DESIGN,PENDING_HUMAN_DESIGN,PENDING_HUMAN_DESIGN,PENDING_HUMAN_SIGNOFF,2026-07-11T00:00:00+08:00,2026-08-10T10:15:00+08:00
LEGACY-API-0601,S03,POST,/api/automation/group-ops/broadcast,execute_group_ops_token_broadcast,automation_engine,ai_crm_next,real_requires_approval,29,13,16,0,2026-07-13T08:54:36.781589+08:00,2026-08-10T08:46:33.932760+08:00,true,false,A,observed_production_traffic,structured_route_exact+normalized_unique_path,PENDING_HUMAN_DESIGN,PENDING_HUMAN_DESIGN,PENDING_HUMAN_DESIGN,PENDING_HUMAN_SIGNOFF,2026-07-11T00:00:00+08:00,2026-08-10T10:15:00+08:00
LEGACY-API-0602,S03,POST,/api/automation/group-ops/webhooks/{webhook_key},receive_group_ops_webhook,automation_engine,ai_crm_next,none,1,0,1,0,2026-07-13T20:01:28.403358+08:00,2026-07-13T20:01:28.403358+08:00,true,false,A,observed_production_traffic,normalized_unique_path,PENDING_HUMAN_DESIGN,PENDING_HUMAN_DESIGN,PENDING_HUMAN_DESIGN,PENDING_HUMAN_SIGNOFF,2026-07-11T00:00:00+08:00,2026-08-10T10:15:00+08:00
LEGACY-API-0603,S04,OPTIONS,/api/checkout/alipay,checkout_alipay_options,commerce,ai_crm_next,none,0,0,0,0,,,false,false,B,zero_observed_traffic_and_no_ui_reference,no_observed_match,PENDING_HUMAN_DESIGN,PENDING_HUMAN_DESIGN,PENDING_HUMAN_DESIGN,PENDING_HUMAN_SIGNOFF,2026-07-11T00:00:00+08:00,2026-08-10T10:15:00+08:00
LEGACY-API-0604,S04,POST,/api/checkout/alipay,checkout_alipay,commerce,ai_crm_next,none,0,0,0,0,,,false,false,B,zero_observed_traffic_and_no_ui_reference,no_observed_match,PENDING_HUMAN_DESIGN,PENDING_HUMAN_DESIGN,PENDING_HUMAN_DESIGN,PENDING_HUMAN_SIGNOFF,2026-07-11T00:00:00+08:00,2026-08-10T10:15:00+08:00
LEGACY-API-0605,S04,OPTIONS,/api/checkout/wechat,checkout_wechat_options,commerce,ai_crm_next,none,0,0,0,0,,,false,false,B,zero_observed_traffic_and_no_ui_reference,no_observed_match,PENDING_HUMAN_DESIGN,PENDING_HUMAN_DESIGN,PENDING_HUMAN_DESIGN,PENDING_HUMAN_SIGNOFF,2026-07-11T00:00:00+08:00,2026-08-10T10:15:00+08:00
LEGACY-API-0606,S04,POST,/api/checkout/wechat,checkout_wechat,commerce,ai_crm_next,none,0,0,0,0,,,false,false,B,zero_observed_traffic_and_no_ui_reference,no_observed_match,PENDING_HUMAN_DESIGN,PENDING_HUMAN_DESIGN,PENDING_HUMAN_DESIGN,PENDING_HUMAN_SIGNOFF,2026-07-11T00:00:00+08:00,2026-08-10T10:15:00+08:00
LEGACY-API-0607,S04,"DELETE,GET,PATCH,POST,PUT",/api/checkout/{path:path},checkout_unknown,commerce,ai_crm_next,none,0,0,0,0,,,false,true,C,retired_or_blocked_marker_and_zero_traffic,no_observed_match,PENDING_HUMAN_DESIGN,PENDING_HUMAN_DESIGN,PENDING_HUMAN_DESIGN,PENDING_HUMAN_SIGNOFF,2026-07-11T00:00:00+08:00,2026-08-10T10:15:00+08:00
LEGACY-API-0608,S04,POST,/api/customer-automation/activation-webhook,activation_webhook,automation_engine,ai_crm_next,none,0,0,0,0,,,false,false,B,zero_observed_traffic_and_no_ui_reference,no_observed_match,PENDING_HUMAN_DESIGN,PENDING_HUMAN_DESIGN,PENDING_HUMAN_DESIGN,PENDING_HUMAN_SIGNOFF,2026-07-11T00:00:00+08:00,2026-08-10T10:15:00+08:00
LEGACY-API-0609,S02,GET,/api/customers,list_customers,customer_read_model,ai_crm_next,none,1,0,1,0,2026-07-16T14:24:10.550132+08:00,2026-07-16T14:24:10.550132+08:00,false,false,A,observed_production_traffic,normalized_unique_path,PENDING_HUMAN_DESIGN,PENDING_HUMAN_DESIGN,PENDING_HUMAN_DESIGN,PENDING_HUMAN_SIGNOFF,2026-07-11T00:00:00+08:00,2026-08-10T10:15:00+08:00
LEGACY-API-0610,S04,OPTIONS,/api/customers/automation/activation-webhook,api_customer_automation_activation_webhook_options,automation_engine,ai_crm_next,none,0,0,0,0,,,false,false,B,zero_observed_traffic_and_no_ui_reference,no_observed_match,PENDING_HUMAN_DESIGN,PENDING_HUMAN_DESIGN,PENDING_HUMAN_DESIGN,PENDING_HUMAN_SIGNOFF,2026-07-11T00:00:00+08:00,2026-08-10T10:15:00+08:00
LEGACY-API-0611,S04,POST,/api/customers/automation/activation-webhook,api_customer_automation_activation_webhook,automation_engine,ai_crm_next,none,0,0,0,0,,,false,false,B,zero_observed_traffic_and_no_ui_reference,no_observed_match,PENDING_HUMAN_DESIGN,PENDING_HUMAN_DESIGN,PENDING_HUMAN_DESIGN,PENDING_HUMAN_SIGNOFF,2026-07-11T00:00:00+08:00,2026-08-10T10:15:00+08:00
LEGACY-API-0612,S04,GET,/api/customers/automation/signup-conversion/batches,signup_conversion_batches,automation_engine,ai_crm_next,none,0,0,0,0,,,false,false,B,zero_observed_traffic_and_no_ui_reference,no_observed_match,PENDING_HUMAN_DESIGN,PENDING_HUMAN_DESIGN,PENDING_HUMAN_DESIGN,PENDING_HUMAN_SIGNOFF,2026-07-11T00:00:00+08:00,2026-08-10T10:15:00+08:00
LEGACY-API-0613,S04,GET,/api/customers/automation/signup-conversion/batches/{batch_id},signup_conversion_batch,automation_engine,ai_crm_next,none,0,0,0,0,,,false,false,B,zero_observed_traffic_and_no_ui_reference,no_observed_match,PENDING_HUMAN_DESIGN,PENDING_HUMAN_DESIGN,PENDING_HUMAN_DESIGN,PENDING_HUMAN_SIGNOFF,2026-07-11T00:00:00+08:00,2026-08-10T10:15:00+08:00
LEGACY-API-0614,S04,GET,/api/customers/automation/webhook-deliveries,customer_automation_webhook_deliveries,automation_engine,ai_crm_next,none,0,0,0,0,,,false,false,B,zero_observed_traffic_and_no_ui_reference,no_observed_match,PENDING_HUMAN_DESIGN,PENDING_HUMAN_DESIGN,PENDING_HUMAN_DESIGN,PENDING_HUMAN_SIGNOFF,2026-07-11T00:00:00+08:00,2026-08-10T10:15:00+08:00
LEGACY-API-0615,S04,OPTIONS,/api/customers/automation/webhook-deliveries/retry-due,api_customer_automation_webhook_delivery_retry_due_options,automation_engine,ai_crm_next,none,0,0,0,0,,,false,false,B,zero_observed_traffic_and_no_ui_reference,no_observed_match,PENDING_HUMAN_DESIGN,PENDING_HUMAN_DESIGN,PENDING_HUMAN_DESIGN,PENDING_HUMAN_SIGNOFF,2026-07-11T00:00:00+08:00,2026-08-10T10:15:00+08:00
LEGACY-API-0616,S04,POST,/api/customers/automation/webhook-deliveries/retry-due,api_plan_customer_automation_webhook_delivery_retry_due,automation_engine,ai_crm_next,none,0,0,0,0,,,false,false,B,zero_observed_traffic_and_no_ui_reference,no_observed_match,PENDING_HUMAN_DESIGN,PENDING_HUMAN_DESIGN,PENDING_HUMAN_DESIGN,PENDING_HUMAN_SIGNOFF,2026-07-11T00:00:00+08:00,2026-08-10T10:15:00+08:00
LEGACY-API-0617,S04,OPTIONS,/api/customers/automation/webhook-deliveries/{delivery_id:int}/retry,api_customer_automation_webhook_delivery_retry_options,automation_engine,ai_crm_next,none,0,0,0,0,,,false,false,B,zero_observed_traffic_and_no_ui_reference,no_observed_match,PENDING_HUMAN_DESIGN,PENDING_HUMAN_DESIGN,PENDING_HUMAN_DESIGN,PENDING_HUMAN_SIGNOFF,2026-07-11T00:00:00+08:00,2026-08-10T10:15:00+08:00
LEGACY-API-0618,S04,POST,/api/customers/automation/webhook-deliveries/{delivery_id:int}/retry,api_plan_customer_automation_webhook_delivery_retry,automation_engine,ai_crm_next,none,0,0,0,0,,,false,false,B,zero_observed_traffic_and_no_ui_reference,no_observed_match,PENDING_HUMAN_DESIGN,PENDING_HUMAN_DESIGN,PENDING_HUMAN_DESIGN,PENDING_HUMAN_SIGNOFF,2026-07-11T00:00:00+08:00,2026-08-10T10:15:00+08:00
LEGACY-API-0619,S02,GET,/api/customers/{external_userid},get_customer,customer_read_model,ai_crm_next,none,18,0,18,0,2026-07-14T12:10:39.715588+08:00,2026-07-14T12:12:47.753948+08:00,true,false,A,observed_production_traffic,normalized_unique_path,PENDING_HUMAN_DESIGN,PENDING_HUMAN_DESIGN,PENDING_HUMAN_DESIGN,PENDING_HUMAN_SIGNOFF,2026-07-11T00:00:00+08:00,2026-08-10T10:15:00+08:00
LEGACY-API-0620,S02,GET,/api/customers/{external_userid}/timeline,get_customer_timeline,customer_read_model,ai_crm_next,none,0,0,0,0,,,true,false,A,ui_referenced_with_zero_observed_traffic,no_observed_match,PENDING_HUMAN_DESIGN,PENDING_HUMAN_DESIGN,PENDING_HUMAN_DESIGN,PENDING_HUMAN_SIGNOFF,2026-07-11T00:00:00+08:00,2026-08-10T10:15:00+08:00
LEGACY-API-0621,S03,POST,/api/external-effects/test-receiver,external_effect_test_receiver,platform_foundation,ai_crm_next,staging_disabled,0,0,0,0,,,false,false,B,zero_observed_traffic_and_no_ui_reference,no_observed_match,PENDING_HUMAN_DESIGN,PENDING_HUMAN_DESIGN,PENDING_HUMAN_DESIGN,PENDING_HUMAN_SIGNOFF,2026-07-11T00:00:00+08:00,2026-08-10T10:15:00+08:00
LEGACY-API-0622,S03,POST,/api/external/ai-audience/e2e/run,api.external_ai_audience_e2e_run,ai_audience_ops,ai_crm_next,staging_disabled,0,0,0,0,,,false,false,B,zero_observed_traffic_and_no_ui_reference,no_observed_match,PENDING_HUMAN_DESIGN,PENDING_HUMAN_DESIGN,PENDING_HUMAN_DESIGN,PENDING_HUMAN_SIGNOFF,2026-07-11T00:00:00+08:00,2026-08-10T10:15:00+08:00
LEGACY-API-0623,S03,POST,/api/external/ai-audience/packages/{package_key}/archive,api.external_ai_audience_package_archive,ai_audience_ops,ai_crm_next,none,1,1,0,0,2026-08-01T19:01:52.118784+08:00,2026-08-01T19:01:52.118784+08:00,false,false,A,observed_production_traffic,structured_route_exact,PENDING_HUMAN_DESIGN,PENDING_HUMAN_DESIGN,PENDING_HUMAN_DESIGN,PENDING_HUMAN_SIGNOFF,2026-07-11T00:00:00+08:00,2026-08-10T10:15:00+08:00
LEGACY-API-0624,S03,POST,/api/external/ai-audience/simple/apply,api.external_ai_audience_simple_apply,ai_audience_ops,ai_crm_next,none,0,0,0,0,,,false,false,B,zero_observed_traffic_and_no_ui_reference,no_observed_match,PENDING_HUMAN_DESIGN,PENDING_HUMAN_DESIGN,PENDING_HUMAN_DESIGN,PENDING_HUMAN_SIGNOFF,2026-07-11T00:00:00+08:00,2026-08-10T10:15:00+08:00
LEGACY-API-0625,S03,POST,/api/external/ai-audience/simple/preview,api.external_ai_audience_simple_preview,ai_audience_ops,ai_crm_next,none,0,0,0,0,,,false,false,B,zero_observed_traffic_and_no_ui_reference,no_observed_match,PENDING_HUMAN_DESIGN,PENDING_HUMAN_DESIGN,PENDING_HUMAN_DESIGN,PENDING_HUMAN_SIGNOFF,2026-07-11T00:00:00+08:00,2026-08-10T10:15:00+08:00
LEGACY-API-0626,S03,POST,/api/external/ai-audience/simple/{package_key}/activate,api.external_ai_audience_simple_activate,ai_audience_ops,ai_crm_next,none,0,0,0,0,,,false,false,B,zero_observed_traffic_and_no_ui_reference,no_observed_match,PENDING_HUMAN_DESIGN,PENDING_HUMAN_DESIGN,PENDING_HUMAN_DESIGN,PENDING_HUMAN_SIGNOFF,2026-07-11T00:00:00+08:00,2026-08-10T10:15:00+08:00
LEGACY-API-0627,S03,POST,/api/external/ai-audience/simple/{package_key}/archive,api.external_ai_audience_simple_archive,ai_audience_ops,ai_crm_next,none,0,0,0,0,,,false,false,B,zero_observed_traffic_and_no_ui_reference,no_observed_match,PENDING_HUMAN_DESIGN,PENDING_HUMAN_DESIGN,PENDING_HUMAN_DESIGN,PENDING_HUMAN_SIGNOFF,2026-07-11T00:00:00+08:00,2026-08-10T10:15:00+08:00
LEGACY-API-0628,S03,POST,/api/external/ai-audience/spec/apply,api.external_ai_audience_spec_apply,ai_audience_ops,ai_crm_next,none,0,0,0,0,,,false,false,B,zero_observed_traffic_and_no_ui_reference,no_observed_match,PENDING_HUMAN_DESIGN,PENDING_HUMAN_DESIGN,PENDING_HUMAN_DESIGN,PENDING_HUMAN_SIGNOFF,2026-07-11T00:00:00+08:00,2026-08-10T10:15:00+08:00
LEGACY-API-0629,S03,POST,/api/external/ai-audience/spec/dry-run,api.external_ai_audience_spec_dry_run,ai_audience_ops,ai_crm_next,none,0,0,0,0,,,false,false,B,zero_observed_traffic_and_no_ui_reference,no_observed_match,PENDING_HUMAN_DESIGN,PENDING_HUMAN_DESIGN,PENDING_HUMAN_DESIGN,PENDING_HUMAN_SIGNOFF,2026-07-11T00:00:00+08:00,2026-08-10T10:15:00+08:00
LEGACY-API-0630,S03,POST,/api/external/ai-audience/spec/publish,api.external_ai_audience_spec_publish,ai_audience_ops,ai_crm_next,none,0,0,0,0,,,false,false,B,zero_observed_traffic_and_no_ui_reference,no_observed_match,PENDING_HUMAN_DESIGN,PENDING_HUMAN_DESIGN,PENDING_HUMAN_DESIGN,PENDING_HUMAN_SIGNOFF,2026-07-11T00:00:00+08:00,2026-08-10T10:15:00+08:00
LEGACY-API-0631,S03,POST,/api/external/ai-audience/templates/apply,api.external_ai_audience_template_apply,ai_audience_ops,ai_crm_next,none,2,2,0,0,2026-08-01T19:01:51.352032+08:00,2026-08-03T15:51:19.890465+08:00,false,false,A,observed_production_traffic,structured_route_exact,PENDING_HUMAN_DESIGN,PENDING_HUMAN_DESIGN,PENDING_HUMAN_DESIGN,PENDING_HUMAN_SIGNOFF,2026-07-11T00:00:00+08:00,2026-08-10T10:15:00+08:00
LEGACY-API-0632,S03,POST,/api/external/ai-audience/templates/preview,api.external_ai_audience_template_preview,ai_audience_ops,ai_crm_next,none,7,7,0,0,2026-08-01T19:01:48.661723+08:00,2026-08-03T15:51:19.894323+08:00,false,false,A,observed_production_traffic,structured_route_exact,PENDING_HUMAN_DESIGN,PENDING_HUMAN_DESIGN,PENDING_HUMAN_DESIGN,PENDING_HUMAN_SIGNOFF,2026-07-11T00:00:00+08:00,2026-08-10T10:15:00+08:00
LEGACY-API-0633,S04,GET,/api/external/chat-records,list_external_chat_records,message_archive,ai_crm_next,none,5,0,5,0,2026-07-19T00:20:17.726219+08:00,2026-07-19T03:13:42.089522+08:00,false,false,A,observed_production_traffic,normalized_unique_path,PENDING_HUMAN_DESIGN,PENDING_HUMAN_DESIGN,PENDING_HUMAN_DESIGN,PENDING_HUMAN_SIGNOFF,2026-07-11T00:00:00+08:00,2026-08-10T10:15:00+08:00
LEGACY-API-0634,S04,GET,/api/external/orders,list_external_orders,commerce,ai_crm_next,none,1930,374,1556,0,2026-07-11T00:00:01.955605+08:00,2026-08-09T19:51:43.516595+08:00,false,false,A,observed_production_traffic,structured_route_exact+normalized_unique_path,PENDING_HUMAN_DESIGN,PENDING_HUMAN_DESIGN,PENDING_HUMAN_DESIGN,PENDING_HUMAN_SIGNOFF,2026-07-11T00:00:00+08:00,2026-08-10T10:15:00+08:00
LEGACY-API-0635,S04,GET,/api/external/orders/{order_no},get_external_order,commerce,ai_crm_next,none,37,8,29,0,2026-07-13T12:41:04.659268+08:00,2026-08-02T19:18:17.036327+08:00,false,false,A,observed_production_traffic,structured_route_exact+normalized_unique_path,PENDING_HUMAN_DESIGN,PENDING_HUMAN_DESIGN,PENDING_HUMAN_DESIGN,PENDING_HUMAN_SIGNOFF,2026-07-11T00:00:00+08:00,2026-08-10T10:15:00+08:00
LEGACY-API-0636,S04,GET,/api/external/questionnaire-submissions,list_external_questionnaire_submissions,questionnaire,ai_crm_next,none,8767,3251,5516,0,2026-07-12T21:20:24.290018+08:00,2026-08-09T19:52:31.857984+08:00,false,false,A,observed_production_traffic,structured_route_exact+normalized_unique_path,PENDING_HUMAN_DESIGN,PENDING_HUMAN_DESIGN,PENDING_HUMAN_DESIGN,PENDING_HUMAN_SIGNOFF,2026-07-11T00:00:00+08:00,2026-08-10T10:15:00+08:00
LEGACY-API-0637,S04,GET,/api/external/radar-clicks,list_external_radar_clicks,radar_links,ai_crm_next,none,35,0,35,0,2026-07-16T14:30:55.621539+08:00,2026-07-16T14:36:26.145100+08:00,false,false,A,observed_production_traffic,normalized_unique_path,PENDING_HUMAN_DESIGN,PENDING_HUMAN_DESIGN,PENDING_HUMAN_DESIGN,PENDING_HUMAN_SIGNOFF,2026-07-11T00:00:00+08:00,2026-08-10T10:15:00+08:00
LEGACY-API-0638,S04,GET,/api/external/radar-links,list_external_radar_link_mappings,radar_links,ai_crm_next,none,11,4,7,0,2026-07-15T21:49:36.460837+08:00,2026-08-02T19:18:19.061393+08:00,false,false,A,observed_production_traffic,structured_route_exact+normalized_unique_path,PENDING_HUMAN_DESIGN,PENDING_HUMAN_DESIGN,PENDING_HUMAN_DESIGN,PENDING_HUMAN_SIGNOFF,2026-07-11T00:00:00+08:00,2026-08-10T10:15:00+08:00
LEGACY-API-0639,S04,GET,/api/external/users/resolve,resolve_external_user_basic,commerce,ai_crm_next,none,30,4,26,0,2026-07-13T12:41:04.493522+08:00,2026-08-02T19:18:10.573677+08:00,false,false,A,observed_production_traffic,structured_route_exact+normalized_unique_path,PENDING_HUMAN_DESIGN,PENDING_HUMAN_DESIGN,PENDING_HUMAN_DESIGN,PENDING_HUMAN_SIGNOFF,2026-07-11T00:00:00+08:00,2026-08-10T10:15:00+08:00
LEGACY-API-0640,S04,"DELETE,GET,PATCH,POST,PUT",/api/h5/alipay/{path:path},h5_alipay_unknown,commerce,ai_crm_next,none,0,0,0,0,,,false,true,C,retired_or_blocked_marker_and_zero_traffic,no_observed_match,PENDING_HUMAN_DESIGN,PENDING_HUMAN_DESIGN,PENDING_HUMAN_DESIGN,PENDING_HUMAN_SIGNOFF,2026-07-11T00:00:00+08:00,2026-08-10T10:15:00+08:00
LEGACY-API-0641,S04,OPTIONS,/api/h5/alipay/{path:path},h5_alipay_options,commerce,ai_crm_next,none,0,0,0,0,,,false,false,B,zero_observed_traffic_and_no_ui_reference,no_observed_match,PENDING_HUMAN_DESIGN,PENDING_HUMAN_DESIGN,PENDING_HUMAN_DESIGN,PENDING_HUMAN_SIGNOFF,2026-07-11T00:00:00+08:00,2026-08-10T10:15:00+08:00
LEGACY-API-0642,S04,GET,/api/h5/coupons/available,api.h5_available_coupons,commerce,ai_crm_next,none,208,168,40,0,2026-07-14T20:45:41.002203+08:00,2026-08-10T09:08:59.680734+08:00,false,false,A,observed_production_traffic,structured_route_exact+normalized_unique_path,PENDING_HUMAN_DESIGN,PENDING_HUMAN_DESIGN,PENDING_HUMAN_DESIGN,PENDING_HUMAN_SIGNOFF,2026-07-11T00:00:00+08:00,2026-08-10T10:15:00+08:00
LEGACY-API-0643,S04,GET,/api/h5/coupons/{public_slug},api.h5_coupon_state,commerce,ai_crm_next,none,1,0,1,0,2026-07-14T20:45:40.707301+08:00,2026-07-14T20:45:40.707301+08:00,false,false,A,observed_production_traffic,normalized_unique_path,PENDING_HUMAN_DESIGN,PENDING_HUMAN_DESIGN,PENDING_HUMAN_DESIGN,PENDING_HUMAN_SIGNOFF,2026-07-11T00:00:00+08:00,2026-08-10T10:15:00+08:00
LEGACY-API-0644,S04,POST,/api/h5/coupons/{public_slug}/claim,api.h5_coupon_claim,commerce,ai_crm_next,none,12,11,1,0,2026-07-15T08:55:35.659179+08:00,2026-08-02T23:09:39.422232+08:00,false,false,A,observed_production_traffic,structured_route_exact+normalized_unique_path,PENDING_HUMAN_DESIGN,PENDING_HUMAN_DESIGN,PENDING_HUMAN_DESIGN,PENDING_HUMAN_SIGNOFF,2026-07-11T00:00:00+08:00,2026-08-10T10:15:00+08:00
LEGACY-API-0645,S04,GET,/api/h5/navigation-target/url-link/resolve,api.h5_navigation_target_url_link_resolve,public_product,ai_crm_next,none,130,52,78,0,2026-07-11T00:18:01.044026+08:00,2026-08-10T09:13:13.614351+08:00,false,false,A,observed_production_traffic,structured_route_exact+normalized_unique_path,PENDING_HUMAN_DESIGN,PENDING_HUMAN_DESIGN,PENDING_HUMAN_DESIGN,PENDING_HUMAN_SIGNOFF,2026-07-11T00:00:00+08:00,2026-08-10T10:15:00+08:00
LEGACY-API-0646,S04,POST,/api/h5/product-context/session,api.h5_product_context_session,public_product,ai_crm_next,none,37,5,32,0,2026-07-13T18:14:28.334285+08:00,2026-08-07T15:35:31.726471+08:00,false,false,A,observed_production_traffic,structured_route_exact+normalized_unique_path,PENDING_HUMAN_DESIGN,PENDING_HUMAN_DESIGN,PENDING_HUMAN_DESIGN,PENDING_HUMAN_SIGNOFF,2026-07-11T00:00:00+08:00,2026-08-10T10:15:00+08:00
LEGACY-API-0647,S04,GET,/api/h5/product-images/{product_code}/{image_id}/variants/{variant_key},api.h5_public_product_image_variant,public_product,ai_crm_next,none,1454,872,582,0,2026-07-11T01:14:00.168091+08:00,2026-08-10T09:08:41.606218+08:00,false,false,A,observed_production_traffic,structured_route_exact+normalized_unique_path,PENDING_HUMAN_DESIGN,PENDING_HUMAN_DESIGN,PENDING_HUMAN_DESIGN,PENDING_HUMAN_SIGNOFF,2026-07-11T00:00:00+08:00,2026-08-10T10:15:00+08:00
LEGACY-API-0648,S04,GET,/api/h5/questionnaires/{slug},public_get_questionnaire,questionnaire,ai_crm_next,none,5,0,5,0,2026-07-13T22:04:29.458057+08:00,2026-07-17T20:06:29.568405+08:00,false,false,A,observed_production_traffic,normalized_unique_path,PENDING_HUMAN_DESIGN,PENDING_HUMAN_DESIGN,PENDING_HUMAN_DESIGN,PENDING_HUMAN_SIGNOFF,2026-07-11T00:00:00+08:00,2026-08-10T10:15:00+08:00
LEGACY-API-0649,S04,OPTIONS,/api/h5/questionnaires/{slug}/client-diagnostics,public_questionnaire_client_diagnostics_options,questionnaire,ai_crm_next,none,0,0,0,0,,,false,false,B,zero_observed_traffic_and_no_ui_reference,no_observed_match,PENDING_HUMAN_DESIGN,PENDING_HUMAN_DESIGN,PENDING_HUMAN_DESIGN,PENDING_HUMAN_SIGNOFF,2026-07-11T00:00:00+08:00,2026-08-10T10:15:00+08:00
LEGACY-API-0650,S04,POST,/api/h5/questionnaires/{slug}/client-diagnostics,public_questionnaire_client_diagnostics,questionnaire,ai_crm_next,none,3,3,0,0,2026-08-04T10:46:53.231337+08:00,2026-08-06T16:20:05.131322+08:00,false,false,A,observed_production_traffic,structured_route_exact,PENDING_HUMAN_DESIGN,PENDING_HUMAN_DESIGN,PENDING_HUMAN_DESIGN,PENDING_HUMAN_SIGNOFF,2026-07-11T00:00:00+08:00,2026-08-10T10:15:00+08:00
LEGACY-API-0651,S04,GET,/api/h5/questionnaires/{slug}/result,public_submission_result,questionnaire,ai_crm_next,none,5,0,5,0,2026-07-13T22:04:29.659540+08:00,2026-07-13T22:24:58.869320+08:00,false,false,A,observed_production_traffic,normalized_unique_path,PENDING_HUMAN_DESIGN,PENDING_HUMAN_DESIGN,PENDING_HUMAN_DESIGN,PENDING_HUMAN_SIGNOFF,2026-07-11T00:00:00+08:00,2026-08-10T10:15:00+08:00
LEGACY-API-0652,S04,OPTIONS,/api/h5/questionnaires/{slug}/submit,public_submit_questionnaire_options,questionnaire,ai_crm_next,none,1,0,0,1,2026-07-13T22:24:58.046186+08:00,2026-07-13T22:24:58.046186+08:00,false,false,A,observed_production_traffic,conservative_ambiguous_path,PENDING_HUMAN_DESIGN,PENDING_HUMAN_DESIGN,PENDING_HUMAN_DESIGN,PENDING_HUMAN_SIGNOFF,2026-07-11T00:00:00+08:00,2026-08-10T10:15:00+08:00
LEGACY-API-0653,S04,POST,/api/h5/questionnaires/{slug}/submit,public_submit_questionnaire,questionnaire,ai_crm_next,none,66,28,37,1,2026-07-11T00:18:00.719187+08:00,2026-08-10T09:13:13.347414+08:00,false,false,A,observed_production_traffic,structured_route_exact+normalized_unique_path+conservative_ambiguous_path,PENDING_HUMAN_DESIGN,PENDING_HUMAN_DESIGN,PENDING_HUMAN_DESIGN,PENDING_HUMAN_SIGNOFF,2026-07-11T00:00:00+08:00,2026-08-10T10:15:00+08:00
LEGACY-API-0654,S04,POST,/api/h5/radar-contents/{code}/events,radar_content_event,radar_links,ai_crm_next,none,0,0,0,0,,,false,false,B,zero_observed_traffic_and_no_ui_reference,no_observed_match,PENDING_HUMAN_DESIGN,PENDING_HUMAN_DESIGN,PENDING_HUMAN_DESIGN,PENDING_HUMAN_SIGNOFF,2026-07-11T00:00:00+08:00,2026-08-10T10:15:00+08:00
LEGACY-API-0655,S04,GET,/api/h5/radar-contents/{code}/image,radar_content_image,radar_links,ai_crm_next,none,0,0,0,0,,,false,false,B,zero_observed_traffic_and_no_ui_reference,no_observed_match,PENDING_HUMAN_DESIGN,PENDING_HUMAN_DESIGN,PENDING_HUMAN_DESIGN,PENDING_HUMAN_SIGNOFF,2026-07-11T00:00:00+08:00,2026-08-10T10:15:00+08:00
LEGACY-API-0656,S04,GET,/api/h5/radar-contents/{code}/image/manifest,radar_content_image_manifest,radar_links,ai_crm_next,none,0,0,0,0,,,false,false,B,zero_observed_traffic_and_no_ui_reference,no_observed_match,PENDING_HUMAN_DESIGN,PENDING_HUMAN_DESIGN,PENDING_HUMAN_DESIGN,PENDING_HUMAN_SIGNOFF,2026-07-11T00:00:00+08:00,2026-08-10T10:15:00+08:00
LEGACY-API-0657,S04,GET,/api/h5/radar-contents/{code}/image/variants/{variant_key},radar_content_image_variant,radar_links,ai_crm_next,none,0,0,0,0,,,false,false,B,zero_observed_traffic_and_no_ui_reference,no_observed_match,PENDING_HUMAN_DESIGN,PENDING_HUMAN_DESIGN,PENDING_HUMAN_DESIGN,PENDING_HUMAN_SIGNOFF,2026-07-11T00:00:00+08:00,2026-08-10T10:15:00+08:00
LEGACY-API-0658,S04,GET,/api/h5/radar-contents/{code}/manifest,radar_content_pdf_manifest,radar_links,ai_crm_next,none,0,0,0,0,,,false,false,B,zero_observed_traffic_and_no_ui_reference,no_observed_match,PENDING_HUMAN_DESIGN,PENDING_HUMAN_DESIGN,PENDING_HUMAN_DESIGN,PENDING_HUMAN_SIGNOFF,2026-07-11T00:00:00+08:00,2026-08-10T10:15:00+08:00
LEGACY-API-0659,S04,GET,/api/h5/radar-contents/{code}/pdf,radar_content_pdf,radar_links,ai_crm_next,none,0,0,0,0,,,false,false,B,zero_observed_traffic_and_no_ui_reference,no_observed_match,PENDING_HUMAN_DESIGN,PENDING_HUMAN_DESIGN,PENDING_HUMAN_DESIGN,PENDING_HUMAN_SIGNOFF,2026-07-11T00:00:00+08:00,2026-08-10T10:15:00+08:00
LEGACY-API-0660,S04,GET,/api/h5/radar-contents/{code}/pdf/pages/{page_no},radar_content_pdf_page,radar_links,ai_crm_next,none,0,0,0,0,,,false,false,B,zero_observed_traffic_and_no_ui_reference,no_observed_match,PENDING_HUMAN_DESIGN,PENDING_HUMAN_DESIGN,PENDING_HUMAN_DESIGN,PENDING_HUMAN_SIGNOFF,2026-07-11T00:00:00+08:00,2026-08-10T10:15:00+08:00
LEGACY-API-0661,S04,GET,/api/h5/radar/oauth/callback,radar_oauth_callback,radar_links,ai_crm_next,staging_disabled,119,24,95,0,2026-07-14T14:49:16.220351+08:00,2026-08-09T21:13:36.777459+08:00,false,false,A,observed_production_traffic,structured_route_exact+normalized_unique_path,PENDING_HUMAN_DESIGN,PENDING_HUMAN_DESIGN,PENDING_HUMAN_DESIGN,PENDING_HUMAN_SIGNOFF,2026-07-11T00:00:00+08:00,2026-08-10T10:15:00+08:00
LEGACY-API-0662,S04,GET,/api/h5/radar/oauth/start,radar_oauth_start,radar_links,ai_crm_next,staging_disabled,122,22,100,0,2026-07-14T14:49:14.522912+08:00,2026-08-09T21:13:34.421965+08:00,false,false,A,observed_production_traffic,structured_route_exact+normalized_unique_path,PENDING_HUMAN_DESIGN,PENDING_HUMAN_DESIGN,PENDING_HUMAN_DESIGN,PENDING_HUMAN_SIGNOFF,2026-07-11T00:00:00+08:00,2026-08-10T10:15:00+08:00
LEGACY-API-0663,S04,GET,/api/h5/service-period-products/{link_slug},public_service_period_product_state,service_period,ai_crm_next,none,177,65,112,0,2026-07-11T01:06:03.320949+08:00,2026-08-10T00:33:27.772957+08:00,false,false,A,observed_production_traffic,structured_route_exact+normalized_unique_path,PENDING_HUMAN_DESIGN,PENDING_HUMAN_DESIGN,PENDING_HUMAN_DESIGN,PENDING_HUMAN_SIGNOFF,2026-07-11T00:00:00+08:00,2026-08-10T10:15:00+08:00
LEGACY-API-0664,S04,POST,/api/h5/service-period-products/{link_slug}/wechat-pay/jsapi/orders,create_service_period_jsapi_order,service_period,ai_crm_next,real_requires_approval,18,10,8,0,2026-07-11T18:09:34.861199+08:00,2026-08-07T14:08:11.654422+08:00,false,false,A,observed_production_traffic,structured_route_exact+normalized_unique_path,PENDING_HUMAN_DESIGN,PENDING_HUMAN_DESIGN,PENDING_HUMAN_DESIGN,PENDING_HUMAN_SIGNOFF,2026-07-11T00:00:00+08:00,2026-08-10T10:15:00+08:00
LEGACY-API-0665,S04,POST,/api/h5/wechat-pay/jsapi/orders,api.h5_wechat_pay_create_jsapi_order,public_product,ai_crm_next,real_requires_approval,124,65,59,0,2026-07-11T12:27:24.756247+08:00,2026-08-10T09:09:07.308660+08:00,false,false,A,observed_production_traffic,structured_route_exact+normalized_unique_path,PENDING_HUMAN_DESIGN,PENDING_HUMAN_DESIGN,PENDING_HUMAN_DESIGN,PENDING_HUMAN_SIGNOFF,2026-07-11T00:00:00+08:00,2026-08-10T10:15:00+08:00
LEGACY-API-0666,S04,POST,/api/h5/wechat-pay/notify,api.h5_wechat_pay_notify,public_product,ai_crm_next,none,92,47,45,0,2026-07-11T12:27:31.241449+08:00,2026-08-10T09:09:18.196545+08:00,false,false,A,observed_production_traffic,structured_route_exact+normalized_unique_path,PENDING_HUMAN_DESIGN,PENDING_HUMAN_DESIGN,PENDING_HUMAN_DESIGN,PENDING_HUMAN_SIGNOFF,2026-07-11T00:00:00+08:00,2026-08-10T10:15:00+08:00
LEGACY-API-0667,S04,GET,/api/h5/wechat-pay/oauth/callback,api.h5_wechat_pay_oauth_callback,public_product,ai_crm_next,staging_disabled,295,168,127,0,2026-07-11T01:13:59.430050+08:00,2026-08-10T09:08:59.134173+08:00,false,false,A,observed_production_traffic,structured_route_exact+normalized_unique_path,PENDING_HUMAN_DESIGN,PENDING_HUMAN_DESIGN,PENDING_HUMAN_DESIGN,PENDING_HUMAN_SIGNOFF,2026-07-11T00:00:00+08:00,2026-08-10T10:15:00+08:00
LEGACY-API-0668,S04,GET,/api/h5/wechat-pay/oauth/start,api.h5_wechat_pay_oauth_start,public_product,ai_crm_next,staging_disabled,322,175,147,0,2026-07-11T01:13:58.069040+08:00,2026-08-10T09:08:54.929776+08:00,false,false,A,observed_production_traffic,structured_route_exact+normalized_unique_path,PENDING_HUMAN_DESIGN,PENDING_HUMAN_DESIGN,PENDING_HUMAN_DESIGN,PENDING_HUMAN_SIGNOFF,2026-07-11T00:00:00+08:00,2026-08-10T10:15:00+08:00
LEGACY-API-0669,S04,GET,/api/h5/wechat-pay/orders/{out_trade_no},api.h5_wechat_pay_order_status,public_product,ai_crm_next,real_requires_approval,80,44,36,0,2026-07-11T12:27:33.420104+08:00,2026-08-10T09:09:21.311722+08:00,false,false,A,observed_production_traffic,structured_route_exact+normalized_unique_path,PENDING_HUMAN_DESIGN,PENDING_HUMAN_DESIGN,PENDING_HUMAN_DESIGN,PENDING_HUMAN_SIGNOFF,2026-07-11T00:00:00+08:00,2026-08-10T10:15:00+08:00
LEGACY-API-0670,S04,GET,/api/h5/wechat-pay/products/{path:path},api.h5_wechat_pay_product,public_product,ai_crm_next,none,3,0,3,0,2026-07-13T14:29:03.360435+08:00,2026-07-13T22:24:59.023132+08:00,false,false,A,observed_production_traffic,normalized_unique_path,PENDING_HUMAN_DESIGN,PENDING_HUMAN_DESIGN,PENDING_HUMAN_DESIGN,PENDING_HUMAN_SIGNOFF,2026-07-11T00:00:00+08:00,2026-08-10T10:15:00+08:00
LEGACY-API-0671,S04,POST,/api/h5/wechat-pay/refund/notify,wechat_refund_notify,commerce,ai_crm_next,none,5,5,0,0,2026-07-27T11:43:20.533536+08:00,2026-08-05T22:14:31.365980+08:00,false,false,A,observed_production_traffic,structured_route_exact,PENDING_HUMAN_DESIGN,PENDING_HUMAN_DESIGN,PENDING_HUMAN_DESIGN,PENDING_HUMAN_SIGNOFF,2026-07-11T00:00:00+08:00,2026-08-10T10:15:00+08:00
LEGACY-API-0672,S04,"DELETE,GET,PATCH,POST,PUT",/api/h5/wechat-pay/{path:path},h5_wechat_pay_unknown,commerce,ai_crm_next,none,1,0,1,0,2026-07-12T08:11:21.950081+08:00,2026-07-12T08:11:21.950081+08:00,false,true,A,observed_production_traffic,normalized_unique_path,PENDING_HUMAN_DESIGN,PENDING_HUMAN_DESIGN,PENDING_HUMAN_DESIGN,PENDING_HUMAN_SIGNOFF,2026-07-11T00:00:00+08:00,2026-08-10T10:15:00+08:00
LEGACY-API-0673,S04,OPTIONS,/api/h5/wechat-pay/{path:path},h5_wechat_pay_options,commerce,ai_crm_next,none,0,0,0,0,,,false,false,B,zero_observed_traffic_and_no_ui_reference,no_observed_match,PENDING_HUMAN_DESIGN,PENDING_HUMAN_DESIGN,PENDING_HUMAN_DESIGN,PENDING_HUMAN_SIGNOFF,2026-07-11T00:00:00+08:00,2026-08-10T10:15:00+08:00
LEGACY-API-0674,S04,GET,/api/h5/wechat/oauth/callback,wechat_oauth_callback,questionnaire,ai_crm_next,staging_disabled,36,0,36,0,2026-07-11T00:14:03.726638+08:00,2026-07-17T17:10:51.252129+08:00,false,false,A,observed_production_traffic,normalized_unique_path,PENDING_HUMAN_DESIGN,PENDING_HUMAN_DESIGN,PENDING_HUMAN_DESIGN,PENDING_HUMAN_SIGNOFF,2026-07-11T00:00:00+08:00,2026-08-10T10:15:00+08:00
LEGACY-API-0675,S04,OPTIONS,/api/h5/wechat/oauth/callback,wechat_oauth_callback_options,questionnaire,ai_crm_next,staging_disabled,0,0,0,0,,,false,false,B,zero_observed_traffic_and_no_ui_reference,no_observed_match,PENDING_HUMAN_DESIGN,PENDING_HUMAN_DESIGN,PENDING_HUMAN_DESIGN,PENDING_HUMAN_SIGNOFF,2026-07-11T00:00:00+08:00,2026-08-10T10:15:00+08:00
LEGACY-API-0676,S04,GET,/api/h5/wechat/oauth/start,wechat_oauth_start,questionnaire,ai_crm_next,staging_disabled,42,0,42,0,2026-07-11T00:14:00.906840+08:00,2026-07-17T17:10:49.977599+08:00,false,false,A,observed_production_traffic,normalized_unique_path,PENDING_HUMAN_DESIGN,PENDING_HUMAN_DESIGN,PENDING_HUMAN_DESIGN,PENDING_HUMAN_SIGNOFF,2026-07-11T00:00:00+08:00,2026-08-10T10:15:00+08:00
LEGACY-API-0677,S04,OPTIONS,/api/h5/wechat/oauth/start,wechat_oauth_start_options,questionnaire,ai_crm_next,staging_disabled,0,0,0,0,,,false,false,B,zero_observed_traffic_and_no_ui_reference,no_observed_match,PENDING_HUMAN_DESIGN,PENDING_HUMAN_DESIGN,PENDING_HUMAN_DESIGN,PENDING_HUMAN_SIGNOFF,2026-07-11T00:00:00+08:00,2026-08-10T10:15:00+08:00
LEGACY-API-0678,S03,GET,/api/h5/wechat/oauth/unknown,h5_wechat_oauth_unknown,auth_wecom,ai_crm_next,staging_disabled,0,0,0,0,,,false,true,C,retired_or_blocked_marker_and_zero_traffic,no_observed_match,PENDING_HUMAN_DESIGN,PENDING_HUMAN_DESIGN,PENDING_HUMAN_DESIGN,PENDING_HUMAN_SIGNOFF,2026-07-11T00:00:00+08:00,2026-08-10T10:15:00+08:00
LEGACY-API-0679,S03,OPTIONS,/api/h5/wechat/oauth/unknown,h5_wechat_oauth_unknown_options,auth_wecom,ai_crm_next,staging_disabled,0,0,0,0,,,false,false,B,zero_observed_traffic_and_no_ui_reference,no_observed_match,PENDING_HUMAN_DESIGN,PENDING_HUMAN_DESIGN,PENDING_HUMAN_DESIGN,PENDING_HUMAN_SIGNOFF,2026-07-11T00:00:00+08:00,2026-08-10T10:15:00+08:00
LEGACY-API-0680,S02,GET,/api/identity/resolve,resolve_identity,identity_contact,ai_crm_next,none,0,0,0,0,,,false,false,B,zero_observed_traffic_and_no_ui_reference,no_observed_match,PENDING_HUMAN_DESIGN,PENDING_HUMAN_DESIGN,PENDING_HUMAN_DESIGN,PENDING_HUMAN_SIGNOFF,2026-07-11T00:00:00+08:00,2026-08-10T10:15:00+08:00
LEGACY-API-0681,S04,POST,/api/internal/direct-send/wecom-private,create_internal_direct_wecom_private_send,ai_assist,ai_crm_next,none,2,0,2,0,2026-07-20T08:44:10.341784+08:00,2026-07-20T08:44:12.637230+08:00,false,false,A,observed_production_traffic,normalized_unique_path,PENDING_HUMAN_DESIGN,PENDING_HUMAN_DESIGN,PENDING_HUMAN_DESIGN,PENDING_HUMAN_SIGNOFF,2026-07-11T00:00:00+08:00,2026-08-10T10:15:00+08:00
LEGACY-API-0682,S04,GET,/api/messages/archive,deprecated_message_archive,message_archive,ai_crm_next,none,0,0,0,0,,,false,false,B,zero_observed_traffic_and_no_ui_reference,no_observed_match,PENDING_HUMAN_DESIGN,PENDING_HUMAN_DESIGN,PENDING_HUMAN_DESIGN,PENDING_HUMAN_SIGNOFF,2026-07-11T00:00:00+08:00,2026-08-10T10:15:00+08:00
LEGACY-API-0683,S04,"GET,POST",/api/messages/archive/sync,blocked_message_archive_sync,message_archive,ai_crm_next,none,0,0,0,0,,,false,true,C,retired_or_blocked_marker_and_zero_traffic,no_observed_match,PENDING_HUMAN_DESIGN,PENDING_HUMAN_DESIGN,PENDING_HUMAN_DESIGN,PENDING_HUMAN_SIGNOFF,2026-07-11T00:00:00+08:00,2026-08-10T10:15:00+08:00
LEGACY-API-0684,S04,"GET,POST",/api/messages/broadcast,blocked_message_broadcast,message_archive,ai_crm_next,none,0,0,0,0,,,false,true,C,retired_or_blocked_marker_and_zero_traffic,no_observed_match,PENDING_HUMAN_DESIGN,PENDING_HUMAN_DESIGN,PENDING_HUMAN_DESIGN,PENDING_HUMAN_SIGNOFF,2026-07-11T00:00:00+08:00,2026-08-10T10:15:00+08:00
LEGACY-API-0685,S04,GET,/api/messages/search,search_messages,message_archive,ai_crm_next,none,240,240,0,0,2026-07-25T20:00:11.779663+08:00,2026-07-25T20:04:33.254077+08:00,false,false,A,observed_production_traffic,structured_route_exact,PENDING_HUMAN_DESIGN,PENDING_HUMAN_DESIGN,PENDING_HUMAN_DESIGN,PENDING_HUMAN_SIGNOFF,2026-07-11T00:00:00+08:00,2026-08-10T10:15:00+08:00
LEGACY-API-0686,S04,"GET,POST",/api/messages/send,blocked_message_send,message_archive,ai_crm_next,none,0,0,0,0,,,false,true,C,retired_or_blocked_marker_and_zero_traffic,no_observed_match,PENDING_HUMAN_DESIGN,PENDING_HUMAN_DESIGN,PENDING_HUMAN_DESIGN,PENDING_HUMAN_SIGNOFF,2026-07-11T00:00:00+08:00,2026-08-10T10:15:00+08:00
LEGACY-API-0687,S04,GET,/api/messages/{external_userid},list_messages,message_archive,ai_crm_next,none,0,0,0,0,,,false,false,B,zero_observed_traffic_and_no_ui_reference,no_observed_match,PENDING_HUMAN_DESIGN,PENDING_HUMAN_DESIGN,PENDING_HUMAN_DESIGN,PENDING_HUMAN_SIGNOFF,2026-07-11T00:00:00+08:00,2026-08-10T10:15:00+08:00
LEGACY-API-0688,S04,GET,/api/messages/{external_userid}/archive,deprecated_external_message_archive,message_archive,ai_crm_next,none,0,0,0,0,,,false,false,B,zero_observed_traffic_and_no_ui_reference,no_observed_match,PENDING_HUMAN_DESIGN,PENDING_HUMAN_DESIGN,PENDING_HUMAN_DESIGN,PENDING_HUMAN_SIGNOFF,2026-07-11T00:00:00+08:00,2026-08-10T10:15:00+08:00
LEGACY-API-0689,S04,GET,/api/messages/{external_userid}/history,deprecated_external_message_history,message_archive,ai_crm_next,none,0,0,0,0,,,false,false,B,zero_observed_traffic_and_no_ui_reference,no_observed_match,PENDING_HUMAN_DESIGN,PENDING_HUMAN_DESIGN,PENDING_HUMAN_DESIGN,PENDING_HUMAN_SIGNOFF,2026-07-11T00:00:00+08:00,2026-08-10T10:15:00+08:00
LEGACY-API-0690,S02,GET,/api/messages/{external_userid}/recent,get_recent_messages,customer_read_model,ai_crm_next,none,0,0,0,0,,,false,false,B,zero_observed_traffic_and_no_ui_reference,no_observed_match,PENDING_HUMAN_DESIGN,PENDING_HUMAN_DESIGN,PENDING_HUMAN_DESIGN,PENDING_HUMAN_SIGNOFF,2026-07-11T00:00:00+08:00,2026-08-10T10:15:00+08:00
LEGACY-API-0691,S04,POST,/api/operation-cycles/action-requests/claim,claim_operation_cycle_action_request,operation_cycles,ai_crm_next,none,0,0,0,0,,,false,false,B,zero_observed_traffic_and_no_ui_reference,no_observed_match,PENDING_HUMAN_DESIGN,PENDING_HUMAN_DESIGN,PENDING_HUMAN_DESIGN,PENDING_HUMAN_SIGNOFF,2026-07-11T00:00:00+08:00,2026-08-10T10:15:00+08:00
LEGACY-API-0692,S04,POST,/api/operation-cycles/action-requests/{request_id}/events,record_operation_cycle_action_request_event,operation_cycles,ai_crm_next,none,0,0,0,0,,,false,false,B,zero_observed_traffic_and_no_ui_reference,no_observed_match,PENDING_HUMAN_DESIGN,PENDING_HUMAN_DESIGN,PENDING_HUMAN_DESIGN,PENDING_HUMAN_SIGNOFF,2026-07-11T00:00:00+08:00,2026-08-10T10:15:00+08:00
LEGACY-API-0693,S04,GET,/api/operation-cycles/context-index,get_operation_cycle_context_index,operation_cycles,ai_crm_next,none,4,4,0,0,2026-07-29T08:56:18.895060+08:00,2026-07-29T09:25:06.563538+08:00,false,false,A,observed_production_traffic,structured_route_exact,PENDING_HUMAN_DESIGN,PENDING_HUMAN_DESIGN,PENDING_HUMAN_DESIGN,PENDING_HUMAN_SIGNOFF,2026-07-11T00:00:00+08:00,2026-08-10T10:15:00+08:00
LEGACY-API-0694,S04,POST,/api/operation-cycles/reports,report_operation_cycle_snapshot,operation_cycles,ai_crm_next,none,13,7,6,0,2026-07-14T17:28:32.353674+08:00,2026-07-29T22:49:58.770455+08:00,false,false,A,observed_production_traffic,structured_route_exact+normalized_unique_path,PENDING_HUMAN_DESIGN,PENDING_HUMAN_DESIGN,PENDING_HUMAN_DESIGN,PENDING_HUMAN_SIGNOFF,2026-07-11T00:00:00+08:00,2026-08-10T10:15:00+08:00
LEGACY-API-0695,S04,POST,/api/operation-cycles/runner/heartbeat,heartbeat_operation_cycle_runner,operation_cycles,ai_crm_next,none,0,0,0,0,,,false,false,B,zero_observed_traffic_and_no_ui_reference,no_observed_match,PENDING_HUMAN_DESIGN,PENDING_HUMAN_DESIGN,PENDING_HUMAN_DESIGN,PENDING_HUMAN_SIGNOFF,2026-07-11T00:00:00+08:00,2026-08-10T10:15:00+08:00
LEGACY-API-0696,S04,GET,/api/operation-cycles/strategies/{strategy_key}/context,get_operation_cycle_strategy_context,operation_cycles,ai_crm_next,none,11,11,0,0,2026-07-29T08:56:19.105614+08:00,2026-08-04T11:48:33.135166+08:00,false,false,A,observed_production_traffic,structured_route_exact,PENDING_HUMAN_DESIGN,PENDING_HUMAN_DESIGN,PENDING_HUMAN_DESIGN,PENDING_HUMAN_SIGNOFF,2026-07-11T00:00:00+08:00,2026-08-10T10:15:00+08:00
LEGACY-API-0697,S04,POST,/api/operation-cycles/strategy-change-proposals,create_operation_cycle_strategy_change_proposal,operation_cycles,ai_crm_next,none,1,1,0,0,2026-07-29T22:08:50.077600+08:00,2026-07-29T22:08:50.077600+08:00,false,false,A,observed_production_traffic,structured_route_exact,PENDING_HUMAN_DESIGN,PENDING_HUMAN_DESIGN,PENDING_HUMAN_DESIGN,PENDING_HUMAN_SIGNOFF,2026-07-11T00:00:00+08:00,2026-08-10T10:15:00+08:00
LEGACY-API-0698,S04,GET,/api/orders/{order_no},get_order,commerce,ai_crm_next,none,0,0,0,0,,,false,false,B,zero_observed_traffic_and_no_ui_reference,no_observed_match,PENDING_HUMAN_DESIGN,PENDING_HUMAN_DESIGN,PENDING_HUMAN_DESIGN,PENDING_HUMAN_SIGNOFF,2026-07-11T00:00:00+08:00,2026-08-10T10:15:00+08:00
LEGACY-API-0699,S04,OPTIONS,/api/orders/{order_no},get_order_options,commerce,ai_crm_next,none,0,0,0,0,,,false,false,B,zero_observed_traffic_and_no_ui_reference,no_observed_match,PENDING_HUMAN_DESIGN,PENDING_HUMAN_DESIGN,PENDING_HUMAN_DESIGN,PENDING_HUMAN_SIGNOFF,2026-07-11T00:00:00+08:00,2026-08-10T10:15:00+08:00
LEGACY-API-0700,S04,GET,/api/orders/{order_no}/status,get_order,commerce,ai_crm_next,none,0,0,0,0,,,false,false,B,zero_observed_traffic_and_no_ui_reference,no_observed_match,PENDING_HUMAN_DESIGN,PENDING_HUMAN_DESIGN,PENDING_HUMAN_DESIGN,PENDING_HUMAN_SIGNOFF,2026-07-11T00:00:00+08:00,2026-08-10T10:15:00+08:00
LEGACY-API-0701,S04,OPTIONS,/api/orders/{order_no}/status,get_order_status_options,commerce,ai_crm_next,none,0,0,0,0,,,false,false,B,zero_observed_traffic_and_no_ui_reference,no_observed_match,PENDING_HUMAN_DESIGN,PENDING_HUMAN_DESIGN,PENDING_HUMAN_DESIGN,PENDING_HUMAN_SIGNOFF,2026-07-11T00:00:00+08:00,2026-08-10T10:15:00+08:00
LEGACY-API-0702,S04,"DELETE,GET,PATCH,POST,PUT",/api/orders/{order_no}/{path:path},order_unknown_child,commerce,ai_crm_next,none,0,0,0,0,,,false,true,C,retired_or_blocked_marker_and_zero_traffic,no_observed_match,PENDING_HUMAN_DESIGN,PENDING_HUMAN_DESIGN,PENDING_HUMAN_DESIGN,PENDING_HUMAN_SIGNOFF,2026-07-11T00:00:00+08:00,2026-08-10T10:15:00+08:00
LEGACY-API-0703,S04,GET,/api/products/{page_slug},public_product,commerce,ai_crm_next,none,0,0,0,0,,,false,false,B,zero_observed_traffic_and_no_ui_reference,no_observed_match,PENDING_HUMAN_DESIGN,PENDING_HUMAN_DESIGN,PENDING_HUMAN_DESIGN,PENDING_HUMAN_SIGNOFF,2026-07-11T00:00:00+08:00,2026-08-10T10:15:00+08:00
LEGACY-API-0704,S04,"DELETE,PATCH,POST,PUT",/api/products/{path:path},api.public_product_api_blocked_write,public_product,ai_crm_next,none,0,0,0,0,,,false,true,C,retired_or_blocked_marker_and_zero_traffic,no_observed_match,PENDING_HUMAN_DESIGN,PENDING_HUMAN_DESIGN,PENDING_HUMAN_DESIGN,PENDING_HUMAN_SIGNOFF,2026-07-11T00:00:00+08:00,2026-08-10T10:15:00+08:00
LEGACY-API-0705,S04,GET,/api/products/{path:path},api.public_product_api,public_product,ai_crm_next,none,0,0,0,0,,,false,false,B,zero_observed_traffic_and_no_ui_reference,no_observed_match,PENDING_HUMAN_DESIGN,PENDING_HUMAN_DESIGN,PENDING_HUMAN_DESIGN,PENDING_HUMAN_SIGNOFF,2026-07-11T00:00:00+08:00,2026-08-10T10:15:00+08:00
LEGACY-API-0706,S04,OPTIONS,/api/products/{path:path},api.public_product_api_options,public_product,ai_crm_next,none,0,0,0,0,,,false,false,B,zero_observed_traffic_and_no_ui_reference,no_observed_match,PENDING_HUMAN_DESIGN,PENDING_HUMAN_DESIGN,PENDING_HUMAN_DESIGN,PENDING_HUMAN_SIGNOFF,2026-07-11T00:00:00+08:00,2026-08-10T10:15:00+08:00
LEGACY-API-0707,S04,GET,/api/public/service-period-member-grid/bootstrap,public_service_period_member_grid_bootstrap,service_period,ai_crm_next,none,12,4,8,0,2026-07-16T15:39:53.404709+08:00,2026-08-06T14:20:08.968994+08:00,true,false,A,observed_production_traffic,structured_route_exact+normalized_unique_path,PENDING_HUMAN_DESIGN,PENDING_HUMAN_DESIGN,PENDING_HUMAN_DESIGN,PENDING_HUMAN_SIGNOFF,2026-07-11T00:00:00+08:00,2026-08-10T10:15:00+08:00
LEGACY-API-0708,S04,POST,/api/public/service-period-member-grid/query,public_service_period_member_grid_query,service_period,ai_crm_next,none,10,4,6,0,2026-07-16T15:41:54.120431+08:00,2026-08-06T14:20:09.083354+08:00,true,false,A,observed_production_traffic,structured_route_exact+normalized_unique_path,PENDING_HUMAN_DESIGN,PENDING_HUMAN_DESIGN,PENDING_HUMAN_DESIGN,PENDING_HUMAN_SIGNOFF,2026-07-11T00:00:00+08:00,2026-08-10T10:15:00+08:00
LEGACY-API-0709,S02,POST,/api/sidebar/bind-mobile,bind_mobile,sidebar_write,ai_crm_next,none,7,1,6,0,2026-07-11T12:24:04.054583+08:00,2026-08-06T16:19:24.493475+08:00,true,false,A,observed_production_traffic,structured_route_exact+normalized_unique_path,PENDING_HUMAN_DESIGN,PENDING_HUMAN_DESIGN,PENDING_HUMAN_DESIGN,PENDING_HUMAN_SIGNOFF,2026-07-11T00:00:00+08:00,2026-08-10T10:15:00+08:00
LEGACY-API-0710,S02,GET,/api/sidebar/binding-status,sidebar_binding_status,identity_contact,ai_crm_next,none,0,0,0,0,,,false,false,B,zero_observed_traffic_and_no_ui_reference,no_observed_match,PENDING_HUMAN_DESIGN,PENDING_HUMAN_DESIGN,PENDING_HUMAN_DESIGN,PENDING_HUMAN_SIGNOFF,2026-07-11T00:00:00+08:00,2026-08-10T10:15:00+08:00
LEGACY-API-0711,S02,GET,/api/sidebar/contact-binding-status,sidebar_contact_binding_status,identity_contact,ai_crm_next,none,0,0,0,0,,,false,false,B,zero_observed_traffic_and_no_ui_reference,no_observed_match,PENDING_HUMAN_DESIGN,PENDING_HUMAN_DESIGN,PENDING_HUMAN_DESIGN,PENDING_HUMAN_SIGNOFF,2026-07-11T00:00:00+08:00,2026-08-10T10:15:00+08:00
LEGACY-API-0712,S02,POST,/api/sidebar/context-token,sidebar_context_token,identity_contact,ai_crm_next,none,183,183,0,0,2026-08-04T19:26:42.835064+08:00,2026-08-05T22:35:38.008567+08:00,true,false,A,observed_production_traffic,structured_route_exact,PENDING_HUMAN_DESIGN,PENDING_HUMAN_DESIGN,PENDING_HUMAN_DESIGN,PENDING_HUMAN_SIGNOFF,2026-07-11T00:00:00+08:00,2026-08-10T10:15:00+08:00
LEGACY-API-0713,S02,GET,/api/sidebar/customer-context,get_sidebar_customer_context,customer_read_model,ai_crm_next,none,1,1,0,0,2026-08-05T22:07:49.293963+08:00,2026-08-05T22:07:49.293963+08:00,false,false,A,observed_production_traffic,structured_route_exact,PENDING_HUMAN_DESIGN,PENDING_HUMAN_DESIGN,PENDING_HUMAN_DESIGN,PENDING_HUMAN_SIGNOFF,2026-07-11T00:00:00+08:00,2026-08-10T10:15:00+08:00
LEGACY-API-0714,S02,GET,/api/sidebar/jssdk-config,sidebar_jssdk_config,identity_contact,ai_crm_next,none,1518,503,1015,0,2026-07-11T01:11:48.630548+08:00,2026-08-09T16:26:42.394697+08:00,true,false,A,observed_production_traffic,structured_route_exact+normalized_unique_path,PENDING_HUMAN_DESIGN,PENDING_HUMAN_DESIGN,PENDING_HUMAN_DESIGN,PENDING_HUMAN_SIGNOFF,2026-07-11T00:00:00+08:00,2026-08-10T10:15:00+08:00
LEGACY-API-0715,S02,GET,/api/sidebar/lead-pool/status,get_sidebar_lead_pool_status,customer_read_model,ai_crm_next,none,0,0,0,0,,,false,false,B,zero_observed_traffic_and_no_ui_reference,no_observed_match,PENDING_HUMAN_DESIGN,PENDING_HUMAN_DESIGN,PENDING_HUMAN_DESIGN,PENDING_HUMAN_SIGNOFF,2026-07-11T00:00:00+08:00,2026-08-10T10:15:00+08:00
LEGACY-API-0716,S02,POST,/api/sidebar/lead-pool/upsert-class-term,upsert_lead_pool_class_term,sidebar_write,ai_crm_next,none,0,0,0,0,,,false,false,B,zero_observed_traffic_and_no_ui_reference,no_observed_match,PENDING_HUMAN_DESIGN,PENDING_HUMAN_DESIGN,PENDING_HUMAN_DESIGN,PENDING_HUMAN_SIGNOFF,2026-07-11T00:00:00+08:00,2026-08-10T10:15:00+08:00
LEGACY-API-0717,S02,GET,/api/sidebar/marketing-status,get_sidebar_marketing_status,customer_read_model,ai_crm_next,none,0,0,0,0,,,false,false,B,zero_observed_traffic_and_no_ui_reference,no_observed_match,PENDING_HUMAN_DESIGN,PENDING_HUMAN_DESIGN,PENDING_HUMAN_DESIGN,PENDING_HUMAN_SIGNOFF,2026-07-11T00:00:00+08:00,2026-08-10T10:15:00+08:00
LEGACY-API-0718,S02,POST,/api/sidebar/marketing-status/mark-enrolled,mark_enrolled,sidebar_write,ai_crm_next,none,0,0,0,0,,,false,false,B,zero_observed_traffic_and_no_ui_reference,no_observed_match,PENDING_HUMAN_DESIGN,PENDING_HUMAN_DESIGN,PENDING_HUMAN_DESIGN,PENDING_HUMAN_SIGNOFF,2026-07-11T00:00:00+08:00,2026-08-10T10:15:00+08:00
LEGACY-API-0719,S02,POST,/api/sidebar/marketing-status/set-followup-segment,set_followup_segment,sidebar_write,ai_crm_next,none,0,0,0,0,,,false,false,B,zero_observed_traffic_and_no_ui_reference,no_observed_match,PENDING_HUMAN_DESIGN,PENDING_HUMAN_DESIGN,PENDING_HUMAN_DESIGN,PENDING_HUMAN_SIGNOFF,2026-07-11T00:00:00+08:00,2026-08-10T10:15:00+08:00
LEGACY-API-0720,S02,POST,/api/sidebar/marketing-status/unmark-enrolled,unmark_enrolled,sidebar_write,ai_crm_next,none,0,0,0,0,,,false,false,B,zero_observed_traffic_and_no_ui_reference,no_observed_match,PENDING_HUMAN_DESIGN,PENDING_HUMAN_DESIGN,PENDING_HUMAN_DESIGN,PENDING_HUMAN_SIGNOFF,2026-07-11T00:00:00+08:00,2026-08-10T10:15:00+08:00
LEGACY-API-0721,S02,GET,/api/sidebar/oauth/callback,sidebar_oauth_callback,identity_contact,ai_crm_next,staging_disabled,260,88,172,0,2026-07-11T11:16:28.595385+08:00,2026-08-09T15:53:35.050342+08:00,true,false,A,observed_production_traffic,structured_route_exact+normalized_unique_path,PENDING_HUMAN_DESIGN,PENDING_HUMAN_DESIGN,PENDING_HUMAN_DESIGN,PENDING_HUMAN_SIGNOFF,2026-07-11T00:00:00+08:00,2026-08-10T10:15:00+08:00
LEGACY-API-0722,S02,GET,/api/sidebar/oauth/start,sidebar_oauth_start,identity_contact,ai_crm_next,staging_disabled,267,89,178,0,2026-07-11T11:16:27.480577+08:00,2026-08-09T15:53:33.916372+08:00,true,false,A,observed_production_traffic,structured_route_exact+normalized_unique_path,PENDING_HUMAN_DESIGN,PENDING_HUMAN_DESIGN,PENDING_HUMAN_DESIGN,PENDING_HUMAN_SIGNOFF,2026-07-11T00:00:00+08:00,2026-08-10T10:15:00+08:00
LEGACY-API-0723,S02,GET,/api/sidebar/profile,get_sidebar_profile,customer_read_model,ai_crm_next,none,0,0,0,0,,,false,false,B,zero_observed_traffic_and_no_ui_reference,no_observed_match,PENDING_HUMAN_DESIGN,PENDING_HUMAN_DESIGN,PENDING_HUMAN_DESIGN,PENDING_HUMAN_SIGNOFF,2026-07-11T00:00:00+08:00,2026-08-10T10:15:00+08:00
LEGACY-API-0724,S02,POST,/api/sidebar/signup-tags/mark,mark_signup_tag,sidebar_write,ai_crm_next,none,0,0,0,0,,,false,false,B,zero_observed_traffic_and_no_ui_reference,no_observed_match,PENDING_HUMAN_DESIGN,PENDING_HUMAN_DESIGN,PENDING_HUMAN_DESIGN,PENDING_HUMAN_SIGNOFF,2026-07-11T00:00:00+08:00,2026-08-10T10:15:00+08:00
LEGACY-API-0725,S02,GET,/api/sidebar/signup-tags/status,get_sidebar_signup_tag_status,customer_read_model,ai_crm_next,none,0,0,0,0,,,false,false,B,zero_observed_traffic_and_no_ui_reference,no_observed_match,PENDING_HUMAN_DESIGN,PENDING_HUMAN_DESIGN,PENDING_HUMAN_DESIGN,PENDING_HUMAN_SIGNOFF,2026-07-11T00:00:00+08:00,2026-08-10T10:15:00+08:00
LEGACY-API-0726,S02,GET,/api/sidebar/tags,get_sidebar_tags,customer_read_model,ai_crm_next,none,0,0,0,0,,,false,false,B,zero_observed_traffic_and_no_ui_reference,no_observed_match,PENDING_HUMAN_DESIGN,PENDING_HUMAN_DESIGN,PENDING_HUMAN_DESIGN,PENDING_HUMAN_SIGNOFF,2026-07-11T00:00:00+08:00,2026-08-10T10:15:00+08:00
LEGACY-API-0727,S04,GET,/api/sidebar/v2/coupons,api.sidebar_v2_coupons,commerce,ai_crm_next,none,11,9,2,0,2026-07-22T12:30:14.239395+08:00,2026-08-07T20:11:26.653968+08:00,false,false,A,observed_production_traffic,structured_route_exact+normalized_unique_path,PENDING_HUMAN_DESIGN,PENDING_HUMAN_DESIGN,PENDING_HUMAN_DESIGN,PENDING_HUMAN_SIGNOFF,2026-07-11T00:00:00+08:00,2026-08-10T10:15:00+08:00
LEGACY-API-0728,S02,GET,/api/sidebar/v2/materials,get_sidebar_v2_materials,customer_read_model,ai_crm_next,none,39,31,8,0,2026-07-13T14:00:00.706992+08:00,2026-08-06T16:19:37.537061+08:00,true,false,A,observed_production_traffic,structured_route_exact+normalized_unique_path,PENDING_HUMAN_DESIGN,PENDING_HUMAN_DESIGN,PENDING_HUMAN_DESIGN,PENDING_HUMAN_SIGNOFF,2026-07-11T00:00:00+08:00,2026-08-10T10:15:00+08:00
LEGACY-API-0729,S02,GET,/api/sidebar/v2/materials/image/{image_id}/thumbnail,get_sidebar_v2_image_thumbnail,customer_read_model,ai_crm_next,none,1602,1302,300,0,2026-07-13T14:00:00.757536+08:00,2026-08-05T11:28:39.718761+08:00,true,false,A,observed_production_traffic,structured_route_exact+normalized_unique_path,PENDING_HUMAN_DESIGN,PENDING_HUMAN_DESIGN,PENDING_HUMAN_DESIGN,PENDING_HUMAN_SIGNOFF,2026-07-11T00:00:00+08:00,2026-08-10T10:15:00+08:00
LEGACY-API-0730,S02,POST,/api/sidebar/v2/materials/send,plan_material_send,sidebar_write,ai_crm_next,none,5,5,0,0,2026-07-30T14:45:22.346976+08:00,2026-08-05T10:15:53.315524+08:00,true,false,A,observed_production_traffic,structured_route_exact,PENDING_HUMAN_DESIGN,PENDING_HUMAN_DESIGN,PENDING_HUMAN_DESIGN,PENDING_HUMAN_SIGNOFF,2026-07-11T00:00:00+08:00,2026-08-10T10:15:00+08:00
LEGACY-API-0731,S02,GET,/api/sidebar/v2/orders,get_sidebar_v2_orders,customer_read_model,ai_crm_next,none,147,54,93,0,2026-07-11T01:11:51.624171+08:00,2026-08-09T15:53:43.235334+08:00,true,false,A,observed_production_traffic,structured_route_exact+normalized_unique_path,PENDING_HUMAN_DESIGN,PENDING_HUMAN_DESIGN,PENDING_HUMAN_DESIGN,PENDING_HUMAN_SIGNOFF,2026-07-11T00:00:00+08:00,2026-08-10T10:15:00+08:00
LEGACY-API-0732,S02,GET,/api/sidebar/v2/other-staff-messages,get_sidebar_v2_other_staff_messages,customer_read_model,ai_crm_next,none,1700,1690,10,0,2026-07-11T10:53:16.315445+08:00,2026-08-06T16:19:45.030014+08:00,true,false,A,observed_production_traffic,structured_route_exact+normalized_unique_path,PENDING_HUMAN_DESIGN,PENDING_HUMAN_DESIGN,PENDING_HUMAN_DESIGN,PENDING_HUMAN_SIGNOFF,2026-07-11T00:00:00+08:00,2026-08-10T10:15:00+08:00
LEGACY-API-0733,S02,GET,/api/sidebar/v2/periodic-orders,get_sidebar_v2_periodic_orders,customer_read_model,ai_crm_next,none,128,25,103,0,2026-07-11T01:11:51.519588+08:00,2026-08-08T19:30:39.008363+08:00,true,false,A,observed_production_traffic,structured_route_exact+normalized_unique_path,PENDING_HUMAN_DESIGN,PENDING_HUMAN_DESIGN,PENDING_HUMAN_DESIGN,PENDING_HUMAN_SIGNOFF,2026-07-11T00:00:00+08:00,2026-08-10T10:15:00+08:00
LEGACY-API-0734,S02,PUT,/api/sidebar/v2/periodic-orders/{entitlement_id}/remark,update_sidebar_v2_periodic_order_remark,customer_read_model,ai_crm_next,none,0,0,0,0,,,true,false,A,ui_referenced_with_zero_observed_traffic,no_observed_match,PENDING_HUMAN_DESIGN,PENDING_HUMAN_DESIGN,PENDING_HUMAN_DESIGN,PENDING_HUMAN_SIGNOFF,2026-07-11T00:00:00+08:00,2026-08-10T10:15:00+08:00
LEGACY-API-0735,S02,GET,/api/sidebar/v2/products,get_sidebar_v2_products,customer_read_model,ai_crm_next,none,67,31,36,0,2026-07-11T11:01:14.141537+08:00,2026-08-08T19:30:55.535772+08:00,true,false,A,observed_production_traffic,structured_route_exact+normalized_unique_path,PENDING_HUMAN_DESIGN,PENDING_HUMAN_DESIGN,PENDING_HUMAN_DESIGN,PENDING_HUMAN_SIGNOFF,2026-07-11T00:00:00+08:00,2026-08-10T10:15:00+08:00
LEGACY-API-0736,S02,PUT,/api/sidebar/v2/profile,update_sidebar_v2_profile,sidebar_write,ai_crm_next,none,0,0,0,0,,,true,false,A,ui_referenced_with_zero_observed_traffic,no_observed_match,PENDING_HUMAN_DESIGN,PENDING_HUMAN_DESIGN,PENDING_HUMAN_DESIGN,PENDING_HUMAN_SIGNOFF,2026-07-11T00:00:00+08:00,2026-08-10T10:15:00+08:00
LEGACY-API-0737,S02,GET,/api/sidebar/v2/questionnaires,get_sidebar_v2_questionnaires,customer_read_model,ai_crm_next,none,100,27,73,0,2026-07-11T01:11:51.393044+08:00,2026-08-08T19:30:48.654433+08:00,true,false,A,observed_production_traffic,structured_route_exact+normalized_unique_path,PENDING_HUMAN_DESIGN,PENDING_HUMAN_DESIGN,PENDING_HUMAN_DESIGN,PENDING_HUMAN_SIGNOFF,2026-07-11T00:00:00+08:00,2026-08-10T10:15:00+08:00
LEGACY-API-0738,S04,GET,/api/sidebar/v2/radar-links,api.sidebar_v2_radar_links,radar_links,ai_crm_next,none,17,17,0,0,2026-07-29T10:17:47.570818+08:00,2026-08-05T09:32:30.153437+08:00,false,false,A,observed_production_traffic,structured_route_exact,PENDING_HUMAN_DESIGN,PENDING_HUMAN_DESIGN,PENDING_HUMAN_DESIGN,PENDING_HUMAN_SIGNOFF,2026-07-11T00:00:00+08:00,2026-08-10T10:15:00+08:00
LEGACY-API-0739,S02,GET,/api/sidebar/v2/timeline,get_sidebar_v2_timeline,customer_read_model,ai_crm_next,none,4339,3851,488,0,2026-07-22T12:40:22.242020+08:00,2026-08-05T09:34:34.266292+08:00,true,false,A,observed_production_traffic,structured_route_exact+normalized_unique_path,PENDING_HUMAN_DESIGN,PENDING_HUMAN_DESIGN,PENDING_HUMAN_DESIGN,PENDING_HUMAN_SIGNOFF,2026-07-11T00:00:00+08:00,2026-08-10T10:15:00+08:00
LEGACY-API-0740,S02,GET,/api/sidebar/v2/workbench,get_sidebar_v2_workbench,customer_read_model,ai_crm_next,none,510,289,221,0,2026-07-11T01:11:50.286550+08:00,2026-08-09T15:53:37.907148+08:00,true,false,A,observed_production_traffic,structured_route_exact+normalized_unique_path,PENDING_HUMAN_DESIGN,PENDING_HUMAN_DESIGN,PENDING_HUMAN_DESIGN,PENDING_HUMAN_SIGNOFF,2026-07-11T00:00:00+08:00,2026-08-10T10:15:00+08:00
LEGACY-API-0741,S04,GET,/api/system/health,system_health,platform_foundation,ai_crm_next,none,574,311,263,0,2026-07-11T10:56:53.717001+08:00,2026-08-09T23:18:18.607641+08:00,false,false,A,observed_production_traffic,structured_route_exact+normalized_unique_path,PENDING_HUMAN_DESIGN,PENDING_HUMAN_DESIGN,PENDING_HUMAN_DESIGN,PENDING_HUMAN_SIGNOFF,2026-07-11T00:00:00+08:00,2026-08-10T10:15:00+08:00
LEGACY-API-0742,S04,GET,/api/system/runtime-route-map,runtime_route_map,platform_foundation,ai_crm_next,none,0,0,0,0,,,false,false,B,zero_observed_traffic_and_no_ui_reference,no_observed_match,PENDING_HUMAN_DESIGN,PENDING_HUMAN_DESIGN,PENDING_HUMAN_DESIGN,PENDING_HUMAN_SIGNOFF,2026-07-11T00:00:00+08:00,2026-08-10T10:15:00+08:00
LEGACY-API-0743,S02,GET,/api/users/{unionid},get_user_by_unionid,customer_read_model,ai_crm_next,none,1,0,1,0,2026-07-13T22:19:25.174352+08:00,2026-07-13T22:19:25.174352+08:00,false,false,A,observed_production_traffic,normalized_unique_path,PENDING_HUMAN_DESIGN,PENDING_HUMAN_DESIGN,PENDING_HUMAN_DESIGN,PENDING_HUMAN_SIGNOFF,2026-07-11T00:00:00+08:00,2026-08-10T10:15:00+08:00
LEGACY-API-0744,S02,GET,/api/users/{unionid}/messages/recent,get_user_recent_messages_by_unionid,customer_read_model,ai_crm_next,none,0,0,0,0,,,false,false,B,zero_observed_traffic_and_no_ui_reference,no_observed_match,PENDING_HUMAN_DESIGN,PENDING_HUMAN_DESIGN,PENDING_HUMAN_DESIGN,PENDING_HUMAN_SIGNOFF,2026-07-11T00:00:00+08:00,2026-08-10T10:15:00+08:00
LEGACY-API-0745,S02,GET,/api/users/{unionid}/timeline,get_user_timeline_by_unionid,customer_read_model,ai_crm_next,none,0,0,0,0,,,false,false,B,zero_observed_traffic_and_no_ui_reference,no_observed_match,PENDING_HUMAN_DESIGN,PENDING_HUMAN_DESIGN,PENDING_HUMAN_DESIGN,PENDING_HUMAN_SIGNOFF,2026-07-11T00:00:00+08:00,2026-08-10T10:15:00+08:00
LEGACY-API-0746,S04,OPTIONS,/api/wechat-pay/notify,wechat_notify_options,commerce,ai_crm_next,none,0,0,0,0,,,false,false,B,zero_observed_traffic_and_no_ui_reference,no_observed_match,PENDING_HUMAN_DESIGN,PENDING_HUMAN_DESIGN,PENDING_HUMAN_DESIGN,PENDING_HUMAN_SIGNOFF,2026-07-11T00:00:00+08:00,2026-08-10T10:15:00+08:00
LEGACY-API-0747,S04,POST,/api/wechat-pay/notify,wechat_notify,commerce,ai_crm_next,none,0,0,0,0,,,false,false,B,zero_observed_traffic_and_no_ui_reference,no_observed_match,PENDING_HUMAN_DESIGN,PENDING_HUMAN_DESIGN,PENDING_HUMAN_DESIGN,PENDING_HUMAN_SIGNOFF,2026-07-11T00:00:00+08:00,2026-08-10T10:15:00+08:00
LEGACY-API-0748,S04,"DELETE,GET,PATCH,POST,PUT",/api/wechat-pay/{path:path},wechat_pay_unknown,commerce,ai_crm_next,none,0,0,0,0,,,false,true,C,retired_or_blocked_marker_and_zero_traffic,no_observed_match,PENDING_HUMAN_DESIGN,PENDING_HUMAN_DESIGN,PENDING_HUMAN_DESIGN,PENDING_HUMAN_SIGNOFF,2026-07-11T00:00:00+08:00,2026-08-10T10:15:00+08:00
LEGACY-API-0749,S04,GET,/api/wechat-shop/notify,wechat_shop_notify_verify,commerce,ai_crm_next,none,0,0,0,0,,,false,false,B,zero_observed_traffic_and_no_ui_reference,no_observed_match,PENDING_HUMAN_DESIGN,PENDING_HUMAN_DESIGN,PENDING_HUMAN_DESIGN,PENDING_HUMAN_SIGNOFF,2026-07-11T00:00:00+08:00,2026-08-10T10:15:00+08:00
LEGACY-API-0750,S04,POST,/api/wechat-shop/notify,wechat_shop_notify,commerce,ai_crm_next,none,1140,566,574,0,2026-07-11T00:08:01.811161+08:00,2026-08-10T10:07:27.896495+08:00,false,false,A,observed_production_traffic,structured_route_exact+normalized_unique_path,PENDING_HUMAN_DESIGN,PENDING_HUMAN_DESIGN,PENDING_HUMAN_DESIGN,PENDING_HUMAN_SIGNOFF,2026-07-11T00:00:00+08:00,2026-08-10T10:15:00+08:00
LEGACY-API-0751,S03,"GET,POST",/api/wecom/events,wecom_events,channel_entry,ai_crm_next,staging_disabled,3146,0,3146,0,2026-07-11T00:13:20.411704+08:00,2026-08-10T10:09:41.358905+08:00,true,false,A,observed_production_traffic,normalized_unique_path,PENDING_HUMAN_DESIGN,PENDING_HUMAN_DESIGN,PENDING_HUMAN_DESIGN,PENDING_HUMAN_SIGNOFF,2026-07-11T00:00:00+08:00,2026-08-10T10:15:00+08:00
LEGACY-API-0752,S03,GET,/auth/wecom/callback,auth_wecom_callback,auth_wecom,ai_crm_next,staging_disabled,85,49,36,0,2026-07-11T11:26:38.941584+08:00,2026-08-09T22:38:38.838952+08:00,true,false,A,observed_production_traffic,structured_route_exact+normalized_unique_path,PENDING_HUMAN_DESIGN,PENDING_HUMAN_DESIGN,PENDING_HUMAN_DESIGN,PENDING_HUMAN_SIGNOFF,2026-07-11T00:00:00+08:00,2026-08-10T10:15:00+08:00
LEGACY-API-0753,S03,GET,/auth/wecom/start,auth_wecom_start,auth_wecom,ai_crm_next,staging_disabled,592,346,246,0,2026-07-11T10:53:48.386567+08:00,2026-08-10T08:58:18.335564+08:00,true,false,A,observed_production_traffic,structured_route_exact+normalized_unique_path,PENDING_HUMAN_DESIGN,PENDING_HUMAN_DESIGN,PENDING_HUMAN_DESIGN,PENDING_HUMAN_SIGNOFF,2026-07-11T00:00:00+08:00,2026-08-10T10:15:00+08:00
LEGACY-API-0754,S03,GET,/auth/wecom/unknown,auth_wecom_unknown,auth_wecom,ai_crm_next,staging_disabled,0,0,0,0,,,false,false,B,zero_observed_traffic_and_no_ui_reference,no_observed_match,PENDING_HUMAN_DESIGN,PENDING_HUMAN_DESIGN,PENDING_HUMAN_DESIGN,PENDING_HUMAN_SIGNOFF,2026-07-11T00:00:00+08:00,2026-08-10T10:15:00+08:00
LEGACY-API-0755,S03,OPTIONS,/auth/wecom/unknown,auth_wecom_unknown_options,auth_wecom,ai_crm_next,staging_disabled,0,0,0,0,,,false,false,B,zero_observed_traffic_and_no_ui_reference,no_observed_match,PENDING_HUMAN_DESIGN,PENDING_HUMAN_DESIGN,PENDING_HUMAN_DESIGN,PENDING_HUMAN_SIGNOFF,2026-07-11T00:00:00+08:00,2026-08-10T10:15:00+08:00
LEGACY-API-0756,S04,GET,/c/{public_slug},api.public_coupon_page,commerce,ai_crm_next,none,78,65,13,0,2026-07-14T20:45:40.870737+08:00,2026-08-06T12:10:38.696071+08:00,false,false,A,observed_production_traffic,structured_route_exact+normalized_unique_path,PENDING_HUMAN_DESIGN,PENDING_HUMAN_DESIGN,PENDING_HUMAN_DESIGN,PENDING_HUMAN_SIGNOFF,2026-07-11T00:00:00+08:00,2026-08-10T10:15:00+08:00
LEGACY-API-0757,S04,GET,/health,health,platform_foundation,ai_crm_next,none,3110,1493,1617,0,2026-07-11T00:44:36.999249+08:00,2026-08-09T23:18:13.057042+08:00,false,false,A,observed_production_traffic,structured_route_exact+normalized_unique_path,PENDING_HUMAN_DESIGN,PENDING_HUMAN_DESIGN,PENDING_HUMAN_DESIGN,PENDING_HUMAN_SIGNOFF,2026-07-11T00:00:00+08:00,2026-08-10T10:15:00+08:00
LEGACY-API-0758,S02,GET,/login,api.admin_login,admin_auth,ai_crm_next,none,444,188,255,1,2026-07-11T04:47:56.681093+08:00,2026-08-10T08:58:16.802442+08:00,true,false,A,observed_production_traffic,structured_route_exact+normalized_unique_path+conservative_ambiguous_path,PENDING_HUMAN_DESIGN,PENDING_HUMAN_DESIGN,PENDING_HUMAN_DESIGN,PENDING_HUMAN_SIGNOFF,2026-07-11T00:00:00+08:00,2026-08-10T10:15:00+08:00
LEGACY-API-0759,S02,OPTIONS,/login,api.admin_login_options,admin_auth,ai_crm_next,none,1,0,0,1,2026-07-11T10:57:12.452057+08:00,2026-07-11T10:57:12.452057+08:00,true,false,A,observed_production_traffic,conservative_ambiguous_path,PENDING_HUMAN_DESIGN,PENDING_HUMAN_DESIGN,PENDING_HUMAN_DESIGN,PENDING_HUMAN_SIGNOFF,2026-07-11T00:00:00+08:00,2026-08-10T10:15:00+08:00
LEGACY-API-0760,S02,GET,/logout,api.admin_logout,admin_auth,ai_crm_next,none,3,0,3,0,2026-07-12T20:04:23.134361+08:00,2026-07-12T20:06:56.912462+08:00,true,false,A,observed_production_traffic,normalized_unique_path,PENDING_HUMAN_DESIGN,PENDING_HUMAN_DESIGN,PENDING_HUMAN_DESIGN,PENDING_HUMAN_SIGNOFF,2026-07-11T00:00:00+08:00,2026-08-10T10:15:00+08:00
LEGACY-API-0761,S02,OPTIONS,/logout,api.admin_logout_options,admin_auth,ai_crm_next,none,0,0,0,0,,,true,false,A,ui_referenced_with_zero_observed_traffic,no_observed_match,PENDING_HUMAN_DESIGN,PENDING_HUMAN_DESIGN,PENDING_HUMAN_DESIGN,PENDING_HUMAN_SIGNOFF,2026-07-11T00:00:00+08:00,2026-08-10T10:15:00+08:00
LEGACY-API-0762,S04,GET,/mcp,mcp_metadata,integration_gateway,ai_crm_next,staging_disabled,26,20,6,0,2026-07-11T14:28:19.616536+08:00,2026-08-10T09:51:38.688045+08:00,false,false,A,observed_production_traffic,structured_route_exact+normalized_unique_path,PENDING_HUMAN_DESIGN,PENDING_HUMAN_DESIGN,PENDING_HUMAN_DESIGN,PENDING_HUMAN_SIGNOFF,2026-07-11T00:00:00+08:00,2026-08-10T10:15:00+08:00
LEGACY-API-0763,S04,POST,/mcp,mcp_rpc,integration_gateway,ai_crm_next,staging_disabled,33,15,18,0,2026-07-11T13:39:31.923704+08:00,2026-08-04T15:08:30.213798+08:00,false,false,A,observed_production_traffic,structured_route_exact+normalized_unique_path,PENDING_HUMAN_DESIGN,PENDING_HUMAN_DESIGN,PENDING_HUMAN_DESIGN,PENDING_HUMAN_SIGNOFF,2026-07-11T00:00:00+08:00,2026-08-10T10:15:00+08:00
LEGACY-API-0764,S02,POST,/oauth/token,oauth_token,platform_foundation,ai_crm_next,none,111,54,57,0,2026-07-13T20:01:17.688865+08:00,2026-08-10T08:46:31.911634+08:00,true,false,A,observed_production_traffic,structured_route_exact+normalized_unique_path,PENDING_HUMAN_DESIGN,PENDING_HUMAN_DESIGN,PENDING_HUMAN_DESIGN,PENDING_HUMAN_SIGNOFF,2026-07-11T00:00:00+08:00,2026-08-10T10:15:00+08:00
LEGACY-API-0765,S04,GET,/p/{page_slug},product_page,commerce,ai_crm_next,none,366,0,366,0,2026-07-11T01:27:50.782069+08:00,2026-07-25T00:00:04.610772+08:00,false,false,A,observed_production_traffic,normalized_unique_path,PENDING_HUMAN_DESIGN,PENDING_HUMAN_DESIGN,PENDING_HUMAN_DESIGN,PENDING_HUMAN_SIGNOFF,2026-07-11T00:00:00+08:00,2026-08-10T10:15:00+08:00
LEGACY-API-0766,S04,GET,/p/{path:path},api.public_product_page,public_product,ai_crm_next,none,472,472,0,0,2026-07-25T13:52:00.282785+08:00,2026-08-10T09:12:11.290531+08:00,false,false,A,observed_production_traffic,structured_route_exact,PENDING_HUMAN_DESIGN,PENDING_HUMAN_DESIGN,PENDING_HUMAN_DESIGN,PENDING_HUMAN_SIGNOFF,2026-07-11T00:00:00+08:00,2026-08-10T10:15:00+08:00
LEGACY-API-0767,S04,OPTIONS,/p/{path:path},api.public_product_page_options,public_product,ai_crm_next,none,0,0,0,0,,,false,false,B,zero_observed_traffic_and_no_ui_reference,no_observed_match,PENDING_HUMAN_DESIGN,PENDING_HUMAN_DESIGN,PENDING_HUMAN_DESIGN,PENDING_HUMAN_SIGNOFF,2026-07-11T00:00:00+08:00,2026-08-10T10:15:00+08:00
LEGACY-API-0768,S04,GET,/pay/{path:path},api.public_pay_landing,public_product,ai_crm_next,none,477,333,144,0,2026-07-11T01:34:55.677131+08:00,2026-08-10T09:08:59.317251+08:00,false,false,A,observed_production_traffic,structured_route_exact+normalized_unique_path,PENDING_HUMAN_DESIGN,PENDING_HUMAN_DESIGN,PENDING_HUMAN_DESIGN,PENDING_HUMAN_SIGNOFF,2026-07-11T00:00:00+08:00,2026-08-10T10:15:00+08:00
LEGACY-API-0769,S04,OPTIONS,/pay/{path:path},api.public_pay_landing_options,public_product,ai_crm_next,none,0,0,0,0,,,false,false,B,zero_observed_traffic_and_no_ui_reference,no_observed_match,PENDING_HUMAN_DESIGN,PENDING_HUMAN_DESIGN,PENDING_HUMAN_DESIGN,PENDING_HUMAN_SIGNOFF,2026-07-11T00:00:00+08:00,2026-08-10T10:15:00+08:00
LEGACY-API-0770,S04,GET,/r/{code},radar_public_redirect,radar_links,ai_crm_next,none,249,66,183,0,2026-07-14T14:49:14.349893+08:00,2026-08-09T21:15:42.726961+08:00,false,false,A,observed_production_traffic,structured_route_exact+normalized_unique_path,PENDING_HUMAN_DESIGN,PENDING_HUMAN_DESIGN,PENDING_HUMAN_DESIGN,PENDING_HUMAN_SIGNOFF,2026-07-11T00:00:00+08:00,2026-08-10T10:15:00+08:00
LEGACY-API-0771,S04,GET,/radar/view/{code},radar_content_view,radar_links,ai_crm_next,none,0,0,0,0,,,false,false,B,zero_observed_traffic_and_no_ui_reference,no_observed_match,PENDING_HUMAN_DESIGN,PENDING_HUMAN_DESIGN,PENDING_HUMAN_DESIGN,PENDING_HUMAN_SIGNOFF,2026-07-11T00:00:00+08:00,2026-08-10T10:15:00+08:00
LEGACY-API-0772,S04,GET,/s/{link_slug},api.public_service_period_product_page,service_period,ai_crm_next,none,604,227,0,377,2026-07-11T00:13:07.245439+08:00,2026-08-10T09:13:14.810017+08:00,false,false,A,observed_production_traffic,structured_route_exact+conservative_ambiguous_path,PENDING_HUMAN_DESIGN,PENDING_HUMAN_DESIGN,PENDING_HUMAN_DESIGN,PENDING_HUMAN_SIGNOFF,2026-07-11T00:00:00+08:00,2026-08-10T10:15:00+08:00
LEGACY-API-0773,S04,GET,/s/{link_slug}/pay,api.public_service_period_pay_page,service_period,ai_crm_next,none,54,24,30,0,2026-07-11T01:06:08.019557+08:00,2026-08-07T14:07:58.856187+08:00,false,false,A,observed_production_traffic,structured_route_exact+normalized_unique_path,PENDING_HUMAN_DESIGN,PENDING_HUMAN_DESIGN,PENDING_HUMAN_DESIGN,PENDING_HUMAN_SIGNOFF,2026-07-11T00:00:00+08:00,2026-08-10T10:15:00+08:00
LEGACY-API-0774,S04,GET,/s/{slug},public_questionnaire_h5_page,questionnaire,ai_crm_next,none,377,0,0,377,2026-07-11T00:13:07.245439+08:00,2026-07-24T22:40:52.700928+08:00,false,false,A,observed_production_traffic,conservative_ambiguous_path,PENDING_HUMAN_DESIGN,PENDING_HUMAN_DESIGN,PENDING_HUMAN_DESIGN,PENDING_HUMAN_SIGNOFF,2026-07-11T00:00:00+08:00,2026-08-10T10:15:00+08:00
LEGACY-API-0775,S04,GET,/s/{slug}/submitted,public_questionnaire_submitted,questionnaire,ai_crm_next,none,1,1,0,0,2026-08-03T15:45:12.210025+08:00,2026-08-03T15:45:12.210025+08:00,false,false,A,observed_production_traffic,structured_route_exact,PENDING_HUMAN_DESIGN,PENDING_HUMAN_DESIGN,PENDING_HUMAN_DESIGN,PENDING_HUMAN_SIGNOFF,2026-07-11T00:00:00+08:00,2026-08-10T10:15:00+08:00
LEGACY-API-0776,S02,GET,/setup/wizard,api.setup_wizard,admin_config,ai_crm_next,none,2,0,2,0,2026-07-13T14:07:16.803839+08:00,2026-07-13T14:44:45.275430+08:00,true,false,A,observed_production_traffic,normalized_unique_path,PENDING_HUMAN_DESIGN,PENDING_HUMAN_DESIGN,PENDING_HUMAN_DESIGN,PENDING_HUMAN_SIGNOFF,2026-07-11T00:00:00+08:00,2026-08-10T10:15:00+08:00
LEGACY-API-0777,S02,POST,/setup/wizard/save,api.setup_wizard_save,admin_config,ai_crm_next,none,0,0,0,0,,,true,false,A,ui_referenced_with_zero_observed_traffic,no_observed_match,PENDING_HUMAN_DESIGN,PENDING_HUMAN_DESIGN,PENDING_HUMAN_DESIGN,PENDING_HUMAN_SIGNOFF,2026-07-11T00:00:00+08:00,2026-08-10T10:15:00+08:00
LEGACY-API-0778,S04,GET,/shared/service-period-member-grid,api.public_service_period_member_grid_page,service_period,ai_crm_next,none,10,4,6,0,2026-07-16T15:39:53.217523+08:00,2026-08-06T14:20:08.828547+08:00,true,false,A,observed_production_traffic,structured_route_exact+normalized_unique_path,PENDING_HUMAN_DESIGN,PENDING_HUMAN_DESIGN,PENDING_HUMAN_DESIGN,PENDING_HUMAN_SIGNOFF,2026-07-11T00:00:00+08:00,2026-08-10T10:15:00+08:00
LEGACY-API-0779,S02,GET,/sidebar/bind-mobile,api.sidebar_bind_mobile_page,identity_contact,ai_crm_next,none,777,315,462,0,2026-07-11T01:11:48.560718+08:00,2026-08-09T16:26:42.820311+08:00,true,false,A,observed_production_traffic,structured_route_exact+normalized_unique_path,PENDING_HUMAN_DESIGN,PENDING_HUMAN_DESIGN,PENDING_HUMAN_DESIGN,PENDING_HUMAN_SIGNOFF,2026-07-11T00:00:00+08:00,2026-08-10T10:15:00+08:00
LEGACY-API-0780,S03,"GET,POST",/wecom/external-contact/callback,external_contact_callback,channel_entry,ai_crm_next,staging_disabled,1717,0,1717,0,2026-07-11T00:13:07.603329+08:00,2026-08-10T10:07:13.861197+08:00,true,false,A,observed_production_traffic,normalized_unique_path,PENDING_HUMAN_DESIGN,PENDING_HUMAN_DESIGN,PENDING_HUMAN_DESIGN,PENDING_HUMAN_SIGNOFF,2026-07-11T00:00:00+08:00,2026-08-10T10:15:00+08:00
LEGACY-API-0781,S04,GET,/{filename},wechat_domain_verification_file,platform_foundation,ai_crm_next,none,4397,2707,1690,0,2026-07-11T00:13:55.744494+08:00,2026-08-10T09:51:39.351254+08:00,false,false,A,observed_production_traffic,structured_route_exact+normalized_unique_path,PENDING_HUMAN_DESIGN,PENDING_HUMAN_DESIGN,PENDING_HUMAN_DESIGN,PENDING_HUMAN_SIGNOFF,2026-07-11T00:00:00+08:00,2026-08-10T10:15:00+08:00
